iso3,month,inform_severity_index
AFG,2019-01-01,4.133333333333334
AFG,2019-02-01,4.4
AFG,2019-03-01,3.25
AFG,2019-04-01,3.35
AFG,2019-05-01,4.5
AFG,2019-06-01,4.5
AFG,2019-07-01,4.5
AFG,2019-08-01,4.5
AFG,2019-09-01,4.5
AFG,2019-10-01,4.4
AFG,2019-11-01,4.4
AFG,2019-12-01,4.4
AFG,2020-01-01,4.4
AFG,2020-02-01,4.4
AFG,2020-03-01,4.5
AFG,2020-04-01,4.5
AFG,2020-05-01,4.5
AFG,2020-06-01,4.5
AFG,2020-07-01,4.5
AFG,2020-08-01,4.5
AFG,2020-09-01,4.6
AFG,2020-10-01,4.6
AFG,2020-11-01,4.6
AFG,2020-12-01,4.6
AFG,2021-01-01,4.6
AFG,2021-02-01,4.6
AFG,2021-03-01,4.6
AFG,2021-04-01,4.6
AFG,2021-05-01,4.6
AFG,2021-06-01,4.7
AFG,2021-07-01,4.7
AFG,2021-08-01,4.7
AFG,2021-09-01,4.7
AFG,2021-10-01,4.7
AFG,2021-11-01,4.7
AFG,2021-12-01,4.7
AFG,2022-01-01,4.6
AFG,2022-02-01,4.6
AFG,2022-03-01,4.6
AFG,2022-04-01,4.5
AFG,2022-05-01,4.4
AFG,2022-06-01,3.75
AFG,2022-07-01,3.75
AFG,2022-08-01,3.75
AFG,2022-09-01,3.75
AFG,2022-10-01,3.75
AFG,2022-11-01,3.75
AFG,2022-12-01,3.75
AFG,2023-01-01,3.75
AFG,2023-02-01,3.75
AFG,2023-03-01,3.75
AFG,2023-04-01,4.4
AFG,2023-05-01,4.4
AFG,2023-06-01,4.5
AFG,2023-07-01,4.5
AFG,2023-08-01,4.5
AFG,2023-09-01,4.5
AFG,2023-10-01,3.5500000000000003
AFG,2023-11-01,3.7
AFG,2023-12-01,3.7
AFG,2024-01-01,3.7
AFG,2024-02-01,3.6
AFG,2024-03-01,3.6
AFG,2024-04-01,3.6
AFG,2024-05-01,3.6
AFG,2024-06-01,3.5
AFG,2024-07-01,3.5
AFG,2024-08-01,3.5
AFG,2024-09-01,3.5
AFG,2024-10-01,3.6
AFG,2024-11-01,4.4
AFG,2024-12-01,4.4
AFG,2025-01-01,4.4
AFG,2025-02-01,4.5
AFG,2025-03-01,4.5
AFG,2025-04-01,4.5
AGO,2021-12-01,3.1
AGO,2022-01-01,3.1
AGO,2022-02-01,3.1
AGO,2022-03-01,3.1
AGO,2022-04-01,3.1
AGO,2022-05-01,3.1
AGO,2022-06-01,3.2
AGO,2022-07-01,3.2
AGO,2022-08-01,3.3
AGO,2022-09-01,3.3
AGO,2022-10-01,3.3
AGO,2022-11-01,3.1
AGO,2022-12-01,3.1
AGO,2023-01-01,3.1
AGO,2023-02-01,3.1
AGO,2023-03-01,3.1
AGO,2023-04-01,3.1
AGO,2023-05-01,3.1
AGO,2023-06-01,3.1
AGO,2023-07-01,3.1
AGO,2023-08-01,3.1
AGO,2023-09-01,3.1
AGO,2023-10-01,3.1
AGO,2023-11-01,3.2
AGO,2023-12-01,3.2
AGO,2024-01-01,3.2
AGO,2024-02-01,3.1
AGO,2024-03-01,3.1
AGO,2024-04-01,3.1
AGO,2024-05-01,3.1
AGO,2024-06-01,3.1
AGO,2024-07-01,2.8
AGO,2024-08-01,2.8
AGO,2024-09-01,2.8
AGO,2024-10-01,2.7
AGO,2024-11-01,2.7
AGO,2024-12-01,2.7
AGO,2025-01-01,2.9
AGO,2025-02-01,2.9
AGO,2025-03-01,2.8
AGO,2025-04-01,2.8
ARG,2019-02-01,0.9
ARM,2021-01-01,1.7
ARM,2021-02-01,1.7
ARM,2021-03-01,1.6
ARM,2021-04-01,1.7
ARM,2021-05-01,1.7
ARM,2021-06-01,1.7
ARM,2021-07-01,1.7
ARM,2021-08-01,1.6
ARM,2021-09-01,1.6
ARM,2021-10-01,1.5
ARM,2021-11-01,1.5
ARM,2021-12-01,1.5
ARM,2022-01-01,1.5
ARM,2022-02-01,1.5
ARM,2022-03-01,1.5
ARM,2022-04-01,1.5
ARM,2022-05-01,1.5
ARM,2022-06-01,1.3
ARM,2022-07-01,1.3
ARM,2022-08-01,1.3
ARM,2022-09-01,1.3
ARM,2022-10-01,1.3
ARM,2022-11-01,1.3
ARM,2022-12-01,1.3
ARM,2023-01-01,1.3
ARM,2023-02-01,1.3
ARM,2023-03-01,1.1
ARM,2023-04-01,1.2
ARM,2023-05-01,1.3
ARM,2023-06-01,1.9
ARM,2023-07-01,1.9
ARM,2023-08-01,1.9
ARM,2023-09-01,2.0
ARM,2023-10-01,2.1
ARM,2023-11-01,2.2
ARM,2023-12-01,2.3
ARM,2024-01-01,2.3
ARM,2024-02-01,2.3
ARM,2024-03-01,2.3
ARM,2024-04-01,2.3
ARM,2024-05-01,2.3
ARM,2024-06-01,2.2
ARM,2024-07-01,2.2
ARM,2024-08-01,2.1
ARM,2024-09-01,2.1
ARM,2024-10-01,2.1
ARM,2024-11-01,2.2
ARM,2024-12-01,2.2
ARM,2025-01-01,2.2
ARM,2025-02-01,2.2
ARM,2025-03-01,2.1
ARM,2025-04-01,2.1
AZE,2022-07-01,1.8
AZE,2022-08-01,1.8
AZE,2022-09-01,1.8
AZE,2022-10-01,1.8
AZE,2022-11-01,1.8
AZE,2022-12-01,1.8
AZE,2023-01-01,1.8
AZE,2023-02-01,1.8
AZE,2023-03-01,1.8
AZE,2023-04-01,1.8
AZE,2023-05-01,1.9
AZE,2023-06-01,2.2
AZE,2023-07-01,2.2
AZE,2023-08-01,2.2
AZE,2023-09-01,2.4
AZE,2023-10-01,2.4
AZE,2023-11-01,2.5
AZE,2023-12-01,2.2
AZE,2024-01-01,2.2
AZE,2024-02-01,2.1
AZE,2024-03-01,2.1
AZE,2024-04-01,1.8
AZE,2024-05-01,1.8
AZE,2024-06-01,1.6
AZE,2024-07-01,1.6
AZE,2024-08-01,1.6
AZE,2024-09-01,1.6
AZE,2024-10-01,1.6
BDI,2019-02-01,2.9
BDI,2019-03-01,2.9
BDI,2019-04-01,3.8
BDI,2019-05-01,3.8
BDI,2019-06-01,3.8
BDI,2019-07-01,3.8
BDI,2019-08-01,3.8
BDI,2019-09-01,3.8
BDI,2019-10-01,3.8
BDI,2019-11-01,3.8
BDI,2019-12-01,3.8
BDI,2020-01-01,3.7
BDI,2020-02-01,3.7
BDI,2020-03-01,3.3
BDI,2020-04-01,3.3
BDI,2020-05-01,3.2
BDI,2020-06-01,3.3
BDI,2020-07-01,3.3
BDI,2020-08-01,3.3
BDI,2020-09-01,3.3
BDI,2020-10-01,3.4
BDI,2020-11-01,3.3
BDI,2020-12-01,3.3
BDI,2021-01-01,3.3
BDI,2021-02-01,3.3
BDI,2021-03-01,3.8
BDI,2021-04-01,3.8
BDI,2021-05-01,3.8
BDI,2021-06-01,3.8
BDI,2021-07-01,3.8
BDI,2021-08-01,3.8
BDI,2021-09-01,3.8
BDI,2021-10-01,3.8
BDI,2021-11-01,3.8
BDI,2021-12-01,3.8
BDI,2022-01-01,3.8
BDI,2022-02-01,3.8
BDI,2022-03-01,3.5
BDI,2022-04-01,3.5
BDI,2022-05-01,3.5
BDI,2022-06-01,3.5
BDI,2022-07-01,3.5
BDI,2022-08-01,3.5
BDI,2022-09-01,3.5
BDI,2022-10-01,3.5
BDI,2022-11-01,3.5
BDI,2022-12-01,3.5
BDI,2023-01-01,3.5
BDI,2023-02-01,3.5
BDI,2023-03-01,3.5
BDI,2023-04-01,3.5
BDI,2023-05-01,3.5
BDI,2023-06-01,3.6
BDI,2023-07-01,3.3
BDI,2023-08-01,3.3
BDI,2023-09-01,3.3
BDI,2023-10-01,3.3
BDI,2023-11-01,3.3
BDI,2023-12-01,3.4
BDI,2024-01-01,3.3
BDI,2024-02-01,3.3
BDI,2024-03-01,3.3
BDI,2024-04-01,3.3
BDI,2024-05-01,3.3
BDI,2024-06-01,3.3
BDI,2024-07-01,3.3
BDI,2024-08-01,3.3
BDI,2024-09-01,3.3
BDI,2024-10-01,3.3
BDI,2024-11-01,3.3
BDI,2024-12-01,3.3
BDI,2025-01-01,3.3
BDI,2025-02-01,3.3
BDI,2025-03-01,3.3
BDI,2025-04-01,3.3
BEN,2024-05-01,1.9
BEN,2024-06-01,2.0
BEN,2024-07-01,2.0
BEN,2024-08-01,2.0
BEN,2024-09-01,2.0
BEN,2024-10-01,2.0
BEN,2024-11-01,1.9
BEN,2024-12-01,1.9
BEN,2025-01-01,2.0
BEN,2025-02-01,2.0
BEN,2025-03-01,2.5
BEN,2025-04-01,2.5
BFA,2019-02-01,3.0
BFA,2019-03-01,3.1
BFA,2019-04-01,3.2
BFA,2019-05-01,3.2
BFA,2019-06-01,3.1
BFA,2019-07-01,3.2
BFA,2019-08-01,3.2
BFA,2019-09-01,3.2
BFA,2019-10-01,3.2
BFA,2019-11-01,3.2
BFA,2019-12-01,3.2
BFA,2020-01-01,3.2
BFA,2020-02-01,3.4
BFA,2020-03-01,3.4
BFA,2020-04-01,3.4
BFA,2020-05-01,3.4
BFA,2020-06-01,3.9
BFA,2020-07-01,3.9
BFA,2020-08-01,3.9
BFA,2020-09-01,3.15
BFA,2020-10-01,3.05
BFA,2020-11-01,3.4
BFA,2020-12-01,3.4333333333333336
BFA,2021-01-01,3.3666666666666667
BFA,2021-02-01,3.9
BFA,2021-03-01,3.9
BFA,2021-04-01,4.0
BFA,2021-05-01,4.0
BFA,2021-06-01,4.0
BFA,2021-07-01,4.0
BFA,2021-08-01,4.0
BFA,2021-09-01,4.0
BFA,2021-10-01,4.0
BFA,2021-11-01,3.9
BFA,2021-12-01,3.9
BFA,2022-01-01,3.9
BFA,2022-02-01,3.9
BFA,2022-03-01,3.9
BFA,2022-04-01,3.9
BFA,2022-05-01,3.9
BFA,2022-06-01,3.9
BFA,2022-07-01,3.9
BFA,2022-08-01,3.9
BFA,2022-09-01,3.7
BFA,2022-10-01,3.8
BFA,2022-11-01,3.8
BFA,2022-12-01,3.7
BFA,2023-01-01,3.7
BFA,2023-02-01,4.0
BFA,2023-03-01,4.0
BFA,2023-04-01,4.0
BFA,2023-05-01,4.0
BFA,2023-06-01,3.9
BFA,2023-07-01,3.9
BFA,2023-08-01,4.0
BFA,2023-09-01,4.0
BFA,2023-10-01,4.0
BFA,2023-11-01,4.1
BFA,2023-12-01,4.1
BFA,2024-01-01,4.2
BFA,2024-02-01,4.1
BFA,2024-03-01,4.1
BFA,2024-04-01,4.2
BFA,2024-05-01,4.2
BFA,2024-06-01,4.2
BFA,2024-07-01,4.2
BFA,2024-08-01,4.2
BFA,2024-09-01,4.2
BFA,2024-10-01,4.2
BFA,2024-11-01,4.2
BFA,2024-12-01,4.2
BFA,2025-01-01,4.2
BFA,2025-02-01,4.2
BFA,2025-03-01,3.9
BFA,2025-04-01,3.9
BGD,2019-02-01,3.3
BGD,2019-03-01,3.3
BGD,2019-04-01,3.3
BGD,2019-05-01,3.3
BGD,2019-06-01,3.3
BGD,2019-07-01,3.3
BGD,2019-08-01,3.233333333333333
BGD,2019-09-01,3.233333333333333
BGD,2019-10-01,3.366666666666667
BGD,2019-11-01,3.366666666666667
BGD,2019-12-01,3.366666666666667
BGD,2020-01-01,3.366666666666667
BGD,2020-02-01,3.366666666666667
BGD,2020-03-01,3.3333333333333335
BGD,2020-04-01,3.3333333333333335
BGD,2020-05-01,3.366666666666667
BGD,2020-06-01,3.02
BGD,2020-07-01,3.1399999999999997
BGD,2020-08-01,3.1399999999999997
BGD,2020-09-01,2.88
BGD,2020-10-01,2.82
BGD,2020-11-01,2.8
BGD,2020-12-01,2.9333333333333336
BGD,2021-01-01,3.2
BGD,2021-02-01,3.2
BGD,2021-03-01,3.2
BGD,2021-04-01,3.2
BGD,2021-05-01,3.4000000000000004
BGD,2021-06-01,3.45
BGD,2021-07-01,3.45
BGD,2021-08-01,3.45
BGD,2021-09-01,3.4000000000000004
BGD,2021-10-01,3.4000000000000004
BGD,2021-11-01,3.3
BGD,2021-12-01,3.35
BGD,2022-01-01,3.2
BGD,2022-02-01,3.2
BGD,2022-03-01,3.2
BGD,2022-04-01,3.2
BGD,2022-05-01,3.0
BGD,2022-06-01,3.1999999999999997
BGD,2022-07-01,3.1999999999999997
BGD,2022-08-01,3.1666666666666665
BGD,2022-09-01,3.1999999999999997
BGD,2022-10-01,3.1333333333333333
BGD,2022-11-01,3.1333333333333333
BGD,2022-12-01,3.1333333333333333
BGD,2023-01-01,3.0
BGD,2023-02-01,3.0
BGD,2023-03-01,3.0
BGD,2023-04-01,3.0
BGD,2023-05-01,3.0
BGD,2023-06-01,3.3
BGD,2023-07-01,3.3
BGD,2023-08-01,3.233333333333333
BGD,2023-09-01,3.1666666666666665
BGD,2023-10-01,3.4
BGD,2023-11-01,2.9499999999999997
BGD,2023-12-01,2.9499999999999997
BGD,2024-01-01,3.6999999999999997
BGD,2024-02-01,3.6999999999999997
BGD,2024-03-01,3.5999999999999996
BGD,2024-04-01,3.5
BGD,2024-05-01,3.5
BGD,2024-06-01,3.375
BGD,2024-07-01,3.2600000000000002
BGD,2024-08-01,3.28
BGD,2024-09-01,3.38
BGD,2024-10-01,3.4
BGD,2024-11-01,3.38
BGD,2024-12-01,3.3600000000000003
BGD,2025-01-01,3.233333333333333
BGD,2025-02-01,3.233333333333333
BGD,2025-03-01,3.233333333333333
BGD,2025-04-01,3.233333333333333
BGR,2023-11-01,1.5
BGR,2023-12-01,1.5
BGR,2024-01-01,1.5
BGR,2024-02-01,1.7
BGR,2024-03-01,1.8
BGR,2024-04-01,1.8
BGR,2024-05-01,1.5
BGR,2024-06-01,1.5
BGR,2024-07-01,1.5
BGR,2024-08-01,1.5
BGR,2024-09-01,1.6
BGR,2024-10-01,1.6
BGR,2024-11-01,1.6
BGR,2024-12-01,1.5
BGR,2025-01-01,1.5
BGR,2025-02-01,1.5
BGR,2025-03-01,1.6
BGR,2025-04-01,1.6
BHS,2019-10-01,1.7
BHS,2019-11-01,1.7
BHS,2019-12-01,1.7
BHS,2020-01-01,1.7
BHS,2020-02-01,1.7
BIH,2019-02-01,0.8
BLR,2023-11-01,1.8
BLR,2023-12-01,1.8
BLR,2024-01-01,1.8
BLR,2024-02-01,1.8
BLR,2024-03-01,1.9
BLR,2024-04-01,2.2
BLR,2024-05-01,1.7
BLR,2024-06-01,1.8
BLR,2024-07-01,1.8
BLR,2024-08-01,1.8
BLR,2024-09-01,1.9
BLR,2024-10-01,1.8
BLR,2024-11-01,1.9
BLR,2024-12-01,1.9
BLR,2025-01-01,1.9
BLR,2025-02-01,1.9
BLR,2025-03-01,1.9
BLR,2025-04-01,1.9
BRA,2019-02-01,1.7
BRA,2019-03-01,1.7
BRA,2019-04-01,2.9000000000000004
BRA,2019-05-01,3.0
BRA,2019-06-01,3.0
BRA,2019-07-01,3.0
BRA,2019-08-01,3.0
BRA,2019-09-01,3.0
BRA,2019-10-01,3.0
BRA,2019-11-01,2.85
BRA,2019-12-01,2.9000000000000004
BRA,2020-01-01,2.9000000000000004
BRA,2020-02-01,2.85
BRA,2020-03-01,2.9000000000000004
BRA,2020-04-01,2.9000000000000004
BRA,2020-05-01,2.9000000000000004
BRA,2020-06-01,2.9000000000000004
BRA,2020-07-01,2.9000000000000004
BRA,2020-08-01,2.9000000000000004
BRA,2020-09-01,2.95
BRA,2020-10-01,3.0
BRA,2020-11-01,3.15
BRA,2020-12-01,2.5
BRA,2021-01-01,2.5
BRA,2021-02-01,3.15
BRA,2021-03-01,3.15
BRA,2021-04-01,3.15
BRA,2021-05-01,3.15
BRA,2021-06-01,3.1500000000000004
BRA,2021-07-01,3.1500000000000004
BRA,2021-08-01,3.1500000000000004
BRA,2021-09-01,3.1500000000000004
BRA,2021-10-01,3.2
BRA,2021-11-01,3.2
BRA,2021-12-01,3.2
BRA,2022-01-01,2.625
BRA,2022-02-01,2.2333333333333334
BRA,2022-03-01,2.1666666666666665
BRA,2022-04-01,2.1666666666666665
BRA,2022-05-01,2.1666666666666665
BRA,2022-06-01,2.466666666666667
BRA,2022-07-01,2.433333333333333
BRA,2022-08-01,2.2666666666666666
BRA,2022-09-01,2.433333333333333
BRA,2022-10-01,2.4
BRA,2022-11-01,2.4
BRA,2022-12-01,2.4
BRA,2023-01-01,2.4333333333333336
BRA,2023-02-01,2.4333333333333336
BRA,2023-03-01,2.3333333333333335
BRA,2023-04-01,2.3333333333333335
BRA,2023-05-01,2.1999999999999997
BRA,2023-06-01,2.1999999999999997
BRA,2023-07-01,2.1666666666666665
BRA,2023-08-01,2.1666666666666665
BRA,2023-09-01,2.1333333333333333
BRA,2023-10-01,2.1333333333333333
BRA,2023-11-01,2.125
BRA,2023-12-01,2.05
BRA,2024-01-01,2.2666666666666666
BRA,2024-02-01,2.1999999999999997
BRA,2024-03-01,2.2666666666666666
BRA,2024-04-01,2.3
BRA,2024-05-01,2.3333333333333335
BRA,2024-06-01,2.3333333333333335
BRA,2024-07-01,2.3000000000000003
BRA,2024-08-01,2.4666666666666663
BRA,2024-09-01,2.4
BRA,2024-10-01,2.4
BRA,2024-11-01,2.4
BRA,2024-12-01,2.4
BRA,2025-01-01,2.4
BRA,2025-02-01,2.15
BRA,2025-03-01,2.225
BRA,2025-04-01,2.5
CAF,2019-02-01,4.0
CAF,2019-03-01,4.0
CAF,2019-04-01,4.0
CAF,2019-05-01,4.0
CAF,2019-06-01,4.0
CAF,2019-07-01,4.0
CAF,2019-08-01,4.0
CAF,2019-09-01,4.0
CAF,2019-10-01,4.0
CAF,2019-11-01,3.9
CAF,2019-12-01,3.0999999999999996
CAF,2020-01-01,3.0999999999999996
CAF,2020-02-01,3.0999999999999996
CAF,2020-03-01,3.15
CAF,2020-04-01,3.15
CAF,2020-05-01,4.0
CAF,2020-06-01,4.0
CAF,2020-07-01,4.0
CAF,2020-08-01,4.0
CAF,2020-09-01,4.0
CAF,2020-10-01,4.0
CAF,2020-11-01,4.0
CAF,2020-12-01,4.0
CAF,2021-01-01,4.0
CAF,2021-02-01,4.0
CAF,2021-03-01,4.1
CAF,2021-04-01,4.1
CAF,2021-05-01,4.1
CAF,2021-06-01,4.2
CAF,2021-07-01,4.2
CAF,2021-08-01,4.2
CAF,2021-09-01,4.2
CAF,2021-10-01,4.2
CAF,2021-11-01,4.2
CAF,2021-12-01,4.2
CAF,2022-01-01,4.2
CAF,2022-02-01,4.2
CAF,2022-03-01,4.2
CAF,2022-04-01,4.1
CAF,2022-05-01,4.2
CAF,2022-06-01,4.1
CAF,2022-07-01,4.1
CAF,2022-08-01,4.1
CAF,2022-09-01,4.1
CAF,2022-10-01,4.1
CAF,2022-11-01,4.1
CAF,2022-12-01,4.1
CAF,2023-01-01,4.1
CAF,2023-02-01,4.1
CAF,2023-03-01,4.1
CAF,2023-04-01,4.1
CAF,2023-05-01,4.1
CAF,2023-06-01,4.2
CAF,2023-07-01,4.2
CAF,2023-08-01,4.2
CAF,2023-09-01,4.2
CAF,2023-10-01,4.2
CAF,2023-11-01,4.1
CAF,2023-12-01,4.1
CAF,2024-01-01,4.1
CAF,2024-02-01,4.1
CAF,2024-03-01,4.1
CAF,2024-04-01,4.1
CAF,2024-05-01,4.1
CAF,2024-06-01,4.1
CAF,2024-07-01,4.1
CAF,2024-08-01,4.1
CAF,2024-09-01,4.1
CAF,2024-10-01,4.1
CAF,2024-11-01,4.1
CAF,2024-12-01,4.0
CAF,2025-01-01,4.0
CAF,2025-02-01,4.0
CAF,2025-03-01,4.0
CAF,2025-04-01,4.0
CHL,2019-04-01,3.6
CHL,2019-05-01,3.6
CHL,2019-06-01,3.6
CHL,2019-07-01,3.6
CHL,2019-08-01,3.6
CHL,2019-09-01,3.6
CHL,2019-10-01,3.6
CHL,2019-11-01,3.5
CHL,2019-12-01,3.6
CHL,2020-01-01,3.6
CHL,2020-02-01,3.5
CHL,2020-03-01,3.6
CHL,2020-04-01,3.6
CHL,2020-05-01,3.6
CHL,2020-06-01,3.6
CHL,2020-07-01,3.6
CHL,2020-08-01,3.6
CHL,2020-09-01,3.6
CHL,2020-10-01,3.6
CHL,2020-11-01,3.8
CHL,2021-02-01,3.8
CHL,2021-03-01,3.8
CHL,2021-04-01,3.8
CHL,2021-05-01,3.8
CHL,2021-06-01,3.7
CHL,2021-07-01,3.7
CHL,2021-08-01,3.7
CHL,2021-09-01,3.7
CHL,2021-10-01,3.9
CHL,2021-11-01,3.9
CHL,2021-12-01,3.9
CHL,2022-01-01,3.9
CHL,2022-02-01,2.1
CHL,2022-03-01,2.1
CHL,2022-04-01,2.2
CHL,2022-05-01,2.2
CHL,2022-06-01,2.6
CHL,2022-07-01,2.6
CHL,2022-08-01,2.6
CHL,2022-09-01,2.6
CHL,2022-10-01,2.5
CHL,2022-11-01,2.5
CHL,2022-12-01,2.5
CHL,2023-01-01,2.5
CHL,2023-02-01,2.5
CHL,2023-03-01,2.5
CHL,2023-04-01,2.5
CHL,2023-05-01,2.5
CHL,2023-06-01,2.5
CHL,2023-07-01,2.6
CHL,2023-08-01,2.6
CHL,2023-09-01,2.6
CHL,2023-10-01,2.5
CHL,2023-11-01,2.6
CHL,2023-12-01,2.6
CHL,2024-01-01,2.6
CHL,2024-02-01,2.6
CHL,2024-03-01,2.6
CHL,2024-04-01,2.6
CHL,2024-05-01,2.6
CHL,2024-06-01,2.6
CHL,2024-07-01,2.6
CHL,2024-08-01,2.5
CHL,2024-09-01,2.5
CHL,2024-10-01,2.5
CHL,2024-11-01,2.5
CHL,2024-12-01,2.5
CHL,2025-01-01,2.5
CHL,2025-02-01,2.7
CHL,2025-03-01,2.8
CHL,2025-04-01,2.8
CHN,2020-07-01,2.9
CHN,2020-08-01,2.9
CHN,2020-09-01,2.9
CHN,2020-10-01,3.0
CHN,2021-08-01,2.4
CMR,2019-02-01,3.525
CMR,2019-03-01,3.66
CMR,2019-04-01,3.7399999999999998
CMR,2019-05-01,3.7399999999999998
CMR,2019-06-01,3.72
CMR,2019-07-01,3.7399999999999998
CMR,2019-08-01,3.6399999999999997
CMR,2019-09-01,3.6799999999999997
CMR,2019-10-01,3.6399999999999997
CMR,2019-11-01,3.6399999999999997
CMR,2019-12-01,3.6399999999999997
CMR,2020-01-01,3.6399999999999997
CMR,2020-02-01,3.6399999999999997
CMR,2020-03-01,3.44
CMR,2020-04-01,3.44
CMR,2020-05-01,3.3600000000000003
CMR,2020-06-01,3.38
CMR,2020-07-01,3.38
CMR,2020-08-01,3.3200000000000003
CMR,2020-09-01,3.3
CMR,2020-10-01,3.3
CMR,2020-11-01,3.4
CMR,2020-12-01,3.225
CMR,2021-01-01,3.25
CMR,2021-02-01,3.44
CMR,2021-03-01,3.46
CMR,2021-04-01,3.46
CMR,2021-05-01,3.54
CMR,2021-06-01,3.5799999999999996
CMR,2021-07-01,3.5799999999999996
CMR,2021-08-01,3.5799999999999996
CMR,2021-09-01,3.5799999999999996
CMR,2021-10-01,3.6399999999999997
CMR,2021-11-01,3.6399999999999997
CMR,2021-12-01,3.6399999999999997
CMR,2022-01-01,3.6399999999999997
CMR,2022-02-01,3.6399999999999997
CMR,2022-03-01,3.675
CMR,2022-04-01,3.675
CMR,2022-05-01,3.625
CMR,2022-06-01,3.625
CMR,2022-07-01,3.525
CMR,2022-08-01,3.4749999999999996
CMR,2022-09-01,3.425
CMR,2022-10-01,3.45
CMR,2022-11-01,3.45
CMR,2022-12-01,3.45
CMR,2023-01-01,3.45
CMR,2023-02-01,3.425
CMR,2023-03-01,3.425
CMR,2023-04-01,3.425
CMR,2023-05-01,3.425
CMR,2023-06-01,3.425
CMR,2023-07-01,3.4
CMR,2023-08-01,3.45
CMR,2023-09-01,3.5
CMR,2023-10-01,3.5
CMR,2023-11-01,3.5
CMR,2023-12-01,3.5
CMR,2024-01-01,3.525
CMR,2024-02-01,3.5
CMR,2024-03-01,3.5
CMR,2024-04-01,3.4
CMR,2024-05-01,3.4
CMR,2024-06-01,3.4
CMR,2024-07-01,3.4
CMR,2024-08-01,3.4
CMR,2024-09-01,3.4
CMR,2024-10-01,3.4
CMR,2024-11-01,3.3
CMR,2024-12-01,3.3
CMR,2025-01-01,3.3
CMR,2025-02-01,3.4
CMR,2025-03-01,3.45
CMR,2025-04-01,3.45
COD,2019-02-01,4.4
COD,2019-03-01,4.4
COD,2019-04-01,4.4
COD,2019-05-01,4.2
COD,2019-06-01,4.2
COD,2019-07-01,4.2
COD,2019-08-01,4.2
COD,2019-09-01,4.2
COD,2019-10-01,4.2
COD,2019-11-01,4.2
COD,2019-12-01,3.45
COD,2020-01-01,3.45
COD,2020-02-01,3.25
COD,2020-03-01,3.45
COD,2020-04-01,3.45
COD,2020-05-01,4.2
COD,2020-06-01,3.3
COD,2020-07-01,3.4000000000000004
COD,2020-08-01,3.4000000000000004
COD,2020-09-01,3.4000000000000004
COD,2020-10-01,3.55
COD,2020-11-01,3.55
COD,2020-12-01,3.55
COD,2021-01-01,3.55
COD,2021-02-01,4.5
COD,2021-03-01,4.5
COD,2021-04-01,4.5
COD,2021-05-01,4.5
COD,2021-06-01,4.5
COD,2021-07-01,4.5
COD,2021-08-01,4.5
COD,2021-09-01,4.5
COD,2021-10-01,4.5
COD,2021-11-01,4.5
COD,2021-12-01,4.5
COD,2022-01-01,4.5
COD,2022-02-01,4.5
COD,2022-03-01,4.5
COD,2022-04-01,4.5
COD,2022-05-01,4.5
COD,2022-06-01,4.2
COD,2022-07-01,4.2
COD,2022-08-01,4.2
COD,2022-09-01,4.2
COD,2022-10-01,4.2
COD,2022-11-01,4.2
COD,2022-12-01,4.2
COD,2023-01-01,4.2
COD,2023-02-01,4.5
COD,2023-03-01,4.5
COD,2023-04-01,4.5
COD,2023-05-01,4.5
COD,2023-06-01,4.5
COD,2023-07-01,4.4
COD,2023-08-01,4.4
COD,2023-09-01,4.4
COD,2023-10-01,4.4
COD,2023-11-01,4.4
COD,2023-12-01,4.3
COD,2024-01-01,4.4
COD,2024-02-01,4.4
COD,2024-03-01,4.4
COD,2024-04-01,4.3
COD,2024-05-01,4.3
COD,2024-06-01,4.3
COD,2024-07-01,4.4
COD,2024-08-01,4.4
COD,2024-09-01,4.4
COD,2024-10-01,4.4
COD,2024-11-01,4.4
COD,2024-12-01,4.4
COD,2025-01-01,4.3
COD,2025-02-01,4.4
COD,2025-03-01,4.3
COD,2025-04-01,4.3
COG,2019-02-01,2.5
COG,2019-03-01,2.5
COG,2019-04-01,2.4
COG,2019-05-01,2.4
COG,2019-06-01,2.4
COG,2019-07-01,2.4
COG,2019-08-01,2.4
COG,2019-09-01,2.4
COG,2019-10-01,2.4
COG,2019-11-01,1.7
COG,2019-12-01,1.8
COG,2020-01-01,1.8
COG,2020-02-01,1.8
COG,2020-03-01,1.8
COG,2020-04-01,1.8
COG,2020-05-01,1.8
COG,2020-06-01,1.7
COG,2020-07-01,1.7
COG,2020-08-01,1.7
COG,2020-09-01,1.6
COG,2020-10-01,2.2
COG,2020-11-01,2.2
COG,2020-12-01,2.2
COG,2021-01-01,2.7
COG,2021-02-01,2.7
COG,2021-03-01,3.2
COG,2021-04-01,3.2
COG,2021-05-01,3.2
COG,2021-06-01,3.3
COG,2021-07-01,3.3
COG,2021-08-01,3.3
COG,2021-09-01,3.3
COG,2021-10-01,3.3
COG,2021-11-01,3.3
COG,2021-12-01,3.3
COG,2022-01-01,3.3
COG,2022-02-01,3.3
COG,2022-03-01,3.3
COG,2022-04-01,3.3
COG,2022-05-01,3.2
COG,2022-06-01,2.4
COG,2022-07-01,2.4
COG,2022-08-01,2.1
COG,2022-09-01,2.1
COG,2022-10-01,2.1
COG,2022-11-01,2.1
COG,2022-12-01,2.1
COG,2023-01-01,2.2
COG,2023-02-01,2.2
COG,2023-03-01,2.2
COG,2023-04-01,2.2
COG,2023-05-01,2.3
COG,2023-06-01,2.3
COG,2023-07-01,2.3
COG,2023-08-01,2.3
COG,2023-09-01,2.3
COG,2023-10-01,2.2
COG,2023-11-01,2.3
COG,2023-12-01,2.3
COG,2024-01-01,2.4
COG,2024-02-01,2.3
COG,2024-03-01,2.3
COG,2024-04-01,2.7
COG,2024-05-01,2.7
COG,2024-06-01,2.7
COG,2024-07-01,2.7
COG,2024-08-01,2.7
COG,2024-09-01,2.7
COG,2024-10-01,2.7
COG,2024-11-01,2.7
COG,2024-12-01,2.7
COG,2025-01-01,2.7
COG,2025-02-01,2.7
COL,2019-02-01,3.3499999999999996
COL,2019-03-01,3.3499999999999996
COL,2019-04-01,3.6333333333333333
COL,2019-05-01,3.6333333333333333
COL,2019-06-01,3.6333333333333333
COL,2019-07-01,3.6333333333333333
COL,2019-08-01,3.6333333333333333
COL,2019-09-01,3.6333333333333333
COL,2019-10-01,3.6666666666666665
COL,2019-11-01,3.633333333333333
COL,2019-12-01,3.6666666666666665
COL,2020-01-01,3.6666666666666665
COL,2020-02-01,3.5666666666666664
COL,2020-03-01,3.6
COL,2020-04-01,3.733333333333333
COL,2020-05-01,3.733333333333333
COL,2020-06-01,3.733333333333333
COL,2020-07-01,3.733333333333333
COL,2020-08-01,3.733333333333333
COL,2020-09-01,3.733333333333333
COL,2020-10-01,3.733333333333333
COL,2020-11-01,3.375
COL,2020-12-01,3.1
COL,2021-01-01,3.1333333333333333
COL,2021-02-01,3.3
COL,2021-03-01,3.3
COL,2021-04-01,3.3
COL,2021-05-01,3.6333333333333333
COL,2021-06-01,3.6
COL,2021-07-01,3.6
COL,2021-08-01,3.6
COL,2021-09-01,3.733333333333333
COL,2021-10-01,3.8333333333333335
COL,2021-11-01,3.8333333333333335
COL,2021-12-01,3.8333333333333335
COL,2022-01-01,3.8333333333333335
COL,2022-02-01,3.8
COL,2022-03-01,3.7
COL,2022-04-01,3.7
COL,2022-05-01,3.7
COL,2022-06-01,3.7
COL,2022-07-01,3.7
COL,2022-08-01,3.7
COL,2022-09-01,3.7
COL,2022-10-01,3.7
COL,2022-11-01,3.85
COL,2022-12-01,3.85
COL,2023-01-01,3.75
COL,2023-02-01,3.75
COL,2023-03-01,3.8
COL,2023-04-01,3.9
COL,2023-05-01,3.85
COL,2023-06-01,3.85
COL,2023-07-01,3.8
COL,2023-08-01,3.8
COL,2023-09-01,3.7
COL,2023-10-01,3.8
COL,2023-11-01,3.8
COL,2023-12-01,3.8
COL,2024-01-01,3.85
COL,2024-02-01,3.85
COL,2024-03-01,3.85
COL,2024-04-01,3.55
COL,2024-05-01,3.55
COL,2024-06-01,3.55
COL,2024-07-01,3.65
COL,2024-08-01,3.65
COL,2024-09-01,3.65
COL,2024-10-01,3.65
COL,2024-11-01,3.65
COL,2024-12-01,3.65
COL,2025-01-01,3.65
COL,2025-02-01,3.55
COL,2025-03-01,3.5999999999999996
COL,2025-04-01,3.5999999999999996
COM,2019-04-01,2.0
COM,2019-05-01,2.0
CRI,2019-04-01,0.8
CRI,2019-05-01,0.8
CRI,2019-06-01,0.8
CRI,2019-07-01,0.8
CRI,2019-08-01,0.8
CRI,2019-09-01,0.8
CRI,2019-10-01,0.8
CRI,2019-11-01,0.8
CRI,2019-12-01,0.8
CRI,2020-01-01,1.3
CRI,2020-02-01,1.2
CRI,2020-03-01,1.0
CRI,2020-04-01,1.0
CRI,2020-05-01,1.0
CRI,2020-06-01,1.1
CRI,2020-07-01,1.1
CRI,2020-08-01,1.1
CRI,2020-09-01,1.1
CRI,2020-10-01,1.1
CRI,2020-11-01,1.1
CRI,2020-12-01,1.1
CRI,2021-01-01,1.2
CRI,2021-02-01,1.2
CRI,2021-03-01,1.2
CRI,2021-04-01,1.2
CRI,2021-05-01,1.2
CRI,2021-06-01,1.2
CRI,2021-07-01,1.2
CRI,2021-08-01,1.2
CRI,2021-09-01,1.2
CRI,2021-10-01,1.1
CRI,2021-11-01,1.1
CRI,2021-12-01,1.1
CRI,2022-01-01,1.1
CRI,2022-02-01,1.1
CRI,2022-03-01,1.1
CRI,2022-04-01,1.1
CRI,2022-05-01,1.1
CRI,2022-06-01,1.3
CRI,2022-07-01,2.1
CRI,2022-08-01,2.1
CRI,2022-09-01,2.1
CRI,2022-10-01,2.1
CRI,2022-11-01,2.1
CRI,2022-12-01,2.1
CRI,2023-01-01,2.1
CRI,2023-02-01,2.1
CRI,2023-03-01,2.1
CRI,2023-04-01,2.1
CRI,2023-05-01,2.1
CRI,2023-06-01,2.1
CRI,2023-07-01,2.1
CRI,2023-08-01,2.1
CRI,2023-09-01,2.1
CRI,2023-10-01,2.1
CRI,2023-11-01,2.1
CRI,2023-12-01,2.1
CRI,2024-01-01,2.2
CRI,2024-02-01,2.2
CRI,2024-03-01,2.2
CRI,2024-04-01,2.2
CRI,2024-05-01,2.2
CRI,2024-06-01,2.2
CRI,2024-07-01,2.2
CRI,2024-08-01,2.2
CRI,2024-09-01,2.2
CRI,2024-10-01,2.2
CRI,2024-11-01,2.2
CRI,2024-12-01,2.2
CRI,2025-01-01,2.1
CRI,2025-02-01,2.1
CRI,2025-03-01,2.1
CRI,2025-04-01,2.1
CZE,2023-11-01,1.8
CZE,2023-12-01,1.8
CZE,2024-01-01,1.8
CZE,2024-02-01,1.8
CZE,2024-03-01,1.8
CZE,2024-04-01,1.8
CZE,2024-05-01,1.8
CZE,2024-06-01,1.8
CZE,2024-07-01,1.8
CZE,2024-08-01,1.8
CZE,2024-09-01,1.8
CZE,2024-10-01,1.8
CZE,2024-11-01,1.9
CZE,2024-12-01,1.9
CZE,2025-01-01,1.9
CZE,2025-02-01,1.9
CZE,2025-03-01,1.9
CZE,2025-04-01,1.9
DJI,2019-02-01,2.1999999999999997
DJI,2019-03-01,2.3666666666666667
DJI,2019-04-01,2.4666666666666663
DJI,2019-05-01,2.3
DJI,2019-06-01,2.25
DJI,2019-07-01,2.25
DJI,2019-08-01,2.05
DJI,2019-09-01,2.05
DJI,2019-10-01,2.05
DJI,2019-11-01,2.0999999999999996
DJI,2019-12-01,2.3499999999999996
DJI,2020-01-01,2.3499999999999996
DJI,2020-02-01,2.3499999999999996
DJI,2020-03-01,2.3499999999999996
DJI,2020-04-01,2.3499999999999996
DJI,2020-05-01,2.3499999999999996
DJI,2020-06-01,2.3499999999999996
DJI,2020-07-01,2.3666666666666667
DJI,2020-08-01,2.3666666666666667
DJI,2020-09-01,2.433333333333333
DJI,2020-10-01,2.433333333333333
DJI,2020-11-01,2.6333333333333333
DJI,2020-12-01,2.6333333333333333
DJI,2021-01-01,2.6333333333333333
DJI,2021-02-01,2.433333333333333
DJI,2021-03-01,2.433333333333333
DJI,2021-04-01,2.433333333333333
DJI,2021-05-01,2.433333333333333
DJI,2021-06-01,2.433333333333333
DJI,2021-07-01,2.2333333333333334
DJI,2021-08-01,2.2333333333333334
DJI,2021-09-01,2.3666666666666667
DJI,2021-10-01,2.3666666666666667
DJI,2021-11-01,2.3666666666666667
DJI,2021-12-01,2.3666666666666667
DJI,2022-01-01,2.3333333333333335
DJI,2022-02-01,2.3333333333333335
DJI,2022-03-01,2.3333333333333335
DJI,2022-04-01,2.3333333333333335
DJI,2022-05-01,2.1333333333333333
DJI,2022-06-01,2.1333333333333333
DJI,2022-07-01,2.3000000000000003
DJI,2022-08-01,2.3000000000000003
DJI,2022-09-01,2.3000000000000003
DJI,2022-10-01,2.3666666666666667
DJI,2022-11-01,2.3666666666666667
DJI,2022-12-01,2.466666666666667
DJI,2023-01-01,2.466666666666667
DJI,2023-02-01,2.466666666666667
DJI,2023-03-01,2.466666666666667
DJI,2023-04-01,2.466666666666667
DJI,2023-05-01,2.3666666666666667
DJI,2023-06-01,2.5666666666666664
DJI,2023-07-01,2.3666666666666667
DJI,2023-08-01,2.2666666666666666
DJI,2023-09-01,2.1999999999999997
DJI,2023-10-01,2.1999999999999997
DJI,2023-11-01,2.3
DJI,2023-12-01,2.3
DJI,2024-01-01,2.3
DJI,2024-02-01,2.3
DJI,2024-03-01,2.3
DJI,2024-04-01,2.433333333333333
DJI,2024-05-01,2.433333333333333
DJI,2024-06-01,2.433333333333333
DJI,2024-07-01,2.2666666666666666
DJI,2024-08-01,2.2333333333333334
DJI,2024-09-01,2.2333333333333334
DJI,2024-10-01,2.3000000000000003
DJI,2024-11-01,2.3000000000000003
DJI,2024-12-01,2.3000000000000003
DJI,2025-01-01,2.3000000000000003
DJI,2025-02-01,2.3000000000000003
DJI,2025-03-01,2.3000000000000003
DJI,2025-04-01,2.3000000000000003
DOM,2019-04-01,3.6
DOM,2019-05-01,3.6
DOM,2019-06-01,3.6
DOM,2019-07-01,3.6
DOM,2019-08-01,3.6
DOM,2019-09-01,3.6
DOM,2019-10-01,3.6
DOM,2019-11-01,3.5
DOM,2019-12-01,3.6
DOM,2020-01-01,3.6
DOM,2020-02-01,3.5
DOM,2020-03-01,3.6
DOM,2020-04-01,3.6
DOM,2020-05-01,3.6
DOM,2020-06-01,3.6
DOM,2020-07-01,3.6
DOM,2020-08-01,3.6
DOM,2020-09-01,3.6
DOM,2020-10-01,3.6
DOM,2020-11-01,3.8
DOM,2021-02-01,3.8
DOM,2021-03-01,3.8
DOM,2021-04-01,3.8
DOM,2021-05-01,3.8
DOM,2021-06-01,3.7
DOM,2021-07-01,3.7
DOM,2021-08-01,3.7
DOM,2021-09-01,3.7
DOM,2021-10-01,3.9
DOM,2021-11-01,3.9
DOM,2021-12-01,3.9
DOM,2022-01-01,3.9
DOM,2022-02-01,1.9
DOM,2022-03-01,1.8
DOM,2022-04-01,1.8
DOM,2022-05-01,1.8
DOM,2022-06-01,2.1
DOM,2022-07-01,2.1
DOM,2022-08-01,2.1
DOM,2022-09-01,2.1
DOM,2022-10-01,2.2
DOM,2022-11-01,2.2
DOM,2022-12-01,2.2
DOM,2023-01-01,2.2
DOM,2023-02-01,2.2
DOM,2023-03-01,2.2
DOM,2023-04-01,2.2
DOM,2023-05-01,2.1
DOM,2023-06-01,2.1
DOM,2023-07-01,1.8
DOM,2023-08-01,1.8
DOM,2023-09-01,1.8
DOM,2023-10-01,1.8
DOM,2023-11-01,1.8
DOM,2023-12-01,1.8
DOM,2024-01-01,1.8
DOM,2024-02-01,1.8
DOM,2024-03-01,1.8
DOM,2024-04-01,1.8
DOM,2024-05-01,1.8
DOM,2024-06-01,1.8
DOM,2024-07-01,1.8
DOM,2024-08-01,1.8
DOM,2024-09-01,1.8
DOM,2024-10-01,1.8
DOM,2024-11-01,1.8
DOM,2024-12-01,1.8
DOM,2025-01-01,1.8
DOM,2025-02-01,1.8
DOM,2025-03-01,1.8
DOM,2025-04-01,1.8
DZA,2019-02-01,2.2
DZA,2019-03-01,2.2
DZA,2019-04-01,1.6
DZA,2019-05-01,1.6
DZA,2019-06-01,1.6
DZA,2019-07-01,1.6
DZA,2019-08-01,1.6
DZA,2019-09-01,1.6
DZA,2019-10-01,1.6
DZA,2019-11-01,2.2
DZA,2019-12-01,2.2
DZA,2020-01-01,2.2
DZA,2020-02-01,2.2
DZA,2020-03-01,2.2
DZA,2020-04-01,2.2
DZA,2020-05-01,2.2
DZA,2020-06-01,2.2
DZA,2020-07-01,2.2
DZA,2020-08-01,2.2
DZA,2020-09-01,2.2
DZA,2020-10-01,2.2
DZA,2020-11-01,2.3
DZA,2020-12-01,2.3
DZA,2021-01-01,2.3
DZA,2021-02-01,2.3
DZA,2021-03-01,2.3
DZA,2021-04-01,2.3
DZA,2021-05-01,2.3
DZA,2021-06-01,2.2
DZA,2021-07-01,2.2
DZA,2021-08-01,2.2
DZA,2021-09-01,2.2
DZA,2021-10-01,2.3
DZA,2021-11-01,2.3
DZA,2021-12-01,2.3
DZA,2022-01-01,2.3
DZA,2022-02-01,2.3
DZA,2022-03-01,2.3
DZA,2022-04-01,2.3
DZA,2022-05-01,2.3
DZA,2022-06-01,2.3
DZA,2022-07-01,2.45
DZA,2022-08-01,2.4333333333333336
DZA,2022-09-01,2.4333333333333336
DZA,2022-10-01,2.466666666666667
DZA,2022-11-01,2.5
DZA,2022-12-01,2.5333333333333337
DZA,2023-01-01,2.5333333333333337
DZA,2023-02-01,2.5333333333333337
DZA,2023-03-01,2.5333333333333337
DZA,2023-04-01,2.5
DZA,2023-05-01,2.5
DZA,2023-06-01,2.4333333333333336
DZA,2023-07-01,2.4333333333333336
DZA,2023-08-01,2.4
DZA,2023-09-01,2.4
DZA,2023-10-01,2.4
DZA,2023-11-01,2.3666666666666667
DZA,2023-12-01,2.3666666666666667
DZA,2024-01-01,2.4
DZA,2024-02-01,2.5
DZA,2024-03-01,2.5
DZA,2024-04-01,2.5
DZA,2024-05-01,2.5333333333333337
DZA,2024-06-01,2.6
DZA,2024-07-01,2.6
DZA,2024-08-01,2.6
DZA,2024-09-01,2.6
DZA,2024-10-01,2.6
DZA,2024-11-01,2.6
DZA,2024-12-01,2.6333333333333333
DZA,2025-01-01,2.6333333333333333
DZA,2025-02-01,2.6333333333333333
DZA,2025-03-01,2.6333333333333333
DZA,2025-04-01,2.6333333333333333
ECU,2019-02-01,1.7
ECU,2019-03-01,1.7
ECU,2019-04-01,2.95
ECU,2019-05-01,2.95
ECU,2019-06-01,3.0
ECU,2019-07-01,2.95
ECU,2019-08-01,2.95
ECU,2019-09-01,2.95
ECU,2019-10-01,2.95
ECU,2019-11-01,2.9
ECU,2019-12-01,2.95
ECU,2020-01-01,2.95
ECU,2020-02-01,2.95
ECU,2020-03-01,3.05
ECU,2020-04-01,3.0
ECU,2020-05-01,3.0
ECU,2020-06-01,3.0
ECU,2020-07-01,3.0
ECU,2020-08-01,3.0
ECU,2020-09-01,3.0
ECU,2020-10-01,3.0
ECU,2020-11-01,3.0999999999999996
ECU,2020-12-01,2.4
ECU,2021-01-01,2.3
ECU,2021-02-01,3.05
ECU,2021-03-01,3.05
ECU,2021-04-01,3.05
ECU,2021-05-01,3.05
ECU,2021-06-01,3.0
ECU,2021-07-01,3.0
ECU,2021-08-01,3.0
ECU,2021-09-01,3.0
ECU,2021-10-01,3.0999999999999996
ECU,2021-11-01,3.0999999999999996
ECU,2021-12-01,3.0999999999999996
ECU,2022-01-01,3.0999999999999996
ECU,2022-02-01,2.5
ECU,2022-03-01,2.5
ECU,2022-04-01,2.5
ECU,2022-05-01,2.5
ECU,2022-06-01,2.5
ECU,2022-07-01,2.7
ECU,2022-08-01,2.7
ECU,2022-09-01,2.7
ECU,2022-10-01,2.8
ECU,2022-11-01,2.8
ECU,2022-12-01,2.8
ECU,2023-01-01,2.8
ECU,2023-02-01,2.8
ECU,2023-03-01,2.8
ECU,2023-04-01,2.8
ECU,2023-05-01,2.7
ECU,2023-06-01,2.7
ECU,2023-07-01,2.7
ECU,2023-08-01,2.7
ECU,2023-09-01,2.6
ECU,2023-10-01,2.6
ECU,2023-11-01,2.6
ECU,2023-12-01,2.6
ECU,2024-01-01,2.6
ECU,2024-02-01,2.6
ECU,2024-03-01,2.6
ECU,2024-04-01,2.7
ECU,2024-05-01,2.7
ECU,2024-06-01,2.7
ECU,2024-07-01,2.7
ECU,2024-08-01,2.7
ECU,2024-09-01,2.7
ECU,2024-10-01,2.7
ECU,2024-11-01,2.7
ECU,2024-12-01,2.7
ECU,2025-01-01,2.7
ECU,2025-02-01,3.233333333333333
ECU,2025-03-01,3.1999999999999997
ECU,2025-04-01,3.1999999999999997
EGY,2019-02-01,1.0
EGY,2019-03-01,1.0
EGY,2019-04-01,1.7
EGY,2019-05-01,2.9
EGY,2019-06-01,2.95
EGY,2019-07-01,2.95
EGY,2019-08-01,2.95
EGY,2019-09-01,2.95
EGY,2019-10-01,2.95
EGY,2019-11-01,2.95
EGY,2019-12-01,2.95
EGY,2020-01-01,2.95
EGY,2020-02-01,2.95
EGY,2020-03-01,2.95
EGY,2020-04-01,3.1500000000000004
EGY,2020-05-01,3.1500000000000004
EGY,2020-06-01,3.1
EGY,2020-07-01,3.1
EGY,2020-08-01,3.1
EGY,2020-09-01,3.1
EGY,2020-10-01,3.1
EGY,2020-11-01,2.4
EGY,2020-12-01,2.4
EGY,2021-01-01,3.1
EGY,2021-02-01,3.8
EGY,2021-03-01,3.7
EGY,2021-04-01,3.45
EGY,2021-05-01,3.45
EGY,2021-06-01,3.4499999999999997
EGY,2021-07-01,3.4499999999999997
EGY,2021-08-01,3.4499999999999997
EGY,2021-09-01,3.4499999999999997
EGY,2021-10-01,3.4499999999999997
EGY,2021-11-01,3.4499999999999997
EGY,2021-12-01,3.3
EGY,2022-01-01,3.3
EGY,2022-02-01,2.3
EGY,2022-03-01,2.3
EGY,2022-04-01,2.3
EGY,2022-05-01,2.9
EGY,2022-06-01,2.9
EGY,2022-07-01,1.7
EGY,2022-08-01,1.7
EGY,2022-09-01,1.7
EGY,2022-10-01,1.7
EGY,2022-11-01,1.7
EGY,2022-12-01,1.8
EGY,2023-01-01,1.8
EGY,2023-02-01,1.8
EGY,2023-03-01,1.7
EGY,2023-04-01,1.7
EGY,2023-05-01,1.7
EGY,2023-06-01,1.8666666666666665
EGY,2023-07-01,1.9
EGY,2023-08-01,2.0
EGY,2023-09-01,2.0
EGY,2023-10-01,2.0
EGY,2023-11-01,2.2
EGY,2023-12-01,2.3
EGY,2024-01-01,2.3
EGY,2024-02-01,2.3
EGY,2024-03-01,2.3
EGY,2024-04-01,2.3
EGY,2024-05-01,2.1
EGY,2024-06-01,2.1
EGY,2024-07-01,2.4
EGY,2024-08-01,2.4
EGY,2024-09-01,2.3
EGY,2024-10-01,2.2
EGY,2024-11-01,2.2
EGY,2024-12-01,2.2
EGY,2025-01-01,2.2
EGY,2025-02-01,2.2
EGY,2025-03-01,2.2
EGY,2025-04-01,2.2
ERI,2019-02-01,3.4
ERI,2019-03-01,3.4
ERI,2019-04-01,3.8
ERI,2019-05-01,3.8
ERI,2019-06-01,3.8
ERI,2019-07-01,3.8
ERI,2019-08-01,3.8
ERI,2019-09-01,3.8
ERI,2019-10-01,3.8
ERI,2019-11-01,3.8
ERI,2019-12-01,3.8
ERI,2020-01-01,3.8
ERI,2020-02-01,3.8
ERI,2020-03-01,3.8
ERI,2020-04-01,3.8
ERI,2020-05-01,3.8
ERI,2020-06-01,3.8
ERI,2020-07-01,3.8
ERI,2020-08-01,3.8
ERI,2020-09-01,3.8
ERI,2020-10-01,3.8
ERI,2020-11-01,3.7
ERI,2020-12-01,3.7
ERI,2021-01-01,3.7
ERI,2021-02-01,3.7
ERI,2021-03-01,3.7
ERI,2021-04-01,3.7
ERI,2021-05-01,3.7
ERI,2021-06-01,3.7
ERI,2021-07-01,3.7
ERI,2021-08-01,3.7
ERI,2021-09-01,3.7
ERI,2021-10-01,3.7
ERI,2021-11-01,3.7
ERI,2021-12-01,3.7
ERI,2022-01-01,3.7
ERI,2022-02-01,3.7
ERI,2022-03-01,3.7
ERI,2022-04-01,3.7
ERI,2022-05-01,3.7
ERI,2022-06-01,3.7
ERI,2022-07-01,3.7
ERI,2022-08-01,3.7
ERI,2022-09-01,3.5
ERI,2022-10-01,3.5
ERI,2022-11-01,3.5
ERI,2022-12-01,3.5
ERI,2023-01-01,3.5
ERI,2023-02-01,3.5
ERI,2023-03-01,3.5
ERI,2023-04-01,3.5
ERI,2023-05-01,3.5
ERI,2023-06-01,3.5
ERI,2023-07-01,3.5
ERI,2023-08-01,3.5
ERI,2023-09-01,3.7
ERI,2023-10-01,3.5
ERI,2023-11-01,3.5
ERI,2023-12-01,3.6
ERI,2024-01-01,3.6
ERI,2024-02-01,3.6
ERI,2024-03-01,3.6
ERI,2024-04-01,3.3
ERI,2024-05-01,3.3
ERI,2024-06-01,3.2
ERI,2024-07-01,3.2
ERI,2024-08-01,3.2
ERI,2024-09-01,3.2
ERI,2024-10-01,3.2
ERI,2024-11-01,3.2
ERI,2024-12-01,3.0
ERI,2025-01-01,3.0
ERI,2025-02-01,3.0
ERI,2025-03-01,3.0
ERI,2025-04-01,3.0
ESP,2019-02-01,1.2
ESP,2021-01-01,1.5
ESP,2021-02-01,1.5
ESP,2021-03-01,1.5
ESP,2021-04-01,1.5
ESP,2021-05-01,1.6
ESP,2021-06-01,1.8
ESP,2021-07-01,1.8
ESP,2021-08-01,1.8
ESP,2021-09-01,1.8
ESP,2021-10-01,1.8
ESP,2021-11-01,1.8
ESP,2021-12-01,1.8
ESP,2022-01-01,1.8
ESP,2022-02-01,1.8
ESP,2022-03-01,1.7
ESP,2022-04-01,1.7
ESP,2022-05-01,1.6
ESP,2022-06-01,1.6
ESP,2022-07-01,1.8
ESP,2022-08-01,1.8
ESP,2022-09-01,1.8
ESP,2022-10-01,1.8
ESP,2022-11-01,1.8
ESP,2022-12-01,1.8
ESP,2023-01-01,1.8
ESP,2023-02-01,1.8
ESP,2023-03-01,1.8
ESP,2023-04-01,1.8
ESP,2023-05-01,1.8
ESP,2023-06-01,1.8
ESP,2023-07-01,1.8
ESP,2023-08-01,1.8
ESP,2023-09-01,1.8
ESP,2023-10-01,1.9
ESP,2023-11-01,1.8
ESP,2023-12-01,1.8
ESP,2024-01-01,1.8
ESP,2024-02-01,1.8
ESP,2024-03-01,1.8
ESP,2024-04-01,1.9
ESP,2024-05-01,1.9
ESP,2024-06-01,1.9
ESP,2024-07-01,1.9
ESP,2024-08-01,1.9
ESP,2024-09-01,1.9
ESP,2024-10-01,1.8
ESP,2024-11-01,1.9
ESP,2024-12-01,1.7
ESP,2025-01-01,1.5
ESP,2025-02-01,1.6
ESP,2025-03-01,1.6
ESP,2025-04-01,1.6
EST,2023-11-01,1.3
EST,2023-12-01,1.3
EST,2024-01-01,1.3
EST,2024-02-01,1.2
EST,2024-03-01,1.2
EST,2024-04-01,1.2
EST,2024-05-01,1.2
EST,2024-06-01,1.2
EST,2024-07-01,1.2
EST,2024-08-01,1.2
EST,2024-09-01,1.2
EST,2024-10-01,1.2
EST,2024-11-01,1.2
EST,2024-12-01,1.2
EST,2025-01-01,1.2
EST,2025-02-01,1.2
EST,2025-03-01,1.2
EST,2025-04-01,1.2
ETH,2019-03-01,3.8
ETH,2019-04-01,3.8
ETH,2019-05-01,3.8
ETH,2019-06-01,3.8
ETH,2019-07-01,3.8
ETH,2019-08-01,3.8
ETH,2019-09-01,3.8
ETH,2019-10-01,3.8
ETH,2019-11-01,3.8
ETH,2019-12-01,3.8
ETH,2020-01-01,3.8
ETH,2020-02-01,3.8
ETH,2020-03-01,3.8
ETH,2020-04-01,4.0
ETH,2020-05-01,4.0
ETH,2020-06-01,3.2
ETH,2020-07-01,3.0666666666666664
ETH,2020-08-01,3.0666666666666664
ETH,2020-09-01,3.0666666666666664
ETH,2020-10-01,3.0666666666666664
ETH,2020-11-01,3.1999999999999997
ETH,2020-12-01,3.45
ETH,2021-01-01,3.325
ETH,2021-02-01,3.325
ETH,2021-03-01,3.45
ETH,2021-04-01,3.5
ETH,2021-05-01,3.5
ETH,2021-06-01,3.6500000000000004
ETH,2021-07-01,3.6500000000000004
ETH,2021-08-01,3.6500000000000004
ETH,2021-09-01,3.725
ETH,2021-10-01,3.7
ETH,2021-11-01,3.675
ETH,2021-12-01,3.6750000000000003
ETH,2022-01-01,4.066666666666667
ETH,2022-02-01,3.7250000000000005
ETH,2022-03-01,3.7
ETH,2022-04-01,3.75
ETH,2022-05-01,3.675
ETH,2022-06-01,3.725
ETH,2022-07-01,3.825
ETH,2022-08-01,3.825
ETH,2022-09-01,3.725
ETH,2022-10-01,3.725
ETH,2022-11-01,3.8499999999999996
ETH,2022-12-01,3.875
ETH,2023-01-01,3.9
ETH,2023-02-01,3.925
ETH,2023-03-01,3.9
ETH,2023-04-01,3.85
ETH,2023-05-01,3.825
ETH,2023-06-01,3.675
ETH,2023-07-01,3.675
ETH,2023-08-01,3.7
ETH,2023-09-01,3.675
ETH,2023-10-01,3.7
ETH,2023-11-01,3.7249999999999996
ETH,2023-12-01,3.7249999999999996
ETH,2024-01-01,3.7249999999999996
ETH,2024-02-01,3.7249999999999996
ETH,2024-03-01,3.7249999999999996
ETH,2024-04-01,3.925
ETH,2024-05-01,3.95
ETH,2024-06-01,3.95
ETH,2024-07-01,3.9749999999999996
ETH,2024-08-01,3.9749999999999996
ETH,2024-09-01,3.9749999999999996
ETH,2024-10-01,3.9749999999999996
ETH,2024-11-01,3.9499999999999997
ETH,2024-12-01,3.9
ETH,2025-01-01,3.9
ETH,2025-02-01,3.9
ETH,2025-03-01,3.9499999999999997
ETH,2025-04-01,3.9499999999999997
FJI,2021-01-01,1.4
FJI,2021-02-01,1.4
FJI,2021-03-01,1.4
FJI,2021-04-01,1.4
GMB,2022-08-01,1.7
GMB,2022-09-01,1.7
GMB,2022-10-01,1.7
GMB,2022-11-01,1.6
GMB,2022-12-01,1.6
GMB,2023-01-01,1.6
GMB,2023-02-01,1.4
GRC,2019-02-01,1.0
GRC,2019-03-01,1.0
GRC,2019-04-01,1.7
GRC,2019-05-01,1.5
GRC,2019-06-01,1.5
GRC,2019-07-01,1.8
GRC,2019-08-01,1.8
GRC,2019-09-01,1.8
GRC,2019-10-01,1.9
GRC,2019-11-01,1.9
GRC,2019-12-01,1.9
GRC,2020-01-01,1.9
GRC,2020-02-01,1.9
GRC,2020-03-01,2.0
GRC,2020-04-01,1.9
GRC,2020-05-01,2.0
GRC,2020-06-01,2.1
GRC,2020-07-01,2.2
GRC,2020-08-01,1.9
GRC,2020-09-01,1.9
GRC,2020-10-01,1.9
GRC,2020-11-01,1.8
GRC,2020-12-01,1.8
GRC,2021-01-01,1.8
GRC,2021-02-01,1.6
GRC,2021-03-01,1.6
GRC,2021-04-01,1.5
GRC,2021-05-01,1.5
GRC,2021-06-01,1.6
GRC,2021-07-01,1.6
GRC,2021-08-01,1.6
GRC,2021-09-01,2.4
GRC,2021-10-01,2.45
GRC,2021-11-01,2.45
GRC,2021-12-01,2.45
GRC,2022-01-01,2.45
GRC,2022-02-01,1.6
GRC,2022-03-01,1.6
GRC,2022-04-01,1.6
GRC,2022-05-01,1.6
GRC,2022-06-01,1.6
GRC,2022-07-01,1.6
GRC,2022-08-01,1.4
GRC,2022-09-01,1.5
GRC,2022-10-01,1.4
GRC,2022-11-01,1.4
GRC,2022-12-01,1.4
GRC,2023-01-01,1.4
GRC,2023-02-01,1.4
GRC,2023-03-01,1.4
GRC,2023-04-01,1.6
GRC,2023-05-01,1.5
GRC,2023-06-01,1.9
GRC,2023-07-01,1.9
GRC,2023-08-01,1.9
GRC,2023-09-01,2.1
GRC,2023-10-01,2.1
GRC,2023-11-01,2.2
GRC,2023-12-01,2.2
GRC,2024-01-01,2.1
GRC,2024-02-01,2.1
GRC,2024-03-01,2.2
GRC,2024-04-01,2.2
GRC,2024-05-01,2.1
GRC,2024-06-01,2.1
GRC,2024-07-01,2.1
GRC,2024-08-01,2.1
GRC,2024-09-01,2.1
GRC,2024-10-01,2.1
GRC,2024-11-01,2.3
GRC,2024-12-01,2.3
GRC,2025-01-01,2.3
GRC,2025-02-01,2.3
GRC,2025-03-01,2.3
GRC,2025-04-01,2.3
GTM,2019-02-01,3.4
GTM,2019-03-01,3.4
GTM,2019-04-01,4.0
GTM,2019-05-01,3.7
GTM,2019-06-01,3.5
GTM,2019-07-01,3.5
GTM,2019-08-01,3.5
GTM,2019-09-01,3.5
GTM,2019-10-01,3.5
GTM,2019-11-01,3.5
GTM,2019-12-01,3.5
GTM,2020-01-01,3.5
GTM,2020-02-01,3.3
GTM,2020-03-01,3.3
GTM,2020-04-01,3.4
GTM,2020-05-01,3.4
GTM,2020-06-01,3.4
GTM,2020-07-01,3.4
GTM,2020-08-01,3.4
GTM,2020-09-01,3.4
GTM,2020-10-01,3.4
GTM,2020-11-01,3.4
GTM,2020-12-01,3.05
GTM,2021-01-01,3.25
GTM,2021-02-01,3.25
GTM,2021-03-01,3.25
GTM,2021-04-01,3.25
GTM,2021-05-01,3.25
GTM,2021-06-01,3.25
GTM,2021-07-01,3.25
GTM,2021-08-01,3.25
GTM,2021-09-01,3.4
GTM,2021-10-01,3.4
GTM,2021-11-01,3.5
GTM,2021-12-01,3.5
GTM,2022-01-01,3.5
GTM,2022-02-01,3.5
GTM,2022-03-01,3.5
GTM,2022-04-01,3.5
GTM,2022-05-01,3.5
GTM,2022-06-01,3.6
GTM,2022-07-01,3.6
GTM,2022-08-01,3.6
GTM,2022-09-01,3.6
GTM,2022-10-01,3.5
GTM,2022-11-01,3.5
GTM,2022-12-01,3.5
GTM,2023-01-01,3.5
GTM,2023-02-01,3.5
GTM,2023-03-01,3.5
GTM,2023-04-01,3.5
GTM,2023-05-01,3.4
GTM,2023-06-01,3.4
GTM,2023-07-01,3.4
GTM,2023-08-01,3.5
GTM,2023-09-01,3.5
GTM,2023-10-01,3.5
GTM,2023-11-01,3.5
GTM,2023-12-01,3.4
GTM,2024-01-01,3.5
GTM,2024-02-01,3.5
GTM,2024-03-01,3.5
GTM,2024-04-01,3.4
GTM,2024-05-01,3.4
GTM,2024-06-01,3.5
GTM,2024-07-01,3.5
GTM,2024-08-01,3.5
GTM,2024-09-01,3.5
GTM,2024-10-01,3.5
GTM,2024-11-01,3.5
GTM,2024-12-01,3.5
GTM,2025-01-01,3.5
GTM,2025-02-01,3.4
GTM,2025-03-01,3.5
GTM,2025-04-01,3.5
HND,2019-02-01,2.3
HND,2019-03-01,2.3
HND,2019-04-01,2.8
HND,2019-05-01,2.8
HND,2019-06-01,2.8
HND,2019-07-01,2.8
HND,2019-08-01,2.8
HND,2019-09-01,2.8
HND,2019-10-01,2.8
HND,2019-11-01,2.8
HND,2019-12-01,3.2
HND,2020-01-01,3.2
HND,2020-02-01,3.2
HND,2020-03-01,3.2
HND,2020-04-01,3.3
HND,2020-05-01,3.3
HND,2020-06-01,3.3
HND,2020-07-01,3.3
HND,2020-08-01,3.3
HND,2020-09-01,3.3
HND,2020-10-01,3.2
HND,2020-11-01,3.3
HND,2020-12-01,3.2
HND,2021-01-01,3.3
HND,2021-02-01,3.3
HND,2021-03-01,3.3
HND,2021-04-01,3.3
HND,2021-05-01,3.3
HND,2021-06-01,3.3
HND,2021-07-01,3.3
HND,2021-08-01,3.3
HND,2021-09-01,3.3
HND,2021-10-01,3.3
HND,2021-11-01,3.7
HND,2021-12-01,3.7
HND,2022-01-01,3.7
HND,2022-02-01,3.7
HND,2022-03-01,3.7
HND,2022-04-01,3.7
HND,2022-05-01,3.6
HND,2022-06-01,3.3
HND,2022-07-01,3.3
HND,2022-08-01,3.3
HND,2022-09-01,3.3
HND,2022-10-01,3.3
HND,2022-11-01,3.3
HND,2022-12-01,3.3
HND,2023-01-01,3.4
HND,2023-02-01,3.4
HND,2023-03-01,3.4
HND,2023-04-01,3.4
HND,2023-05-01,3.6
HND,2023-06-01,3.6
HND,2023-07-01,3.6
HND,2023-08-01,3.6
HND,2023-09-01,3.6
HND,2023-10-01,3.6
HND,2023-11-01,3.6
HND,2023-12-01,3.6
HND,2024-01-01,3.6
HND,2024-02-01,3.6
HND,2024-03-01,3.6
HND,2024-04-01,3.6
HND,2024-05-01,3.6
HND,2024-06-01,3.5
HND,2024-07-01,3.4
HND,2024-08-01,3.4
HND,2024-09-01,3.4
HND,2024-10-01,3.4
HND,2024-11-01,3.4
HND,2024-12-01,3.4
HND,2025-01-01,3.4
HND,2025-02-01,3.4
HND,2025-03-01,3.4
HND,2025-04-01,3.4
HTI,2019-01-01,3.4
HTI,2019-02-01,2.9
HTI,2019-03-01,2.9
HTI,2019-04-01,3.2
HTI,2019-05-01,3.2
HTI,2019-06-01,3.3
HTI,2019-07-01,3.3
HTI,2019-08-01,3.3
HTI,2019-09-01,3.3
HTI,2019-10-01,3.3
HTI,2019-11-01,3.4
HTI,2019-12-01,3.4
HTI,2020-01-01,3.4
HTI,2020-02-01,3.4
HTI,2020-03-01,3.5
HTI,2020-04-01,3.5
HTI,2020-05-01,3.5
HTI,2020-06-01,3.5
HTI,2020-07-01,3.5
HTI,2020-08-01,3.5
HTI,2020-09-01,3.4
HTI,2020-10-01,3.5
HTI,2020-11-01,3.5
HTI,2020-12-01,3.5
HTI,2021-01-01,3.5
HTI,2021-02-01,3.5
HTI,2021-03-01,3.8
HTI,2021-04-01,3.8
HTI,2021-05-01,3.8
HTI,2021-06-01,3.8
HTI,2021-07-01,3.8
HTI,2021-08-01,3.55
HTI,2021-09-01,3.55
HTI,2021-10-01,3.5999999999999996
HTI,2021-11-01,3.5999999999999996
HTI,2021-12-01,3.5999999999999996
HTI,2022-01-01,3.5999999999999996
HTI,2022-02-01,3.5999999999999996
HTI,2022-03-01,3.5999999999999996
HTI,2022-04-01,3.5999999999999996
HTI,2022-05-01,3.5
HTI,2022-06-01,3.6500000000000004
HTI,2022-07-01,3.55
HTI,2022-08-01,3.6500000000000004
HTI,2022-09-01,3.6500000000000004
HTI,2022-10-01,3.6500000000000004
HTI,2022-11-01,3.55
HTI,2022-12-01,3.55
HTI,2023-01-01,3.55
HTI,2023-02-01,3.55
HTI,2023-03-01,3.55
HTI,2023-04-01,3.55
HTI,2023-05-01,3.55
HTI,2023-06-01,3.55
HTI,2023-07-01,3.55
HTI,2023-08-01,3.65
HTI,2023-09-01,3.65
HTI,2023-10-01,3.6
HTI,2023-11-01,3.6
HTI,2023-12-01,3.6
HTI,2024-01-01,4.3
HTI,2024-02-01,4.3
HTI,2024-03-01,4.3
HTI,2024-04-01,4.0
HTI,2024-05-01,4.0
HTI,2024-06-01,4.0
HTI,2024-07-01,4.0
HTI,2024-08-01,4.0
HTI,2024-09-01,4.0
HTI,2024-10-01,4.0
HTI,2024-11-01,4.0
HTI,2024-12-01,4.0
HTI,2025-01-01,4.0
HTI,2025-02-01,4.4
HTI,2025-03-01,4.4
HTI,2025-04-01,4.4
HUN,2022-02-01,1.1
HUN,2022-03-01,1.4
HUN,2022-04-01,1.3
HUN,2022-05-01,1.4
HUN,2022-06-01,1.4
HUN,2022-07-01,2.5
HUN,2022-08-01,2.6
HUN,2022-09-01,2.6
HUN,2022-10-01,2.6
HUN,2022-11-01,2.5
HUN,2022-12-01,1.5
HUN,2023-01-01,1.5
HUN,2023-02-01,1.5
HUN,2023-03-01,1.5
HUN,2023-04-01,1.5
HUN,2023-05-01,1.5
HUN,2023-06-01,1.6
HUN,2023-07-01,1.6
HUN,2023-08-01,1.6
HUN,2023-09-01,1.6
HUN,2023-10-01,1.2
HUN,2023-11-01,1.3
HUN,2023-12-01,1.3
HUN,2024-01-01,1.6
HUN,2024-02-01,1.6
HUN,2024-03-01,1.6
HUN,2024-04-01,1.6
HUN,2024-05-01,1.6
HUN,2024-06-01,1.5
HUN,2024-07-01,1.5
HUN,2024-08-01,1.5
HUN,2024-09-01,1.5
HUN,2024-10-01,1.5
HUN,2024-11-01,1.5
HUN,2024-12-01,1.5
HUN,2025-01-01,1.5
HUN,2025-02-01,1.5
HUN,2025-03-01,1.5
HUN,2025-04-01,1.5
IDN,2019-02-01,2.3
IDN,2019-03-01,2.3
IDN,2019-04-01,2.8
IDN,2019-05-01,2.8
IDN,2019-06-01,2.8
IDN,2019-07-01,1.8333333333333333
IDN,2019-08-01,1.8333333333333333
IDN,2019-09-01,1.8333333333333333
IDN,2019-10-01,1.9000000000000001
IDN,2019-11-01,1.866666666666667
IDN,2019-12-01,2.1500000000000004
IDN,2020-01-01,1.65
IDN,2020-02-01,1.65
IDN,2020-03-01,1.9500000000000002
IDN,2021-01-01,2.1
IDN,2021-02-01,2.1
IDN,2021-03-01,2.1
IDN,2021-04-01,2.1
IDN,2021-11-01,2.0
IDN,2021-12-01,2.1
IDN,2022-01-01,2.1
IDN,2022-02-01,2.2
IDN,2022-03-01,2.3
IDN,2022-04-01,2.3
IDN,2022-05-01,2.6
IDN,2022-06-01,2.6
IDN,2022-07-01,2.6
IDN,2022-08-01,2.6
IDN,2022-09-01,2.6
IDN,2022-10-01,2.5
IDN,2022-11-01,2.3666666666666667
IDN,2022-12-01,2.3333333333333335
IDN,2023-01-01,2.3666666666666667
IDN,2023-02-01,2.3666666666666667
IDN,2023-03-01,2.3666666666666667
IDN,2023-04-01,2.466666666666667
IDN,2023-05-01,2.466666666666667
IDN,2023-06-01,2.466666666666667
IDN,2023-07-01,2.3333333333333335
IDN,2023-08-01,2.3333333333333335
IDN,2023-09-01,2.3333333333333335
IDN,2023-10-01,2.3333333333333335
IDN,2023-11-01,2.5
IDN,2023-12-01,2.5
IDN,2024-01-01,2.5
IDN,2024-02-01,2.5
IDN,2024-03-01,2.5
IDN,2024-04-01,2.5
IDN,2024-05-01,2.5
IDN,2024-06-01,2.5
IDN,2024-07-01,2.5
IDN,2024-08-01,2.5
IDN,2024-09-01,2.5
IDN,2024-10-01,2.5
IDN,2024-11-01,2.5
IDN,2024-12-01,2.5
IDN,2025-01-01,2.5
IDN,2025-02-01,2.5
IDN,2025-03-01,2.5
IDN,2025-04-01,2.5
IND,2020-06-01,2.4
IND,2020-07-01,2.8000000000000003
IND,2020-08-01,2.7
IND,2020-09-01,2.733333333333333
IND,2020-10-01,2.6
IND,2020-11-01,2.6333333333333333
IND,2020-12-01,2.65
IND,2024-09-01,2.2
IND,2024-10-01,2.2
IND,2024-11-01,2.2
IND,2024-12-01,2.2
IND,2025-01-01,2.2
IND,2025-02-01,2.2
IRN,2019-04-01,3.2
IRN,2019-05-01,3.1
IRN,2019-06-01,3.1
IRN,2020-01-01,1.6
IRN,2020-03-01,3.4
IRN,2020-04-01,3.4
IRN,2020-05-01,3.4
IRN,2020-06-01,3.5
IRN,2020-07-01,3.5
IRN,2020-08-01,3.5
IRN,2020-09-01,3.5
IRN,2020-10-01,3.5
IRN,2020-11-01,3.4
IRN,2020-12-01,3.4
IRN,2021-01-01,3.4
IRN,2021-02-01,3.4
IRN,2021-03-01,3.4
IRN,2021-04-01,3.4
IRN,2021-05-01,3.4
IRN,2021-06-01,3.3
IRN,2021-07-01,3.3
IRN,2021-08-01,3.3
IRN,2021-09-01,3.3
IRN,2021-10-01,3.4
IRN,2021-11-01,3.4
IRN,2021-12-01,3.4
IRN,2022-01-01,3.4
IRN,2022-02-01,3.4
IRN,2022-03-01,3.4
IRN,2022-04-01,3.6
IRN,2022-05-01,3.6
IRN,2022-06-01,3.6
IRN,2022-07-01,3.6
IRN,2022-08-01,3.6
IRN,2022-09-01,3.6
IRN,2022-10-01,3.5
IRN,2022-11-01,3.5
IRN,2022-12-01,3.6
IRN,2023-01-01,3.6
IRN,2023-02-01,3.7
IRN,2023-03-01,3.7
IRN,2023-04-01,3.6
IRN,2023-05-01,3.6
IRN,2023-06-01,3.6
IRN,2023-07-01,3.6
IRN,2023-08-01,3.7
IRN,2023-09-01,3.7
IRN,2023-10-01,3.7
IRN,2023-11-01,3.8
IRN,2023-12-01,3.8
IRN,2024-01-01,3.8
IRN,2024-02-01,3.8
IRN,2024-03-01,3.8
IRN,2024-04-01,3.8
IRN,2024-05-01,3.8
IRN,2024-06-01,3.8
IRN,2024-07-01,3.8
IRN,2024-08-01,3.7
IRN,2024-09-01,3.7
IRN,2024-10-01,3.5
IRN,2024-11-01,3.7
IRN,2024-12-01,3.7
IRN,2025-01-01,3.7
IRN,2025-02-01,3.8
IRN,2025-03-01,3.8
IRN,2025-04-01,3.8
IRQ,2019-02-01,3.733333333333333
IRQ,2019-03-01,3.6666666666666665
IRQ,2019-04-01,3.866666666666667
IRQ,2019-05-01,3.9
IRQ,2019-06-01,4.0
IRQ,2019-07-01,4.0
IRQ,2019-08-01,4.0
IRQ,2019-09-01,4.0
IRQ,2019-10-01,4.0
IRQ,2019-11-01,3.925
IRQ,2019-12-01,3.85
IRQ,2020-01-01,3.85
IRQ,2020-02-01,3.85
IRQ,2020-03-01,3.825
IRQ,2020-04-01,3.75
IRQ,2020-05-01,3.75
IRQ,2020-06-01,3.75
IRQ,2020-07-01,3.75
IRQ,2020-08-01,3.75
IRQ,2020-09-01,3.7249999999999996
IRQ,2020-10-01,3.7249999999999996
IRQ,2020-11-01,3.633333333333333
IRQ,2020-12-01,3.633333333333333
IRQ,2021-01-01,3.6
IRQ,2021-02-01,3.85
IRQ,2021-03-01,3.975
IRQ,2021-04-01,4.0
IRQ,2021-05-01,4.0
IRQ,2021-06-01,4.025
IRQ,2021-07-01,4.025
IRQ,2021-08-01,4.025
IRQ,2021-09-01,4.025
IRQ,2021-10-01,4.025
IRQ,2021-11-01,4.025
IRQ,2021-12-01,3.9
IRQ,2022-01-01,3.75
IRQ,2022-02-01,3.5666666666666664
IRQ,2022-03-01,3.5666666666666664
IRQ,2022-04-01,3.5666666666666664
IRQ,2022-05-01,3.6
IRQ,2022-06-01,3.6
IRQ,2022-07-01,3.6
IRQ,2022-08-01,3.6
IRQ,2022-09-01,3.6
IRQ,2022-10-01,3.6
IRQ,2022-11-01,3.466666666666667
IRQ,2022-12-01,3.5666666666666664
IRQ,2023-01-01,3.5666666666666664
IRQ,2023-02-01,3.5666666666666664
IRQ,2023-03-01,3.5666666666666664
IRQ,2023-04-01,3.5666666666666664
IRQ,2023-05-01,3.5666666666666664
IRQ,2023-06-01,3.466666666666667
IRQ,2023-07-01,3.4333333333333336
IRQ,2023-08-01,3.3666666666666667
IRQ,2023-09-01,3.3666666666666667
IRQ,2023-10-01,3.3666666666666667
IRQ,2023-11-01,3.3333333333333335
IRQ,2023-12-01,3.3333333333333335
IRQ,2024-01-01,3.3333333333333335
IRQ,2024-02-01,3.3333333333333335
IRQ,2024-03-01,3.3333333333333335
IRQ,2024-04-01,3.3333333333333335
IRQ,2024-05-01,2.6
IRQ,2024-06-01,2.6
IRQ,2024-07-01,2.6
IRQ,2024-08-01,2.6
IRQ,2024-09-01,2.6
IRQ,2024-10-01,2.6666666666666665
IRQ,2024-11-01,2.6666666666666665
IRQ,2024-12-01,2.6333333333333333
IRQ,2025-01-01,2.6333333333333333
IRQ,2025-02-01,2.566666666666667
IRQ,2025-03-01,2.566666666666667
IRQ,2025-04-01,2.566666666666667
ITA,2019-02-01,1.1
ITA,2021-06-01,1.9
ITA,2021-07-01,1.9
ITA,2021-08-01,1.9
ITA,2021-09-01,1.9
ITA,2021-10-01,1.9
ITA,2021-11-01,1.9
ITA,2021-12-01,1.9
ITA,2022-01-01,1.9
ITA,2022-02-01,1.9
ITA,2022-03-01,1.9
ITA,2022-04-01,1.9
ITA,2022-05-01,1.9
ITA,2022-06-01,1.9
ITA,2022-07-01,1.9
ITA,2022-08-01,1.9
ITA,2022-09-01,1.9
ITA,2022-10-01,1.9
ITA,2022-11-01,2.0
ITA,2022-12-01,2.0
ITA,2023-01-01,2.0
ITA,2023-02-01,1.9
ITA,2023-03-01,2.0
ITA,2023-04-01,2.0
ITA,2023-05-01,2.1
ITA,2023-06-01,2.1
ITA,2023-07-01,2.1
ITA,2023-08-01,2.6
ITA,2023-09-01,2.6
ITA,2023-10-01,2.6
ITA,2023-11-01,2.1
ITA,2023-12-01,2.1
ITA,2024-01-01,2.2
ITA,2024-02-01,2.1
ITA,2024-03-01,2.1
ITA,2024-04-01,2.2
ITA,2024-05-01,2.2
ITA,2024-06-01,2.2
ITA,2024-07-01,2.2
ITA,2024-08-01,2.2
ITA,2024-09-01,2.2
ITA,2024-10-01,2.2
ITA,2024-11-01,2.1
ITA,2024-12-01,1.9
ITA,2025-01-01,1.7
ITA,2025-02-01,1.7
ITA,2025-03-01,1.7
ITA,2025-04-01,1.7
JOR,2019-02-01,1.6000000000000003
JOR,2019-03-01,1.6000000000000003
JOR,2019-04-01,2.5
JOR,2019-05-01,3.3499999999999996
JOR,2019-06-01,3.4000000000000004
JOR,2019-07-01,3.4000000000000004
JOR,2019-08-01,3.4000000000000004
JOR,2019-09-01,3.4000000000000004
JOR,2019-10-01,3.4000000000000004
JOR,2019-11-01,3.35
JOR,2019-12-01,3.35
JOR,2020-01-01,3.35
JOR,2020-02-01,3.35
JOR,2020-03-01,3.35
JOR,2020-04-01,3.35
JOR,2020-05-01,3.4000000000000004
JOR,2020-06-01,3.35
JOR,2020-07-01,3.35
JOR,2020-08-01,3.35
JOR,2020-09-01,3.35
JOR,2020-10-01,3.35
JOR,2020-11-01,2.8
JOR,2020-12-01,2.7
JOR,2021-01-01,3.1
JOR,2021-02-01,3.8
JOR,2021-03-01,3.8
JOR,2021-04-01,3.8
JOR,2021-05-01,3.8
JOR,2021-06-01,3.75
JOR,2021-07-01,3.75
JOR,2021-08-01,3.75
JOR,2021-09-01,3.75
JOR,2021-10-01,3.6999999999999997
JOR,2021-11-01,3.6999999999999997
JOR,2021-12-01,3.5
JOR,2022-01-01,3.5
JOR,2022-02-01,2.7
JOR,2022-03-01,2.7
JOR,2022-04-01,2.7
JOR,2022-05-01,2.7
JOR,2022-06-01,2.7
JOR,2022-07-01,2.7
JOR,2022-08-01,2.7
JOR,2022-09-01,2.7
JOR,2022-10-01,2.7
JOR,2022-11-01,2.7
JOR,2022-12-01,2.7
JOR,2023-01-01,2.7
JOR,2023-02-01,2.7
JOR,2023-03-01,2.7
JOR,2023-04-01,2.7
JOR,2023-05-01,2.8
JOR,2023-06-01,2.9
JOR,2023-07-01,2.9
JOR,2023-08-01,3.0
JOR,2023-09-01,3.0
JOR,2023-10-01,3.0
JOR,2023-11-01,2.9
JOR,2023-12-01,2.9
JOR,2024-01-01,3.1
JOR,2024-02-01,2.8
JOR,2024-03-01,2.8
JOR,2024-04-01,2.8
JOR,2024-05-01,2.8
JOR,2024-06-01,2.8
JOR,2024-07-01,2.8
JOR,2024-08-01,2.8
JOR,2024-09-01,2.8
JOR,2024-10-01,2.8
JOR,2024-11-01,2.8
JOR,2024-12-01,2.8
JOR,2025-01-01,2.8
JOR,2025-02-01,2.8
JOR,2025-03-01,2.8
JOR,2025-04-01,2.8
KEN,2019-02-01,2.0
KEN,2019-03-01,2.0
KEN,2019-04-01,2.8
KEN,2019-05-01,2.8
KEN,2019-06-01,2.966666666666667
KEN,2019-07-01,3.0
KEN,2019-08-01,3.0
KEN,2019-09-01,3.1666666666666665
KEN,2019-10-01,3.1666666666666665
KEN,2019-11-01,3.0666666666666664
KEN,2019-12-01,3.0666666666666664
KEN,2020-01-01,3.0666666666666664
KEN,2020-02-01,3.0666666666666664
KEN,2020-03-01,3.0666666666666664
KEN,2020-04-01,2.725
KEN,2020-05-01,2.8249999999999997
KEN,2020-06-01,2.975
KEN,2020-07-01,2.775
KEN,2020-08-01,2.775
KEN,2020-09-01,2.75
KEN,2020-10-01,2.75
KEN,2020-11-01,2.75
KEN,2020-12-01,2.725
KEN,2021-01-01,2.725
KEN,2021-02-01,2.8
KEN,2021-03-01,2.8
KEN,2021-04-01,2.8
KEN,2021-05-01,2.8
KEN,2021-06-01,2.8
KEN,2021-07-01,2.8
KEN,2021-08-01,2.8
KEN,2021-09-01,2.8000000000000003
KEN,2021-10-01,2.8666666666666667
KEN,2021-11-01,2.8666666666666667
KEN,2021-12-01,2.9
KEN,2022-01-01,2.9
KEN,2022-02-01,2.9
KEN,2022-03-01,3.033333333333333
KEN,2022-04-01,3.033333333333333
KEN,2022-05-01,3.033333333333333
KEN,2022-06-01,3.3000000000000003
KEN,2022-07-01,3.3000000000000003
KEN,2022-08-01,3.3000000000000003
KEN,2022-09-01,3.5666666666666664
KEN,2022-10-01,3.533333333333333
KEN,2022-11-01,3.533333333333333
KEN,2022-12-01,3.533333333333333
KEN,2023-01-01,3.533333333333333
KEN,2023-02-01,3.5
KEN,2023-03-01,3.5
KEN,2023-04-01,3.5
KEN,2023-05-01,3.466666666666667
KEN,2023-06-01,3.5
KEN,2023-07-01,3.533333333333333
KEN,2023-08-01,3.533333333333333
KEN,2023-09-01,3.466666666666667
KEN,2023-10-01,3.4
KEN,2023-11-01,3.3333333333333335
KEN,2023-12-01,3.3000000000000003
KEN,2024-01-01,3.3000000000000003
KEN,2024-02-01,3.3000000000000003
KEN,2024-03-01,3.3000000000000003
KEN,2024-04-01,3.1666666666666665
KEN,2024-05-01,3.1999999999999997
KEN,2024-06-01,3.1999999999999997
KEN,2024-07-01,3.1999999999999997
KEN,2024-08-01,3.1666666666666665
KEN,2024-09-01,3.1666666666666665
KEN,2024-10-01,3.3000000000000003
KEN,2024-11-01,3.233333333333333
KEN,2024-12-01,3.233333333333333
KEN,2025-01-01,3.233333333333333
KEN,2025-02-01,3.233333333333333
KEN,2025-03-01,3.1999999999999997
KEN,2025-04-01,3.1999999999999997
LAO,2019-10-01,1.9
LAO,2023-10-01,1.5
LAO,2023-11-01,1.5
LAO,2023-12-01,1.5
LAO,2024-01-01,1.5
LAO,2024-09-01,2.0
LAO,2024-10-01,2.0
LAO,2024-11-01,2.1
LAO,2024-12-01,2.1
LAO,2025-01-01,2.1
LBN,2019-02-01,2.0666666666666664
LBN,2019-03-01,2.0666666666666664
LBN,2019-04-01,2.9
LBN,2019-05-01,3.4499999999999997
LBN,2019-06-01,3.5
LBN,2019-07-01,3.5
LBN,2019-08-01,3.5
LBN,2019-09-01,3.5
LBN,2019-10-01,3.55
LBN,2019-11-01,3.55
LBN,2019-12-01,3.55
LBN,2020-01-01,3.55
LBN,2020-02-01,3.55
LBN,2020-03-01,3.55
LBN,2020-04-01,3.466666666666667
LBN,2020-05-01,3.466666666666667
LBN,2020-06-01,3.5
LBN,2020-07-01,3.466666666666667
LBN,2020-08-01,3.45
LBN,2020-09-01,3.475
LBN,2020-10-01,3.45
LBN,2020-11-01,3.3000000000000003
LBN,2020-12-01,3.3000000000000003
LBN,2021-01-01,3.3666666666666667
LBN,2021-02-01,3.8333333333333335
LBN,2021-03-01,3.9
LBN,2021-04-01,3.9
LBN,2021-05-01,3.9
LBN,2021-06-01,3.9333333333333336
LBN,2021-07-01,3.9333333333333336
LBN,2021-08-01,3.8333333333333335
LBN,2021-09-01,3.8333333333333335
LBN,2021-10-01,3.8333333333333335
LBN,2021-11-01,3.8333333333333335
LBN,2021-12-01,3.6999999999999997
LBN,2022-01-01,3.6999999999999997
LBN,2022-02-01,3.4
LBN,2022-03-01,3.4
LBN,2022-04-01,3.6
LBN,2022-05-01,3.6
LBN,2022-06-01,3.5
LBN,2022-07-01,3.5
LBN,2022-08-01,3.5
LBN,2022-09-01,3.55
LBN,2022-10-01,3.55
LBN,2022-11-01,3.55
LBN,2022-12-01,3.4
LBN,2023-01-01,3.4
LBN,2023-02-01,3.45
LBN,2023-03-01,3.4
LBN,2023-04-01,3.3499999999999996
LBN,2023-05-01,3.45
LBN,2023-06-01,3.45
LBN,2023-07-01,3.55
LBN,2023-08-01,3.45
LBN,2023-09-01,3.4
LBN,2023-10-01,3.45
LBN,2023-11-01,3.5
LBN,2023-12-01,3.35
LBN,2024-01-01,3.4000000000000004
LBN,2024-02-01,3.4000000000000004
LBN,2024-03-01,3.4000000000000004
LBN,2024-04-01,3.4
LBN,2024-05-01,3.25
LBN,2024-06-01,3.3
LBN,2024-07-01,3.4
LBN,2024-08-01,3.5
LBN,2024-09-01,3.5
LBN,2024-10-01,3.5999999999999996
LBN,2024-11-01,3.7
LBN,2024-12-01,3.55
LBN,2025-01-01,3.75
LBN,2025-02-01,3.75
LBN,2025-03-01,3.7
LBN,2025-04-01,3.7
LBY,2019-02-01,3.25
LBY,2019-03-01,3.1500000000000004
LBY,2019-04-01,3.7
LBY,2019-05-01,3.7
LBY,2019-06-01,3.7
LBY,2019-07-01,3.7
LBY,2019-08-01,3.7
LBY,2019-09-01,3.7
LBY,2019-10-01,3.7
LBY,2019-11-01,3.7
LBY,2019-12-01,3.7
LBY,2020-01-01,3.7
LBY,2020-02-01,3.7
LBY,2020-03-01,3.75
LBY,2020-04-01,3.6500000000000004
LBY,2020-05-01,3.6500000000000004
LBY,2020-06-01,3.6500000000000004
LBY,2020-07-01,3.6
LBY,2020-08-01,3.6
LBY,2020-09-01,3.55
LBY,2020-10-01,3.55
LBY,2020-11-01,3.6
LBY,2020-12-01,3.6
LBY,2021-01-01,3.6
LBY,2021-02-01,3.6
LBY,2021-03-01,3.3
LBY,2021-04-01,3.3
LBY,2021-05-01,3.3
LBY,2021-06-01,3.15
LBY,2021-07-01,3.15
LBY,2021-08-01,3.4
LBY,2021-09-01,3.4
LBY,2021-10-01,3.4
LBY,2021-11-01,3.4
LBY,2021-12-01,3.4
LBY,2022-01-01,3.4
LBY,2022-02-01,3.2
LBY,2022-03-01,3.15
LBY,2022-04-01,3.15
LBY,2022-05-01,3.3
LBY,2022-06-01,3.3
LBY,2022-07-01,3.5
LBY,2022-08-01,3.5
LBY,2022-09-01,3.5
LBY,2022-10-01,3.6
LBY,2022-11-01,3.6
LBY,2022-12-01,3.6
LBY,2023-01-01,3.5999999999999996
LBY,2023-02-01,3.5999999999999996
LBY,2023-03-01,3.5999999999999996
LBY,2023-04-01,3.5999999999999996
LBY,2023-05-01,3.55
LBY,2023-06-01,3.2
LBY,2023-07-01,3.2
LBY,2023-08-01,3.2
LBY,2023-09-01,3.3666666666666667
LBY,2023-10-01,3.3666666666666667
LBY,2023-11-01,3.4
LBY,2023-12-01,3.4333333333333336
LBY,2024-01-01,3.4333333333333336
LBY,2024-02-01,3.466666666666667
LBY,2024-03-01,3.466666666666667
LBY,2024-04-01,3.4333333333333336
LBY,2024-05-01,3.466666666666667
LBY,2024-06-01,3.5
LBY,2024-07-01,3.25
LBY,2024-08-01,3.275
LBY,2024-09-01,3.275
LBY,2024-10-01,3.3666666666666667
LBY,2024-11-01,3.3000000000000003
LBY,2024-12-01,3.3333333333333335
LBY,2025-01-01,3.3000000000000003
LBY,2025-02-01,3.266666666666667
LBY,2025-03-01,3.266666666666667
LBY,2025-04-01,3.266666666666667
LKA,2022-06-01,3.4
LKA,2022-07-01,3.4
LKA,2022-08-01,3.4
LKA,2022-09-01,3.4
LKA,2022-10-01,3.4
LKA,2022-11-01,3.4
LKA,2022-12-01,3.4
LKA,2023-01-01,3.4
LKA,2023-02-01,3.4
LKA,2023-03-01,3.4
LKA,2023-04-01,3.4
LKA,2023-05-01,3.4
LKA,2023-06-01,3.4
LKA,2023-07-01,3.4
LKA,2023-08-01,3.4
LKA,2023-09-01,3.4
LKA,2023-10-01,2.5
LKA,2023-11-01,2.5
LKA,2023-12-01,2.5
LKA,2024-01-01,2.5
LKA,2024-02-01,2.5
LKA,2024-03-01,2.433333333333333
LKA,2024-04-01,2.433333333333333
LKA,2024-05-01,2.9
LKA,2024-06-01,2.9
LKA,2024-07-01,1.7
LKA,2024-08-01,1.7
LKA,2024-09-01,1.7
LKA,2024-10-01,1.3
LKA,2024-11-01,1.3
LKA,2024-12-01,1.6666666666666667
LKA,2025-01-01,1.7
LSO,2019-01-01,2.2
LSO,2019-02-01,2.2
LSO,2019-03-01,2.1
LSO,2019-04-01,2.1
LSO,2019-05-01,2.1
LSO,2019-06-01,2.1
LSO,2019-07-01,2.1
LSO,2019-08-01,2.1
LSO,2019-09-01,2.1
LSO,2019-10-01,2.2
LSO,2019-11-01,2.2
LSO,2019-12-01,2.2
LSO,2020-01-01,2.2
LSO,2020-02-01,2.2
LSO,2020-03-01,2.4
LSO,2020-04-01,2.4
LSO,2020-05-01,2.4
LSO,2020-06-01,2.4
LSO,2020-07-01,2.4
LSO,2020-08-01,2.4
LSO,2020-09-01,2.3
LSO,2020-10-01,2.5
LSO,2020-11-01,2.5
LSO,2020-12-01,2.5
LSO,2021-01-01,2.5
LSO,2021-02-01,2.5
LSO,2021-03-01,2.5
LSO,2021-04-01,2.5
LSO,2021-05-01,2.5
LSO,2021-06-01,2.5
LSO,2021-07-01,2.5
LSO,2021-08-01,2.5
LSO,2021-09-01,2.0
LSO,2021-10-01,2.0
LSO,2021-11-01,2.2
LSO,2021-12-01,2.2
LSO,2022-01-01,2.2
LSO,2022-02-01,2.2
LSO,2022-03-01,2.2
LSO,2022-04-01,2.2
LSO,2022-05-01,2.1
LSO,2022-06-01,2.1
LSO,2022-07-01,2.1
LSO,2022-08-01,2.0
LSO,2022-09-01,2.0
LSO,2022-10-01,2.1
LSO,2022-11-01,2.2
LSO,2022-12-01,2.2
LSO,2023-01-01,2.2
LSO,2023-02-01,2.2
LSO,2024-08-01,2.1
LSO,2024-09-01,2.1
LSO,2024-10-01,2.2
LSO,2024-11-01,2.2
LSO,2024-12-01,2.2
LSO,2025-01-01,2.2
LSO,2025-02-01,2.1
LSO,2025-03-01,2.1
LSO,2025-04-01,2.1
LTU,2023-11-01,1.3
LTU,2023-12-01,1.3
LTU,2024-01-01,1.3
LTU,2024-02-01,1.3
LTU,2024-03-01,1.3
LTU,2024-04-01,1.3
LTU,2024-05-01,1.3
LTU,2024-06-01,1.3
LTU,2024-07-01,1.3
LTU,2024-08-01,1.3
LTU,2024-09-01,1.3
LTU,2024-10-01,1.3
LTU,2024-11-01,1.3
LTU,2024-12-01,1.3
LTU,2025-01-01,1.3
LTU,2025-02-01,1.3
LTU,2025-03-01,1.3
LTU,2025-04-01,1.3
LVA,2023-11-01,1.2
LVA,2023-12-01,1.3
LVA,2024-01-01,1.3
LVA,2024-02-01,1.3
LVA,2024-03-01,1.3
LVA,2024-04-01,1.3
LVA,2024-05-01,1.3
LVA,2024-06-01,1.3
LVA,2024-07-01,1.3
LVA,2024-08-01,1.3
LVA,2024-09-01,1.3
LVA,2024-10-01,1.3
LVA,2024-11-01,1.3
LVA,2024-12-01,1.3
LVA,2025-01-01,1.3
LVA,2025-02-01,1.3
LVA,2025-03-01,1.3
LVA,2025-04-01,1.3
MAR,2022-07-01,2.1
MAR,2022-08-01,2.1
MAR,2022-09-01,2.1
MAR,2022-10-01,2.2
MAR,2022-11-01,2.2
MAR,2022-12-01,2.2
MAR,2023-01-01,2.2
MAR,2023-02-01,2.2
MAR,2023-03-01,2.2
MAR,2023-04-01,2.2
MAR,2023-05-01,2.2
MAR,2023-06-01,2.1
MAR,2023-07-01,2.2
MAR,2023-08-01,2.2
MAR,2023-09-01,2.6333333333333333
MAR,2023-10-01,2.6333333333333333
MAR,2023-11-01,2.6999999999999997
MAR,2023-12-01,2.6999999999999997
MAR,2024-01-01,2.966666666666667
MAR,2024-02-01,2.6999999999999997
MAR,2024-03-01,2.6999999999999997
MAR,2024-04-01,2.6
MAR,2024-05-01,2.6
MAR,2024-06-01,2.533333333333333
MAR,2024-07-01,2.533333333333333
MAR,2024-08-01,2.5
MAR,2024-09-01,2.5
MAR,2024-10-01,2.1
MAR,2024-11-01,1.6
MAR,2024-12-01,1.6
MAR,2025-01-01,1.6
MAR,2025-02-01,1.6
MAR,2025-03-01,1.7
MAR,2025-04-01,1.7
MDA,2022-03-01,1.4
MDA,2022-04-01,1.2
MDA,2022-05-01,1.2
MDA,2022-06-01,1.2
MDA,2022-07-01,2.3
MDA,2022-08-01,2.3
MDA,2022-09-01,2.4
MDA,2022-10-01,2.4
MDA,2022-11-01,2.4
MDA,2022-12-01,1.9
MDA,2023-01-01,1.9
MDA,2023-02-01,1.9
MDA,2023-03-01,1.9
MDA,2023-04-01,1.9
MDA,2023-05-01,1.9
MDA,2023-06-01,1.9
MDA,2023-07-01,1.9
MDA,2023-08-01,1.9
MDA,2023-09-01,1.9
MDA,2023-10-01,1.6
MDA,2023-11-01,1.6
MDA,2023-12-01,1.6
MDA,2024-01-01,1.6
MDA,2024-02-01,1.6
MDA,2024-03-01,1.6
MDA,2024-04-01,1.6
MDA,2024-05-01,1.6
MDA,2024-06-01,1.6
MDA,2024-07-01,1.6
MDA,2024-08-01,1.6
MDA,2024-09-01,1.6
MDA,2024-10-01,1.6
MDA,2024-11-01,1.6
MDA,2024-12-01,1.6
MDA,2025-01-01,2.1
MDA,2025-02-01,1.6
MDA,2025-03-01,1.6
MDA,2025-04-01,1.6
MDG,2019-02-01,2.5
MDG,2019-03-01,2.533333333333333
MDG,2019-04-01,2.6999999999999997
MDG,2019-05-01,2.733333333333333
MDG,2019-06-01,2.9
MDG,2019-07-01,2.8
MDG,2019-08-01,2.8
MDG,2019-09-01,2.6
MDG,2019-10-01,2.4
MDG,2019-11-01,2.4
MDG,2019-12-01,2.4
MDG,2020-01-01,2.7
MDG,2020-02-01,2.475
MDG,2020-03-01,2.5
MDG,2020-04-01,2.5
MDG,2020-05-01,2.475
MDG,2020-06-01,2.5
MDG,2020-07-01,2.1666666666666665
MDG,2020-08-01,2.5
MDG,2020-09-01,2.1666666666666665
MDG,2020-10-01,2.1333333333333333
MDG,2020-11-01,2.033333333333333
MDG,2020-12-01,2.033333333333333
MDG,2021-01-01,3.0
MDG,2021-02-01,3.0
MDG,2021-03-01,3.0
MDG,2021-04-01,3.0
MDG,2021-05-01,3.35
MDG,2021-06-01,3.5
MDG,2021-07-01,3.2
MDG,2021-08-01,3.2
MDG,2021-09-01,3.2
MDG,2021-10-01,3.15
MDG,2021-11-01,3.25
MDG,2021-12-01,3.2
MDG,2022-01-01,2.433333333333333
MDG,2022-02-01,2.6999999999999997
MDG,2022-03-01,2.6333333333333333
MDG,2022-04-01,2.566666666666667
MDG,2022-05-01,2.566666666666667
MDG,2022-06-01,2.566666666666667
MDG,2022-07-01,2.4
MDG,2022-08-01,2.566666666666667
MDG,2022-09-01,2.3333333333333335
MDG,2022-10-01,2.3333333333333335
MDG,2022-11-01,2.6333333333333333
MDG,2022-12-01,2.733333333333333
MDG,2023-01-01,2.7
MDG,2023-02-01,2.5
MDG,2023-03-01,2.425
MDG,2023-04-01,2.425
MDG,2023-05-01,2.733333333333333
MDG,2023-06-01,2.733333333333333
MDG,2023-07-01,2.733333333333333
MDG,2023-08-01,2.6999999999999997
MDG,2023-09-01,2.6999999999999997
MDG,2023-10-01,2.733333333333333
MDG,2023-11-01,2.6999999999999997
MDG,2023-12-01,2.6999999999999997
MDG,2024-01-01,2.6999999999999997
MDG,2024-02-01,2.6999999999999997
MDG,2024-03-01,2.6999999999999997
MDG,2024-04-01,2.6333333333333333
MDG,2024-05-01,2.533333333333333
MDG,2024-06-01,2.5
MDG,2024-07-01,2.6333333333333333
MDG,2024-08-01,2.533333333333333
MDG,2024-09-01,2.533333333333333
MDG,2024-10-01,2.533333333333333
MDG,2024-11-01,2.5
MDG,2024-12-01,2.5
MDG,2025-01-01,2.6
MDG,2025-02-01,2.6
MDG,2025-03-01,2.6
MDG,2025-04-01,2.6
MEX,2020-12-01,1.7
MEX,2021-01-01,1.7
MEX,2021-02-01,1.7
MEX,2022-02-01,2.4
MEX,2022-03-01,2.4
MEX,2022-04-01,2.4
MEX,2022-05-01,2.4
MEX,2022-06-01,2.6
MEX,2022-07-01,2.65
MEX,2022-08-01,2.6
MEX,2022-09-01,2.65
MEX,2022-10-01,2.65
MEX,2022-11-01,2.65
MEX,2022-12-01,2.7
MEX,2023-01-01,2.7
MEX,2023-02-01,2.7
MEX,2023-03-01,2.7
MEX,2023-04-01,2.7
MEX,2023-05-01,2.7
MEX,2023-06-01,2.7
MEX,2023-07-01,2.7
MEX,2023-08-01,2.7
MEX,2023-09-01,2.5999999999999996
MEX,2023-10-01,2.5999999999999996
MEX,2023-11-01,2.75
MEX,2023-12-01,2.75
MEX,2024-01-01,2.75
MEX,2024-02-01,2.65
MEX,2024-03-01,2.7
MEX,2024-04-01,2.7
MEX,2024-05-01,2.75
MEX,2024-06-01,2.7
MEX,2024-07-01,2.5999999999999996
MEX,2024-08-01,2.5999999999999996
MEX,2024-09-01,2.65
MEX,2024-10-01,2.65
MEX,2024-11-01,2.55
MEX,2024-12-01,2.55
MEX,2025-01-01,2.85
MEX,2025-02-01,2.85
MEX,2025-03-01,2.6
MEX,2025-04-01,2.6
MLI,2019-01-01,3.6
MLI,2019-02-01,3.8
MLI,2019-03-01,3.8
MLI,2019-04-01,3.6
MLI,2019-05-01,3.6
MLI,2019-06-01,3.6
MLI,2019-07-01,3.6
MLI,2019-08-01,3.7
MLI,2019-09-01,3.7
MLI,2019-10-01,3.8
MLI,2019-11-01,3.8
MLI,2019-12-01,3.8
MLI,2020-01-01,3.8
MLI,2020-02-01,3.8
MLI,2020-03-01,3.8
MLI,2020-04-01,3.8
MLI,2020-05-01,3.8
MLI,2020-06-01,3.8
MLI,2020-07-01,3.8
MLI,2020-08-01,3.8
MLI,2020-09-01,3.8
MLI,2020-10-01,3.8
MLI,2020-11-01,3.8
MLI,2020-12-01,3.8
MLI,2021-01-01,3.8
MLI,2021-02-01,3.8
MLI,2021-03-01,4.1
MLI,2021-04-01,4.1
MLI,2021-05-01,4.1
MLI,2021-06-01,4.3
MLI,2021-07-01,4.3
MLI,2021-08-01,4.3
MLI,2021-09-01,4.3
MLI,2021-10-01,4.3
MLI,2021-11-01,4.3
MLI,2021-12-01,4.3
MLI,2022-01-01,4.3
MLI,2022-02-01,4.3
MLI,2022-03-01,4.3
MLI,2022-04-01,4.2
MLI,2022-05-01,4.2
MLI,2022-06-01,4.2
MLI,2022-07-01,4.2
MLI,2022-08-01,4.2
MLI,2022-09-01,4.2
MLI,2022-10-01,4.1
MLI,2022-11-01,4.1
MLI,2022-12-01,4.2
MLI,2023-01-01,4.3
MLI,2023-02-01,4.3
MLI,2023-03-01,4.3
MLI,2023-04-01,4.3
MLI,2023-05-01,4.3
MLI,2023-06-01,4.3
MLI,2023-07-01,4.3
MLI,2023-08-01,4.3
MLI,2023-09-01,4.3
MLI,2023-10-01,4.3
MLI,2023-11-01,4.3
MLI,2023-12-01,4.3
MLI,2024-01-01,4.3
MLI,2024-02-01,4.3
MLI,2024-03-01,4.3
MLI,2024-04-01,4.5
MLI,2024-05-01,4.3
MLI,2024-06-01,4.3
MLI,2024-07-01,4.3
MLI,2024-08-01,4.3
MLI,2024-09-01,4.3
MLI,2024-10-01,4.2
MLI,2024-11-01,4.2
MLI,2024-12-01,4.2
MLI,2025-01-01,4.2
MLI,2025-02-01,4.3
MLI,2025-03-01,4.3
MLI,2025-04-01,4.3
MMR,2019-02-01,2.8666666666666667
MMR,2019-03-01,2.8666666666666667
MMR,2019-04-01,3.025
MMR,2019-05-01,3.1
MMR,2019-06-01,3.075
MMR,2019-07-01,3.075
MMR,2019-08-01,3.075
MMR,2019-09-01,3.075
MMR,2019-10-01,3.325
MMR,2019-11-01,3.325
MMR,2019-12-01,3.3
MMR,2020-01-01,3.325
MMR,2020-02-01,3.325
MMR,2020-03-01,3.35
MMR,2020-04-01,3.35
MMR,2020-05-01,3.35
MMR,2020-06-01,3.275
MMR,2020-07-01,3.275
MMR,2020-08-01,3.25
MMR,2020-09-01,3.1999999999999997
MMR,2020-10-01,3.1999999999999997
MMR,2020-11-01,3.1999999999999997
MMR,2020-12-01,3.1999999999999997
MMR,2021-01-01,3.1999999999999997
MMR,2021-02-01,3.4333333333333336
MMR,2021-03-01,3.4333333333333336
MMR,2021-04-01,3.4333333333333336
MMR,2021-05-01,3.475
MMR,2021-06-01,3.2600000000000002
MMR,2021-07-01,3.56
MMR,2021-08-01,3.56
MMR,2021-09-01,3.56
MMR,2021-10-01,3.5
MMR,2021-11-01,3.46
MMR,2021-12-01,3.5200000000000005
MMR,2022-01-01,3.925
MMR,2022-02-01,3.925
MMR,2022-03-01,3.95
MMR,2022-04-01,3.95
MMR,2022-05-01,4.1
MMR,2022-06-01,4.1
MMR,2022-07-01,4.1
MMR,2022-08-01,4.1
MMR,2022-09-01,4.1
MMR,2022-10-01,4.075
MMR,2022-11-01,4.075
MMR,2022-12-01,4.075
MMR,2023-01-01,4.125
MMR,2023-02-01,4.125
MMR,2023-03-01,4.125
MMR,2023-04-01,4.1
MMR,2023-05-01,3.8600000000000003
MMR,2023-06-01,3.8600000000000003
MMR,2023-07-01,3.8200000000000003
MMR,2023-08-01,3.8200000000000003
MMR,2023-09-01,3.84
MMR,2023-10-01,3.84
MMR,2023-11-01,3.8600000000000003
MMR,2023-12-01,3.88
MMR,2024-01-01,4.125
MMR,2024-02-01,4.15
MMR,2024-03-01,4.15
MMR,2024-04-01,4.25
MMR,2024-05-01,4.25
MMR,2024-06-01,4.25
MMR,2024-07-01,4.2749999999999995
MMR,2024-08-01,3.9199999999999995
MMR,2024-09-01,4.04
MMR,2024-10-01,4.04
MMR,2024-11-01,4.04
MMR,2024-12-01,4.04
MMR,2025-01-01,4.3
MMR,2025-02-01,4.324999999999999
MMR,2025-03-01,4.324999999999999
MMR,2025-04-01,4.324999999999999
MNG,2023-04-01,2.6
MNG,2023-05-01,2.4
MNG,2023-06-01,2.4
MNG,2023-07-01,1.9000000000000001
MNG,2023-08-01,1.9000000000000001
MNG,2024-02-01,1.9
MNG,2024-03-01,2.3
MNG,2024-04-01,2.3
MNG,2024-05-01,2.3
MNG,2024-06-01,2.3
MNG,2024-07-01,2.3
MOZ,2019-02-01,3.3
MOZ,2019-03-01,3.2
MOZ,2019-04-01,3.3
MOZ,2019-05-01,3.3
MOZ,2019-06-01,3.7
MOZ,2019-07-01,3.2
MOZ,2019-08-01,3.2
MOZ,2019-09-01,3.2
MOZ,2019-10-01,3.2
MOZ,2019-11-01,3.4
MOZ,2019-12-01,3.4
MOZ,2020-01-01,3.5
MOZ,2020-02-01,3.35
MOZ,2020-03-01,2.8000000000000003
MOZ,2020-04-01,2.8000000000000003
MOZ,2020-05-01,3.0
MOZ,2020-06-01,3.0
MOZ,2020-07-01,3.0
MOZ,2020-08-01,3.033333333333333
MOZ,2020-09-01,3.033333333333333
MOZ,2020-10-01,2.966666666666667
MOZ,2020-11-01,2.8000000000000003
MOZ,2020-12-01,2.8000000000000003
MOZ,2021-01-01,3.5
MOZ,2021-02-01,3.175
MOZ,2021-03-01,3.175
MOZ,2021-04-01,3.25
MOZ,2021-05-01,3.25
MOZ,2021-06-01,3.275
MOZ,2021-07-01,3.4
MOZ,2021-08-01,3.4
MOZ,2021-09-01,3.4
MOZ,2021-10-01,3.3
MOZ,2021-11-01,3.3
MOZ,2021-12-01,3.3
MOZ,2022-01-01,3.0666666666666664
MOZ,2022-02-01,3.1
MOZ,2022-03-01,3.1999999999999997
MOZ,2022-04-01,3.3666666666666667
MOZ,2022-05-01,3.3666666666666667
MOZ,2022-06-01,3.3666666666666667
MOZ,2022-07-01,3.3666666666666667
MOZ,2022-08-01,3.3666666666666667
MOZ,2022-09-01,3.3666666666666667
MOZ,2022-10-01,3.3666666666666667
MOZ,2022-11-01,3.3333333333333335
MOZ,2022-12-01,3.3333333333333335
MOZ,2023-01-01,3.55
MOZ,2023-02-01,2.8000000000000003
MOZ,2023-03-01,2.675
MOZ,2023-04-01,2.65
MOZ,2023-05-01,2.75
MOZ,2023-06-01,2.675
MOZ,2023-07-01,2.675
MOZ,2023-08-01,2.675
MOZ,2023-09-01,2.675
MOZ,2023-10-01,2.675
MOZ,2023-11-01,3.4
MOZ,2023-12-01,3.233333333333333
MOZ,2024-01-01,3.3000000000000003
MOZ,2024-02-01,3.3000000000000003
MOZ,2024-03-01,3.3000000000000003
MOZ,2024-04-01,3.7
MOZ,2024-05-01,3.5
MOZ,2024-06-01,3.5
MOZ,2024-07-01,3.5
MOZ,2024-08-01,3.525
MOZ,2024-09-01,3.525
MOZ,2024-10-01,3.525
MOZ,2024-11-01,3.5
MOZ,2024-12-01,3.45
MOZ,2025-01-01,3.45
MOZ,2025-02-01,3.325
MOZ,2025-03-01,3.4749999999999996
MOZ,2025-04-01,3.4749999999999996
MRT,2019-02-01,2.733333333333333
MRT,2019-03-01,2.733333333333333
MRT,2019-04-01,2.65
MRT,2019-05-01,2.45
MRT,2019-06-01,2.5
MRT,2019-07-01,2.55
MRT,2019-08-01,2.55
MRT,2019-09-01,2.55
MRT,2019-10-01,2.55
MRT,2019-11-01,2.5
MRT,2019-12-01,2.5
MRT,2020-01-01,2.4000000000000004
MRT,2020-02-01,2.4000000000000004
MRT,2020-03-01,2.4000000000000004
MRT,2020-04-01,2.45
MRT,2020-05-01,2.45
MRT,2020-06-01,2.5
MRT,2020-07-01,2.5
MRT,2020-08-01,2.65
MRT,2020-09-01,2.5999999999999996
MRT,2020-10-01,2.5999999999999996
MRT,2020-11-01,2.5
MRT,2020-12-01,2.5
MRT,2021-01-01,2.5
MRT,2021-02-01,2.5
MRT,2021-03-01,2.5
MRT,2021-04-01,2.5
MRT,2021-05-01,2.5
MRT,2021-06-01,2.5
MRT,2021-07-01,2.5
MRT,2021-08-01,2.45
MRT,2021-09-01,2.45
MRT,2021-10-01,2.45
MRT,2021-11-01,2.45
MRT,2021-12-01,2.45
MRT,2022-01-01,2.45
MRT,2022-02-01,2.45
MRT,2022-03-01,2.45
MRT,2022-04-01,2.45
MRT,2022-05-01,2.45
MRT,2022-06-01,2.45
MRT,2022-07-01,2.5
MRT,2022-08-01,2.45
MRT,2022-09-01,2.45
MRT,2022-10-01,2.45
MRT,2022-11-01,2.5
MRT,2022-12-01,2.5
MRT,2023-01-01,2.5
MRT,2023-02-01,2.5
MRT,2023-03-01,2.4000000000000004
MRT,2023-04-01,2.4000000000000004
MRT,2023-05-01,2.4000000000000004
MRT,2023-06-01,2.4000000000000004
MRT,2023-07-01,2.35
MRT,2023-08-01,2.4000000000000004
MRT,2023-09-01,2.4000000000000004
MRT,2023-10-01,2.4000000000000004
MRT,2023-11-01,2.25
MRT,2023-12-01,2.25
MRT,2024-01-01,2.25
MRT,2024-02-01,2.2
MRT,2024-03-01,2.15
MRT,2024-04-01,2.3
MRT,2024-05-01,2.25
MRT,2024-06-01,2.25
MRT,2024-07-01,2.4000000000000004
MRT,2024-08-01,2.4000000000000004
MRT,2024-09-01,2.4000000000000004
MRT,2024-10-01,2.4000000000000004
MRT,2024-11-01,2.4000000000000004
MRT,2024-12-01,2.4000000000000004
MRT,2025-01-01,2.4000000000000004
MRT,2025-02-01,2.4000000000000004
MRT,2025-03-01,2.5
MRT,2025-04-01,2.5
MWI,2019-03-01,2.9
MWI,2019-04-01,3.0
MWI,2019-05-01,2.9000000000000004
MWI,2019-06-01,2.85
MWI,2019-07-01,3.1
MWI,2019-08-01,2.7
MWI,2019-09-01,2.7
MWI,2019-10-01,2.5
MWI,2019-11-01,2.5
MWI,2019-12-01,2.5
MWI,2020-01-01,2.6
MWI,2020-02-01,3.05
MWI,2020-03-01,3.1
MWI,2020-04-01,3.1
MWI,2020-05-01,3.05
MWI,2020-06-01,3.1
MWI,2020-07-01,2.7
MWI,2020-08-01,3.05
MWI,2020-09-01,2.6
MWI,2020-10-01,2.7
MWI,2020-11-01,2.8
MWI,2020-12-01,2.8
MWI,2021-01-01,2.8
MWI,2021-02-01,2.8
MWI,2021-03-01,2.8
MWI,2021-04-01,2.8
MWI,2021-05-01,3.25
MWI,2021-06-01,3.4
MWI,2021-07-01,3.3
MWI,2021-08-01,3.3
MWI,2021-09-01,3.2
MWI,2021-10-01,3.15
MWI,2021-11-01,3.3
MWI,2021-12-01,3.3
MWI,2022-01-01,2.55
MWI,2022-02-01,2.55
MWI,2022-03-01,2.3
MWI,2022-04-01,2.3
MWI,2022-05-01,2.2
MWI,2022-06-01,2.75
MWI,2022-07-01,2.75
MWI,2022-08-01,2.75
MWI,2022-09-01,2.75
MWI,2022-10-01,2.8
MWI,2022-11-01,2.8
MWI,2022-12-01,2.8
MWI,2023-01-01,3.3
MWI,2023-02-01,3.3
MWI,2023-03-01,3.05
MWI,2023-04-01,3.0999999999999996
MWI,2023-05-01,3.0999999999999996
MWI,2023-06-01,3.2
MWI,2023-07-01,3.2
MWI,2023-08-01,3.0999999999999996
MWI,2023-09-01,3.05
MWI,2023-10-01,3.0999999999999996
MWI,2023-11-01,3.2
MWI,2023-12-01,3.2
MWI,2024-01-01,3.2
MWI,2024-02-01,3.2
MWI,2024-03-01,3.2
MWI,2024-04-01,3.2
MWI,2024-05-01,3.6
MWI,2024-06-01,3.6
MWI,2024-07-01,3.5
MWI,2024-08-01,3.5
MWI,2024-09-01,3.5
MWI,2024-10-01,3.5
MWI,2024-11-01,3.4
MWI,2024-12-01,3.4
MWI,2025-01-01,3.4
MWI,2025-02-01,3.4
MWI,2025-03-01,3.4
MWI,2025-04-01,3.4
MYS,2021-03-01,1.6
MYS,2021-04-01,1.6
MYS,2021-05-01,1.6
MYS,2021-06-01,1.7
MYS,2021-07-01,1.7
MYS,2021-08-01,1.7
MYS,2021-09-01,1.7
MYS,2021-10-01,1.7
MYS,2021-11-01,1.7
MYS,2021-12-01,1.6
MYS,2022-01-01,1.6
MYS,2022-02-01,1.7
MYS,2022-03-01,1.6
MYS,2022-04-01,2.2
MYS,2022-05-01,2.3
MYS,2022-06-01,2.3
MYS,2022-07-01,2.3
MYS,2022-08-01,2.3
MYS,2022-09-01,2.3
MYS,2022-10-01,2.3
MYS,2022-11-01,2.3
MYS,2022-12-01,2.3
MYS,2023-01-01,2.3
MYS,2023-02-01,2.3
MYS,2023-03-01,2.3
MYS,2023-04-01,2.3
MYS,2023-05-01,2.5
MYS,2023-06-01,2.5
MYS,2023-07-01,2.3
MYS,2023-08-01,2.3
MYS,2023-09-01,2.3
MYS,2023-10-01,2.3
MYS,2023-11-01,2.3
MYS,2023-12-01,2.3
MYS,2024-01-01,2.3
MYS,2024-02-01,2.3
MYS,2024-03-01,2.3
MYS,2024-04-01,2.2
MYS,2024-05-01,2.2
MYS,2024-06-01,2.2
MYS,2024-07-01,2.2
MYS,2024-08-01,2.2
MYS,2024-09-01,2.2
MYS,2024-10-01,2.2
MYS,2024-11-01,1.8
MYS,2024-12-01,1.8
MYS,2025-01-01,1.6666666666666667
MYS,2025-02-01,1.7
MYS,2025-03-01,1.7
MYS,2025-04-01,1.7
NAM,2020-02-01,2.85
NAM,2020-03-01,2.8
NAM,2020-04-01,2.8
NAM,2020-05-01,2.8
NAM,2020-06-01,2.8
NAM,2020-07-01,2.1
NAM,2020-08-01,2.8
NAM,2020-09-01,2.1
NAM,2020-10-01,2.0
NAM,2020-11-01,2.1
NAM,2020-12-01,2.1
NAM,2021-01-01,2.1
NAM,2021-02-01,2.1
NAM,2021-03-01,2.1
NAM,2021-04-01,2.1
NAM,2021-05-01,2.85
NAM,2021-06-01,3.0
NAM,2021-07-01,2.95
NAM,2021-08-01,2.95
NAM,2021-09-01,2.95
NAM,2021-10-01,2.85
NAM,2021-11-01,2.9000000000000004
NAM,2021-12-01,3.0
NAM,2022-01-01,2.4
NAM,2022-02-01,2.4
NAM,2022-03-01,2.4
NAM,2022-04-01,2.4
NAM,2022-05-01,2.5
NAM,2022-06-01,2.5
NAM,2022-07-01,2.5
NAM,2022-08-01,2.5
NAM,2022-09-01,2.5
NAM,2022-10-01,2.5
NAM,2022-11-01,2.5
NAM,2022-12-01,2.5
NAM,2023-01-01,2.5
NAM,2023-02-01,2.5
NAM,2023-03-01,2.4
NAM,2023-04-01,2.2
NAM,2023-05-01,2.3
NAM,2023-06-01,2.3
NAM,2023-07-01,2.3
NAM,2023-08-01,2.3
NAM,2023-09-01,2.5
NAM,2023-10-01,2.3
NAM,2023-11-01,2.5
NAM,2023-12-01,2.5
NAM,2024-01-01,2.5
NAM,2024-02-01,2.5
NAM,2024-03-01,2.5
NAM,2024-04-01,2.5
NAM,2024-05-01,2.5
NAM,2024-06-01,2.5
NAM,2024-07-01,2.6
NAM,2024-08-01,2.6
NAM,2024-09-01,2.6
NAM,2024-10-01,2.6
NAM,2024-11-01,2.6
NAM,2024-12-01,2.6
NAM,2025-01-01,2.6
NAM,2025-02-01,2.6
NAM,2025-03-01,2.6
NAM,2025-04-01,2.6
NER,2019-02-01,2.8666666666666667
NER,2019-03-01,3.3000000000000003
NER,2019-04-01,3.475
NER,2019-05-01,3.475
NER,2019-06-01,3.5
NER,2019-07-01,3.5
NER,2019-08-01,3.5
NER,2019-09-01,3.5
NER,2019-10-01,3.6
NER,2019-11-01,3.6
NER,2019-12-01,3.38
NER,2020-01-01,3.38
NER,2020-02-01,3.4
NER,2020-03-01,3.4
NER,2020-04-01,3.4
NER,2020-05-01,3.3600000000000003
NER,2020-06-01,3.3600000000000003
NER,2020-07-01,3.4
NER,2020-08-01,3.38
NER,2020-09-01,3.3600000000000003
NER,2020-10-01,3.3000000000000003
NER,2020-11-01,3.283333333333333
NER,2020-12-01,3.1399999999999997
NER,2021-01-01,3.08
NER,2021-02-01,3.3200000000000003
NER,2021-03-01,3.3400000000000007
NER,2021-04-01,3.3600000000000003
NER,2021-05-01,3.3600000000000003
NER,2021-06-01,3.44
NER,2021-07-01,3.44
NER,2021-08-01,3.44
NER,2021-09-01,3.44
NER,2021-10-01,3.4
NER,2021-11-01,3.4
NER,2021-12-01,3.4
NER,2022-01-01,3.4
NER,2022-02-01,3.4
NER,2022-03-01,3.2
NER,2022-04-01,3.15
NER,2022-05-01,3.15
NER,2022-06-01,3.1
NER,2022-07-01,3.1
NER,2022-08-01,3.25
NER,2022-09-01,3.225
NER,2022-10-01,3.3
NER,2022-11-01,3.25
NER,2022-12-01,3.225
NER,2023-01-01,3.275
NER,2023-02-01,3.275
NER,2023-03-01,3.3
NER,2023-04-01,3.3
NER,2023-05-01,3.225
NER,2023-06-01,3.225
NER,2023-07-01,3.25
NER,2023-08-01,3.25
NER,2023-09-01,3.275
NER,2023-10-01,3.275
NER,2023-11-01,3.45
NER,2023-12-01,3.4000000000000004
NER,2024-01-01,3.325
NER,2024-02-01,3.25
NER,2024-03-01,3.25
NER,2024-04-01,3.225
NER,2024-05-01,3.375
NER,2024-06-01,3.375
NER,2024-07-01,3.3
NER,2024-08-01,3.375
NER,2024-09-01,3.4
NER,2024-10-01,3.35
NER,2024-11-01,3.375
NER,2024-12-01,3.4
NER,2025-01-01,3.4
NER,2025-02-01,3.325
NER,2025-03-01,3.25
NER,2025-04-01,3.25
NGA,2019-01-01,2.94
NGA,2019-02-01,2.92
NGA,2019-03-01,3.6799999999999997
NGA,2019-04-01,3.7600000000000002
NGA,2019-05-01,3.7249999999999996
NGA,2019-06-01,3.7249999999999996
NGA,2019-07-01,3.825
NGA,2019-08-01,3.8
NGA,2019-09-01,3.8
NGA,2019-10-01,3.8249999999999997
NGA,2019-11-01,4.166666666666667
NGA,2019-12-01,4.166666666666667
NGA,2020-01-01,3.575
NGA,2020-02-01,3.675
NGA,2020-03-01,3.38
NGA,2020-04-01,3.5
NGA,2020-05-01,3.4599999999999995
NGA,2020-06-01,3.4
NGA,2020-07-01,3.4
NGA,2020-08-01,3.4
NGA,2020-09-01,3.4
NGA,2020-10-01,3.3600000000000003
NGA,2020-11-01,3.233333333333333
NGA,2020-12-01,3.06
NGA,2021-01-01,3.06
NGA,2021-02-01,3.233333333333333
NGA,2021-03-01,3.283333333333333
NGA,2021-04-01,3.283333333333333
NGA,2021-05-01,3.283333333333333
NGA,2021-06-01,3.3333333333333335
NGA,2021-07-01,3.3166666666666664
NGA,2021-08-01,3.6333333333333333
NGA,2021-09-01,3.6333333333333333
NGA,2021-10-01,3.6
NGA,2021-11-01,3.5500000000000003
NGA,2021-12-01,3.5500000000000003
NGA,2022-01-01,3.5500000000000003
NGA,2022-02-01,3.5666666666666664
NGA,2022-03-01,3.44
NGA,2022-04-01,3.44
NGA,2022-05-01,3.4200000000000004
NGA,2022-06-01,3.2399999999999998
NGA,2022-07-01,3.4799999999999995
NGA,2022-08-01,3.4799999999999995
NGA,2022-09-01,3.4799999999999995
NGA,2022-10-01,3.5
NGA,2022-11-01,3.4799999999999995
NGA,2022-12-01,3.4799999999999995
NGA,2023-01-01,3.5
NGA,2023-02-01,3.5199999999999996
NGA,2023-03-01,3.54
NGA,2023-04-01,3.54
NGA,2023-05-01,3.5799999999999996
NGA,2023-06-01,3.5799999999999996
NGA,2023-07-01,3.5799999999999996
NGA,2023-08-01,3.5799999999999996
NGA,2023-09-01,3.5799999999999996
NGA,2023-10-01,3.9
NGA,2024-01-01,3.8333333333333335
NGA,2024-02-01,3.8
NGA,2024-03-01,3.775
NGA,2024-04-01,3.65
NGA,2024-05-01,3.34
NGA,2024-06-01,3.725
NGA,2024-07-01,4.0
NGA,2024-11-01,3.7
NGA,2024-12-01,3.55
NGA,2025-01-01,3.3600000000000003
NGA,2025-02-01,3.4
NGA,2025-03-01,3.475
NGA,2025-04-01,3.475
NIC,2019-01-01,2.0
NIC,2019-02-01,2.0
NIC,2019-03-01,2.0
NIC,2019-04-01,2.4
NIC,2019-05-01,2.4
NIC,2019-06-01,2.4
NIC,2019-07-01,2.4
NIC,2019-08-01,2.4
NIC,2019-09-01,2.4
NIC,2020-12-01,2.2
NIC,2021-01-01,2.2
NIC,2021-02-01,2.2
NIC,2021-03-01,2.2
NIC,2021-04-01,2.2
NIC,2021-05-01,2.2
NIC,2021-06-01,2.3
NIC,2021-07-01,2.3
NIC,2021-08-01,2.3
NIC,2021-09-01,2.3
NIC,2022-04-01,1.9
NIC,2022-05-01,1.9
NIC,2022-08-01,2.0
NIC,2022-10-01,1.9
NIC,2022-11-01,1.9
NIC,2023-09-01,1.9
NPL,2019-07-01,1.9
NPL,2019-08-01,1.9
PAK,2019-02-01,3.0
PAK,2019-03-01,3.2
PAK,2019-04-01,3.3
PAK,2019-05-01,3.3
PAK,2019-06-01,3.3
PAK,2019-07-01,3.3
PAK,2019-08-01,3.3
PAK,2019-09-01,3.3
PAK,2019-10-01,3.4
PAK,2019-11-01,3.4
PAK,2019-12-01,3.4
PAK,2020-01-01,3.4
PAK,2020-02-01,3.4
PAK,2020-03-01,3.4
PAK,2020-04-01,3.4
PAK,2020-05-01,3.4
PAK,2020-06-01,3.4
PAK,2020-07-01,3.4
PAK,2020-08-01,3.4
PAK,2020-09-01,3.4
PAK,2020-10-01,3.4
PAK,2020-11-01,3.4
PAK,2020-12-01,3.4
PAK,2021-01-01,3.4
PAK,2021-02-01,3.4
PAK,2021-03-01,3.4
PAK,2021-04-01,3.4
PAK,2021-05-01,3.8
PAK,2021-06-01,3.8
PAK,2021-07-01,3.8
PAK,2021-08-01,3.8
PAK,2021-09-01,3.8
PAK,2021-10-01,3.7
PAK,2021-11-01,3.7
PAK,2021-12-01,3.6
PAK,2022-01-01,3.6
PAK,2022-02-01,3.6
PAK,2022-03-01,3.6
PAK,2022-04-01,3.6
PAK,2022-05-01,3.7
PAK,2022-06-01,3.7
PAK,2022-07-01,2.8
PAK,2022-08-01,3.5
PAK,2022-09-01,3.7
PAK,2022-10-01,3.75
PAK,2022-11-01,3.8
PAK,2022-12-01,3.7
PAK,2023-01-01,3.7
PAK,2023-02-01,3.7
PAK,2023-03-01,3.7
PAK,2023-04-01,3.7
PAK,2023-05-01,3.75
PAK,2023-06-01,3.75
PAK,2023-07-01,3.75
PAK,2023-08-01,3.9
PAK,2023-09-01,3.9
PAK,2025-02-01,4.0
PAK,2025-03-01,4.0
PAK,2025-04-01,4.0
PAN,2019-02-01,1.1
PAN,2019-04-01,3.6
PAN,2019-05-01,3.6
PAN,2019-06-01,3.6
PAN,2019-07-01,3.6
PAN,2019-08-01,3.6
PAN,2019-09-01,3.6
PAN,2019-10-01,3.6
PAN,2019-11-01,3.5
PAN,2019-12-01,3.6
PAN,2020-01-01,3.6
PAN,2020-02-01,3.5
PAN,2020-03-01,3.6
PAN,2020-04-01,3.6
PAN,2020-05-01,3.6
PAN,2020-06-01,3.6
PAN,2020-07-01,3.6
PAN,2020-08-01,3.6
PAN,2020-09-01,3.6
PAN,2020-10-01,3.6
PAN,2020-11-01,3.8
PAN,2021-02-01,3.8
PAN,2021-03-01,3.8
PAN,2021-04-01,3.8
PAN,2021-05-01,3.8
PAN,2021-06-01,3.7
PAN,2021-07-01,3.7
PAN,2021-08-01,3.7
PAN,2021-09-01,3.7
PAN,2021-10-01,3.9
PAN,2021-11-01,3.9
PAN,2021-12-01,3.9
PAN,2022-01-01,3.9
PAN,2022-02-01,2.1
PAN,2022-03-01,2.1
PAN,2022-04-01,2.1
PAN,2022-05-01,2.1
PAN,2022-06-01,2.2
PAN,2022-07-01,2.2
PAN,2022-08-01,2.2
PAN,2022-09-01,2.2
PAN,2022-10-01,2.3
PAN,2023-01-01,2.3
PAN,2023-02-01,2.3
PAN,2023-03-01,2.3
PAN,2023-04-01,2.3
PAN,2023-05-01,2.3
PAN,2025-03-01,2.6
PAN,2025-04-01,2.6
PER,2019-02-01,1.5
PER,2019-03-01,1.5
PER,2019-04-01,3.1
PER,2019-05-01,3.1
PER,2019-06-01,3.1
PER,2019-07-01,3.1
PER,2019-08-01,3.1
PER,2019-09-01,3.1
PER,2019-10-01,3.1
PER,2019-11-01,2.9
PER,2019-12-01,2.95
PER,2020-01-01,2.95
PER,2020-02-01,3.05
PER,2020-03-01,3.1
PER,2020-04-01,3.1
PER,2020-05-01,3.1
PER,2020-06-01,3.1
PER,2020-07-01,3.1
PER,2020-08-01,3.1
PER,2020-09-01,3.1
PER,2020-10-01,3.1
PER,2020-11-01,3.25
PER,2020-12-01,2.7
PER,2021-01-01,2.8
PER,2021-02-01,3.3
PER,2021-03-01,3.3
PER,2021-04-01,3.3
PER,2021-05-01,3.3
PER,2021-06-01,3.25
PER,2021-07-01,3.25
PER,2021-08-01,3.25
PER,2021-09-01,3.25
PER,2021-10-01,3.3
PER,2021-11-01,3.3499999999999996
PER,2021-12-01,3.3499999999999996
PER,2022-01-01,3.3499999999999996
PER,2022-02-01,3.0
PER,2022-03-01,3.0
PER,2022-04-01,3.0
PER,2022-05-01,2.9
PER,2022-06-01,2.9
PER,2022-07-01,3.1
PER,2022-08-01,3.1
PER,2022-09-01,3.1
PER,2022-10-01,3.1
PER,2023-01-01,3.2
PER,2023-02-01,3.2
PER,2023-03-01,3.2
PER,2023-04-01,3.2
PER,2023-05-01,3.1
PER,2025-03-01,3.3
PER,2025-04-01,3.3
PHL,2019-03-01,1.1
PHL,2019-04-01,1.8
PHL,2019-05-01,2.0
PHL,2019-06-01,1.8
PHL,2019-07-01,2.2
PHL,2019-08-01,2.2
PHL,2019-09-01,2.2
PHL,2019-10-01,2.1
PHL,2019-11-01,2.2
PHL,2019-12-01,2.2
PHL,2020-01-01,2.3600000000000003
PHL,2020-02-01,2.6
PHL,2020-03-01,2.4
PHL,2020-04-01,2.2333333333333334
PHL,2020-05-01,2.2333333333333334
PHL,2020-06-01,2.3000000000000003
PHL,2020-07-01,2.3000000000000003
PHL,2020-08-01,2.2666666666666666
PHL,2020-09-01,2.2666666666666666
PHL,2020-10-01,2.1666666666666665
PHL,2020-11-01,2.3666666666666667
PHL,2020-12-01,2.4
PHL,2021-01-01,2.4
PHL,2021-02-01,2.4
PHL,2021-03-01,2.425
PHL,2021-04-01,2.425
PHL,2021-05-01,2.4
PHL,2021-06-01,2.4
PHL,2021-07-01,2.4
PHL,2021-08-01,2.4
PHL,2021-09-01,2.3
PHL,2021-10-01,2.2
PHL,2021-11-01,2.2
PHL,2021-12-01,2.8333333333333335
PHL,2022-01-01,2.8000000000000003
PHL,2022-02-01,2.9333333333333336
PHL,2022-03-01,2.9
PHL,2022-04-01,2.9
PHL,2022-05-01,2.8000000000000003
PHL,2022-06-01,2.6500000000000004
PHL,2022-07-01,3.1
PHL,2023-01-01,2.3
PHL,2023-02-01,2.6
PHL,2025-03-01,2.0
PHL,2025-04-01,2.0
PNG,2025-03-01,2.1
PNG,2025-04-01,2.1
POL,2022-02-01,1.2
POL,2022-03-01,1.6
POL,2022-04-01,1.6
POL,2022-05-01,1.7
POL,2025-04-01,2.2
PRK,2019-01-01,3.6
PRK,2019-02-01,3.6
PRK,2019-03-01,3.6
PRK,2019-04-01,3.9
PRK,2019-05-01,3.9
PRK,2019-06-01,3.9
PRK,2019-07-01,3.9
PRK,2019-08-01,3.9
PRK,2019-09-01,3.9
PRK,2019-10-01,3.9
PRK,2019-11-01,4.1
PRK,2019-12-01,4.1
PRK,2020-01-01,4.1
PRK,2020-02-01,4.1
PRK,2020-03-01,4.1
PRK,2020-04-01,4.1
PRK,2020-05-01,4.0
PRK,2020-06-01,4.0
PRK,2020-07-01,4.0
PRK,2020-08-01,4.0
PRK,2020-09-01,4.0
PRK,2020-10-01,4.0
PRK,2020-11-01,3.7
PRK,2020-12-01,3.7
PRK,2021-01-01,3.7
PRK,2021-02-01,3.7
PRK,2021-03-01,3.8
PRK,2021-04-01,3.7
PRK,2021-05-01,3.7
PRK,2021-06-01,3.8
PRK,2021-07-01,3.8
PRK,2021-08-01,3.8
PRK,2021-09-01,3.8
PRK,2021-10-01,3.8
PRK,2021-11-01,3.8
PRK,2021-12-01,3.8
PRK,2022-01-01,3.8
PRK,2022-02-01,3.8
PRK,2022-03-01,3.8
PRK,2022-04-01,3.8
PRK,2022-05-01,3.8
PSE,2019-02-01,3.6
PSE,2019-03-01,3.6
PSE,2019-04-01,3.8
PSE,2019-05-01,3.8
PSE,2019-06-01,3.8
PSE,2019-07-01,3.8
PSE,2019-08-01,3.8
PSE,2019-09-01,3.8
PSE,2019-10-01,3.8
PSE,2019-11-01,3.8
PSE,2019-12-01,3.8
PSE,2020-01-01,3.8
PSE,2020-02-01,3.8
PSE,2020-03-01,3.8
PSE,2020-04-01,3.8
PSE,2020-05-01,3.9
PSE,2020-06-01,3.9
PSE,2020-07-01,3.9
PSE,2020-08-01,3.9
PSE,2020-09-01,3.9
PSE,2020-10-01,3.9
PSE,2020-11-01,3.9
PSE,2021-02-01,4.0
PSE,2021-03-01,4.0
PSE,2021-04-01,4.0
PSE,2021-05-01,4.0
PSE,2021-06-01,4.2
PSE,2021-07-01,4.2
PSE,2021-08-01,4.2
PSE,2021-09-01,4.2
PSE,2021-10-01,4.2
PSE,2021-11-01,3.9
PSE,2021-12-01,3.8
PSE,2022-01-01,3.8
PSE,2022-02-01,3.8
PSE,2022-03-01,3.8
PSE,2022-04-01,3.8
PSE,2022-05-01,3.7
RWA,2019-02-01,1.4
RWA,2019-03-01,1.4
RWA,2019-04-01,1.6
RWA,2019-05-01,1.6
RWA,2019-06-01,1.6
RWA,2019-07-01,1.6
RWA,2019-08-01,1.6
RWA,2019-09-01,1.6
RWA,2019-10-01,2.3
RWA,2019-11-01,2.3
RWA,2019-12-01,2.3
RWA,2020-01-01,2.3
RWA,2020-02-01,2.3
RWA,2020-03-01,2.0
RWA,2020-04-01,2.0
RWA,2020-05-01,1.8
RWA,2020-06-01,1.9
RWA,2021-05-01,2.0
RWA,2021-06-01,2.0
RWA,2021-07-01,2.0
RWA,2021-08-01,2.0
RWA,2021-09-01,2.0
RWA,2021-10-01,2.0
RWA,2021-11-01,2.0
RWA,2021-12-01,2.0
SDN,2019-02-01,3.125
SDN,2019-03-01,3.125
SDN,2019-04-01,3.4
SDN,2019-05-01,3.3666666666666667
SDN,2019-06-01,3.4
SDN,2019-07-01,3.4333333333333336
SDN,2019-08-01,3.3666666666666667
SDN,2019-09-01,3.3666666666666667
SDN,2019-10-01,3.4
SDN,2019-11-01,3.4
SDN,2019-12-01,4.1
SDN,2020-01-01,4.1
SDN,2020-02-01,4.15
SDN,2020-03-01,4.199999999999999
SDN,2020-04-01,4.199999999999999
SDN,2020-05-01,4.199999999999999
SDN,2021-05-01,3.5
SDN,2021-06-01,3.95
SDN,2021-07-01,3.16
SDN,2021-08-01,3.366666666666667
SDN,2021-09-01,3.3000000000000003
SDN,2021-10-01,3.14
SDN,2021-11-01,3.1399999999999997
SDN,2021-12-01,3.8000000000000003
SEN,2019-01-01,2.5
SEN,2019-02-01,2.5
SEN,2019-03-01,2.5
SEN,2019-04-01,2.5
SEN,2019-05-01,2.5
SEN,2019-06-01,2.5
SEN,2019-07-01,2.5
SEN,2019-08-01,2.5
SEN,2019-09-01,2.5
SEN,2019-10-01,2.6
SEN,2019-11-01,2.6
SEN,2019-12-01,2.6
SEN,2020-01-01,2.6
SEN,2020-03-01,2.6
SEN,2020-04-01,2.6
SEN,2020-05-01,2.5
SLV,2019-02-01,2.8
SLV,2019-03-01,2.8
SLV,2019-04-01,3.0
SLV,2019-05-01,3.0
SLV,2019-06-01,3.0
SLV,2019-07-01,3.0
SLV,2019-08-01,3.0
SLV,2019-09-01,2.6
SLV,2019-10-01,2.6
SLV,2019-11-01,2.7
SLV,2019-12-01,2.7
SLV,2020-01-01,2.7
SLV,2020-03-01,2.7
SLV,2020-04-01,2.7
SLV,2020-05-01,2.7
SOM,2019-01-01,3.6
SOM,2019-02-01,3.6
SOM,2019-03-01,3.6
SOM,2019-04-01,3.0999999999999996
SOM,2019-05-01,3.2
SOM,2019-06-01,3.2
SOM,2019-07-01,3.2
SOM,2019-08-01,3.2
SOM,2019-09-01,3.2
SOM,2019-10-01,3.1
SOM,2019-11-01,3.1
SOM,2019-12-01,3.1
SOM,2020-01-01,3.1
SOM,2020-03-01,4.7
SOM,2020-04-01,4.7
SOM,2020-05-01,3.033333333333333
SSD,2019-02-01,4.3
SSD,2019-03-01,4.3
SSD,2019-04-01,4.3
SSD,2019-05-01,4.3
SSD,2019-06-01,4.2
SSD,2019-07-01,4.3
SSD,2019-08-01,4.3
SSD,2019-09-01,4.3
SSD,2019-10-01,4.3
SSD,2019-11-01,3.7
SSD,2019-12-01,3.7
SSD,2020-01-01,4.3
SSD,2020-05-01,4.3
SWZ,2020-02-01,3.5
SWZ,2020-03-01,3.5
SWZ,2020-04-01,3.5
SWZ,2020-05-01,3.5
SWZ,2020-06-01,3.5
SWZ,2020-08-01,3.5
SWZ,2021-05-01,3.6
SWZ,2021-06-01,3.9
SWZ,2021-07-01,3.6
SWZ,2021-08-01,3.6
SWZ,2021-09-01,3.6
SWZ,2021-10-01,3.5
SWZ,2021-11-01,3.6
SWZ,2021-12-01,3.6
SYR,2019-01-01,4.9
SYR,2019-02-01,4.9
SYR,2019-03-01,4.8
SYR,2019-04-01,4.8
SYR,2019-05-01,4.449999999999999
SYR,2019-06-01,4.550000000000001
SYR,2019-07-01,4.550000000000001
SYR,2019-08-01,4.550000000000001
SYR,2019-09-01,4.550000000000001
SYR,2019-10-01,4.5
SYR,2019-11-01,4.550000000000001
SYR,2019-12-01,4.550000000000001
SYR,2020-01-01,4.2
SYR,2020-02-01,4.2
SYR,2020-03-01,4.2
SYR,2020-04-01,4.2
SYR,2020-05-01,4.2
SYR,2020-06-01,4.0
SYR,2020-07-01,4.0
SYR,2020-08-01,4.0
SYR,2020-09-01,4.0
SYR,2020-10-01,4.0
SYR,2021-02-01,4.5
SYR,2021-03-01,4.5
SYR,2021-04-01,4.5
SYR,2021-05-01,4.5
SYR,2021-06-01,4.6
SYR,2021-07-01,4.6
SYR,2021-08-01,4.6
SYR,2021-09-01,4.6
SYR,2021-10-01,4.6
SYR,2021-11-01,4.6
SYR,2021-12-01,4.3
SYR,2022-01-01,4.3
TCD,2019-03-01,4.2
TCD,2019-04-01,3.5
TCD,2019-05-01,3.6
TCD,2019-06-01,3.6
TCD,2019-07-01,3.6
TCD,2019-08-01,3.6
TCD,2019-09-01,3.6
TCD,2019-10-01,3.66
TCD,2019-11-01,3.66
TCD,2019-12-01,3.9666666666666663
TCD,2020-01-01,4.3
TCD,2020-02-01,4.3
TCD,2020-03-01,4.3
TCD,2020-04-01,4.3
TCD,2020-05-01,4.1
TCD,2020-06-01,4.0
TCD,2020-07-01,4.0
TCD,2020-08-01,4.0
TCD,2020-09-01,4.0
TCD,2020-10-01,4.0
TCD,2020-11-01,4.1
TCD,2021-02-01,4.1
TCD,2021-03-01,4.2
TCD,2021-04-01,4.2
TCD,2021-05-01,4.2
TCD,2021-06-01,4.3
TCD,2021-07-01,4.3
TCD,2021-08-01,4.3
TCD,2021-09-01,4.3
TCD,2021-10-01,4.2
TCD,2021-11-01,4.2
TCD,2021-12-01,4.2
TCD,2022-01-01,4.2
TCD,2022-02-01,4.2
THA,2019-02-01,1.2
THA,2019-03-01,1.2
THA,2019-04-01,1.4
THA,2019-05-01,1.4
THA,2019-06-01,1.4
THA,2019-07-01,1.4
THA,2019-08-01,1.4
THA,2019-09-01,1.4
THA,2019-10-01,1.4
TTO,2019-02-01,0.9
TTO,2019-03-01,0.9
TTO,2019-04-01,2.5
TTO,2019-05-01,2.5
TTO,2019-06-01,2.5
TTO,2019-07-01,2.5
TTO,2019-08-01,2.5
TTO,2019-09-01,2.5
TTO,2019-10-01,2.5
TTO,2019-11-01,3.5
TTO,2019-12-01,3.6
TTO,2020-01-01,3.6
TTO,2020-02-01,3.5
TTO,2020-03-01,3.6
TTO,2020-04-01,3.6
TTO,2020-05-01,3.6
TTO,2020-06-01,3.6
TTO,2020-07-01,3.6
TTO,2020-08-01,3.6
TTO,2020-09-01,3.6
TTO,2020-10-01,3.6
TTO,2020-11-01,3.8
TTO,2021-02-01,3.8
TTO,2021-03-01,3.8
TTO,2021-04-01,3.8
TTO,2021-05-01,3.8
TTO,2021-06-01,3.7
TTO,2021-07-01,3.7
TTO,2021-08-01,3.7
TTO,2021-09-01,3.7
TTO,2021-10-01,3.9
TTO,2021-11-01,3.9
TTO,2021-12-01,3.9
TTO,2022-01-01,3.9
TUR,2019-05-01,3.8499999999999996
TUR,2019-06-01,3.6
TUR,2019-07-01,3.55
TUR,2019-08-01,3.575
TUR,2019-09-01,3.575
TUR,2019-10-01,3.6666666666666665
TUR,2019-11-01,4.2
TUR,2019-12-01,4.2
TUR,2020-01-01,4.2
TUR,2020-02-01,4.2
TUR,2020-03-01,4.2
TUR,2020-04-01,4.2
TUR,2020-05-01,4.2
TUR,2020-06-01,4.0
TUR,2020-07-01,4.0
TUR,2020-08-01,4.0
TUR,2020-09-01,4.0
TUR,2020-10-01,4.0
TUR,2021-02-01,4.5
TUR,2021-03-01,4.5
TUR,2021-04-01,4.5
TUR,2021-05-01,4.5
TUR,2021-06-01,4.6
TUR,2021-07-01,4.6
TUR,2021-08-01,4.6
TUR,2021-09-01,3.8499999999999996
TUR,2021-10-01,3.9
TUR,2021-11-01,3.9
TUR,2021-12-01,3.8
TUR,2022-01-01,3.8
TZA,2019-01-01,1.5
TZA,2019-06-01,2.1
TZA,2020-02-01,3.5
TZA,2020-03-01,3.5
TZA,2020-04-01,3.5
TZA,2020-05-01,3.5
TZA,2020-06-01,3.5
TZA,2020-08-01,3.5
TZA,2021-05-01,3.6
TZA,2021-06-01,3.9
TZA,2021-07-01,3.6
TZA,2021-08-01,3.6
TZA,2021-09-01,3.6
TZA,2021-10-01,3.5
TZA,2021-11-01,3.6
TZA,2021-12-01,3.6
VEN,2019-01-01,4.2
VEN,2019-04-01,3.6
VEN,2019-05-01,3.6
VEN,2019-06-01,3.6
VEN,2019-07-01,3.6
VEN,2019-08-01,3.6
VEN,2019-09-01,3.6
VEN,2019-10-01,3.6
VEN,2019-11-01,3.5
VEN,2019-12-01,3.6
VEN,2020-01-01,3.6
VEN,2020-02-01,3.5
VEN,2020-03-01,3.6
VEN,2020-04-01,3.6
VEN,2020-05-01,3.6
VEN,2020-06-01,3.6
VEN,2020-07-01,3.6
VEN,2020-08-01,3.6
VEN,2020-09-01,3.6
VEN,2020-10-01,3.6
VEN,2020-11-01,3.8
VEN,2021-02-01,3.8
VEN,2021-03-01,3.8
VEN,2021-04-01,3.8
VEN,2021-05-01,3.8
VEN,2021-06-01,3.7
VEN,2021-07-01,3.7
VEN,2021-08-01,3.7
VEN,2021-09-01,3.7
VEN,2021-10-01,3.9
VEN,2021-11-01,3.9
VEN,2021-12-01,3.9
VEN,2022-01-01,3.9
YEM,2019-01-01,4.2
ZMB,2020-02-01,3.5
ZMB,2020-03-01,3.5
ZMB,2020-04-01,3.5
ZMB,2020-05-01,3.5
ZMB,2020-06-01,3.5
ZMB,2020-08-01,3.5
ZMB,2021-05-01,3.6
ZMB,2021-06-01,3.9
ZMB,2021-07-01,3.6
ZMB,2021-08-01,3.6
ZMB,2021-09-01,3.6
ZMB,2021-10-01,3.5
ZMB,2021-11-01,3.6
ZMB,2021-12-01,3.6
ZWE,2020-02-01,3.5
ZWE,2020-03-01,3.5
ZWE,2020-04-01,3.5
ZWE,2020-05-01,3.5
ZWE,2020-06-01,3.5
ZWE,2020-08-01,3.5
ZWE,2021-05-01,3.6
ZWE,2021-06-01,3.9
ZWE,2021-07-01,3.6
ZWE,2021-08-01,3.6
ZWE,2021-09-01,3.6
ZWE,2021-10-01,3.5
ZWE,2021-11-01,3.6
ZWE,2021-12-01,3.6
AFG,2025-05-01,4.5
AGO,2025-05-01,3.2
BDI,2025-05-01,2.55
BEN,2025-05-01,2.4
BFA,2025-05-01,4.2
BGD,2025-05-01,3.2
BGR,2025-05-01,1.5
BLR,2025-05-01,1.9
BOL,2025-05-01,2.9
BRA,2025-05-01,2.5
CAF,2025-05-01,4.0
CHL,2025-05-01,2.8
CIV,2025-05-01,2.3
CMR,2025-05-01,3.233333333333333
COD,2025-05-01,4.3
COL,2025-05-01,3.65
CRI,2025-05-01,2.2
CZE,2025-05-01,1.9
DJI,2025-05-01,2.05
DOM,2025-05-01,1.8
DZA,2025-05-01,2.55
ECU,2025-05-01,2.6333333333333333
EGY,2025-05-01,2.2
ERI,2025-05-01,3.0
ESP,2025-05-01,1.6
EST,2025-05-01,1.2
ETH,2025-05-01,3.8000000000000003
GRC,2025-05-01,2.3
GTM,2025-05-01,3.3
HND,2025-05-01,3.4
HTI,2025-05-01,4.4
HUN,2025-05-01,1.5
IRN,2025-05-01,3.8
IRQ,2025-05-01,2.8
ITA,2025-05-01,1.7
JOR,2025-05-01,2.9
KEN,2025-05-01,3.15
LBN,2025-05-01,3.65
LBY,2025-05-01,3.2
LSO,2025-05-01,2.1
LTU,2025-05-01,1.3
LVA,2025-05-01,1.3
MAR,2025-05-01,1.7
MDA,2025-05-01,1.6
MDG,2025-05-01,2.6
MEX,2025-05-01,2.9
MLI,2025-05-01,4.3
MMR,2025-05-01,4.075
MOZ,2025-05-01,3.266666666666667
MRT,2025-05-01,2.65
MWI,2025-05-01,3.4
MYS,2025-05-01,1.7
NAM,2025-05-01,2.5
NER,2025-05-01,3.075
NGA,2025-05-01,3.475
PAK,2025-05-01,4.0
PAN,2025-05-01,2.6
PER,2025-05-01,3.3
PHL,2025-05-01,2.0
PNG,2025-05-01,1.9
POL,2025-05-01,2.2
PRK,2025-05-01,4.1
PSE,2025-05-01,3.85
ROU,2025-05-01,1.9
RUS,2025-05-01,2.7
RWA,2025-05-01,2.5
SDN,2025-05-01,4.7
SEN,2025-05-01,2.8
SLV,2025-05-01,3.0
SOM,2025-05-01,3.25
SSD,2025-05-01,4.5
SVK,2025-05-01,1.7
SWZ,2025-05-01,2.4
SYR,2025-05-01,4.6
TCD,2025-05-01,3.175
TGO,2025-05-01,2.3
THA,2025-05-01,2.2
TTO,2025-05-01,1.5
TUN,2025-05-01,1.8
TUR,2025-05-01,2.8333333333333335
TZA,2025-05-01,2.25
UGA,2025-05-01,3.4
UKR,2025-05-01,4.3
VEN,2025-05-01,3.9
YEM,2025-05-01,3.4499999999999997
ZMB,2025-05-01,3.3
ZWE,2025-05-01,3.6
AFG,2025-06-01,4.5
AGO,2025-06-01,3.1
BDI,2025-06-01,2.5999999999999996
BEN,2025-06-01,2.3
BFA,2025-06-01,4.1
BGD,2025-06-01,3.2
BLR,2025-06-01,1.8
BOL,2025-06-01,2.9
BRA,2025-06-01,2.5
CAF,2025-06-01,4.0
CHL,2025-06-01,2.8
CIV,2025-06-01,2.2
CMR,2025-06-01,3.1666666666666665
COD,2025-06-01,4.3
COL,2025-06-01,3.65
CRI,2025-06-01,2.2
DJI,2025-06-01,2.0
DOM,2025-06-01,1.8
DZA,2025-06-01,2.6
ECU,2025-06-01,2.766666666666667
EGY,2025-06-01,2.2
ERI,2025-06-01,3.0
ESP,2025-06-01,1.6
ETH,2025-06-01,3.5999999999999996
GRC,2025-06-01,2.3
GTM,2025-06-01,3.2
HND,2025-06-01,3.4
HTI,2025-06-01,4.4
IDN,2025-06-01,2.5
IND,2025-06-01,2.1
IRN,2025-06-01,3.9
IRQ,2025-06-01,3.5
ITA,2025-06-01,1.8
JOR,2025-06-01,3.0
KEN,2025-06-01,3.05
LBN,2025-06-01,3.5
LBY,2025-06-01,3.2
LSO,2025-06-01,2.2
MAR,2025-06-01,1.7
MDA,2025-06-01,2.2
MDG,2025-06-01,2.7
MEX,2025-06-01,2.8
MLI,2025-06-01,4.3
MMR,2025-06-01,4.175
MOZ,2025-06-01,3.133333333333333
MRT,2025-06-01,2.5999999999999996
MWI,2025-06-01,3.5
MYS,2025-06-01,1.7
NAM,2025-06-01,2.5
NER,2025-06-01,2.8
NGA,2025-06-01,3.6
NIC,2025-06-01,2.5
PAK,2025-06-01,3.4000000000000004
PAN,2025-06-01,2.6
PER,2025-06-01,3.2
PHL,2025-06-01,2.1
PNG,2025-06-01,1.8
PRK,2025-06-01,3.7
PSE,2025-06-01,3.9000000000000004
RUS,2025-06-01,2.7
RWA,2025-06-01,2.5
SDN,2025-06-01,4.7
SEN,2025-06-01,3.1
SLV,2025-06-01,2.9
SOM,2025-06-01,3.2
SSD,2025-06-01,4.0
SWZ,2025-06-01,2.4
SYR,2025-06-01,4.5
TCD,2025-06-01,3.15
TGO,2025-06-01,2.3
THA,2025-06-01,2.1
TTO,2025-06-01,1.5
TUN,2025-06-01,1.9
TUR,2025-06-01,2.9
TZA,2025-06-01,2.15
UGA,2025-06-01,3.3
UKR,2025-06-01,4.3
VEN,2025-06-01,3.8
YEM,2025-06-01,3.5
ZMB,2025-06-01,3.3
ZWE,2025-06-01,3.6
AFG,2025-07-01,4.5
AGO,2025-07-01,3.1
BDI,2025-07-01,2.55
BEN,2025-07-01,2.3
BFA,2025-07-01,4.1
BGD,2025-07-01,3.2
BLR,2025-07-01,1.7
BOL,2025-07-01,2.9
BRA,2025-07-01,2.5
CAF,2025-07-01,4.0
CHL,2025-07-01,2.5
CIV,2025-07-01,2.1
CMR,2025-07-01,3.266666666666667
COD,2025-07-01,4.3
COL,2025-07-01,3.65
CRI,2025-07-01,2.2
DJI,2025-07-01,1.95
DOM,2025-07-01,1.9
DZA,2025-07-01,2.45
ECU,2025-07-01,2.733333333333333
EGY,2025-07-01,2.2
ERI,2025-07-01,3.0
ESP,2025-07-01,1.5
ETH,2025-07-01,3.5999999999999996
GRC,2025-07-01,2.3
GTM,2025-07-01,3.3
HND,2025-07-01,3.4
HTI,2025-07-01,4.4
IDN,2025-07-01,2.5
IND,2025-07-01,2.3
IRN,2025-07-01,3.9
IRQ,2025-07-01,3.4
ITA,2025-07-01,1.7
JOR,2025-07-01,3.0
KEN,2025-07-01,3.15
LBN,2025-07-01,3.5
LBY,2025-07-01,3.05
LSO,2025-07-01,2.2
MAR,2025-07-01,1.5
MDA,2025-07-01,2.2
MDG,2025-07-01,2.7
MEX,2025-07-01,2.8
MLI,2025-07-01,4.3
MMR,2025-07-01,4.2
MOZ,2025-07-01,3.133333333333333
MRT,2025-07-01,2.45
MWI,2025-07-01,3.4
MYS,2025-07-01,1.7
NAM,2025-07-01,2.5
NER,2025-07-01,2.95
NGA,2025-07-01,3.6500000000000004
PAK,2025-07-01,3.7
PAN,2025-07-01,2.5
PER,2025-07-01,3.2
PHL,2025-07-01,2.2
PNG,2025-07-01,1.8
PRK,2025-07-01,3.7
PSE,2025-07-01,3.9000000000000004
RWA,2025-07-01,2.5
SDN,2025-07-01,4.7
SEN,2025-07-01,3.0
SLV,2025-07-01,2.9
SOM,2025-07-01,3.2
SSD,2025-07-01,4.0
SWZ,2025-07-01,2.4
SYR,2025-07-01,4.5
TCD,2025-07-01,3.275
TGO,2025-07-01,2.3
THA,2025-07-01,2.1
TTO,2025-07-01,1.4
TUN,2025-07-01,1.7
TUR,2025-07-01,2.75
TZA,2025-07-01,2.15
UGA,2025-07-01,3.3
UKR,2025-07-01,4.3
VEN,2025-07-01,3.8
YEM,2025-07-01,3.5
ZMB,2025-07-01,3.3
ZWE,2025-07-01,3.6
AFG,2025-08-01,4.5
AGO,2025-08-01,3.2
BDI,2025-08-01,2.65
BEN,2025-08-01,2.3
BFA,2025-08-01,4.1
BGD,2025-08-01,3.2
BLR,2025-08-01,1.7
BOL,2025-08-01,2.9
BRA,2025-08-01,2.5
CAF,2025-08-01,4.0
CHL,2025-08-01,2.6
CIV,2025-08-01,2.1
CMR,2025-08-01,3.3333333333333335
COD,2025-08-01,4.2
COL,2025-08-01,3.5999999999999996
CRI,2025-08-01,2.2
DJI,2025-08-01,1.95
DOM,2025-08-01,2.0
DZA,2025-08-01,2.3499999999999996
ECU,2025-08-01,2.6666666666666665
EGY,2025-08-01,2.2
ERI,2025-08-01,3.0
ESP,2025-08-01,1.5
ETH,2025-08-01,3.5999999999999996
GHA,2025-08-01,2.4
GRC,2025-08-01,2.3
GTM,2025-08-01,3.3
HND,2025-08-01,3.4
HTI,2025-08-01,4.4
IDN,2025-08-01,2.5
IND,2025-08-01,2.3
IRN,2025-08-01,3.9
IRQ,2025-08-01,3.4
ITA,2025-08-01,1.7
JOR,2025-08-01,3.0
KEN,2025-08-01,3.15
LBN,2025-08-01,3.5
LBY,2025-08-01,3.0
LSO,2025-08-01,2.2
MAR,2025-08-01,1.5
MDA,2025-08-01,2.1
MDG,2025-08-01,2.7
MEX,2025-08-01,2.8
MLI,2025-08-01,4.3
MMR,2025-08-01,4.2
MOZ,2025-08-01,3.133333333333333
MRT,2025-08-01,2.45
MWI,2025-08-01,3.4
MYS,2025-08-01,1.6
NAM,2025-08-01,2.6
NER,2025-08-01,3.05
NGA,2025-08-01,3.6500000000000004
PAK,2025-08-01,3.7
PAN,2025-08-01,2.5
PER,2025-08-01,3.3
PHL,2025-08-01,2.1
PNG,2025-08-01,1.8
PRK,2025-08-01,3.7
PSE,2025-08-01,3.9000000000000004
RWA,2025-08-01,2.5
SDN,2025-08-01,4.7
SEN,2025-08-01,3.0
SLV,2025-08-01,2.9
SOM,2025-08-01,3.2
SSD,2025-08-01,4.0
SWZ,2025-08-01,2.3
SYR,2025-08-01,4.5
TCD,2025-08-01,3.175
TGO,2025-08-01,2.4
THA,2025-08-01,2.1
TTO,2025-08-01,1.4
TUN,2025-08-01,1.7
TUR,2025-08-01,2.85
TZA,2025-08-01,2.15
UGA,2025-08-01,3.3
UKR,2025-08-01,4.3
VEN,2025-08-01,3.8
YEM,2025-08-01,3.5
ZMB,2025-08-01,3.3
ZWE,2025-08-01,3.6
AFG,2025-09-01,4.0
AGO,2025-09-01,3.2
BDI,2025-09-01,2.65
BEN,2025-09-01,2.3
BFA,2025-09-01,4.1
BGD,2025-09-01,3.2
BLR,2025-09-01,1.7
BOL,2025-09-01,2.9
BRA,2025-09-01,2.5
CAF,2025-09-01,4.0
CHL,2025-09-01,2.6
CIV,2025-09-01,2.1
CMR,2025-09-01,3.3333333333333335
COD,2025-09-01,4.5
COL,2025-09-01,3.65
CRI,2025-09-01,2.0
DJI,2025-09-01,1.95
DOM,2025-09-01,2.0
DZA,2025-09-01,2.45
ECU,2025-09-01,2.6666666666666665
EGY,2025-09-01,2.2
ERI,2025-09-01,3.0
ESP,2025-09-01,1.5
ETH,2025-09-01,3.5999999999999996
GHA,2025-09-01,2.4
GRC,2025-09-01,2.3
GTM,2025-09-01,3.3
HND,2025-09-01,3.4
HTI,2025-09-01,4.5
IDN,2025-09-01,2.5
IND,2025-09-01,2.4
IRN,2025-09-01,3.9
IRQ,2025-09-01,3.4
ITA,2025-09-01,1.7
JOR,2025-09-01,3.0
KEN,2025-09-01,3.0999999999999996
LBN,2025-09-01,3.5
LBY,2025-09-01,3.1
LSO,2025-09-01,2.2
MAR,2025-09-01,1.5
MDA,2025-09-01,2.1
MDG,2025-09-01,2.7
MEX,2025-09-01,2.8
MLI,2025-09-01,4.3
MMR,2025-09-01,4.2
MOZ,2025-09-01,3.133333333333333
MRT,2025-09-01,2.45
MWI,2025-09-01,3.4
MYS,2025-09-01,1.6
NAM,2025-09-01,2.6
NER,2025-09-01,2.95
NGA,2025-09-01,3.6500000000000004
PAK,2025-09-01,3.466666666666667
PAN,2025-09-01,2.5
PER,2025-09-01,3.0
PHL,2025-09-01,2.1
PNG,2025-09-01,1.8
PRK,2025-09-01,3.7
PSE,2025-09-01,3.9000000000000004
RWA,2025-09-01,2.5
SDN,2025-09-01,4.7
SEN,2025-09-01,3.0
SLV,2025-09-01,2.9
SOM,2025-09-01,3.2
SSD,2025-09-01,4.0
SWZ,2025-09-01,2.3
SYR,2025-09-01,4.5
TCD,2025-09-01,3.175
TGO,2025-09-01,2.3
THA,2025-09-01,2.1
TTO,2025-09-01,1.3
TUN,2025-09-01,1.7
TUR,2025-09-01,3.2
TZA,2025-09-01,2.15
UGA,2025-09-01,3.3
UKR,2025-09-01,4.3
VEN,2025-09-01,3.8
YEM,2025-09-01,3.5999999999999996
ZMB,2025-09-01,3.3
ZWE,2025-09-01,3.6
AFG,2025-10-01,3.85
AGO,2025-10-01,3.2
BDI,2025-10-01,2.5
BEN,2025-10-01,2.3
BFA,2025-10-01,4.0
BGD,2025-10-01,3.1
BLR,2025-10-01,1.6
BRA,2025-10-01,2.5
CAF,2025-10-01,4.0
CHL,2025-10-01,2.6
CIV,2025-10-01,2.1
CMR,2025-10-01,3.3666666666666667
COD,2025-10-01,4.5
COL,2025-10-01,3.5999999999999996
CRI,2025-10-01,2.25
CUB,2025-10-01,3.1
DJI,2025-10-01,1.95
DOM,2025-10-01,2.0
DZA,2025-10-01,2.4
ECU,2025-10-01,2.6666666666666665
EGY,2025-10-01,2.2
ERI,2025-10-01,2.9
ESP,2025-10-01,1.5
ETH,2025-10-01,3.5999999999999996
GHA,2025-10-01,2.4
GRC,2025-10-01,2.1
GTM,2025-10-01,3.3
HND,2025-10-01,3.4
HTI,2025-10-01,4.4
IDN,2025-10-01,2.4
IND,2025-10-01,2.4
IRN,2025-10-01,3.6
IRQ,2025-10-01,3.1
ITA,2025-10-01,1.8
JAM,2025-10-01,2.3
JOR,2025-10-01,2.9
KEN,2025-10-01,3.0
LBN,2025-10-01,3.25
LBY,2025-10-01,2.95
LSO,2025-10-01,2.2
MAR,2025-10-01,1.5
MDA,2025-10-01,2.1
MDG,2025-10-01,2.8
MEX,2025-10-01,2.8
MLI,2025-10-01,4.3
MMR,2025-10-01,4.2
MOZ,2025-10-01,3.133333333333333
MRT,2025-10-01,2.45
MWI,2025-10-01,3.4
MYS,2025-10-01,1.5
NAM,2025-10-01,2.6
NER,2025-10-01,3.6
NGA,2025-10-01,3.35
PAK,2025-10-01,3.3666666666666667
PAN,2025-10-01,2.5
PER,2025-10-01,3.0
PHL,2025-10-01,2.0
PNG,2025-10-01,1.5
PRK,2025-10-01,3.6
PSE,2025-10-01,3.9000000000000004
RWA,2025-10-01,2.4
SDN,2025-10-01,4.4
SEN,2025-10-01,3.0
SLV,2025-10-01,2.9
SOM,2025-10-01,3.05
SSD,2025-10-01,3.9
SWZ,2025-10-01,2.4
SYR,2025-10-01,4.3
TCD,2025-10-01,3.175
TGO,2025-10-01,2.3
THA,2025-10-01,2.1
TTO,2025-10-01,1.3
TUN,2025-10-01,1.6
TUR,2025-10-01,3.05
TZA,2025-10-01,2.15
UGA,2025-10-01,3.1
UKR,2025-10-01,4.0
VEN,2025-10-01,3.8
YEM,2025-10-01,3.1
ZMB,2025-10-01,3.0
ZWE,2025-10-01,3.6
AFG,2025-11-01,4.0
AGO,2025-11-01,3.2
BDI,2025-11-01,2.65
BEN,2025-11-01,2.2
BFA,2025-11-01,4.0
BGD,2025-11-01,3.1500000000000004
BLR,2025-11-01,1.7
BRA,2025-11-01,2.5
CAF,2025-11-01,4.0
CHL,2025-11-01,2.6
CIV,2025-11-01,2.1
CMR,2025-11-01,3.3333333333333335
COD,2025-11-01,4.5
COL,2025-11-01,3.65
CRI,2025-11-01,2.3
CUB,2025-11-01,3.0
DJI,2025-11-01,1.95
DOM,2025-11-01,2.0
DZA,2025-11-01,2.45
ECU,2025-11-01,2.6999999999999997
EGY,2025-11-01,2.2
ERI,2025-11-01,3.0
ESP,2025-11-01,1.5
ETH,2025-11-01,3.5999999999999996
GHA,2025-11-01,2.6
GRC,2025-11-01,2.2
GTM,2025-11-01,3.3
HND,2025-11-01,3.4
HTI,2025-11-01,4.4
IDN,2025-11-01,2.6
IND,2025-11-01,2.6
IRN,2025-11-01,3.9
IRQ,2025-11-01,3.4
ITA,2025-11-01,1.8
JAM,2025-11-01,2.5
JOR,2025-11-01,3.0
KEN,2025-11-01,3.05
LBN,2025-11-01,3.45
LBY,2025-11-01,3.1
LSO,2025-11-01,2.2
MAR,2025-11-01,1.5
MDA,2025-11-01,2.1
MDG,2025-11-01,2.7
MEX,2025-11-01,2.8
MLI,2025-11-01,4.2
MMR,2025-11-01,4.175
MOZ,2025-11-01,3.133333333333333
MRT,2025-11-01,2.45
MWI,2025-11-01,3.2
MYS,2025-11-01,1.7
NAM,2025-11-01,2.6
NER,2025-11-01,3.6
NGA,2025-11-01,3.475
PAK,2025-11-01,3.6666666666666665
PAN,2025-11-01,2.5
PER,2025-11-01,3.0
PHL,2025-11-01,2.5
PNG,2025-11-01,1.7
PRK,2025-11-01,3.8
PSE,2025-11-01,3.85
RWA,2025-11-01,2.4
SDN,2025-11-01,4.7
SEN,2025-11-01,3.0
SLV,2025-11-01,2.9
SOM,2025-11-01,3.15
SSD,2025-11-01,4.1
SWZ,2025-11-01,2.4
SYR,2025-11-01,4.5
TCD,2025-11-01,3.175
TGO,2025-11-01,2.3
THA,2025-11-01,2.1
TTO,2025-11-01,1.3
TUN,2025-11-01,1.7
TUR,2025-11-01,3.2
TZA,2025-11-01,2.15
UGA,2025-11-01,3.2
UKR,2025-11-01,4.2
VEN,2025-11-01,3.8
YEM,2025-11-01,3.3000000000000003
ZMB,2025-11-01,3.1
ZWE,2025-11-01,3.6
AFG,2025-12-01,4.0
AGO,2025-12-01,3.2
BDI,2025-12-01,2.65
BEN,2025-12-01,2.2
BFA,2025-12-01,4.0
BGD,2025-12-01,3.1500000000000004
BLR,2025-12-01,1.7
BRA,2025-12-01,2.5
CAF,2025-12-01,4.0
CHL,2025-12-01,2.6
CIV,2025-12-01,2.1
CMR,2025-12-01,3.3333333333333335
COD,2025-12-01,4.5
COL,2025-12-01,3.65
CRI,2025-12-01,2.3
CUB,2025-12-01,3.0
DJI,2025-12-01,1.95
DOM,2025-12-01,2.0
DZA,2025-12-01,2.45
ECU,2025-12-01,2.6999999999999997
EGY,2025-12-01,2.2
ERI,2025-12-01,3.0
ESP,2025-12-01,1.5
ETH,2025-12-01,3.5999999999999996
GHA,2025-12-01,2.6
GRC,2025-12-01,2.2
GTM,2025-12-01,3.3
HND,2025-12-01,3.4
HTI,2025-12-01,4.4
IDN,2025-12-01,2.6
IND,2025-12-01,2.6
IRN,2025-12-01,3.9
IRQ,2025-12-01,3.4
ITA,2025-12-01,1.8
JAM,2025-12-01,2.5
JOR,2025-12-01,3.0
KEN,2025-12-01,3.05
LBN,2025-12-01,3.45
LBY,2025-12-01,3.1
LKA,2025-12-01,2.4
LSO,2025-12-01,2.2
MAR,2025-12-01,1.5
MDA,2025-12-01,2.1
MDG,2025-12-01,2.7
MEX,2025-12-01,2.8
MLI,2025-12-01,4.2
MMR,2025-12-01,4.175
MOZ,2025-12-01,3.133333333333333
MRT,2025-12-01,2.45
MWI,2025-12-01,3.2
MYS,2025-12-01,1.7
NAM,2025-12-01,2.6
NER,2025-12-01,3.6
NGA,2025-12-01,3.475
PAK,2025-12-01,3.6666666666666665
PAN,2025-12-01,2.5
PER,2025-12-01,3.0
PHL,2025-12-01,2.3000000000000003
PNG,2025-12-01,1.7
PRK,2025-12-01,3.8
PSE,2025-12-01,3.85
RWA,2025-12-01,2.4
SDN,2025-12-01,4.7
SEN,2025-12-01,3.0
SLV,2025-12-01,2.9
SOM,2025-12-01,3.15
SSD,2025-12-01,4.1
SWZ,2025-12-01,2.4
SYR,2025-12-01,4.5
TCD,2025-12-01,3.175
TGO,2025-12-01,2.3
THA,2025-12-01,2.1
TTO,2025-12-01,1.3
TUN,2025-12-01,1.7
TUR,2025-12-01,3.2
TZA,2025-12-01,2.15
UGA,2025-12-01,3.2
UKR,2025-12-01,4.2
VEN,2025-12-01,3.8
YEM,2025-12-01,3.3000000000000003
ZMB,2025-12-01,3.1
ZWE,2025-12-01,3.6
AFG,2026-01-01,4.5
AGO,2026-01-01,3.3
BDI,2026-01-01,2.95
BEN,2026-01-01,2.2
BFA,2026-01-01,4.1
BGD,2026-01-01,3.1500000000000004
BLR,2026-01-01,1.7
BRA,2026-01-01,2.5
CAF,2026-01-01,3.8
CHL,2026-01-01,2.3
CIV,2026-01-01,2.2
CMR,2026-01-01,3.3333333333333335
COD,2026-01-01,4.4
COL,2026-01-01,3.5
CRI,2026-01-01,1.75
CUB,2026-01-01,3.0
DJI,2026-01-01,1.95
DOM,2026-01-01,1.9
DZA,2026-01-01,2.45
ECU,2026-01-01,2.6
EGY,2026-01-01,2.2
ERI,2026-01-01,3.0
ESP,2026-01-01,1.5
ETH,2026-01-01,3.6500000000000004
GHA,2026-01-01,2.6
GRC,2026-01-01,2.2
GTM,2026-01-01,3.3
HND,2026-01-01,3.4
HTI,2026-01-01,4.5
IDN,2026-01-01,2.4000000000000004
IND,2026-01-01,2.6
IRN,2026-01-01,3.9
IRQ,2026-01-01,3.4
ITA,2026-01-01,1.8
JAM,2026-01-01,2.5
JOR,2026-01-01,3.0
KEN,2026-01-01,3.05
KHM,2026-01-01,2.1
LBN,2026-01-01,3.55
LBY,2026-01-01,3.1500000000000004
LKA,2026-01-01,3.1
LSO,2026-01-01,2.2
MAR,2026-01-01,1.6
MDA,2026-01-01,2.1
MDG,2026-01-01,2.7
MEX,2026-01-01,2.8
MLI,2026-01-01,4.3
MMR,2026-01-01,4.175
MOZ,2026-01-01,3.1666666666666665
MRT,2026-01-01,2.5
MWI,2026-01-01,3.2
MYS,2026-01-01,1.7
NAM,2026-01-01,2.6
NER,2026-01-01,3.6
NGA,2026-01-01,3.4250000000000003
PAK,2026-01-01,3.6333333333333333
PAN,2026-01-01,1.7
PER,2026-01-01,3.0
PHL,2026-01-01,2.1333333333333333
PNG,2026-01-01,1.7
PRK,2026-01-01,3.8
PSE,2026-01-01,3.75
RWA,2026-01-01,2.4
SDN,2026-01-01,4.7
SEN,2026-01-01,2.5
SLV,2026-01-01,2.8
SOM,2026-01-01,3.15
SSD,2026-01-01,4.1
SWZ,2026-01-01,2.4
SYR,2026-01-01,4.5
TCD,2026-01-01,3.175
TGO,2026-01-01,2.2
THA,2026-01-01,2.4
TTO,2026-01-01,1.3
TUN,2026-01-01,1.7
TUR,2026-01-01,3.15
TZA,2026-01-01,2.2
UGA,2026-01-01,3.2
UKR,2026-01-01,4.3
VEN,2026-01-01,3.8
YEM,2026-01-01,3.3333333333333335
ZMB,2026-01-01,3.1
ZWE,2026-01-01,3.6
AFG,2026-02-01,9.1
AGO,2026-02-01,6.6
BDI,2026-02-01,6.0
BEN,2026-02-01,4.4
BFA,2026-02-01,8.0
BGD,2026-02-01,6.4
BLR,2026-02-01,3.4
BRA,2026-02-01,5.1
CAF,2026-02-01,7.9
CHL,2026-02-01,5.0
CIV,2026-02-01,4.3
CMR,2026-02-01,6.566666666666666
COD,2026-02-01,9.0
COL,2026-02-01,7.3500000000000005
CRI,2026-02-01,3.75
CUB,2026-02-01,6.25
DJI,2026-02-01,4.6
DOM,2026-02-01,4.1
DZA,2026-02-01,5.25
ECU,2026-02-01,5.466666666666666
EGY,2026-02-01,5.6
ERI,2026-02-01,5.9
ESP,2026-02-01,3.5
ETH,2026-02-01,7.3500000000000005
GRC,2026-02-01,4.5
HTI,2026-02-01,8.8
IDN,2026-02-01,4.9
IRN,2026-02-01,7.7
IRQ,2026-02-01,6.7
ITA,2026-02-01,3.9
JAM,2026-02-01,5.0
JOR,2026-02-01,5.9
KEN,2026-02-01,5.75
KHM,2026-02-01,4.5
LBN,2026-02-01,7.050000000000001
LBY,2026-02-01,6.35
LKA,2026-02-01,6.2
LSO,2026-02-01,4.7
MAR,2026-02-01,4.1
MDA,2026-02-01,4.3
MDG,2026-02-01,5.333333333333333
MEX,2026-02-01,5.5
MLI,2026-02-01,8.3
MMR,2026-02-01,8.1
MOZ,2026-02-01,6.9
MRT,2026-02-01,5.1
MWI,2026-02-01,6.5
MYS,2026-02-01,3.9
NAM,2026-02-01,5.5
NER,2026-02-01,7.2
NGA,2026-02-01,6.8
PAK,2026-02-01,7.3
PAN,2026-02-01,3.8
PER,2026-02-01,6.0
PHL,2026-02-01,4.266666666666667
PNG,2026-02-01,3.6
PSE,2026-02-01,7.65
RWA,2026-02-01,4.9
SDN,2026-02-01,9.7
SOM,2026-02-01,6.35
SSD,2026-02-01,8.350000000000001
SWZ,2026-02-01,4.9
SYR,2026-02-01,8.9
TCD,2026-02-01,6.35
TGO,2026-02-01,4.3
THA,2026-02-01,4.7
TTO,2026-02-01,3.0
TUN,2026-02-01,3.6
TUR,2026-02-01,6.2
TZA,2026-02-01,4.65
UGA,2026-02-01,5.8
UKR,2026-02-01,9.2
VEN,2026-02-01,7.8
YEM,2026-02-01,7.5
ZMB,2026-02-01,6.4
ZWE,2026-02-01,7.1
AFG,2026-03-01,9.1
AGO,2026-03-01,6.6
BDI,2026-03-01,6.0
BEN,2026-03-01,4.3
BFA,2026-03-01,8.4
BGD,2026-03-01,6.4
BRA,2026-03-01,5.1
CAF,2026-03-01,7.9
CHL,2026-03-01,5.1
CIV,2026-03-01,4.3
CMR,2026-03-01,6.6000000000000005
COD,2026-03-01,8.9
COL,2026-03-01,7.5
CRI,2026-03-01,3.75
CUB,2026-03-01,6.3
DJI,2026-03-01,4.95
DOM,2026-03-01,4.1
DZA,2026-03-01,5.25
ECU,2026-03-01,5.533333333333334
EGY,2026-03-01,5.6
ERI,2026-03-01,5.9
ESP,2026-03-01,3.5
ETH,2026-03-01,7.3500000000000005
GRC,2026-03-01,4.5
GTM,2026-03-01,7.0
HND,2026-03-01,6.6
HTI,2026-03-01,8.7
IDN,2026-03-01,4.85
IRN,2026-03-01,7.65
IRQ,2026-03-01,6.7
ITA,2026-03-01,3.9
JAM,2026-03-01,5.2
JOR,2026-03-01,5.9
KEN,2026-03-01,6.05
KHM,2026-03-01,3.9
LBN,2026-03-01,6.75
LBY,2026-03-01,6.35
LKA,2026-03-01,6.2
LSO,2026-03-01,4.7
MAR,2026-03-01,4.1
MDG,2026-03-01,5.449999999999999
MEX,2026-03-01,5.6
MLI,2026-03-01,8.3
MMR,2026-03-01,8.8
MOZ,2026-03-01,6.35
MRT,2026-03-01,5.2
MWI,2026-03-01,6.5
MYS,2026-03-01,4.0
NAM,2026-03-01,5.5
NER,2026-03-01,7.2
NGA,2026-03-01,6.8
PAK,2026-03-01,7.800000000000001
PAN,2026-03-01,4.0
PER,2026-03-01,6.0
PHL,2026-03-01,4.233333333333333
PSE,2026-03-01,7.65
RWA,2026-03-01,4.9
SDN,2026-03-01,9.6
SLV,2026-03-01,5.7
SOM,2026-03-01,6.35
SSD,2026-03-01,8.350000000000001
SWZ,2026-03-01,4.9
SYR,2026-03-01,8.9
TCD,2026-03-01,6.35
TGO,2026-03-01,4.3
THA,2026-03-01,4.7
TTO,2026-03-01,3.0
TUN,2026-03-01,3.7
TUR,2026-03-01,6.2
TZA,2026-03-01,4.9
UGA,2026-03-01,5.9
UKR,2026-03-01,9.2
VEN,2026-03-01,7.5
YEM,2026-03-01,7.55
ZMB,2026-03-01,6.4
ZWE,2026-03-01,7.1
AFG,2026-04-01,9.0
AGO,2026-04-01,6.6
BDI,2026-04-01,5.85
BEN,2026-04-01,4.5
BFA,2026-04-01,8.4
BGD,2026-04-01,6.4
BRA,2026-04-01,5.1
CAF,2026-04-01,7.9
CHL,2026-04-01,5.0
CIV,2026-04-01,4.3
COD,2026-04-01,9.0
COL,2026-04-01,7.3999999999999995
CRI,2026-04-01,3.6
CUB,2026-04-01,6.6
DJI,2026-04-01,5.0
DOM,2026-04-01,4.1
DZA,2026-04-01,5.3
ECU,2026-04-01,5.566666666666666
EGY,2026-04-01,5.6
ERI,2026-04-01,5.9
ESP,2026-04-01,3.4
ETH,2026-04-01,7.4
GRC,2026-04-01,4.2
GTM,2026-04-01,7.2
HND,2026-04-01,6.6
HTI,2026-04-01,8.8
IDN,2026-04-01,4.9
IRN,2026-04-01,7.65
IRQ,2026-04-01,6.7
ITA,2026-04-01,3.9
JAM,2026-04-01,5.1
JOR,2026-04-01,5.9
KEN,2026-04-01,6.15
KHM,2026-04-01,4.0
LBN,2026-04-01,6.9
LBY,2026-04-01,6.35
LKA,2026-04-01,6.1
MAR,2026-04-01,4.050000000000001
MDG,2026-04-01,5.55
MEX,2026-04-01,5.5
MLI,2026-04-01,8.3
MMR,2026-04-01,8.8
MOZ,2026-04-01,6.4
MRT,2026-04-01,5.2
MWI,2026-04-01,6.7
MYS,2026-04-01,4.0
NAM,2026-04-01,5.3
NER,2026-04-01,7.2
NGA,2026-04-01,6.775
PAK,2026-04-01,7.25
PAN,2026-04-01,3.9
PER,2026-04-01,6.0
PHL,2026-04-01,4.1
PSE,2026-04-01,7.65
SDN,2026-04-01,9.6
SLV,2026-04-01,5.7
SOM,2026-04-01,6.3999999999999995
SSD,2026-04-01,8.350000000000001
SYR,2026-04-01,8.9
TCD,2026-04-01,6.6
TGO,2026-04-01,4.2
THA,2026-04-01,4.7
TTO,2026-04-01,3.0
TUN,2026-04-01,4.0
TUR,2026-04-01,6.15
TZA,2026-04-01,5.1
UGA,2026-04-01,5.9
UKR,2026-04-01,9.2
VEN,2026-04-01,7.5
YEM,2026-04-01,6.333333333333333
