iso3,month,y_true,y_prob
AFG,2024-03-01,0.0,0.20453411144297154
AGO,2024-03-01,0.0,0.0
ALB,2024-03-01,0.0,0.0
ARE,2024-03-01,0.0,0.0
ARG,2024-03-01,0.0,0.0
ARM,2024-03-01,0.0,0.0
AUS,2024-03-01,0.0,0.0
AUT,2024-03-01,0.0,0.0
AZE,2024-03-01,0.0,0.0
BDI,2024-03-01,0.0,0.004484487865717406
BEL,2024-03-01,0.0,0.0
BEN,2024-03-01,0.0,0.005
BFA,2024-03-01,1.0,0.8414829748685306
BGD,2024-03-01,0.0,0.004843259708254887
BGR,2024-03-01,0.0,0.0
BHR,2024-03-01,0.0,0.0
BHS,2024-03-01,0.0,0.0
BIH,2024-03-01,0.0,0.0
BLR,2024-03-01,0.0,0.0
BLZ,2024-03-01,0.0,0.0
BOL,2024-03-01,0.0,0.005
BRA,2024-03-01,0.0,0.0
BRB,2024-03-01,0.0,0.0
BRN,2024-03-01,0.0,0.0
BTN,2024-03-01,0.0,0.0
BWA,2024-03-01,0.0,0.0
CAF,2024-03-01,0.0,0.8556149304916133
CAN,2024-03-01,0.0,0.0
CHE,2024-03-01,0.0,0.0
CHL,2024-03-01,0.0,0.0
CHN,2024-03-01,0.0,0.0
CIV,2024-03-01,0.0,0.0
CMR,2024-03-01,0.0,0.809992575041117
COL,2024-03-01,0.0,0.13813304501405776
COM,2024-03-01,0.0,0.0
CRI,2024-03-01,0.0,0.0
CUB,2024-03-01,0.0,0.005
CYP,2024-03-01,0.0,0.005
CZE,2024-03-01,0.0,0.0
DEU,2024-03-01,0.0,0.0
DJI,2024-03-01,0.0,0.0
DNK,2024-03-01,0.0,0.0
DOM,2024-03-01,0.0,0.0
DZA,2024-03-01,0.0,0.0
ECU,2024-03-01,0.0,0.006826057500667955
EGY,2024-03-01,0.0,0.0
ERI,2024-03-01,0.0,0.0
ESP,2024-03-01,0.0,0.0
EST,2024-03-01,0.0,0.0
FIN,2024-03-01,0.0,0.0
FJI,2024-03-01,0.0,0.0
FRA,2024-03-01,0.0,0.0
GAB,2024-03-01,0.0,0.0
GBR,2024-03-01,0.0,0.0
GEO,2024-03-01,0.0,0.0
GHA,2024-03-01,0.0,0.0
GIN,2024-03-01,0.0,0.0
GMB,2024-03-01,0.0,0.0
GNB,2024-03-01,0.0,0.0
GNQ,2024-03-01,0.0,0.0
GRC,2024-03-01,0.0,0.0
GRD,2024-03-01,0.0,0.0
GTM,2024-03-01,0.0,0.0
GUY,2024-03-01,0.0,0.0
HND,2024-03-01,0.0,0.0
HRV,2024-03-01,0.0,0.0
HUN,2024-03-01,0.0,0.0
IDN,2024-03-01,0.0,0.0
IND,2024-03-01,0.0,0.005
IRL,2024-03-01,0.0,0.0
IRN,2024-03-01,0.0,0.024082116504943803
IRQ,2024-03-01,0.0,0.2472733758075331
ISL,2024-03-01,0.0,0.0
ISR,2024-03-01,0.0,0.09475835941784384
ITA,2024-03-01,0.0,0.0
JAM,2024-03-01,0.0,0.0
JOR,2024-03-01,0.0,0.0049359377681176
JPN,2024-03-01,0.0,0.0
KAZ,2024-03-01,0.0,0.0
KEN,2024-03-01,0.0,0.49700088195508796
KGZ,2024-03-01,0.0,0.0
KHM,2024-03-01,0.0,0.0
KOR,2024-03-01,0.0,0.0
KWT,2024-03-01,0.0,0.0
LAO,2024-03-01,0.0,0.0
LBN,2024-03-01,0.0,0.35623714558989017
LBR,2024-03-01,0.0,0.0
LBY,2024-03-01,0.0,0.004627306011878336
LKA,2024-03-01,0.0,0.0
LSO,2024-03-01,0.0,0.0
LTU,2024-03-01,0.0,0.0
LUX,2024-03-01,0.0,0.0
LVA,2024-03-01,0.0,0.0
MAR,2024-03-01,0.0,0.0
MDA,2024-03-01,0.0,0.0
MDG,2024-03-01,0.0,0.005
MDV,2024-03-01,0.0,0.0
MEX,2024-03-01,0.0,0.018344017708554625
MKD,2024-03-01,0.0,0.0
MLT,2024-03-01,0.0,0.0
MNE,2024-03-01,0.0,0.0
MNG,2024-03-01,0.0,0.0
MRT,2024-03-01,0.0,0.004911217346764555
MUS,2024-03-01,0.0,0.0
MWI,2024-03-01,0.0,0.0
MYS,2024-03-01,0.0,0.0
NAM,2024-03-01,0.0,0.0
NER,2024-03-01,0.0,0.6481553900888477
NIC,2024-03-01,0.0,0.0
NLD,2024-03-01,0.0,0.0
NOR,2024-03-01,0.0,0.0
NPL,2024-03-01,0.0,0.0
NZL,2024-03-01,0.0,0.0
OMN,2024-03-01,0.0,0.0
PAK,2024-03-01,0.0,0.06820687788583522
PAN,2024-03-01,0.0,0.0
PER,2024-03-01,0.0,0.0
PHL,2024-03-01,0.0,0.6878515891164192
PNG,2024-03-01,0.0,0.03901244201903342
POL,2024-03-01,0.0,0.0
PRK,2024-03-01,0.0,0.0
PRT,2024-03-01,0.0,0.0
PRY,2024-03-01,0.0,0.0
PSE,2024-03-01,0.0,0.3185331771671195
QAT,2024-03-01,0.0,0.0
ROU,2024-03-01,0.0,0.0
RUS,2024-03-01,0.0,0.1224759562752776
RWA,2024-03-01,0.0,0.0
SAU,2024-03-01,0.0,0.0
SDN,2024-03-01,0.0,0.7379685997821085
SEN,2024-03-01,0.0,0.0
SGP,2024-03-01,0.0,0.0
SLB,2024-03-01,0.0,0.0
SLE,2024-03-01,0.0,0.0
SLV,2024-03-01,0.0,0.0
SRB,2024-03-01,0.0,0.0
STP,2024-03-01,0.0,0.0
SVK,2024-03-01,0.0,0.0
SVN,2024-03-01,0.0,0.0
SWE,2024-03-01,0.0,0.0
SWZ,2024-03-01,0.0,0.0
SYC,2024-03-01,0.0,0.0
SYR,2024-03-01,0.0,0.7548674651519103
TCD,2024-03-01,0.0,0.5293653478587674
TGO,2024-03-01,0.0,0.0
THA,2024-03-01,0.0,0.0
TJK,2024-03-01,0.0,0.0
TKM,2024-03-01,0.0,0.0
TLS,2024-03-01,0.0,0.0
TON,2024-03-01,0.0,0.0
TTO,2024-03-01,0.0,0.0
TUN,2024-03-01,0.0,0.0
TUR,2024-03-01,0.0,0.00442976570234298
TZA,2024-03-01,0.0,0.0
UGA,2024-03-01,0.0,0.027766786518522185
UKR,2024-03-01,1.0,0.3643315996944909
URY,2024-03-01,0.0,0.0
USA,2024-03-01,0.0,0.0
UZB,2024-03-01,0.0,0.0
VEN,2024-03-01,0.0,0.0
VNM,2024-03-01,0.0,0.0
VUT,2024-03-01,0.0,0.0
WSM,2024-03-01,0.0,0.0
YEM,2024-03-01,0.0,0.16691829860579716
ZAF,2024-03-01,0.0,0.005
ZMB,2024-03-01,0.0,0.0
ZWE,2024-03-01,0.0,0.0
AFG,2024-04-01,0.0,0.18154696012969815
AGO,2024-04-01,0.0,0.0
ALB,2024-04-01,0.0,0.0
ARE,2024-04-01,0.0,0.0
ARG,2024-04-01,0.0,0.0
ARM,2024-04-01,0.0,0.0
AUS,2024-04-01,0.0,0.0
AUT,2024-04-01,0.0,0.0
AZE,2024-04-01,0.0,0.0
BDI,2024-04-01,0.0,0.026503577432405914
BEL,2024-04-01,0.0,0.0
BEN,2024-04-01,0.0,0.00483829504934074
BFA,2024-04-01,1.0,0.9179038473100742
BGD,2024-04-01,0.0,0.0187065964797879
BGR,2024-04-01,0.0,0.0
BHR,2024-04-01,0.0,0.0
BHS,2024-04-01,0.0,0.0
BIH,2024-04-01,0.0,0.0
BLR,2024-04-01,0.0,0.0
BLZ,2024-04-01,0.0,0.0
BOL,2024-04-01,0.0,0.0
BRA,2024-04-01,0.0,0.0033653457922362524
BRB,2024-04-01,0.0,0.0
BRN,2024-04-01,0.0,0.0
BTN,2024-04-01,0.0,0.0
BWA,2024-04-01,0.0,0.0
CAF,2024-04-01,0.0,0.8354394947068313
CAN,2024-04-01,0.0,0.0
CHE,2024-04-01,0.0,0.0
CHL,2024-04-01,0.0,0.0
CHN,2024-04-01,0.0,0.0
CIV,2024-04-01,0.0,0.0
CMR,2024-04-01,0.0,0.8486306949119747
COL,2024-04-01,0.0,0.06963283756272659
COM,2024-04-01,0.0,0.0
CRI,2024-04-01,0.0,0.0
CUB,2024-04-01,0.0,0.0
CYP,2024-04-01,0.0,0.01
CZE,2024-04-01,0.0,0.0
DEU,2024-04-01,0.0,0.0
DJI,2024-04-01,0.0,0.0
DNK,2024-04-01,0.0,0.0
DOM,2024-04-01,0.0,0.0
DZA,2024-04-01,0.0,0.0
ECU,2024-04-01,0.0,0.007698178739228892
EGY,2024-04-01,0.0,0.007216271621177008
ERI,2024-04-01,0.0,0.0
ESP,2024-04-01,0.0,0.0
EST,2024-04-01,0.0,0.0
FIN,2024-04-01,0.0,0.0
FJI,2024-04-01,0.0,0.0
FRA,2024-04-01,0.0,0.0
GAB,2024-04-01,0.0,0.0
GBR,2024-04-01,0.0,0.0
GEO,2024-04-01,0.0,0.0
GHA,2024-04-01,0.0,0.0
GIN,2024-04-01,0.0,0.0
GMB,2024-04-01,0.0,0.0
GNB,2024-04-01,0.0,0.0
GNQ,2024-04-01,0.0,0.0
GRC,2024-04-01,0.0,0.0
GRD,2024-04-01,0.0,0.0
GTM,2024-04-01,0.0,0.0
GUY,2024-04-01,0.0,0.0
HND,2024-04-01,0.0,0.0
HRV,2024-04-01,0.0,0.0
HUN,2024-04-01,0.0,0.0
IDN,2024-04-01,0.0,0.009116573783560376
IND,2024-04-01,0.0,0.0
IRL,2024-04-01,0.0,0.0
IRN,2024-04-01,0.0,0.020402334567684227
IRQ,2024-04-01,0.0,0.1791682662167637
ISL,2024-04-01,0.0,0.0
ISR,2024-04-01,0.0,0.1252977925849919
ITA,2024-04-01,0.0,0.0
JAM,2024-04-01,0.0,0.0
JOR,2024-04-01,0.0,0.0
JPN,2024-04-01,0.0,0.0
KAZ,2024-04-01,0.0,0.0
KEN,2024-04-01,0.0,0.2216890232292901
KGZ,2024-04-01,0.0,0.0
KHM,2024-04-01,0.0,0.0
KOR,2024-04-01,0.0,0.0
KWT,2024-04-01,0.0,0.0
LAO,2024-04-01,0.0,0.0
LBN,2024-04-01,0.0,0.23646955358605093
LBR,2024-04-01,0.0,0.0
LBY,2024-04-01,0.0,0.01080617127781604
LKA,2024-04-01,0.0,0.0
LSO,2024-04-01,0.0,0.0
LTU,2024-04-01,0.0,0.0
LUX,2024-04-01,0.0,0.0
LVA,2024-04-01,0.0,0.0
MAR,2024-04-01,0.0,0.0
MDA,2024-04-01,0.0,0.0
MDG,2024-04-01,0.0,0.0
MDV,2024-04-01,0.0,0.0
MEX,2024-04-01,0.0,0.0
MKD,2024-04-01,0.0,0.0
MLT,2024-04-01,0.0,0.0
MNE,2024-04-01,0.0,0.0
MNG,2024-04-01,0.0,0.0
MRT,2024-04-01,0.0,0.0
MUS,2024-04-01,0.0,0.0
MWI,2024-04-01,0.0,0.0
MYS,2024-04-01,0.0,0.0
NAM,2024-04-01,0.0,0.0
NER,2024-04-01,0.0,0.9102442357319365
NGA,2024-04-01,0.0,0.8317542683648628
NIC,2024-04-01,0.0,0.0
NLD,2024-04-01,0.0,0.0
NOR,2024-04-01,0.0,0.0
NPL,2024-04-01,0.0,0.0
NZL,2024-04-01,0.0,0.0
OMN,2024-04-01,0.0,0.0
PAK,2024-04-01,0.0,0.047835221344664586
PAN,2024-04-01,0.0,0.0
PER,2024-04-01,0.0,0.0
PHL,2024-04-01,0.0,0.5800426443114634
PNG,2024-04-01,0.0,0.026865899755526553
POL,2024-04-01,0.0,0.0
PRK,2024-04-01,0.0,0.0
PRT,2024-04-01,0.0,0.0
PRY,2024-04-01,0.0,0.0
PSE,2024-04-01,1.0,0.11769155590180284
QAT,2024-04-01,0.0,0.0
ROU,2024-04-01,0.0,0.0
RUS,2024-04-01,0.0,0.05810514661582821
RWA,2024-04-01,0.0,0.0
SAU,2024-04-01,0.0,0.0
SDN,2024-04-01,0.0,0.6326902086028597
SEN,2024-04-01,0.0,0.0
SGP,2024-04-01,0.0,0.0
SLB,2024-04-01,0.0,0.0
SLE,2024-04-01,0.0,0.0
SLV,2024-04-01,0.0,0.0
SRB,2024-04-01,0.0,0.0
STP,2024-04-01,0.0,0.0
SVK,2024-04-01,0.0,0.0
SVN,2024-04-01,0.0,0.0
SWE,2024-04-01,0.0,0.0
SWZ,2024-04-01,0.0,0.0
SYC,2024-04-01,0.0,0.0
SYR,2024-04-01,0.0,0.5202910895563199
TCD,2024-04-01,0.0,0.11737324629676583
TGO,2024-04-01,0.0,0.0
THA,2024-04-01,0.0,0.0
TJK,2024-04-01,0.0,0.0
TKM,2024-04-01,0.0,0.0
TLS,2024-04-01,0.0,0.0
TON,2024-04-01,0.0,0.0
TTO,2024-04-01,0.0,0.0
TUN,2024-04-01,0.0,0.0
TUR,2024-04-01,0.0,0.009868284600622218
TZA,2024-04-01,0.0,0.0
UGA,2024-04-01,0.0,0.044848100891667755
UKR,2024-04-01,1.0,0.251664059945001
URY,2024-04-01,0.0,0.0
USA,2024-04-01,0.0,0.0
UZB,2024-04-01,0.0,0.0
VEN,2024-04-01,0.0,0.0
VNM,2024-04-01,0.0,0.0
VUT,2024-04-01,0.0,0.0
WSM,2024-04-01,0.0,0.0
YEM,2024-04-01,0.0,0.1654839500060789
ZAF,2024-04-01,0.0,0.0
ZMB,2024-04-01,0.0,0.0
ZWE,2024-04-01,0.0,0.0
AFG,2024-05-01,0.0,0.26444646302092445
AGO,2024-05-01,0.0,0.0
ALB,2024-05-01,0.0,0.0
ARE,2024-05-01,0.0,0.0
ARG,2024-05-01,0.0,0.0
ARM,2024-05-01,0.0,0.0
AUS,2024-05-01,0.0,0.0
AUT,2024-05-01,0.0,0.0
AZE,2024-05-01,0.0,0.0
BDI,2024-05-01,0.0,0.009692305348845706
BEL,2024-05-01,0.0,0.0
BEN,2024-05-01,0.0,0.004832307943594491
BGD,2024-05-01,0.0,0.01257662109586059
BGR,2024-05-01,0.0,0.0
BHR,2024-05-01,0.0,0.0
BHS,2024-05-01,0.0,0.0
BIH,2024-05-01,0.0,0.0
BLR,2024-05-01,0.0,0.0
BLZ,2024-05-01,0.0,0.0
BOL,2024-05-01,0.0,0.0
BRA,2024-05-01,0.0,0.00973587321914519
BRB,2024-05-01,0.0,0.0
BRN,2024-05-01,0.0,0.0
BTN,2024-05-01,0.0,0.0
BWA,2024-05-01,0.0,0.0
CAF,2024-05-01,0.0,0.5944715389839988
CAN,2024-05-01,0.0,0.0
CHE,2024-05-01,0.0,0.0
CHL,2024-05-01,0.0,0.0
CHN,2024-05-01,0.0,0.0
CIV,2024-05-01,0.0,0.0
CMR,2024-05-01,0.0,0.8605638270307978
COL,2024-05-01,0.0,0.05368061326896521
COM,2024-05-01,0.0,0.0
CRI,2024-05-01,0.0,0.0
CUB,2024-05-01,0.0,0.0
CYP,2024-05-01,0.0,0.0
CZE,2024-05-01,0.0,0.0
DEU,2024-05-01,0.0,0.0
DJI,2024-05-01,0.0,0.0
DNK,2024-05-01,0.0,0.0
DOM,2024-05-01,0.0,0.0
DZA,2024-05-01,0.0,0.0
ECU,2024-05-01,0.0,0.01465178977044443
EGY,2024-05-01,0.0,0.0
ERI,2024-05-01,0.0,0.0
ESP,2024-05-01,0.0,0.0
EST,2024-05-01,0.0,0.0
FIN,2024-05-01,0.0,0.0
FJI,2024-05-01,0.0,0.0
FRA,2024-05-01,0.0,0.0
GAB,2024-05-01,0.0,0.0
GBR,2024-05-01,0.0,0.0
GEO,2024-05-01,0.0,0.0
GHA,2024-05-01,0.0,0.0
GIN,2024-05-01,0.0,0.0
GMB,2024-05-01,0.0,0.0
GNB,2024-05-01,0.0,0.0
GNQ,2024-05-01,0.0,0.0
GRC,2024-05-01,0.0,0.0
GRD,2024-05-01,0.0,0.0
GTM,2024-05-01,0.0,0.0
GUY,2024-05-01,0.0,0.0
HND,2024-05-01,0.0,0.0
HRV,2024-05-01,0.0,0.0
HTI,2024-05-01,0.0,0.8839002636743318
HUN,2024-05-01,0.0,0.0
IDN,2024-05-01,0.0,0.009560076835977663
IND,2024-05-01,0.0,0.0
IRL,2024-05-01,0.0,0.0
IRN,2024-05-01,0.0,0.00692629451575672
IRQ,2024-05-01,0.0,0.17604223946619302
ISL,2024-05-01,0.0,0.0
ISR,2024-05-01,0.0,0.033923579167620135
ITA,2024-05-01,0.0,0.0
JAM,2024-05-01,0.0,0.0
JOR,2024-05-01,0.0,0.0
JPN,2024-05-01,0.0,0.0
KAZ,2024-05-01,0.0,0.0
KEN,2024-05-01,0.0,0.105017130918165
KGZ,2024-05-01,0.0,0.0
KHM,2024-05-01,0.0,0.0
KOR,2024-05-01,0.0,0.0
KWT,2024-05-01,0.0,0.0
LAO,2024-05-01,0.0,0.0
LBN,2024-05-01,0.0,0.23598632140441847
LBR,2024-05-01,0.0,0.0
LBY,2024-05-01,0.0,0.01464060761790416
LKA,2024-05-01,0.0,0.0
LSO,2024-05-01,0.0,0.0
LTU,2024-05-01,0.0,0.0
LUX,2024-05-01,0.0,0.0
LVA,2024-05-01,0.0,0.0
MAR,2024-05-01,0.0,0.0
MDA,2024-05-01,0.0,0.005
MDG,2024-05-01,0.0,0.0
MDV,2024-05-01,0.0,0.0
MEX,2024-05-01,0.0,0.0032851051544560196
MKD,2024-05-01,0.0,0.0
MLT,2024-05-01,0.0,0.0
MNE,2024-05-01,0.0,0.0
MNG,2024-05-01,0.0,0.0
MRT,2024-05-01,0.0,0.0
MUS,2024-05-01,0.0,0.0
MWI,2024-05-01,0.0,0.0
MYS,2024-05-01,0.0,0.0
NAM,2024-05-01,0.0,0.0
NER,2024-05-01,0.0,0.7554649915326379
NGA,2024-05-01,0.0,0.7186047916737587
NIC,2024-05-01,0.0,0.0
NLD,2024-05-01,0.0,0.0
NOR,2024-05-01,0.0,0.0
NPL,2024-05-01,0.0,0.0
NZL,2024-05-01,0.0,0.0
OMN,2024-05-01,0.0,0.0
PAK,2024-05-01,0.0,0.057474314099253056
PAN,2024-05-01,0.0,0.0
PER,2024-05-01,0.0,0.0
PHL,2024-05-01,0.0,0.4507976305940554
PNG,2024-05-01,0.0,0.029739518109513946
POL,2024-05-01,0.0,0.0
PRK,2024-05-01,0.0,0.0
PRT,2024-05-01,0.0,0.0
PRY,2024-05-01,0.0,0.0
PSE,2024-05-01,1.0,0.12097353752233177
QAT,2024-05-01,0.0,0.0
ROU,2024-05-01,0.0,0.0
RUS,2024-05-01,0.0,0.08918335104518457
RWA,2024-05-01,0.0,0.0
SAU,2024-05-01,0.0,0.0
SDN,2024-05-01,0.0,0.7105201692504647
SEN,2024-05-01,0.0,0.0
SGP,2024-05-01,0.0,0.0
SLB,2024-05-01,0.0,0.0
SLE,2024-05-01,0.0,0.0
SLV,2024-05-01,0.0,0.0
SOM,2024-05-01,1.0,0.8622873152355597
SRB,2024-05-01,0.0,0.0
SSD,2024-05-01,0.0,0.680852069638495
STP,2024-05-01,0.0,0.0
SVK,2024-05-01,0.0,0.0
SVN,2024-05-01,0.0,0.0
SWE,2024-05-01,0.0,0.0
SWZ,2024-05-01,0.0,0.0
SYC,2024-05-01,0.0,0.0
SYR,2024-05-01,0.0,0.277633063443045
TCD,2024-05-01,0.0,0.12532229254449567
TGO,2024-05-01,0.0,0.0
THA,2024-05-01,0.0,0.0
TJK,2024-05-01,0.0,0.0
TKM,2024-05-01,0.0,0.0
TLS,2024-05-01,0.0,0.0
TON,2024-05-01,0.0,0.0
TTO,2024-05-01,0.0,0.0
TUN,2024-05-01,0.0,0.0
TUR,2024-05-01,0.0,0.0
TZA,2024-05-01,0.0,0.0
UGA,2024-05-01,0.0,0.03370869768123583
UKR,2024-05-01,0.0,0.528802892092186
URY,2024-05-01,0.0,0.0
USA,2024-05-01,0.0,0.0
UZB,2024-05-01,0.0,0.0
VEN,2024-05-01,0.0,0.0
VNM,2024-05-01,0.0,0.0
VUT,2024-05-01,0.0,0.0
WSM,2024-05-01,0.0,0.0
YEM,2024-05-01,0.0,0.09611733358051511
ZAF,2024-05-01,0.0,0.0
ZMB,2024-05-01,0.0,0.0
ZWE,2024-05-01,0.0,0.0
AFG,2024-06-01,0.0,0.22460411422151597
AGO,2024-06-01,0.0,0.0
ALB,2024-06-01,0.0,0.0
ARE,2024-06-01,0.0,0.0
ARG,2024-06-01,0.0,0.0
ARM,2024-06-01,0.0,0.0
AUS,2024-06-01,0.0,0.0
AUT,2024-06-01,0.0,0.0
AZE,2024-06-01,0.0,0.0
BDI,2024-06-01,0.0,0.004517185558860069
BEL,2024-06-01,0.0,0.0
BEN,2024-06-01,0.0,0.0
BGD,2024-06-01,0.0,0.02093868527407878
BGR,2024-06-01,0.0,0.0
BHR,2024-06-01,0.0,0.0
BHS,2024-06-01,0.0,0.0
BIH,2024-06-01,0.0,0.0
BLR,2024-06-01,0.0,0.005
BLZ,2024-06-01,0.0,0.0
BOL,2024-06-01,0.0,0.0
BRA,2024-06-01,0.0,0.014047066559991968
BRB,2024-06-01,0.0,0.0
BRN,2024-06-01,0.0,0.0
BTN,2024-06-01,0.0,0.0
BWA,2024-06-01,0.0,0.0
CAF,2024-06-01,0.0,0.626777520235681
CAN,2024-06-01,0.0,0.0
CHE,2024-06-01,0.0,0.0
CHL,2024-06-01,0.0,0.0
CHN,2024-06-01,0.0,0.0
CIV,2024-06-01,0.0,0.0
CMR,2024-06-01,0.0,0.8182319788661923
COL,2024-06-01,0.0,0.1899375322457755
COM,2024-06-01,0.0,0.0
CRI,2024-06-01,0.0,0.0
CUB,2024-06-01,0.0,0.0
CYP,2024-06-01,0.0,0.0
CZE,2024-06-01,0.0,0.0
DEU,2024-06-01,0.0,0.0
DJI,2024-06-01,0.0,0.0
DNK,2024-06-01,0.0,0.0
DOM,2024-06-01,0.0,0.0
DZA,2024-06-01,0.0,0.0
ECU,2024-06-01,0.0,0.008972010669953394
EGY,2024-06-01,0.0,0.0
ERI,2024-06-01,0.0,0.0
ESP,2024-06-01,0.0,0.0
EST,2024-06-01,0.0,0.0
FIN,2024-06-01,0.0,0.0
FJI,2024-06-01,0.0,0.0
FRA,2024-06-01,0.0,0.0
GAB,2024-06-01,0.0,0.0
GBR,2024-06-01,0.0,0.0
GEO,2024-06-01,0.0,0.0
GHA,2024-06-01,0.0,0.0
GIN,2024-06-01,0.0,0.0
GMB,2024-06-01,0.0,0.0
GNB,2024-06-01,0.0,0.0
GNQ,2024-06-01,0.0,0.0
GRC,2024-06-01,0.0,0.0
GRD,2024-06-01,0.0,0.0
GTM,2024-06-01,0.0,0.0
GUY,2024-06-01,0.0,0.0
HND,2024-06-01,0.0,0.0
HRV,2024-06-01,0.0,0.0
HTI,2024-06-01,0.0,0.7264654335278544
HUN,2024-06-01,0.0,0.0
IDN,2024-06-01,0.0,0.005
IND,2024-06-01,0.0,0.005
IRL,2024-06-01,0.0,0.0
IRN,2024-06-01,0.0,0.013145089993328665
IRQ,2024-06-01,0.0,0.12631433791624716
ISL,2024-06-01,0.0,0.0
ISR,2024-06-01,0.0,0.02933528150715169
ITA,2024-06-01,0.0,0.0
JAM,2024-06-01,0.0,0.0
JOR,2024-06-01,0.0,0.0
JPN,2024-06-01,0.0,0.0
KAZ,2024-06-01,0.0,0.0
KEN,2024-06-01,0.0,0.08601986564169124
KGZ,2024-06-01,0.0,0.0
KHM,2024-06-01,0.0,0.0
KOR,2024-06-01,0.0,0.0
KWT,2024-06-01,0.0,0.0
LAO,2024-06-01,0.0,0.0
LBN,2024-06-01,0.0,0.19127378065927877
LBR,2024-06-01,0.0,0.0
LBY,2024-06-01,0.0,0.0
LKA,2024-06-01,0.0,0.0
LSO,2024-06-01,0.0,0.0
LTU,2024-06-01,0.0,0.0
LUX,2024-06-01,0.0,0.0
LVA,2024-06-01,0.0,0.0
MAR,2024-06-01,0.0,0.0
MDA,2024-06-01,0.0,0.0
MDG,2024-06-01,0.0,0.0
MDV,2024-06-01,0.0,0.0
MEX,2024-06-01,0.0,0.024126757568044513
MKD,2024-06-01,0.0,0.0
MLI,2024-06-01,0.0,0.7918996741541494
MLT,2024-06-01,0.0,0.0
MNE,2024-06-01,0.0,0.0
MNG,2024-06-01,0.0,0.0
MOZ,2024-06-01,0.0,0.6490939504282867
MRT,2024-06-01,0.0,0.0
MUS,2024-06-01,0.0,0.0
MWI,2024-06-01,0.0,0.0
MYS,2024-06-01,0.0,0.0
NAM,2024-06-01,0.0,0.0
NER,2024-06-01,0.0,0.7699263633597228
NGA,2024-06-01,0.0,0.5898761662292494
NIC,2024-06-01,0.0,0.0
NLD,2024-06-01,0.0,0.0
NOR,2024-06-01,0.0,0.0
NPL,2024-06-01,0.0,0.0
NZL,2024-06-01,0.0,0.0
OMN,2024-06-01,0.0,0.0
PAK,2024-06-01,0.0,0.008915095304718276
PAN,2024-06-01,0.0,0.0
PER,2024-06-01,0.0,0.0
PHL,2024-06-01,0.0,0.17229465125427684
PNG,2024-06-01,0.0,0.01760257194121628
POL,2024-06-01,0.0,0.0
PRK,2024-06-01,0.0,0.0
PRT,2024-06-01,0.0,0.0
PRY,2024-06-01,0.0,0.0
QAT,2024-06-01,0.0,0.0
ROU,2024-06-01,0.0,0.0
RUS,2024-06-01,1.0,0.061145111735210096
RWA,2024-06-01,0.0,0.0
SAU,2024-06-01,0.0,0.0
SDN,2024-06-01,0.0,0.47494457185545946
SEN,2024-06-01,0.0,0.0
SGP,2024-06-01,0.0,0.0
SLB,2024-06-01,0.0,0.0
SLE,2024-06-01,0.0,0.0
SLV,2024-06-01,0.0,0.0
SOM,2024-06-01,1.0,0.8639922226301584
SRB,2024-06-01,0.0,0.0
SSD,2024-06-01,0.0,0.5428851424512844
STP,2024-06-01,0.0,0.0
SVK,2024-06-01,0.0,0.0
SVN,2024-06-01,0.0,0.0
SWE,2024-06-01,0.0,0.0
SWZ,2024-06-01,0.0,0.0
SYC,2024-06-01,0.0,0.0
SYR,2024-06-01,0.0,0.35209045995181065
TCD,2024-06-01,0.0,0.3315311868393343
TGO,2024-06-01,0.0,0.0
THA,2024-06-01,0.0,0.0
TJK,2024-06-01,0.0,0.0
TKM,2024-06-01,0.0,0.0
TLS,2024-06-01,0.0,0.0
TON,2024-06-01,0.0,0.0
TTO,2024-06-01,0.0,0.0
TUN,2024-06-01,0.0,0.0
TUR,2024-06-01,0.0,0.0
TZA,2024-06-01,0.0,0.0
UGA,2024-06-01,0.0,0.050037774723453686
UKR,2024-06-01,1.0,0.632265996452243
URY,2024-06-01,0.0,0.0
USA,2024-06-01,0.0,0.0
UZB,2024-06-01,0.0,0.0
VEN,2024-06-01,0.0,0.0
VNM,2024-06-01,0.0,0.0
VUT,2024-06-01,0.0,0.0
WSM,2024-06-01,0.0,0.0
YEM,2024-06-01,0.0,0.13885358028230732
ZAF,2024-06-01,0.0,0.0
ZMB,2024-06-01,0.0,0.0
ZWE,2024-06-01,0.0,0.0
AFG,2024-07-01,0.0,0.2775681652656192
AGO,2024-07-01,0.0,0.0
ALB,2024-07-01,0.0,0.0
ARE,2024-07-01,0.0,0.0
ARG,2024-07-01,0.0,0.0
ARM,2024-07-01,0.0,0.0
AUS,2024-07-01,0.0,0.0
AUT,2024-07-01,0.0,0.0
AZE,2024-07-01,0.0,0.0
BDI,2024-07-01,0.0,0.03831010710568903
BEL,2024-07-01,0.0,0.0
BEN,2024-07-01,0.0,0.014999735954672378
BGD,2024-07-01,0.0,0.01810203418386739
BGR,2024-07-01,0.0,0.0
BHR,2024-07-01,0.0,0.0
BHS,2024-07-01,0.0,0.0
BIH,2024-07-01,0.0,0.0
BLR,2024-07-01,0.0,0.0
BLZ,2024-07-01,0.0,0.0
BOL,2024-07-01,0.0,0.0
BRA,2024-07-01,0.0,0.0
BRB,2024-07-01,0.0,0.0
BRN,2024-07-01,0.0,0.0
BTN,2024-07-01,0.0,0.0
BWA,2024-07-01,0.0,0.0
CAF,2024-07-01,0.0,0.7213738643309431
CAN,2024-07-01,0.0,0.0
CHE,2024-07-01,0.0,0.0
CHL,2024-07-01,0.0,0.0
CHN,2024-07-01,0.0,0.0
CIV,2024-07-01,0.0,0.0
CMR,2024-07-01,0.0,0.5786322604637157
COL,2024-07-01,0.0,0.10647295088260701
COM,2024-07-01,0.0,0.0
CRI,2024-07-01,0.0,0.0
CUB,2024-07-01,0.0,0.0
CYP,2024-07-01,0.0,0.0
CZE,2024-07-01,0.0,0.0
DEU,2024-07-01,0.0,0.0
DJI,2024-07-01,0.0,0.0
DNK,2024-07-01,0.0,0.0
DOM,2024-07-01,0.0,0.0
DZA,2024-07-01,0.0,0.0008920087976539573
ECU,2024-07-01,0.0,0.0
EGY,2024-07-01,0.0,0.0
ERI,2024-07-01,0.0,0.0
ESP,2024-07-01,0.0,0.0
EST,2024-07-01,0.0,0.0
FIN,2024-07-01,0.0,0.0
FJI,2024-07-01,0.0,0.0
FRA,2024-07-01,0.0,0.0
GAB,2024-07-01,0.0,0.0
GBR,2024-07-01,0.0,0.0
GEO,2024-07-01,0.0,0.0
GHA,2024-07-01,0.0,0.0
GIN,2024-07-01,0.0,0.0
GMB,2024-07-01,0.0,0.0
GNB,2024-07-01,0.0,0.0
GNQ,2024-07-01,0.0,0.0
GRC,2024-07-01,0.0,0.0
GRD,2024-07-01,0.0,0.0
GTM,2024-07-01,0.0,0.0
GUY,2024-07-01,0.0,0.0
HND,2024-07-01,0.0,0.0
HRV,2024-07-01,0.0,0.0
HTI,2024-07-01,0.0,0.650606347079441
HUN,2024-07-01,0.0,0.0
IDN,2024-07-01,0.0,0.009484061008760947
IND,2024-07-01,0.0,0.005
IRL,2024-07-01,0.0,0.0
IRN,2024-07-01,0.0,0.024027694733148867
IRQ,2024-07-01,0.0,0.07259912540102971
ISL,2024-07-01,0.0,0.0
ISR,2024-07-01,0.0,0.05875533261449943
ITA,2024-07-01,0.0,0.0
JAM,2024-07-01,0.0,0.0
JOR,2024-07-01,0.0,0.0
JPN,2024-07-01,0.0,0.0
KAZ,2024-07-01,0.0,0.0
KEN,2024-07-01,0.0,0.06618248951562268
KGZ,2024-07-01,0.0,0.0
KHM,2024-07-01,0.0,0.0
KOR,2024-07-01,0.0,0.0
KWT,2024-07-01,0.0,0.0
LAO,2024-07-01,0.0,0.0
LBN,2024-07-01,1.0,0.1886270941879177
LBR,2024-07-01,0.0,0.0
LBY,2024-07-01,0.0,0.017636577003465694
LKA,2024-07-01,0.0,0.0
LSO,2024-07-01,0.0,0.0
LTU,2024-07-01,0.0,0.0
LUX,2024-07-01,0.0,0.0
LVA,2024-07-01,0.0,0.0
MAR,2024-07-01,0.0,0.0
MDA,2024-07-01,0.0,0.0
MDG,2024-07-01,0.0,0.0
MDV,2024-07-01,0.0,0.0
MEX,2024-07-01,0.0,0.023301491305987843
MKD,2024-07-01,0.0,0.0
MLI,2024-07-01,0.0,0.8530586158417202
MLT,2024-07-01,0.0,0.0
MNE,2024-07-01,0.0,0.0
MNG,2024-07-01,0.0,0.0
MOZ,2024-07-01,0.0,0.3418236745393358
MRT,2024-07-01,0.0,0.0
MUS,2024-07-01,0.0,0.0
MWI,2024-07-01,0.0,0.0
MYS,2024-07-01,0.0,0.0
NAM,2024-07-01,0.0,0.0
NER,2024-07-01,0.0,0.5677802835289444
NGA,2024-07-01,0.0,0.429073424007783
NIC,2024-07-01,0.0,0.0
NLD,2024-07-01,0.0,0.0
NOR,2024-07-01,0.0,0.0
NPL,2024-07-01,0.0,0.0
NZL,2024-07-01,0.0,0.0
OMN,2024-07-01,0.0,0.0
PAK,2024-07-01,0.0,0.036057577657620105
PAN,2024-07-01,0.0,0.0
PER,2024-07-01,0.0,0.0
PHL,2024-07-01,0.0,0.24147034154488392
PNG,2024-07-01,0.0,0.0340559340400134
POL,2024-07-01,0.0,0.0
PRK,2024-07-01,0.0,0.0
PRT,2024-07-01,0.0,0.0
PRY,2024-07-01,0.0,0.0
QAT,2024-07-01,0.0,0.0
ROU,2024-07-01,0.0,0.0
RUS,2024-07-01,1.0,0.07948533556350185
RWA,2024-07-01,0.0,0.0
SAU,2024-07-01,0.0,0.0
SDN,2024-07-01,0.0,0.4997517785123579
SEN,2024-07-01,0.0,0.0
SGP,2024-07-01,0.0,0.0
SLB,2024-07-01,0.0,0.0
SLE,2024-07-01,0.0,0.0
SLV,2024-07-01,0.0,0.0
SRB,2024-07-01,0.0,0.0
SSD,2024-07-01,0.0,0.5187688328841289
STP,2024-07-01,0.0,0.0
SVK,2024-07-01,0.0,0.0
SVN,2024-07-01,0.0,0.0
SWE,2024-07-01,0.0,0.0
SWZ,2024-07-01,0.0,0.0
SYC,2024-07-01,0.0,0.0
SYR,2024-07-01,0.0,0.21558752380259352
TCD,2024-07-01,0.0,0.3163243090546544
TGO,2024-07-01,0.0,0.005
THA,2024-07-01,0.0,0.0
TJK,2024-07-01,0.0,0.0
TKM,2024-07-01,0.0,0.0
TLS,2024-07-01,0.0,0.0
TON,2024-07-01,0.0,0.0
TTO,2024-07-01,0.0,0.0
TUN,2024-07-01,0.0,0.0
TUR,2024-07-01,0.0,0.00934874294986812
TZA,2024-07-01,0.0,0.0
UGA,2024-07-01,0.0,0.09228092476120561
UKR,2024-07-01,1.0,0.5717312577312376
URY,2024-07-01,0.0,0.0
USA,2024-07-01,0.0,0.0
UZB,2024-07-01,0.0,0.0
VEN,2024-07-01,0.0,0.005
VNM,2024-07-01,0.0,0.0
VUT,2024-07-01,0.0,0.0
WSM,2024-07-01,0.0,0.0
YEM,2024-07-01,0.0,0.12537335012196368
ZAF,2024-07-01,0.0,0.0
ZMB,2024-07-01,0.0,0.0
ZWE,2024-07-01,0.0,0.0
AFG,2024-08-01,0.0,0.3362656612465532
AGO,2024-08-01,0.0,0.0
ALB,2024-08-01,0.0,0.0
ARE,2024-08-01,0.0,0.0
ARG,2024-08-01,0.0,0.0
ARM,2024-08-01,0.0,0.0
AUS,2024-08-01,0.0,0.0
AUT,2024-08-01,0.0,0.0
AZE,2024-08-01,0.0,0.0
BDI,2024-08-01,0.0,0.023580022215089036
BEL,2024-08-01,0.0,0.0
BEN,2024-08-01,0.0,0.008421003975224196
BGD,2024-08-01,0.0,0.019916301315265048
BGR,2024-08-01,0.0,0.0
BHR,2024-08-01,0.0,0.0
BHS,2024-08-01,0.0,0.0
BIH,2024-08-01,0.0,0.0
BLR,2024-08-01,0.0,0.0
BLZ,2024-08-01,0.0,0.0
BOL,2024-08-01,0.0,0.0
BRA,2024-08-01,0.0,0.00950379340005989
BRB,2024-08-01,0.0,0.0
BRN,2024-08-01,0.0,0.0
BTN,2024-08-01,0.0,0.0
BWA,2024-08-01,0.0,0.0
CAF,2024-08-01,0.0,0.6594902673337427
CAN,2024-08-01,0.0,0.0
CHE,2024-08-01,0.0,0.0
CHL,2024-08-01,0.0,0.0
CHN,2024-08-01,0.0,0.0
CIV,2024-08-01,0.0,0.0
CMR,2024-08-01,0.0,0.2670175547198952
COL,2024-08-01,0.0,0.09391263132736741
COM,2024-08-01,0.0,0.0
CRI,2024-08-01,0.0,0.0
CUB,2024-08-01,0.0,0.0
CYP,2024-08-01,0.0,0.0
CZE,2024-08-01,0.0,0.0
DEU,2024-08-01,0.0,0.0
DJI,2024-08-01,0.0,0.0
DNK,2024-08-01,0.0,0.0
DOM,2024-08-01,0.0,0.0
DZA,2024-08-01,0.0,0.0
ECU,2024-08-01,0.0,0.0
EGY,2024-08-01,0.0,0.0
ERI,2024-08-01,0.0,0.0
ESP,2024-08-01,0.0,0.0
EST,2024-08-01,0.0,0.0
FIN,2024-08-01,0.0,0.0
FJI,2024-08-01,0.0,0.0
FRA,2024-08-01,0.0,0.0
GAB,2024-08-01,0.0,0.0
GBR,2024-08-01,0.0,0.0
GEO,2024-08-01,0.0,0.0
GHA,2024-08-01,0.0,0.0
GIN,2024-08-01,0.0,0.0
GMB,2024-08-01,0.0,0.0
GNB,2024-08-01,0.0,0.0
GNQ,2024-08-01,0.0,0.0
GRC,2024-08-01,0.0,0.0
GRD,2024-08-01,0.0,0.0
GTM,2024-08-01,0.0,0.0
GUY,2024-08-01,0.0,0.0
HND,2024-08-01,0.0,0.00983093994778068
HRV,2024-08-01,0.0,0.0
HTI,2024-08-01,0.0,0.5015508113266215
HUN,2024-08-01,0.0,0.0
IDN,2024-08-01,0.0,0.018641890827944988
IND,2024-08-01,0.0,0.005
IRL,2024-08-01,0.0,0.0
IRN,2024-08-01,0.0,0.023980102850521517
IRQ,2024-08-01,0.0,0.21465511476055738
ISL,2024-08-01,0.0,0.0
ISR,2024-08-01,0.0,0.06990630717372565
ITA,2024-08-01,0.0,0.0
JAM,2024-08-01,0.0,0.0
JOR,2024-08-01,0.0,0.0
JPN,2024-08-01,0.0,0.0
KAZ,2024-08-01,0.0,0.0
KEN,2024-08-01,0.0,0.037439980291655336
KGZ,2024-08-01,0.0,0.0
KHM,2024-08-01,0.0,0.0
KOR,2024-08-01,0.0,0.0
KWT,2024-08-01,0.0,0.0
LAO,2024-08-01,0.0,0.0
LBN,2024-08-01,1.0,0.4350986291693025
LBR,2024-08-01,0.0,0.0
LBY,2024-08-01,0.0,0.02903860276838287
LKA,2024-08-01,0.0,0.0
LSO,2024-08-01,0.0,0.0
LTU,2024-08-01,0.0,0.0
LUX,2024-08-01,0.0,0.0
LVA,2024-08-01,0.0,0.0
MAR,2024-08-01,0.0,0.0
MDA,2024-08-01,0.0,0.0
MDG,2024-08-01,0.0,0.0
MDV,2024-08-01,0.0,0.0
MEX,2024-08-01,0.0,0.018718552496604465
MKD,2024-08-01,0.0,0.0
MLI,2024-08-01,0.0,0.5326680438625135
MLT,2024-08-01,0.0,0.0
MNE,2024-08-01,0.0,0.0
MNG,2024-08-01,0.0,0.0
MOZ,2024-08-01,0.0,0.10743473246073432
MRT,2024-08-01,0.0,0.0
MUS,2024-08-01,0.0,0.0
MWI,2024-08-01,0.0,0.0
MYS,2024-08-01,0.0,0.0
NAM,2024-08-01,0.0,0.0
NER,2024-08-01,0.0,0.28656673755542195
NGA,2024-08-01,0.0,0.28182144981989005
NIC,2024-08-01,0.0,0.0
NLD,2024-08-01,0.0,0.0
NOR,2024-08-01,0.0,0.0
NPL,2024-08-01,0.0,0.0
NZL,2024-08-01,0.0,0.0
OMN,2024-08-01,0.0,0.01
PAK,2024-08-01,0.0,0.03130948925819587
PAN,2024-08-01,0.0,0.0
PER,2024-08-01,0.0,0.0
PHL,2024-08-01,0.0,0.15613766931682824
PNG,2024-08-01,0.0,0.039261291391882336
POL,2024-08-01,0.0,0.0
PRK,2024-08-01,0.0,0.0
PRT,2024-08-01,0.0,0.0
PRY,2024-08-01,0.0,0.0
QAT,2024-08-01,0.0,0.0
ROU,2024-08-01,0.0,0.0
RWA,2024-08-01,0.0,0.0
SAU,2024-08-01,0.0,0.0
SDN,2024-08-01,1.0,0.4430993093248902
SEN,2024-08-01,0.0,0.0
SGP,2024-08-01,0.0,0.0
SLB,2024-08-01,0.0,0.0
SLE,2024-08-01,0.0,0.0
SLV,2024-08-01,0.0,0.0
SRB,2024-08-01,0.0,0.0
SSD,2024-08-01,0.0,0.4216826292438221
STP,2024-08-01,0.0,0.0
SVK,2024-08-01,0.0,0.0
SVN,2024-08-01,0.0,0.0
SWE,2024-08-01,0.0,0.0
SWZ,2024-08-01,0.0,0.0
SYC,2024-08-01,0.0,0.0
SYR,2024-08-01,0.0,0.6519256593296897
TCD,2024-08-01,0.0,0.2400616868195028
TGO,2024-08-01,0.0,0.0
THA,2024-08-01,0.0,0.0
TJK,2024-08-01,0.0,0.0
TKM,2024-08-01,0.0,0.0
TLS,2024-08-01,0.0,0.0
TON,2024-08-01,0.0,0.0
TTO,2024-08-01,0.0,0.0
TUN,2024-08-01,0.0,0.0
TUR,2024-08-01,0.0,0.01092260462014401
TZA,2024-08-01,0.0,0.0
UGA,2024-08-01,0.0,0.04141943921945044
URY,2024-08-01,0.0,0.0
USA,2024-08-01,0.0,0.0
UZB,2024-08-01,0.0,0.0
VEN,2024-08-01,0.0,0.0
VNM,2024-08-01,0.0,0.0
VUT,2024-08-01,0.0,0.0
WSM,2024-08-01,0.0,0.0
YEM,2024-08-01,0.0,0.09849536317927203
ZAF,2024-08-01,0.0,0.0
ZMB,2024-08-01,0.0,0.0
ZWE,2024-08-01,0.0,0.0
AFG,2024-09-01,0.0,0.21784941055633233
AGO,2024-09-01,0.0,0.0
ALB,2024-09-01,0.0,0.0
ARE,2024-09-01,0.0,0.0
ARG,2024-09-01,0.0,0.0
ARM,2024-09-01,0.0,0.0
AUS,2024-09-01,0.0,0.0
AUT,2024-09-01,0.0,0.0
AZE,2024-09-01,0.0,0.0
BDI,2024-09-01,0.0,0.004463884028992751
BEL,2024-09-01,0.0,0.0
BEN,2024-09-01,0.0,0.006484411580869554
BGD,2024-09-01,0.0,0.0
BGR,2024-09-01,0.0,0.0
BHR,2024-09-01,0.0,0.0
BHS,2024-09-01,0.0,0.0
BIH,2024-09-01,0.0,0.0
BLR,2024-09-01,0.0,0.0
BLZ,2024-09-01,0.0,0.0
BOL,2024-09-01,0.0,0.0
BRA,2024-09-01,0.0,0.011503430244376375
BRB,2024-09-01,0.0,0.0
BRN,2024-09-01,0.0,0.0
BTN,2024-09-01,0.0,0.0
BWA,2024-09-01,0.0,0.0
CAF,2024-09-01,0.0,0.4993446696527706
CAN,2024-09-01,0.0,0.0
CHE,2024-09-01,0.0,0.0
CHL,2024-09-01,0.0,0.0
CHN,2024-09-01,0.0,0.0
CIV,2024-09-01,0.0,0.0
CMR,2024-09-01,0.0,0.2755873250987091
COL,2024-09-01,0.0,0.08379243409629605
COM,2024-09-01,0.0,0.0
CRI,2024-09-01,0.0,0.0
CUB,2024-09-01,0.0,0.0
CYP,2024-09-01,0.0,0.0
CZE,2024-09-01,0.0,0.0
DEU,2024-09-01,0.0,0.0
DJI,2024-09-01,0.0,0.0
DNK,2024-09-01,0.0,0.0
DOM,2024-09-01,0.0,0.0
DZA,2024-09-01,0.0,0.0
ECU,2024-09-01,0.0,0.004541635325492332
EGY,2024-09-01,0.0,0.0
ERI,2024-09-01,0.0,0.0
ESP,2024-09-01,0.0,0.0
EST,2024-09-01,0.0,0.0
FIN,2024-09-01,0.0,0.0
FJI,2024-09-01,0.0,0.0
FRA,2024-09-01,0.0,0.0
GAB,2024-09-01,0.0,0.0
GBR,2024-09-01,0.0,0.0
GEO,2024-09-01,0.0,0.0
GHA,2024-09-01,0.0,0.0
GIN,2024-09-01,0.0,0.0
GMB,2024-09-01,0.0,0.0
GNB,2024-09-01,0.0,0.0
GNQ,2024-09-01,0.0,0.0
GRC,2024-09-01,0.0,0.0
GRD,2024-09-01,0.0,0.0
GTM,2024-09-01,0.0,0.0
GUY,2024-09-01,0.0,0.0
HND,2024-09-01,0.0,0.0
HRV,2024-09-01,0.0,0.0
HTI,2024-09-01,0.0,0.44135689567693015
HUN,2024-09-01,0.0,0.0
IDN,2024-09-01,0.0,0.024415737662425573
IND,2024-09-01,0.0,0.004669804273121164
IRL,2024-09-01,0.0,0.0
IRN,2024-09-01,0.0,0.005752631352511838
IRQ,2024-09-01,0.0,0.2706575386011914
ISL,2024-09-01,0.0,0.0
ISR,2024-09-01,0.0,0.019243096998524074
ITA,2024-09-01,0.0,0.0
JAM,2024-09-01,0.0,0.0
JOR,2024-09-01,0.0,0.0
JPN,2024-09-01,0.0,0.0
KAZ,2024-09-01,0.0,0.0
KEN,2024-09-01,0.0,0.004688301278295229
KGZ,2024-09-01,0.0,0.0
KHM,2024-09-01,0.0,0.0
KOR,2024-09-01,0.0,0.0
KWT,2024-09-01,0.0,0.0
LAO,2024-09-01,0.0,0.0
LBR,2024-09-01,0.0,0.0
LBY,2024-09-01,0.0,0.05149966835439619
LKA,2024-09-01,0.0,0.0
LSO,2024-09-01,0.0,0.0
LTU,2024-09-01,0.0,0.0
LUX,2024-09-01,0.0,0.0
LVA,2024-09-01,0.0,0.0
MAR,2024-09-01,0.0,0.0
MDA,2024-09-01,0.0,0.0
MDG,2024-09-01,0.0,0.0
MDV,2024-09-01,0.0,0.0
MEX,2024-09-01,0.0,0.041400221518842636
MKD,2024-09-01,0.0,0.0
MLI,2024-09-01,0.0,0.48621829743300515
MLT,2024-09-01,0.0,0.0
MNE,2024-09-01,0.0,0.0
MNG,2024-09-01,0.0,0.0
MOZ,2024-09-01,0.0,0.2757696835040676
MRT,2024-09-01,0.0,0.0
MUS,2024-09-01,0.0,0.0
MWI,2024-09-01,0.0,0.0
MYS,2024-09-01,0.0,0.0
NAM,2024-09-01,0.0,0.0
NER,2024-09-01,0.0,0.6401227996651407
NGA,2024-09-01,0.0,0.23972844021800543
NIC,2024-09-01,0.0,0.0
NLD,2024-09-01,0.0,0.0
NOR,2024-09-01,0.0,0.0
NPL,2024-09-01,0.0,0.0
NZL,2024-09-01,0.0,0.0
OMN,2024-09-01,0.0,0.0
PAK,2024-09-01,0.0,0.08526798074618856
PAN,2024-09-01,0.0,0.0
PER,2024-09-01,0.0,0.0
PHL,2024-09-01,0.0,0.16313122148746537
PNG,2024-09-01,0.0,0.041316041238192526
POL,2024-09-01,0.0,0.0
PRK,2024-09-01,0.0,0.0
PRT,2024-09-01,0.0,0.0
PRY,2024-09-01,0.0,0.0
PSE,2024-09-01,0.0,0.49558805284950574
QAT,2024-09-01,0.0,0.0
ROU,2024-09-01,0.0,0.0
RWA,2024-09-01,0.0,0.0
SAU,2024-09-01,0.0,0.0
SDN,2024-09-01,1.0,0.28731669440873087
SEN,2024-09-01,0.0,0.0
SGP,2024-09-01,0.0,0.0
SLB,2024-09-01,0.0,0.0
SLE,2024-09-01,0.0,0.0
SLV,2024-09-01,0.0,0.0
SOM,2024-09-01,0.0,0.7801519862643278
SRB,2024-09-01,0.0,0.0
SSD,2024-09-01,0.0,0.5879804042673157
STP,2024-09-01,0.0,0.0
SVK,2024-09-01,0.0,0.0
SVN,2024-09-01,0.0,0.0
SWE,2024-09-01,0.0,0.0
SWZ,2024-09-01,0.0,0.0
SYC,2024-09-01,0.0,0.0
SYR,2024-09-01,1.0,0.5800878924901111
TCD,2024-09-01,0.0,0.19024505975937053
TGO,2024-09-01,0.0,0.0
THA,2024-09-01,0.0,0.0
TJK,2024-09-01,0.0,0.0
TKM,2024-09-01,0.0,0.0
TLS,2024-09-01,0.0,0.0
TON,2024-09-01,0.0,0.0
TTO,2024-09-01,0.0,0.0
TUN,2024-09-01,0.0,0.004807537012113055
TUR,2024-09-01,0.0,0.00892305761265219
TZA,2024-09-01,0.0,0.0
UGA,2024-09-01,0.0,0.06047179208929526
URY,2024-09-01,0.0,0.0
USA,2024-09-01,0.0,0.0
UZB,2024-09-01,0.0,0.0
VEN,2024-09-01,0.0,0.0
VNM,2024-09-01,0.0,0.0
VUT,2024-09-01,0.0,0.0
WSM,2024-09-01,0.0,0.0
YEM,2024-09-01,0.0,0.1591859237854772
ZAF,2024-09-01,0.0,0.0
ZMB,2024-09-01,0.0,0.0
ZWE,2024-09-01,0.0,0.0
AFG,2024-10-01,0.0,0.2320774168351262
AGO,2024-10-01,0.0,0.0
ALB,2024-10-01,0.0,0.0
ARE,2024-10-01,0.0,0.0
ARG,2024-10-01,0.0,0.0
ARM,2024-10-01,0.0,0.0
AUS,2024-10-01,0.0,0.0
AUT,2024-10-01,0.0,0.0
AZE,2024-10-01,0.0,0.0
BDI,2024-10-01,0.0,0.01406818363876432
BEL,2024-10-01,0.0,0.0
BEN,2024-10-01,0.0,0.004465304440250758
BGD,2024-10-01,0.0,0.008696791419932253
BGR,2024-10-01,0.0,0.0
BHR,2024-10-01,0.0,0.0
BHS,2024-10-01,0.0,0.0
BIH,2024-10-01,0.0,0.0
BLR,2024-10-01,0.0,0.0
BLZ,2024-10-01,0.0,0.0
BOL,2024-10-01,0.0,0.0
BRA,2024-10-01,0.0,0.004668681359180362
BRB,2024-10-01,0.0,0.0
BRN,2024-10-01,0.0,0.0
BTN,2024-10-01,0.0,0.0
BWA,2024-10-01,0.0,0.0
CAF,2024-10-01,0.0,0.3556850565953403
CAN,2024-10-01,0.0,0.0
CHE,2024-10-01,0.0,0.0
CHL,2024-10-01,0.0,0.0
CHN,2024-10-01,0.0,0.0
CIV,2024-10-01,0.0,0.0
CMR,2024-10-01,0.0,0.17935681887281923
COL,2024-10-01,0.0,0.06662611006596296
COM,2024-10-01,0.0,0.01
CRI,2024-10-01,0.0,0.0
CUB,2024-10-01,0.0,0.0
CYP,2024-10-01,0.0,0.0
CZE,2024-10-01,0.0,0.0
DEU,2024-10-01,0.0,0.0
DJI,2024-10-01,0.0,0.0
DNK,2024-10-01,0.0,0.0
DOM,2024-10-01,0.0,0.0
DZA,2024-10-01,0.0,0.0
ECU,2024-10-01,0.0,0.0
EGY,2024-10-01,0.0,0.0
ERI,2024-10-01,0.0,0.0
ESP,2024-10-01,0.0,0.0
EST,2024-10-01,0.0,0.0
ETH,2024-10-01,0.0,0.8921334091480057
FIN,2024-10-01,0.0,0.0
FJI,2024-10-01,0.0,0.0
FRA,2024-10-01,0.0,0.0
GAB,2024-10-01,0.0,0.0
GBR,2024-10-01,0.0,0.0
GEO,2024-10-01,0.0,0.0
GHA,2024-10-01,0.0,0.0
GIN,2024-10-01,0.0,0.0
GMB,2024-10-01,0.0,0.0
GNB,2024-10-01,0.0,0.0
GNQ,2024-10-01,0.0,0.0
GRC,2024-10-01,0.0,0.0
GRD,2024-10-01,0.0,0.0
GTM,2024-10-01,0.0,0.0
GUY,2024-10-01,0.0,0.0
HND,2024-10-01,0.0,0.014976930314815236
HRV,2024-10-01,0.0,0.0
HTI,2024-10-01,1.0,0.5794098071213093
HUN,2024-10-01,0.0,0.0
IDN,2024-10-01,0.0,0.03431726774046642
IND,2024-10-01,0.0,0.0
IRL,2024-10-01,0.0,0.0
IRN,2024-10-01,0.0,0.02790446396325864
IRQ,2024-10-01,0.0,0.2852131458306375
ISL,2024-10-01,0.0,0.0
ISR,2024-10-01,0.0,0.11893944997333124
ITA,2024-10-01,0.0,0.0
JAM,2024-10-01,0.0,0.0
JOR,2024-10-01,0.0,0.0
JPN,2024-10-01,0.0,0.0
KAZ,2024-10-01,0.0,0.0
KEN,2024-10-01,0.0,0.0
KGZ,2024-10-01,0.0,0.0
KHM,2024-10-01,0.0,0.0
KOR,2024-10-01,0.0,0.0
KWT,2024-10-01,0.0,0.0
LAO,2024-10-01,0.0,0.0
LBR,2024-10-01,0.0,0.0
LBY,2024-10-01,0.0,0.010443280091671454
LKA,2024-10-01,0.0,0.0
LSO,2024-10-01,0.0,0.0
LTU,2024-10-01,0.0,0.0
LUX,2024-10-01,0.0,0.0
LVA,2024-10-01,0.0,0.0
MAR,2024-10-01,0.0,0.0
MDA,2024-10-01,0.0,0.0
MDG,2024-10-01,0.0,0.0
MDV,2024-10-01,0.0,0.0
MEX,2024-10-01,0.0,0.03634589262527187
MKD,2024-10-01,0.0,0.0
MLI,2024-10-01,0.0,0.6665471453235936
MLT,2024-10-01,0.0,0.0
MNE,2024-10-01,0.0,0.0
MNG,2024-10-01,0.0,0.0
MOZ,2024-10-01,0.0,0.3990857263624261
MRT,2024-10-01,0.0,0.0
MUS,2024-10-01,0.0,0.0
MWI,2024-10-01,0.0,0.0
MYS,2024-10-01,0.0,0.0
NAM,2024-10-01,0.0,0.0
NER,2024-10-01,0.0,0.5567654031249352
NGA,2024-10-01,0.0,0.29994790860886883
NIC,2024-10-01,0.0,0.0
NLD,2024-10-01,0.0,0.0
NOR,2024-10-01,0.0,0.0
NPL,2024-10-01,0.0,0.0
NZL,2024-10-01,0.0,0.0
OMN,2024-10-01,0.0,0.0
PAK,2024-10-01,0.0,0.047184987258669826
PAN,2024-10-01,0.0,0.0
PER,2024-10-01,0.0,0.0
PHL,2024-10-01,0.0,0.12683958055952843
PNG,2024-10-01,0.0,0.023299864482130325
POL,2024-10-01,0.0,0.0
PRK,2024-10-01,0.0,0.0
PRT,2024-10-01,0.0,0.0
PRY,2024-10-01,0.0,0.0
PSE,2024-10-01,0.0,0.48703694040314827
QAT,2024-10-01,0.0,0.0
ROU,2024-10-01,0.0,0.0
RUS,2024-10-01,0.0,0.46841058961666776
RWA,2024-10-01,0.0,0.0
SAU,2024-10-01,0.0,0.0
SEN,2024-10-01,0.0,0.0
SGP,2024-10-01,0.0,0.0
SLB,2024-10-01,0.0,0.0
SLE,2024-10-01,0.0,0.0
SLV,2024-10-01,0.0,0.0
SOM,2024-10-01,0.0,0.5953789132346518
SRB,2024-10-01,0.0,0.0
SSD,2024-10-01,1.0,0.6644757383593278
STP,2024-10-01,0.0,0.0
SVK,2024-10-01,0.0,0.0
SVN,2024-10-01,0.0,0.0
SWE,2024-10-01,0.0,0.0
SWZ,2024-10-01,0.0,0.0
SYC,2024-10-01,0.0,0.0
SYR,2024-10-01,1.0,0.72651406292544
TCD,2024-10-01,0.0,0.41367218974286435
TGO,2024-10-01,0.0,0.0
THA,2024-10-01,0.0,0.0
TJK,2024-10-01,0.0,0.0
TKM,2024-10-01,0.0,0.0
TLS,2024-10-01,0.0,0.0
TON,2024-10-01,0.0,0.0
TTO,2024-10-01,0.0,0.0
TUN,2024-10-01,0.0,0.0
TUR,2024-10-01,0.0,0.01
TZA,2024-10-01,0.0,0.0
UGA,2024-10-01,0.0,0.08971360843569152
URY,2024-10-01,0.0,0.0
USA,2024-10-01,0.0,0.0
UZB,2024-10-01,0.0,0.0
VEN,2024-10-01,0.0,0.004616870455746493
VNM,2024-10-01,0.0,0.0
VUT,2024-10-01,0.0,0.0
WSM,2024-10-01,0.0,0.0
YEM,2024-10-01,0.0,0.09197141394781695
ZAF,2024-10-01,0.0,0.0
ZMB,2024-10-01,0.0,0.0
ZWE,2024-10-01,0.0,0.0
AFG,2024-11-01,0.0,0.23801079359420302
AGO,2024-11-01,0.0,0.0
ALB,2024-11-01,0.0,0.0
ARE,2024-11-01,0.0,0.0
ARG,2024-11-01,0.0,0.0
ARM,2024-11-01,0.0,0.0
AUS,2024-11-01,0.0,0.0
AUT,2024-11-01,0.0,0.0
AZE,2024-11-01,0.0,0.0
BDI,2024-11-01,0.0,0.009028513641153516
BEL,2024-11-01,0.0,0.0
BEN,2024-11-01,0.0,0.003035642487169173
BGD,2024-11-01,0.0,0.02332967731608953
BGR,2024-11-01,0.0,0.0
BHR,2024-11-01,0.0,0.0
BHS,2024-11-01,0.0,0.0
BIH,2024-11-01,0.0,0.0
BLR,2024-11-01,0.0,0.0
BLZ,2024-11-01,0.0,0.0
BOL,2024-11-01,0.0,0.0
BRA,2024-11-01,0.0,0.008739759310598371
BRB,2024-11-01,0.0,0.0
BRN,2024-11-01,0.0,0.0
BTN,2024-11-01,0.0,0.0
BWA,2024-11-01,0.0,0.0
CAF,2024-11-01,0.0,0.36912898514970066
CAN,2024-11-01,0.0,0.0
CHE,2024-11-01,0.0,0.0
CHL,2024-11-01,0.0,0.0
CHN,2024-11-01,0.0,0.0
CIV,2024-11-01,0.0,0.0
CMR,2024-11-01,0.0,0.2269578541311878
COL,2024-11-01,1.0,0.05552473767201156
COM,2024-11-01,0.0,0.0
CRI,2024-11-01,0.0,0.0
CUB,2024-11-01,0.0,0.0
CYP,2024-11-01,0.0,0.0
CZE,2024-11-01,0.0,0.0
DEU,2024-11-01,0.0,0.0
DJI,2024-11-01,0.0,0.0
DNK,2024-11-01,0.0,0.0
DOM,2024-11-01,0.0,0.0
DZA,2024-11-01,0.0,0.0
ECU,2024-11-01,0.0,0.0
EGY,2024-11-01,0.0,0.00846512135195928
ERI,2024-11-01,0.0,0.0
ESP,2024-11-01,0.0,0.0
EST,2024-11-01,0.0,0.0
ETH,2024-11-01,0.0,0.6064921802071681
FIN,2024-11-01,0.0,0.0
FJI,2024-11-01,0.0,0.0
FRA,2024-11-01,0.0,0.0
GAB,2024-11-01,0.0,0.0
GBR,2024-11-01,0.0,0.0
GEO,2024-11-01,0.0,0.0
GHA,2024-11-01,0.0,0.0
GIN,2024-11-01,0.0,0.0
GMB,2024-11-01,0.0,0.0
GNB,2024-11-01,0.0,0.0
GNQ,2024-11-01,0.0,0.0
GRC,2024-11-01,0.0,0.0
GRD,2024-11-01,0.0,0.0
GTM,2024-11-01,0.0,0.0
GUY,2024-11-01,0.0,0.0
HND,2024-11-01,0.0,0.004509363032709126
HRV,2024-11-01,0.0,0.0
HTI,2024-11-01,1.0,0.7551800243352911
HUN,2024-11-01,0.0,0.0
IDN,2024-11-01,0.0,0.019029367222469996
IND,2024-11-01,0.0,0.004521037707603163
IRL,2024-11-01,0.0,0.0
IRN,2024-11-01,0.0,0.009105928140189063
IRQ,2024-11-01,0.0,0.3110669203770455
ISL,2024-11-01,0.0,0.0
ISR,2024-11-01,0.0,0.03785737791767593
ITA,2024-11-01,0.0,0.0
JAM,2024-11-01,0.0,0.0
JOR,2024-11-01,0.0,0.0
JPN,2024-11-01,0.0,0.0
KAZ,2024-11-01,0.0,0.0
KEN,2024-11-01,0.0,0.0048020083506682045
KGZ,2024-11-01,0.0,0.0
KHM,2024-11-01,0.0,0.0
KOR,2024-11-01,0.0,0.0
KWT,2024-11-01,0.0,0.0
LAO,2024-11-01,0.0,0.0
LBN,2024-11-01,1.0,0.6091899569041545
LBR,2024-11-01,0.0,0.0
LBY,2024-11-01,0.0,0.009265425620917131
LKA,2024-11-01,0.0,0.0
LSO,2024-11-01,0.0,0.0
LTU,2024-11-01,0.0,0.0
LUX,2024-11-01,0.0,0.0
LVA,2024-11-01,0.0,0.0
MAR,2024-11-01,0.0,0.0
MDA,2024-11-01,0.0,0.0
MDG,2024-11-01,0.0,0.0
MDV,2024-11-01,0.0,0.0
MEX,2024-11-01,0.0,0.03289578066470226
MKD,2024-11-01,0.0,0.0
MLI,2024-11-01,0.0,0.3887163456096193
MLT,2024-11-01,0.0,0.0
MNE,2024-11-01,0.0,0.0
MNG,2024-11-01,0.0,0.0
MOZ,2024-11-01,0.0,0.7701368018762939
MRT,2024-11-01,0.0,0.0
MUS,2024-11-01,0.0,0.0
MWI,2024-11-01,0.0,0.0
MYS,2024-11-01,0.0,0.0
NAM,2024-11-01,0.0,0.0
NER,2024-11-01,0.0,0.7451762581357214
NGA,2024-11-01,0.0,0.2122312078444668
NIC,2024-11-01,0.0,0.005
NLD,2024-11-01,0.0,0.0
NOR,2024-11-01,0.0,0.0
NPL,2024-11-01,0.0,0.0
NZL,2024-11-01,0.0,0.0
OMN,2024-11-01,0.0,0.01
PAK,2024-11-01,0.0,0.12803745981606202
PAN,2024-11-01,0.0,0.0
PER,2024-11-01,0.0,0.0
PHL,2024-11-01,0.0,0.10670681424475172
PNG,2024-11-01,0.0,0.04772094902056769
POL,2024-11-01,0.0,0.0
PRK,2024-11-01,0.0,0.0
PRT,2024-11-01,0.0,0.0
PRY,2024-11-01,0.0,0.0
PSE,2024-11-01,0.0,0.6585065009003804
QAT,2024-11-01,0.0,0.0
ROU,2024-11-01,0.0,0.0
RUS,2024-11-01,0.0,0.5458239732095241
RWA,2024-11-01,0.0,0.0
SAU,2024-11-01,0.0,0.0
SEN,2024-11-01,0.0,0.0
SGP,2024-11-01,0.0,0.0
SLB,2024-11-01,0.0,0.0
SLE,2024-11-01,0.0,0.0
SLV,2024-11-01,0.0,0.0
SOM,2024-11-01,1.0,0.49922242205243655
SRB,2024-11-01,0.0,0.0
SSD,2024-11-01,1.0,0.5310324029252795
STP,2024-11-01,0.0,0.0
SVK,2024-11-01,0.0,0.0
SVN,2024-11-01,0.0,0.0
SWE,2024-11-01,0.0,0.0
SWZ,2024-11-01,0.0,0.0
SYC,2024-11-01,0.0,0.0
TCD,2024-11-01,0.0,0.34350368998618536
TGO,2024-11-01,0.0,0.022129219064320405
THA,2024-11-01,0.0,0.0
TJK,2024-11-01,0.0,0.0
TKM,2024-11-01,0.0,0.0
TLS,2024-11-01,0.0,0.0
TON,2024-11-01,0.0,0.0
TTO,2024-11-01,0.0,0.0
TUN,2024-11-01,0.0,0.0
TUR,2024-11-01,0.0,0.004752583566162858
TZA,2024-11-01,0.0,0.0
UGA,2024-11-01,0.0,0.007930031045425154
UKR,2024-11-01,0.0,0.8340171591788426
URY,2024-11-01,0.0,0.0
USA,2024-11-01,0.0,0.0
UZB,2024-11-01,0.0,0.0
VEN,2024-11-01,0.0,0.003035642487169173
VNM,2024-11-01,0.0,0.0
VUT,2024-11-01,0.0,0.0
WSM,2024-11-01,0.0,0.0
YEM,2024-11-01,0.0,0.16471503290530098
ZAF,2024-11-01,0.0,0.0
ZMB,2024-11-01,0.0,0.0
ZWE,2024-11-01,0.0,0.0
AFG,2024-12-01,0.0,0.1349859501349063
AGO,2024-12-01,0.0,0.0
ALB,2024-12-01,0.0,0.0
ARE,2024-12-01,0.0,0.0
ARG,2024-12-01,0.0,0.0
ARM,2024-12-01,0.0,0.0
AUS,2024-12-01,0.0,0.0
AUT,2024-12-01,0.0,0.0
AZE,2024-12-01,0.0,0.0
BDI,2024-12-01,0.0,0.0
BEL,2024-12-01,0.0,0.0
BEN,2024-12-01,0.0,0.0
BGD,2024-12-01,0.0,0.009631591972642186
BGR,2024-12-01,0.0,0.0
BHR,2024-12-01,0.0,0.0
BHS,2024-12-01,0.0,0.0
BIH,2024-12-01,0.0,0.0
BLR,2024-12-01,0.0,0.0
BLZ,2024-12-01,0.0,0.0
BOL,2024-12-01,0.0,0.0
BRA,2024-12-01,0.0,0.0093559107928522
BRB,2024-12-01,0.0,0.0
BRN,2024-12-01,0.0,0.0
BTN,2024-12-01,0.0,0.0
BWA,2024-12-01,0.0,0.0
CAF,2024-12-01,0.0,0.31462594129874377
CAN,2024-12-01,0.0,0.0
CHE,2024-12-01,0.0,0.0
CHL,2024-12-01,0.0,0.0
CHN,2024-12-01,0.0,0.0
CIV,2024-12-01,0.0,0.0
CMR,2024-12-01,0.0,0.1270131553613991
COL,2024-12-01,1.0,0.05581903706441309
COM,2024-12-01,0.0,0.0
CRI,2024-12-01,0.0,0.0
CUB,2024-12-01,0.0,0.0
CYP,2024-12-01,0.0,0.0
CZE,2024-12-01,0.0,0.0
DEU,2024-12-01,0.0,0.0
DJI,2024-12-01,0.0,0.0
DNK,2024-12-01,0.0,0.0
DOM,2024-12-01,0.0,0.0
DZA,2024-12-01,0.0,0.0
ECU,2024-12-01,0.0,0.0
EGY,2024-12-01,0.0,0.0
ERI,2024-12-01,0.0,0.0
ESP,2024-12-01,0.0,0.0
EST,2024-12-01,0.0,0.0
ETH,2024-12-01,0.0,0.622789637372735
FIN,2024-12-01,0.0,0.0
FJI,2024-12-01,0.0,0.0
FRA,2024-12-01,0.0,0.0
GAB,2024-12-01,0.0,0.0
GBR,2024-12-01,0.0,0.0
GEO,2024-12-01,0.0,0.0
GHA,2024-12-01,0.0,0.005
GIN,2024-12-01,0.0,0.0
GMB,2024-12-01,0.0,0.0
GNB,2024-12-01,0.0,0.0
GNQ,2024-12-01,0.0,0.0
GRC,2024-12-01,0.0,0.0
GRD,2024-12-01,0.0,0.0
GTM,2024-12-01,0.0,0.0
GUY,2024-12-01,0.0,0.0
HND,2024-12-01,0.0,0.0046939217569832836
HRV,2024-12-01,0.0,0.0
HUN,2024-12-01,0.0,0.0
IDN,2024-12-01,0.0,0.03544363467981151
IND,2024-12-01,0.0,0.0
IRL,2024-12-01,0.0,0.0
IRN,2024-12-01,0.0,0.0
IRQ,2024-12-01,0.0,0.2533554975110168
ISL,2024-12-01,0.0,0.0
ISR,2024-12-01,0.0,0.05155446983062397
ITA,2024-12-01,0.0,0.0
JAM,2024-12-01,0.0,0.0
JOR,2024-12-01,0.0,0.0
JPN,2024-12-01,0.0,0.0
KAZ,2024-12-01,0.0,0.0
KEN,2024-12-01,0.0,0.0
KGZ,2024-12-01,0.0,0.0
KHM,2024-12-01,0.0,0.0
KOR,2024-12-01,0.0,0.0
KWT,2024-12-01,0.0,0.0
LAO,2024-12-01,0.0,0.0
LBN,2024-12-01,1.0,0.4921072262308901
LBR,2024-12-01,0.0,0.0
LBY,2024-12-01,0.0,0.007874951122899796
LKA,2024-12-01,0.0,0.0
LSO,2024-12-01,0.0,0.0
LTU,2024-12-01,0.0,0.0
LUX,2024-12-01,0.0,0.0
LVA,2024-12-01,0.0,0.0
MAR,2024-12-01,0.0,0.0
MDA,2024-12-01,0.0,0.0
MDG,2024-12-01,0.0,0.0
MDV,2024-12-01,0.0,0.0
MEX,2024-12-01,0.0,0.03943053563241934
MKD,2024-12-01,0.0,0.0
MLI,2024-12-01,0.0,0.20290386986732023
MLT,2024-12-01,0.0,0.0
MMR,2024-12-01,0.0,0.4468178704463008
MNE,2024-12-01,0.0,0.0
MNG,2024-12-01,0.0,0.0
MOZ,2024-12-01,0.0,0.2768718707266145
MRT,2024-12-01,0.0,0.0
MUS,2024-12-01,0.0,0.0
MWI,2024-12-01,0.0,0.0
MYS,2024-12-01,0.0,0.0
NAM,2024-12-01,0.0,0.0
NER,2024-12-01,0.0,0.6187545390249003
NGA,2024-12-01,0.0,0.18287313280281425
NIC,2024-12-01,0.0,0.0
NLD,2024-12-01,0.0,0.0
NOR,2024-12-01,0.0,0.0
NPL,2024-12-01,0.0,0.0
NZL,2024-12-01,0.0,0.0
OMN,2024-12-01,0.0,0.0
PAK,2024-12-01,0.0,0.13334032032360624
PAN,2024-12-01,0.0,0.0
PER,2024-12-01,0.0,0.0
PHL,2024-12-01,0.0,0.07235143447390954
PNG,2024-12-01,0.0,0.020452581606994348
POL,2024-12-01,0.0,0.0
PRK,2024-12-01,0.0,0.0
PRT,2024-12-01,0.0,0.0
PRY,2024-12-01,0.0,0.0
PSE,2024-12-01,0.0,0.6514508896427523
QAT,2024-12-01,0.0,0.0
ROU,2024-12-01,0.0,0.0
RUS,2024-12-01,0.0,0.43898548888592615
RWA,2024-12-01,0.0,0.0
SAU,2024-12-01,0.0,0.0
SEN,2024-12-01,0.0,0.0
SGP,2024-12-01,0.0,0.0
SLB,2024-12-01,0.0,0.0
SLE,2024-12-01,0.0,0.0
SLV,2024-12-01,0.0,0.0
SOM,2024-12-01,1.0,0.9258897881126038
SRB,2024-12-01,0.0,0.0
STP,2024-12-01,0.0,0.0
SVK,2024-12-01,0.0,0.0
SVN,2024-12-01,0.0,0.0
SWE,2024-12-01,0.0,0.0
SWZ,2024-12-01,0.0,0.0
SYC,2024-12-01,0.0,0.0
SYR,2024-12-01,0.0,0.24900104118186314
TCD,2024-12-01,0.0,0.26647551849957635
TGO,2024-12-01,0.0,0.0
THA,2024-12-01,0.0,0.0
TJK,2024-12-01,0.0,0.0
TKM,2024-12-01,0.0,0.0
TLS,2024-12-01,0.0,0.0
TON,2024-12-01,0.0,0.0
TTO,2024-12-01,0.0,0.0
TUN,2024-12-01,0.0,0.0
TUR,2024-12-01,0.0,0.0
TZA,2024-12-01,0.0,0.0
UGA,2024-12-01,0.0,0.0458604151669567
UKR,2024-12-01,0.0,0.6091416163016062
URY,2024-12-01,0.0,0.0
USA,2024-12-01,0.0,0.0
UZB,2024-12-01,0.0,0.0
VEN,2024-12-01,0.0,0.0
VNM,2024-12-01,0.0,0.0
VUT,2024-12-01,0.0,0.0
WSM,2024-12-01,0.0,0.0
YEM,2024-12-01,0.0,0.18131025974919474
ZAF,2024-12-01,0.0,0.0
ZMB,2024-12-01,0.0,0.0
ZWE,2024-12-01,0.0,0.0
AFG,2025-01-01,0.0,0.2608270462590279
AGO,2025-01-01,0.0,0.0
ALB,2025-01-01,0.0,0.0
ARE,2025-01-01,0.0,0.0
ARG,2025-01-01,0.0,0.0
ARM,2025-01-01,0.0,0.0
AUS,2025-01-01,0.0,0.0
AUT,2025-01-01,0.0,0.0
AZE,2025-01-01,0.0,0.0
BDI,2025-01-01,0.0,0.008499723586881032
BEL,2025-01-01,0.0,0.0
BEN,2025-01-01,0.0,0.003243669327027292
BGD,2025-01-01,0.0,0.003669602051053396
BGR,2025-01-01,0.0,0.0
BHR,2025-01-01,0.0,0.0
BHS,2025-01-01,0.0,0.0
BIH,2025-01-01,0.0,0.0
BLR,2025-01-01,0.0,0.0
BLZ,2025-01-01,0.0,0.0
BOL,2025-01-01,0.0,0.0
BRA,2025-01-01,0.0,0.020383894687769803
BRB,2025-01-01,0.0,0.0
BRN,2025-01-01,0.0,0.0
BTN,2025-01-01,0.0,0.0
BWA,2025-01-01,0.0,0.0
CAF,2025-01-01,0.0,0.6577522496156999
CAN,2025-01-01,0.0,0.0
CHE,2025-01-01,0.0,0.0
CHL,2025-01-01,0.0,0.0
CHN,2025-01-01,0.0,0.0
CIV,2025-01-01,0.0,0.0
CMR,2025-01-01,0.0,0.46983669669587264
COM,2025-01-01,0.0,0.0
CRI,2025-01-01,0.0,0.0
CUB,2025-01-01,0.0,0.0
CYP,2025-01-01,0.0,0.0
CZE,2025-01-01,0.0,0.0
DEU,2025-01-01,0.0,0.0
DJI,2025-01-01,0.0,0.0
DNK,2025-01-01,0.0,0.0
DOM,2025-01-01,0.0,0.0
DZA,2025-01-01,0.0,0.0
ECU,2025-01-01,0.0,0.005
EGY,2025-01-01,0.0,0.0
ERI,2025-01-01,0.0,0.0
ESP,2025-01-01,0.0,0.0
EST,2025-01-01,0.0,0.0
ETH,2025-01-01,0.0,0.8114445947486323
FIN,2025-01-01,0.0,0.0
FJI,2025-01-01,0.0,0.0
FRA,2025-01-01,0.0,0.0
GAB,2025-01-01,0.0,0.0
GBR,2025-01-01,0.0,0.0
GEO,2025-01-01,0.0,0.0
GHA,2025-01-01,0.0,0.0
GIN,2025-01-01,0.0,0.0
GMB,2025-01-01,0.0,0.0
GNB,2025-01-01,0.0,0.0
GNQ,2025-01-01,0.0,0.0
GRC,2025-01-01,0.0,0.0
GRD,2025-01-01,0.0,0.0
GTM,2025-01-01,0.0,0.0
GUY,2025-01-01,0.0,0.0
HND,2025-01-01,0.0,0.005
HRV,2025-01-01,0.0,0.0
HTI,2025-01-01,1.0,0.7775717412094828
HUN,2025-01-01,0.0,0.0
IDN,2025-01-01,0.0,0.021488768335774712
IND,2025-01-01,0.0,0.0
IRL,2025-01-01,0.0,0.0
IRN,2025-01-01,0.0,0.006189519848821208
IRQ,2025-01-01,0.0,0.2455235828245781
ISL,2025-01-01,0.0,0.0
ISR,2025-01-01,0.0,0.04245696979352734
ITA,2025-01-01,0.0,0.0
JAM,2025-01-01,0.0,0.0
JOR,2025-01-01,0.0,0.0
JPN,2025-01-01,0.0,0.0
KAZ,2025-01-01,0.0,0.0
KEN,2025-01-01,0.0,0.0
KGZ,2025-01-01,0.0,0.0
KHM,2025-01-01,0.0,0.0
KOR,2025-01-01,0.0,0.0
KWT,2025-01-01,0.0,0.0
LAO,2025-01-01,0.0,0.0
LBN,2025-01-01,0.0,0.603270550140817
LBR,2025-01-01,0.0,0.0
LBY,2025-01-01,0.0,0.009521046487674243
LKA,2025-01-01,0.0,0.0
LSO,2025-01-01,0.0,0.0
LTU,2025-01-01,0.0,0.0
LUX,2025-01-01,0.0,0.0
LVA,2025-01-01,0.0,0.0
MAR,2025-01-01,0.0,0.0
MDA,2025-01-01,0.0,0.0
MDG,2025-01-01,0.0,0.0
MDV,2025-01-01,0.0,0.0
MEX,2025-01-01,0.0,0.045689439568211324
MKD,2025-01-01,0.0,0.0
MLI,2025-01-01,0.0,0.5584456761865452
MLT,2025-01-01,0.0,0.0
MMR,2025-01-01,0.0,0.4972600176995812
MNE,2025-01-01,0.0,0.0
MNG,2025-01-01,0.0,0.0
MOZ,2025-01-01,0.0,0.42692966307865676
MRT,2025-01-01,0.0,0.0
MUS,2025-01-01,0.0,0.0
MWI,2025-01-01,0.0,0.0
MYS,2025-01-01,0.0,0.0
NAM,2025-01-01,0.0,0.0
NER,2025-01-01,0.0,0.859977768275062
NGA,2025-01-01,0.0,0.29396581010751716
NIC,2025-01-01,0.0,0.0
NLD,2025-01-01,0.0,0.0
NOR,2025-01-01,0.0,0.0
NPL,2025-01-01,0.0,0.0
NZL,2025-01-01,0.0,0.0
OMN,2025-01-01,0.0,0.0
PAK,2025-01-01,0.0,0.14034686911810923
PAN,2025-01-01,0.0,0.0
PER,2025-01-01,0.0,0.0
PHL,2025-01-01,0.0,0.032847679774003186
PNG,2025-01-01,0.0,0.00736044885813645
POL,2025-01-01,0.0,0.0
PRK,2025-01-01,0.0,0.0
PRT,2025-01-01,0.0,0.0
PRY,2025-01-01,0.0,0.0
PSE,2025-01-01,1.0,0.40669619293625175
QAT,2025-01-01,0.0,0.0
ROU,2025-01-01,0.0,0.0
RUS,2025-01-01,0.0,0.371233485313545
RWA,2025-01-01,0.0,0.015
SAU,2025-01-01,0.0,0.0
SEN,2025-01-01,0.0,0.0
SGP,2025-01-01,0.0,0.0
SLB,2025-01-01,0.0,0.0
SLE,2025-01-01,0.0,0.0
SLV,2025-01-01,0.0,0.0
SRB,2025-01-01,0.0,0.0
STP,2025-01-01,0.0,0.0
SVK,2025-01-01,0.0,0.0
SVN,2025-01-01,0.0,0.0
SWE,2025-01-01,0.0,0.0
SWZ,2025-01-01,0.0,0.0
SYC,2025-01-01,0.0,0.0
SYR,2025-01-01,0.0,0.5614982281027385
TCD,2025-01-01,0.0,0.31820150273308556
TGO,2025-01-01,0.0,0.0
THA,2025-01-01,0.0,0.0
TJK,2025-01-01,0.0,0.0
TKM,2025-01-01,0.0,0.0
TLS,2025-01-01,0.0,0.0
TON,2025-01-01,0.0,0.0
TTO,2025-01-01,0.0,0.0
TUN,2025-01-01,0.0,0.0
TUR,2025-01-01,0.0,0.0
TZA,2025-01-01,0.0,0.0
UGA,2025-01-01,0.0,0.017736248196606897
UKR,2025-01-01,0.0,0.6827561933025602
URY,2025-01-01,0.0,0.0
USA,2025-01-01,0.0,0.0
UZB,2025-01-01,0.0,0.0
VEN,2025-01-01,0.0,0.004657364670097442
VNM,2025-01-01,0.0,0.0
VUT,2025-01-01,0.0,0.0
WSM,2025-01-01,0.0,0.0
YEM,2025-01-01,0.0,0.16058880220120564
ZAF,2025-01-01,0.0,0.0
ZMB,2025-01-01,0.0,0.0
ZWE,2025-01-01,0.0,0.0
AFG,2025-02-01,0.0,0.4154273274111431
AGO,2025-02-01,0.0,0.0
ALB,2025-02-01,0.0,0.0
ARE,2025-02-01,0.0,0.0
ARG,2025-02-01,0.0,0.0
ARM,2025-02-01,0.0,0.0
AUS,2025-02-01,0.0,0.0
AUT,2025-02-01,0.0,0.0
AZE,2025-02-01,0.0,0.0
BDI,2025-02-01,0.0,0.004711590550439268
BEL,2025-02-01,0.0,0.0
BEN,2025-02-01,0.0,0.008593253230127131
BGD,2025-02-01,0.0,0.004780528023228722
BGR,2025-02-01,0.0,0.0
BHR,2025-02-01,0.0,0.0
BHS,2025-02-01,0.0,0.0
BIH,2025-02-01,0.0,0.0
BLR,2025-02-01,0.0,0.0
BLZ,2025-02-01,0.0,0.0
BOL,2025-02-01,0.0,0.0
BRA,2025-02-01,0.0,0.009479858106473893
BRB,2025-02-01,0.0,0.0
BRN,2025-02-01,0.0,0.0
BTN,2025-02-01,0.0,0.0
BWA,2025-02-01,0.0,0.0
CAF,2025-02-01,0.0,0.7491712147285944
CAN,2025-02-01,0.0,0.0
CHE,2025-02-01,0.0,0.0
CHL,2025-02-01,0.0,0.0
CHN,2025-02-01,0.0,0.0
CIV,2025-02-01,0.0,0.0
CMR,2025-02-01,0.0,0.64061736895924
COL,2025-02-01,0.0,0.16973964738185274
COM,2025-02-01,0.0,0.0
CRI,2025-02-01,0.0,0.0
CUB,2025-02-01,0.0,0.0
CYP,2025-02-01,0.0,0.0
CZE,2025-02-01,0.0,0.0
DEU,2025-02-01,0.0,0.0
DJI,2025-02-01,0.0,0.0
DNK,2025-02-01,0.0,0.0
DOM,2025-02-01,0.0,0.0
DZA,2025-02-01,0.0,0.0
ECU,2025-02-01,0.0,0.01
EGY,2025-02-01,0.0,0.0
ERI,2025-02-01,0.0,0.0
ESP,2025-02-01,0.0,0.0
EST,2025-02-01,0.0,0.0
ETH,2025-02-01,0.0,0.6459862287125675
FIN,2025-02-01,0.0,0.0
FJI,2025-02-01,0.0,0.0
FRA,2025-02-01,0.0,0.0
GAB,2025-02-01,0.0,0.0
GBR,2025-02-01,0.0,0.0
GEO,2025-02-01,0.0,0.0
GHA,2025-02-01,0.0,0.0
GIN,2025-02-01,0.0,0.0
GMB,2025-02-01,0.0,0.0
GNB,2025-02-01,0.0,0.0
GNQ,2025-02-01,0.0,0.0
GRC,2025-02-01,0.0,0.0
GRD,2025-02-01,0.0,0.0
GTM,2025-02-01,0.0,0.0
GUY,2025-02-01,0.0,0.0
HND,2025-02-01,0.0,0.005
HRV,2025-02-01,0.0,0.0
HTI,2025-02-01,1.0,0.9038760564717121
HUN,2025-02-01,0.0,0.0
IDN,2025-02-01,0.0,0.02333402204900485
IND,2025-02-01,0.0,0.0
IRL,2025-02-01,0.0,0.0
IRN,2025-02-01,0.0,0.009734308904201728
IRQ,2025-02-01,0.0,0.20621777408172598
ISL,2025-02-01,0.0,0.0
ISR,2025-02-01,0.0,0.029028173832946754
ITA,2025-02-01,0.0,0.0
JAM,2025-02-01,0.0,0.0
JOR,2025-02-01,0.0,0.0
JPN,2025-02-01,0.0,0.0
KAZ,2025-02-01,0.0,0.0
KEN,2025-02-01,0.0,0.004733610194157528
KGZ,2025-02-01,0.0,0.0
KHM,2025-02-01,0.0,0.0
KOR,2025-02-01,0.0,0.0
KWT,2025-02-01,0.0,0.0
LAO,2025-02-01,0.0,0.0
LBN,2025-02-01,0.0,0.6608324405581142
LBR,2025-02-01,0.0,0.0
LBY,2025-02-01,0.0,0.0
LKA,2025-02-01,0.0,0.0
LSO,2025-02-01,0.0,0.0
LTU,2025-02-01,0.0,0.0
LUX,2025-02-01,0.0,0.0
LVA,2025-02-01,0.0,0.0
MAR,2025-02-01,0.0,0.0
MDA,2025-02-01,0.0,0.0
MDG,2025-02-01,0.0,0.0
MDV,2025-02-01,0.0,0.0
MEX,2025-02-01,0.0,0.09438924840066562
MKD,2025-02-01,0.0,0.0
MLI,2025-02-01,0.0,0.9051525328973611
MLT,2025-02-01,0.0,0.0
MMR,2025-02-01,0.0,0.600878795744745
MNE,2025-02-01,0.0,0.0
MNG,2025-02-01,0.0,0.0
MOZ,2025-02-01,0.0,0.6992577815838648
MRT,2025-02-01,0.0,0.0
MUS,2025-02-01,0.0,0.0
MWI,2025-02-01,0.0,0.0
MYS,2025-02-01,0.0,0.0
NAM,2025-02-01,0.0,0.0
NER,2025-02-01,0.0,0.9030692682589945
NGA,2025-02-01,0.0,0.4228752659750612
NIC,2025-02-01,0.0,0.0
NLD,2025-02-01,0.0,0.0
NOR,2025-02-01,0.0,0.0
NPL,2025-02-01,0.0,0.0
NZL,2025-02-01,0.0,0.0
OMN,2025-02-01,0.0,0.0
PAK,2025-02-01,0.0,0.10476651258635056
PAN,2025-02-01,0.0,0.0
PER,2025-02-01,0.0,0.0
PHL,2025-02-01,0.0,0.06073182282459687
PNG,2025-02-01,0.0,0.03841116065139087
POL,2025-02-01,0.0,0.0
PRK,2025-02-01,0.0,0.0
PRT,2025-02-01,0.0,0.0
PRY,2025-02-01,0.0,0.0
PSE,2025-02-01,1.0,0.283323329131903
QAT,2025-02-01,0.0,0.0
ROU,2025-02-01,0.0,0.0
RUS,2025-02-01,0.0,0.41475684105501576
RWA,2025-02-01,0.0,0.01
SAU,2025-02-01,0.0,0.0
SEN,2025-02-01,0.0,0.0
SGP,2025-02-01,0.0,0.0
SLB,2025-02-01,0.0,0.0
SLE,2025-02-01,0.0,0.0
SLV,2025-02-01,0.0,0.0
SRB,2025-02-01,0.0,0.0
STP,2025-02-01,0.0,0.0
SVK,2025-02-01,0.0,0.0
SVN,2025-02-01,0.0,0.0
SWE,2025-02-01,0.0,0.0
SWZ,2025-02-01,0.0,0.0
SYC,2025-02-01,0.0,0.0
SYR,2025-02-01,0.0,0.6626715105541122
TCD,2025-02-01,0.0,0.19269615640605042
TGO,2025-02-01,0.0,0.0
THA,2025-02-01,0.0,0.0
TJK,2025-02-01,0.0,0.0
TKM,2025-02-01,0.0,0.0
TLS,2025-02-01,0.0,0.0
TON,2025-02-01,0.0,0.0
TTO,2025-02-01,0.0,0.0
TUN,2025-02-01,0.0,0.0
TUR,2025-02-01,0.0,0.0
TZA,2025-02-01,0.0,0.0
UGA,2025-02-01,0.0,0.02645875046942346
UKR,2025-02-01,0.0,0.43435966523874897
URY,2025-02-01,0.0,0.0
USA,2025-02-01,0.0,0.0
UZB,2025-02-01,0.0,0.0
VEN,2025-02-01,0.0,0.008855725204587921
VNM,2025-02-01,0.0,0.0
VUT,2025-02-01,0.0,0.0
WSM,2025-02-01,0.0,0.0
YEM,2025-02-01,0.0,0.14199732651400873
ZAF,2025-02-01,0.0,0.0
ZMB,2025-02-01,0.0,0.0
ZWE,2025-02-01,0.0,0.0
AFG,2025-03-01,0.0,0.41101116728686515
AGO,2025-03-01,0.0,0.0
ALB,2025-03-01,0.0,0.0
ARE,2025-03-01,0.0,0.0
ARG,2025-03-01,0.0,0.0
ARM,2025-03-01,0.0,0.0
AUS,2025-03-01,0.0,0.0
AUT,2025-03-01,0.0,0.0
AZE,2025-03-01,0.0,0.0
BDI,2025-03-01,0.0,0.038843130952665554
BEL,2025-03-01,0.0,0.0
BEN,2025-03-01,0.0,0.0636042161020838
BGD,2025-03-01,0.0,0.0046285026889329155
BGR,2025-03-01,0.0,0.0
BHR,2025-03-01,0.0,0.0
BHS,2025-03-01,0.0,0.0
BIH,2025-03-01,0.0,0.0
BLR,2025-03-01,0.0,0.0
BLZ,2025-03-01,0.0,0.0
BOL,2025-03-01,0.0,0.0
BRA,2025-03-01,0.0,0.0
BRB,2025-03-01,0.0,0.0
BRN,2025-03-01,0.0,0.0
BTN,2025-03-01,0.0,0.0
BWA,2025-03-01,0.0,0.0
CAF,2025-03-01,0.0,0.620112816016032
CAN,2025-03-01,0.0,0.0
CHE,2025-03-01,0.0,0.0
CHL,2025-03-01,0.0,0.0
CHN,2025-03-01,0.0,0.0
CIV,2025-03-01,0.0,0.0
CMR,2025-03-01,0.0,0.752555569229945
COL,2025-03-01,0.0,0.4962612097951534
COM,2025-03-01,0.0,0.0
CRI,2025-03-01,0.0,0.0
CUB,2025-03-01,0.0,0.0
CYP,2025-03-01,0.0,0.0
CZE,2025-03-01,0.0,0.0
DEU,2025-03-01,0.0,0.0
DJI,2025-03-01,0.0,0.0
DNK,2025-03-01,0.0,0.0
DOM,2025-03-01,0.0,0.0
DZA,2025-03-01,0.0,0.0
ECU,2025-03-01,0.0,0.0
EGY,2025-03-01,0.0,0.0
ERI,2025-03-01,0.0,0.0
ESP,2025-03-01,0.0,0.0
EST,2025-03-01,0.0,0.0
ETH,2025-03-01,1.0,0.8909671829254506
FIN,2025-03-01,0.0,0.0
FJI,2025-03-01,0.0,0.0
FRA,2025-03-01,0.0,0.0
GAB,2025-03-01,0.0,0.0
GBR,2025-03-01,0.0,0.0
GEO,2025-03-01,0.0,0.0
GHA,2025-03-01,0.0,0.005
GIN,2025-03-01,0.0,0.0
GMB,2025-03-01,0.0,0.0
GNB,2025-03-01,0.0,0.0
GNQ,2025-03-01,0.0,0.0
GRC,2025-03-01,0.0,0.0
GRD,2025-03-01,0.0,0.0
GTM,2025-03-01,0.0,0.0
GUY,2025-03-01,0.0,0.0
HND,2025-03-01,0.0,0.005
HRV,2025-03-01,0.0,0.0
HUN,2025-03-01,0.0,0.0
IDN,2025-03-01,0.0,0.027782312398938015
IND,2025-03-01,1.0,0.0
IRL,2025-03-01,0.0,0.0
IRN,2025-03-01,0.0,0.0
IRQ,2025-03-01,0.0,0.26251958429102545
ISL,2025-03-01,0.0,0.0
ISR,2025-03-01,0.0,0.042349809221074855
ITA,2025-03-01,0.0,0.0
JAM,2025-03-01,0.0,0.0
JOR,2025-03-01,0.0,0.0
JPN,2025-03-01,0.0,0.0
KAZ,2025-03-01,0.0,0.0
KEN,2025-03-01,0.0,0.013968887496352646
KGZ,2025-03-01,0.0,0.0
KHM,2025-03-01,0.0,0.0
KOR,2025-03-01,0.0,0.0
KWT,2025-03-01,0.0,0.0
LAO,2025-03-01,0.0,0.0
LBN,2025-03-01,0.0,0.6881682054214987
LBR,2025-03-01,0.0,0.0
LBY,2025-03-01,0.0,0.0
LKA,2025-03-01,0.0,0.0
LSO,2025-03-01,0.0,0.0
LTU,2025-03-01,0.0,0.0
LUX,2025-03-01,0.0,0.0
LVA,2025-03-01,0.0,0.0
MAR,2025-03-01,0.0,0.0
MDA,2025-03-01,0.0,0.0
MDG,2025-03-01,0.0,0.0
MDV,2025-03-01,0.0,0.0
MEX,2025-03-01,0.0,0.005
MKD,2025-03-01,0.0,0.0
MLI,2025-03-01,0.0,0.9161280212021501
MLT,2025-03-01,0.0,0.0
MMR,2025-03-01,0.0,0.3909469064172535
MNE,2025-03-01,0.0,0.0
MNG,2025-03-01,0.0,0.0
MOZ,2025-03-01,0.0,0.32961663707844424
MRT,2025-03-01,0.0,0.0
MUS,2025-03-01,0.0,0.0
MWI,2025-03-01,0.0,0.0
MYS,2025-03-01,0.0,0.0
NAM,2025-03-01,0.0,0.0
NER,2025-03-01,0.0,0.809656090875255
NGA,2025-03-01,1.0,0.5730166656187226
NIC,2025-03-01,0.0,0.0
NLD,2025-03-01,0.0,0.0
NOR,2025-03-01,0.0,0.0
NPL,2025-03-01,0.0,0.0
NZL,2025-03-01,0.0,0.0
OMN,2025-03-01,0.0,0.0
PAK,2025-03-01,0.0,0.4906231664005281
PAN,2025-03-01,0.0,0.0
PER,2025-03-01,0.0,0.0
PHL,2025-03-01,0.0,0.4690144437014467
PNG,2025-03-01,0.0,0.019656434753064972
POL,2025-03-01,0.0,0.0
PRK,2025-03-01,0.0,0.0
PRT,2025-03-01,0.0,0.0
PRY,2025-03-01,0.0,0.0
QAT,2025-03-01,0.0,0.0
ROU,2025-03-01,0.0,0.0
RUS,2025-03-01,0.0,0.13146207381927874
RWA,2025-03-01,0.0,0.0
SAU,2025-03-01,0.0,0.0
SEN,2025-03-01,0.0,0.0
SGP,2025-03-01,0.0,0.0
SLB,2025-03-01,0.0,0.0
SLE,2025-03-01,0.0,0.0
SLV,2025-03-01,0.0,0.0
SRB,2025-03-01,0.0,0.0
STP,2025-03-01,0.0,0.0
SVK,2025-03-01,0.0,0.0
SVN,2025-03-01,0.0,0.0
SWE,2025-03-01,0.0,0.0
SWZ,2025-03-01,0.0,0.0
SYC,2025-03-01,0.0,0.0
SYR,2025-03-01,0.0,0.5264063669513477
TCD,2025-03-01,0.0,0.1296669937408123
TGO,2025-03-01,0.0,0.0
THA,2025-03-01,0.0,0.0
TJK,2025-03-01,0.0,0.0
TKM,2025-03-01,0.0,0.0
TLS,2025-03-01,0.0,0.0
TON,2025-03-01,0.0,0.0
TTO,2025-03-01,0.0,0.0
TUN,2025-03-01,0.0,0.0
TUR,2025-03-01,0.0,0.0
TZA,2025-03-01,0.0,0.0
UGA,2025-03-01,0.0,0.030624451811077216
UKR,2025-03-01,0.0,0.44615068098361227
URY,2025-03-01,0.0,0.0
USA,2025-03-01,0.0,0.0
UZB,2025-03-01,0.0,0.0
VEN,2025-03-01,0.0,0.010463573917697946
VNM,2025-03-01,0.0,0.0
VUT,2025-03-01,0.0,0.0
WSM,2025-03-01,0.0,0.0
YEM,2025-03-01,0.0,0.0946572231073931
ZAF,2025-03-01,0.0,0.0
ZMB,2025-03-01,0.0,0.0
ZWE,2025-03-01,0.0,0.0
AFG,2025-04-01,0.0,0.47871843447919604
AGO,2025-04-01,0.0,0.0
ALB,2025-04-01,0.0,0.0
ARE,2025-04-01,0.0,0.0
ARG,2025-04-01,0.0,0.0
ARM,2025-04-01,0.0,0.0
AUS,2025-04-01,0.0,0.0
AUT,2025-04-01,0.0,0.0
AZE,2025-04-01,0.0,0.0
BDI,2025-04-01,0.0,0.010350501948217931
BEL,2025-04-01,0.0,0.0
BEN,2025-04-01,0.0,0.05540988520285103
BGD,2025-04-01,0.0,0.0
BGR,2025-04-01,0.0,0.0
BHR,2025-04-01,0.0,0.0
BHS,2025-04-01,0.0,0.0
BIH,2025-04-01,0.0,0.0
BLR,2025-04-01,0.0,0.0
BLZ,2025-04-01,0.0,0.0
BOL,2025-04-01,0.0,0.0
BRA,2025-04-01,0.0,0.0
BRB,2025-04-01,0.0,0.0
BRN,2025-04-01,0.0,0.0
BTN,2025-04-01,0.0,0.0
BWA,2025-04-01,0.0,0.0
CAF,2025-04-01,0.0,0.7139689475046166
CAN,2025-04-01,0.0,0.0
CHE,2025-04-01,0.0,0.0
CHL,2025-04-01,0.0,0.0
CHN,2025-04-01,0.0,0.0
CIV,2025-04-01,0.0,0.0
CMR,2025-04-01,0.0,0.7105049803616765
COL,2025-04-01,0.0,0.39223079347858525
COM,2025-04-01,0.0,0.0
CRI,2025-04-01,0.0,0.0
CUB,2025-04-01,0.0,0.0
CYP,2025-04-01,0.0,0.0
CZE,2025-04-01,0.0,0.0
DEU,2025-04-01,0.0,0.0
DJI,2025-04-01,0.0,0.0
DNK,2025-04-01,0.0,0.0
DOM,2025-04-01,0.0,0.0
DZA,2025-04-01,0.0,0.0
ECU,2025-04-01,0.0,0.009457341750716615
EGY,2025-04-01,0.0,0.0
ERI,2025-04-01,0.0,0.0
ESP,2025-04-01,0.0,0.0
EST,2025-04-01,0.0,0.0
ETH,2025-04-01,1.0,0.9147505215761033
FIN,2025-04-01,0.0,0.0
FJI,2025-04-01,0.0,0.0
FRA,2025-04-01,0.0,0.0
GAB,2025-04-01,0.0,0.0
GBR,2025-04-01,0.0,0.0
GEO,2025-04-01,0.0,0.0
GHA,2025-04-01,0.0,0.0
GIN,2025-04-01,0.0,0.0
GMB,2025-04-01,0.0,0.0
GNB,2025-04-01,0.0,0.0
GNQ,2025-04-01,0.0,0.0
GRC,2025-04-01,0.0,0.0
GRD,2025-04-01,0.0,0.0
GTM,2025-04-01,0.0,0.0
GUY,2025-04-01,0.0,0.0
HND,2025-04-01,0.0,0.0
HRV,2025-04-01,0.0,0.0
HUN,2025-04-01,0.0,0.0
IDN,2025-04-01,0.0,0.009783873110454106
IND,2025-04-01,1.0,0.0047877353695315724
IRL,2025-04-01,0.0,0.0
IRN,2025-04-01,1.0,0.014489731650173783
IRQ,2025-04-01,0.0,0.1381012371490091
ISL,2025-04-01,0.0,0.0
ISR,2025-04-01,0.0,0.028696201242441564
ITA,2025-04-01,0.0,0.0
JAM,2025-04-01,0.0,0.0
JOR,2025-04-01,0.0,0.0
JPN,2025-04-01,0.0,0.0
KAZ,2025-04-01,0.0,0.0
KEN,2025-04-01,0.0,0.022058343045690307
KGZ,2025-04-01,0.0,0.0
KHM,2025-04-01,0.0,0.0
KOR,2025-04-01,0.0,0.0
KWT,2025-04-01,0.0,0.0
LAO,2025-04-01,0.0,0.0
LBN,2025-04-01,0.0,0.6771134378312601
LBR,2025-04-01,0.0,0.0
LBY,2025-04-01,0.0,0.0
LKA,2025-04-01,0.0,0.0
LSO,2025-04-01,0.0,0.0
LTU,2025-04-01,0.0,0.0
LUX,2025-04-01,0.0,0.0
LVA,2025-04-01,0.0,0.0
MAR,2025-04-01,0.0,0.0
MDA,2025-04-01,0.0,0.0
MDG,2025-04-01,0.0,0.0
MDV,2025-04-01,0.0,0.0
MEX,2025-04-01,0.0,0.023370078811904747
MKD,2025-04-01,0.0,0.0
MLI,2025-04-01,0.0,0.7580254189261167
MLT,2025-04-01,0.0,0.0
MMR,2025-04-01,0.0,0.6097263776848763
MNE,2025-04-01,0.0,0.0
MNG,2025-04-01,0.0,0.0
MOZ,2025-04-01,0.0,0.6146900118318745
MRT,2025-04-01,0.0,0.0
MUS,2025-04-01,0.0,0.0
MWI,2025-04-01,0.0,0.0
MYS,2025-04-01,0.0,0.0
NAM,2025-04-01,0.0,0.0
NER,2025-04-01,1.0,0.9050663545180213
NGA,2025-04-01,1.0,0.6970778670632124
NIC,2025-04-01,0.0,0.0
NLD,2025-04-01,0.0,0.0
NOR,2025-04-01,0.0,0.0
NPL,2025-04-01,0.0,0.0
NZL,2025-04-01,0.0,0.0
OMN,2025-04-01,0.0,0.0
PAK,2025-04-01,0.0,0.32312507076941777
PAN,2025-04-01,0.0,0.0
PER,2025-04-01,0.0,0.0
PHL,2025-04-01,0.0,0.4440494217341153
PNG,2025-04-01,0.0,0.008085430549606844
POL,2025-04-01,0.0,0.0
PRK,2025-04-01,0.0,0.0
PRT,2025-04-01,0.0,0.0
PRY,2025-04-01,0.0,0.0
QAT,2025-04-01,0.0,0.0
ROU,2025-04-01,0.0,0.0
RUS,2025-04-01,0.0,0.15242495957735883
RWA,2025-04-01,0.0,0.004777619152207337
SAU,2025-04-01,0.0,0.0
SEN,2025-04-01,0.0,0.0
SGP,2025-04-01,0.0,0.0
SLB,2025-04-01,0.0,0.0
SLE,2025-04-01,0.0,0.0
SLV,2025-04-01,0.0,0.0
SOM,2025-04-01,1.0,0.8733715198706399
SRB,2025-04-01,0.0,0.0
STP,2025-04-01,0.0,0.0
SVK,2025-04-01,0.0,0.0
SVN,2025-04-01,0.0,0.0
SWE,2025-04-01,0.0,0.0
SWZ,2025-04-01,0.0,0.0
SYC,2025-04-01,0.0,0.0
SYR,2025-04-01,0.0,0.4959467550292139
TCD,2025-04-01,0.0,0.09811735861142157
TGO,2025-04-01,0.0,0.0
THA,2025-04-01,0.0,0.005
TJK,2025-04-01,0.0,0.0
TKM,2025-04-01,0.0,0.0
TLS,2025-04-01,0.0,0.0
TON,2025-04-01,0.0,0.0
TTO,2025-04-01,0.0,0.0
TUN,2025-04-01,0.0,0.0
TUR,2025-04-01,0.0,0.01
TZA,2025-04-01,0.0,0.0
UGA,2025-04-01,0.0,0.06269846563050482
UKR,2025-04-01,0.0,0.40239562564957637
URY,2025-04-01,0.0,0.0
USA,2025-04-01,0.0,0.0
UZB,2025-04-01,0.0,0.0
VEN,2025-04-01,0.0,0.0
VNM,2025-04-01,0.0,0.0
VUT,2025-04-01,0.0,0.0
WSM,2025-04-01,0.0,0.0
YEM,2025-04-01,0.0,0.10379737592745025
ZAF,2025-04-01,0.0,0.0
ZMB,2025-04-01,0.0,0.0
ZWE,2025-04-01,0.0,0.0
AFG,2025-05-01,0.0,0.48899953922737155
AGO,2025-05-01,0.0,0.0
ALB,2025-05-01,0.0,0.0
ARE,2025-05-01,0.0,0.0
ARG,2025-05-01,0.0,0.0
ARM,2025-05-01,0.0,0.0
AUS,2025-05-01,0.0,0.0
AUT,2025-05-01,0.0,0.0
AZE,2025-05-01,0.0,0.0
BDI,2025-05-01,0.0,0.0669248752528122
BEL,2025-05-01,0.0,0.0
BEN,2025-05-01,0.0,0.05199418301877947
BGD,2025-05-01,0.0,0.0
BGR,2025-05-01,0.0,0.0
BHR,2025-05-01,0.0,0.0
BHS,2025-05-01,0.0,0.0
BIH,2025-05-01,0.0,0.0
BLR,2025-05-01,0.0,0.0
BLZ,2025-05-01,0.0,0.0
BOL,2025-05-01,0.0,0.0
BRA,2025-05-01,0.0,0.00600147925643044
BRB,2025-05-01,0.0,0.0
BRN,2025-05-01,0.0,0.0
BTN,2025-05-01,0.0,0.0
BWA,2025-05-01,0.0,0.0
CAF,2025-05-01,0.0,0.6055886649257923
CAN,2025-05-01,0.0,0.0
CHE,2025-05-01,0.0,0.0
CHL,2025-05-01,0.0,0.0
CHN,2025-05-01,0.0,0.0
CIV,2025-05-01,0.0,0.005
CMR,2025-05-01,0.0,0.6748742935385909
COL,2025-05-01,0.0,0.18831300683171684
COM,2025-05-01,0.0,0.0
CRI,2025-05-01,0.0,0.0
CUB,2025-05-01,0.0,0.0
CYP,2025-05-01,0.0,0.0
CZE,2025-05-01,0.0,0.0
DEU,2025-05-01,0.0,0.0
DJI,2025-05-01,0.0,0.0
DNK,2025-05-01,0.0,0.0
DOM,2025-05-01,0.0,0.0
DZA,2025-05-01,0.0,0.0
ECU,2025-05-01,0.0,0.0
EGY,2025-05-01,0.0,0.0
ERI,2025-05-01,0.0,0.0
ESP,2025-05-01,0.0,0.0
EST,2025-05-01,0.0,0.0
ETH,2025-05-01,1.0,0.8980931990113021
FIN,2025-05-01,0.0,0.0
FJI,2025-05-01,0.0,0.0
FRA,2025-05-01,0.0,0.0
GAB,2025-05-01,0.0,0.0
GBR,2025-05-01,0.0,0.0
GEO,2025-05-01,0.0,0.0
GHA,2025-05-01,0.0,0.0
GIN,2025-05-01,0.0,0.0
GMB,2025-05-01,0.0,0.0
GNB,2025-05-01,0.0,0.0
GNQ,2025-05-01,0.0,0.0
GRC,2025-05-01,0.0,0.0
GRD,2025-05-01,0.0,0.0
GTM,2025-05-01,0.0,0.0
GUY,2025-05-01,0.0,0.0
HND,2025-05-01,0.0,0.0
HRV,2025-05-01,0.0,0.0
HUN,2025-05-01,0.0,0.0
IDN,2025-05-01,0.0,0.013901332133322555
IND,2025-05-01,0.0,0.2588513881860136
IRL,2025-05-01,0.0,0.0
IRN,2025-05-01,1.0,0.01
IRQ,2025-05-01,0.0,0.07483235721247712
ISL,2025-05-01,0.0,0.0
ISR,2025-05-01,0.0,0.02863629031898187
ITA,2025-05-01,0.0,0.0
JAM,2025-05-01,0.0,0.0
JOR,2025-05-01,0.0,0.0
JPN,2025-05-01,0.0,0.0
KAZ,2025-05-01,0.0,0.0
KEN,2025-05-01,0.0,0.028779014469208577
KGZ,2025-05-01,0.0,0.0
KHM,2025-05-01,1.0,0.0
KOR,2025-05-01,0.0,0.0
KWT,2025-05-01,0.0,0.0
LAO,2025-05-01,0.0,0.0
LBN,2025-05-01,0.0,0.5088785301363761
LBR,2025-05-01,0.0,0.0
LBY,2025-05-01,0.0,0.018925607898347928
LKA,2025-05-01,0.0,0.0
LSO,2025-05-01,0.0,0.0
LTU,2025-05-01,0.0,0.0
LUX,2025-05-01,0.0,0.0
LVA,2025-05-01,0.0,0.0
MAR,2025-05-01,0.0,0.0
MDA,2025-05-01,0.0,0.0
MDG,2025-05-01,0.0,0.0
MDV,2025-05-01,0.0,0.0
MEX,2025-05-01,0.0,0.005
MKD,2025-05-01,0.0,0.0
MLI,2025-05-01,0.0,0.9037143503897527
MLT,2025-05-01,0.0,0.0
MMR,2025-05-01,0.0,0.4885340103085006
MNE,2025-05-01,0.0,0.0
MNG,2025-05-01,0.0,0.0
MOZ,2025-05-01,1.0,0.34397161464759607
MRT,2025-05-01,0.0,0.0
MUS,2025-05-01,0.0,0.0
MWI,2025-05-01,0.0,0.0
MYS,2025-05-01,0.0,0.0
NAM,2025-05-01,0.0,0.0
NER,2025-05-01,1.0,0.8255710301295103
NIC,2025-05-01,0.0,0.0
NLD,2025-05-01,0.0,0.0
NOR,2025-05-01,0.0,0.0
NPL,2025-05-01,0.0,0.0
NZL,2025-05-01,0.0,0.0
OMN,2025-05-01,0.0,0.0
PAK,2025-05-01,0.0,0.6121097888504172
PAN,2025-05-01,0.0,0.0
PER,2025-05-01,0.0,0.0
PHL,2025-05-01,0.0,0.555088624212418
PNG,2025-05-01,0.0,0.0
POL,2025-05-01,0.0,0.0
PRK,2025-05-01,0.0,0.0
PRT,2025-05-01,0.0,0.0
PRY,2025-05-01,0.0,0.0
QAT,2025-05-01,0.0,0.0
ROU,2025-05-01,0.0,0.0
RUS,2025-05-01,0.0,0.167827365426604
RWA,2025-05-01,0.0,0.0
SAU,2025-05-01,0.0,0.0
SEN,2025-05-01,0.0,0.0
SGP,2025-05-01,0.0,0.0
SLB,2025-05-01,0.0,0.0
SLE,2025-05-01,0.0,0.0
SLV,2025-05-01,0.0,0.0
SOM,2025-05-01,1.0,0.5598325049301975
SRB,2025-05-01,0.0,0.0
STP,2025-05-01,0.0,0.0
SVK,2025-05-01,0.0,0.0
SVN,2025-05-01,0.0,0.0
SWE,2025-05-01,0.0,0.0
SWZ,2025-05-01,0.0,0.0
SYC,2025-05-01,0.0,0.0
SYR,2025-05-01,0.0,0.45379997795162014
TCD,2025-05-01,0.0,0.2516886768448658
TGO,2025-05-01,0.0,0.0
THA,2025-05-01,1.0,0.0
TJK,2025-05-01,0.0,0.0
TKM,2025-05-01,0.0,0.0
TLS,2025-05-01,0.0,0.0
TON,2025-05-01,0.0,0.0
TTO,2025-05-01,0.0,0.0
TUN,2025-05-01,0.0,0.005
TUR,2025-05-01,0.0,0.005
TZA,2025-05-01,0.0,0.0
UGA,2025-05-01,0.0,0.032199643712095306
UKR,2025-05-01,0.0,0.5136001215712488
URY,2025-05-01,0.0,0.0
USA,2025-05-01,0.0,0.0
UZB,2025-05-01,0.0,0.0
VEN,2025-05-01,0.0,0.01436432186698961
VNM,2025-05-01,0.0,0.0
VUT,2025-05-01,0.0,0.0
WSM,2025-05-01,0.0,0.0
YEM,2025-05-01,0.0,0.10573980467207304
ZAF,2025-05-01,0.0,0.0
ZMB,2025-05-01,0.0,0.0
ZWE,2025-05-01,0.0,0.0
AFG,2025-06-01,0.0,0.3149041157282974
AGO,2025-06-01,0.0,0.0
ALB,2025-06-01,0.0,0.0
ARE,2025-06-01,0.0,0.0
ARG,2025-06-01,0.0,0.0
ARM,2025-06-01,0.0,0.004903275332650973
AUS,2025-06-01,0.0,0.0
AUT,2025-06-01,0.0,0.0
AZE,2025-06-01,0.0,0.0
BDI,2025-06-01,0.0,0.044227865774363634
BEL,2025-06-01,0.0,0.0
BEN,2025-06-01,0.0,0.1561426375852683
BGD,2025-06-01,0.0,0.008933538176210237
BGR,2025-06-01,0.0,0.0
BHR,2025-06-01,0.0,0.0
BHS,2025-06-01,0.0,0.0
BIH,2025-06-01,0.0,0.0
BLR,2025-06-01,0.0,0.0
BLZ,2025-06-01,0.0,0.0
BOL,2025-06-01,0.0,0.0
BRA,2025-06-01,0.0,0.009379566421495284
BRB,2025-06-01,0.0,0.0
BRN,2025-06-01,0.0,0.0
BTN,2025-06-01,0.0,0.0
BWA,2025-06-01,0.0,0.0
CAF,2025-06-01,0.0,0.674616753147659
CAN,2025-06-01,0.0,0.0
CHE,2025-06-01,0.0,0.0
CHL,2025-06-01,0.0,0.0
CHN,2025-06-01,0.0,0.0
CIV,2025-06-01,0.0,0.0
CMR,2025-06-01,0.0,0.5277173229494181
COL,2025-06-01,0.0,0.31243608875597284
COM,2025-06-01,0.0,0.0
CRI,2025-06-01,0.0,0.0
CUB,2025-06-01,0.0,0.0
CYP,2025-06-01,0.0,0.0
CZE,2025-06-01,0.0,0.0
DEU,2025-06-01,0.0,0.0
DJI,2025-06-01,0.0,0.0
DNK,2025-06-01,0.0,0.0
DOM,2025-06-01,0.0,0.0
DZA,2025-06-01,0.0,0.0
ECU,2025-06-01,0.0,0.0
EGY,2025-06-01,0.0,0.0
ERI,2025-06-01,0.0,0.0
ESP,2025-06-01,0.0,0.0
EST,2025-06-01,0.0,0.0
ETH,2025-06-01,1.0,0.8305992550935192
FIN,2025-06-01,0.0,0.0
FJI,2025-06-01,0.0,0.0
FRA,2025-06-01,0.0,0.0
GAB,2025-06-01,0.0,0.0
GBR,2025-06-01,0.0,0.0
GEO,2025-06-01,0.0,0.0
GHA,2025-06-01,0.0,0.0
GIN,2025-06-01,0.0,0.0
GMB,2025-06-01,0.0,0.0
GNB,2025-06-01,0.0,0.0
GNQ,2025-06-01,0.0,0.0
GRC,2025-06-01,0.0,0.0
GRD,2025-06-01,0.0,0.0
GTM,2025-06-01,0.0,0.0
GUY,2025-06-01,0.0,0.0
HND,2025-06-01,0.0,0.0
HRV,2025-06-01,0.0,0.0
HUN,2025-06-01,0.0,0.0
IDN,2025-06-01,0.0,0.015322075944313951
IND,2025-06-01,0.0,0.14778885506073827
IRL,2025-06-01,0.0,0.0
IRN,2025-06-01,0.0,0.10587144876681574
IRQ,2025-06-01,0.0,0.12124301757281125
ISL,2025-06-01,0.0,0.0
ISR,2025-06-01,0.0,0.09351246342029487
ITA,2025-06-01,0.0,0.0
JAM,2025-06-01,0.0,0.0
JOR,2025-06-01,0.0,0.0
JPN,2025-06-01,0.0,0.0
KAZ,2025-06-01,0.0,0.0
KEN,2025-06-01,0.0,0.03791007818012421
KGZ,2025-06-01,0.0,0.0
KHM,2025-06-01,1.0,0.0
KOR,2025-06-01,0.0,0.0
KWT,2025-06-01,0.0,0.0
LAO,2025-06-01,0.0,0.0
LBN,2025-06-01,0.0,0.44371014227435424
LBR,2025-06-01,0.0,0.0
LBY,2025-06-01,0.0,0.042404790649012494
LKA,2025-06-01,0.0,0.0
LSO,2025-06-01,0.0,0.0
LTU,2025-06-01,0.0,0.0
LUX,2025-06-01,0.0,0.0
LVA,2025-06-01,0.0,0.0
MAR,2025-06-01,0.0,0.0
MDA,2025-06-01,0.0,0.0
MDG,2025-06-01,0.0,0.0
MDV,2025-06-01,0.0,0.0
MEX,2025-06-01,0.0,0.018298477368116368
MKD,2025-06-01,0.0,0.0
MLI,2025-06-01,0.0,0.7780094447719458
MLT,2025-06-01,0.0,0.0
MMR,2025-06-01,0.0,0.22756106700832288
MNE,2025-06-01,0.0,0.0
MNG,2025-06-01,0.0,0.0
MOZ,2025-06-01,1.0,0.5946218083444701
MRT,2025-06-01,0.0,0.0
MUS,2025-06-01,0.0,0.0
MWI,2025-06-01,0.0,0.0
MYS,2025-06-01,0.0,0.0
NAM,2025-06-01,0.0,0.0
NIC,2025-06-01,0.0,0.0
NLD,2025-06-01,0.0,0.0
NOR,2025-06-01,0.0,0.0
NPL,2025-06-01,0.0,0.0
NZL,2025-06-01,0.0,0.0
OMN,2025-06-01,0.0,0.0
PAK,2025-06-01,1.0,0.25127451219437197
PAN,2025-06-01,0.0,0.0
PER,2025-06-01,0.0,0.0
PHL,2025-06-01,0.0,0.23359513093252096
PNG,2025-06-01,0.0,0.004192263936291229
POL,2025-06-01,0.0,0.0
PRK,2025-06-01,0.0,0.0
PRT,2025-06-01,0.0,0.0
PRY,2025-06-01,0.0,0.0
QAT,2025-06-01,0.0,0.0
ROU,2025-06-01,0.0,0.0
RUS,2025-06-01,0.0,0.14455303774595474
RWA,2025-06-01,0.0,0.0
SAU,2025-06-01,0.0,0.0
SEN,2025-06-01,0.0,0.0
SGP,2025-06-01,0.0,0.0
SLB,2025-06-01,0.0,0.0
SLE,2025-06-01,0.0,0.0
SLV,2025-06-01,0.0,0.0
SRB,2025-06-01,0.0,0.0
STP,2025-06-01,0.0,0.0
SVK,2025-06-01,0.0,0.0
SVN,2025-06-01,0.0,0.0
SWE,2025-06-01,0.0,0.0
SWZ,2025-06-01,0.0,0.0
SYC,2025-06-01,0.0,0.0
SYR,2025-06-01,0.0,0.2410004356194924
TCD,2025-06-01,0.0,0.25898798584899574
TGO,2025-06-01,0.0,0.0
THA,2025-06-01,1.0,0.005
TJK,2025-06-01,0.0,0.0
TKM,2025-06-01,0.0,0.0
TLS,2025-06-01,0.0,0.0
TON,2025-06-01,0.0,0.0
TTO,2025-06-01,0.0,0.0
TUN,2025-06-01,0.0,0.01
TUR,2025-06-01,0.0,0.007366463730004924
TZA,2025-06-01,0.0,0.0
UGA,2025-06-01,0.0,0.05425903905751018
UKR,2025-06-01,0.0,0.23355480717995739
URY,2025-06-01,0.0,0.0
USA,2025-06-01,0.0,0.0
UZB,2025-06-01,0.0,0.0
VEN,2025-06-01,0.0,0.0
VNM,2025-06-01,0.0,0.0
VUT,2025-06-01,0.0,0.0
WSM,2025-06-01,0.0,0.0
YEM,2025-06-01,0.0,0.11360450435391951
ZAF,2025-06-01,0.0,0.0
ZMB,2025-06-01,0.0,0.0
ZWE,2025-06-01,0.0,0.0
AFG,2025-07-01,0.0,0.3322120683902937
AGO,2025-07-01,0.0,0.0
ALB,2025-07-01,0.0,0.0
ARE,2025-07-01,0.0,0.0
ARG,2025-07-01,0.0,0.0
ARM,2025-07-01,0.0,0.0
AUS,2025-07-01,0.0,0.0
AUT,2025-07-01,0.0,0.0
AZE,2025-07-01,0.0,0.0
BDI,2025-07-01,0.0,0.023934475321858984
BEL,2025-07-01,0.0,0.0
BEN,2025-07-01,0.0,0.027691038118881708
BGD,2025-07-01,0.0,0.00925998229048392
BGR,2025-07-01,0.0,0.0
BHR,2025-07-01,0.0,0.0
BHS,2025-07-01,0.0,0.0
BIH,2025-07-01,0.0,0.0
BLR,2025-07-01,0.0,0.0
BLZ,2025-07-01,0.0,0.0
BOL,2025-07-01,0.0,0.0
BRA,2025-07-01,0.0,0.0
BRB,2025-07-01,0.0,0.0
BRN,2025-07-01,0.0,0.0
BTN,2025-07-01,0.0,0.0
BWA,2025-07-01,0.0,0.0
CAF,2025-07-01,0.0,0.566307847407835
CAN,2025-07-01,0.0,0.0
CHE,2025-07-01,0.0,0.0
CHL,2025-07-01,0.0,0.0
CHN,2025-07-01,0.0,0.0
CIV,2025-07-01,0.0,0.0
CMR,2025-07-01,0.0,0.4705768457790988
COL,2025-07-01,0.0,0.1604230109763284
COM,2025-07-01,0.0,0.0
CRI,2025-07-01,0.0,0.0
CUB,2025-07-01,0.0,0.0
CYP,2025-07-01,0.0,0.0
CZE,2025-07-01,0.0,0.0
DEU,2025-07-01,0.0,0.0
DJI,2025-07-01,0.0,0.0
DNK,2025-07-01,0.0,0.0
DOM,2025-07-01,0.0,0.0
DZA,2025-07-01,0.0,0.0
ECU,2025-07-01,0.0,0.009199057015804164
EGY,2025-07-01,0.0,0.008655062119998592
ERI,2025-07-01,0.0,0.005
ESP,2025-07-01,0.0,0.0
EST,2025-07-01,0.0,0.0
FIN,2025-07-01,0.0,0.0
FJI,2025-07-01,0.0,0.0
FRA,2025-07-01,0.0,0.0
GAB,2025-07-01,0.0,0.0
GBR,2025-07-01,0.0,0.0
GEO,2025-07-01,0.0,0.0
GHA,2025-07-01,0.0,0.0
GIN,2025-07-01,0.0,0.0
GMB,2025-07-01,0.0,0.0
GNB,2025-07-01,0.0,0.0
GNQ,2025-07-01,0.0,0.0
GRC,2025-07-01,0.0,0.0
GRD,2025-07-01,0.0,0.0
GTM,2025-07-01,0.0,0.0
GUY,2025-07-01,0.0,0.0
HND,2025-07-01,0.0,0.0
HRV,2025-07-01,0.0,0.0
HTI,2025-07-01,1.0,0.8468085545065682
HUN,2025-07-01,0.0,0.0
IDN,2025-07-01,0.0,0.008351664487608556
IND,2025-07-01,0.0,0.11250614810162597
IRL,2025-07-01,0.0,0.0
IRN,2025-07-01,0.0,0.2817413778242738
IRQ,2025-07-01,0.0,0.04770103731291998
ISL,2025-07-01,0.0,0.0
ISR,2025-07-01,0.0,0.11120698122265031
ITA,2025-07-01,0.0,0.0
JAM,2025-07-01,0.0,0.0
JOR,2025-07-01,0.0,0.0
JPN,2025-07-01,0.0,0.0
KAZ,2025-07-01,0.0,0.0
KEN,2025-07-01,0.0,0.045857059411058956
KGZ,2025-07-01,0.0,0.0
KHM,2025-07-01,0.0,0.06470954094294684
KOR,2025-07-01,0.0,0.0
KWT,2025-07-01,0.0,0.0
LAO,2025-07-01,0.0,0.0
LBN,2025-07-01,0.0,0.4188326351446363
LBR,2025-07-01,0.0,0.0
LBY,2025-07-01,0.0,0.07452519578857678
LKA,2025-07-01,0.0,0.0
LSO,2025-07-01,0.0,0.0
LTU,2025-07-01,0.0,0.0
LUX,2025-07-01,0.0,0.0
LVA,2025-07-01,0.0,0.0
MAR,2025-07-01,0.0,0.0
MDA,2025-07-01,0.0,0.0
MDG,2025-07-01,0.0,0.0
MDV,2025-07-01,0.0,0.0
MEX,2025-07-01,0.0,0.01640018848599917
MKD,2025-07-01,0.0,0.0
MLI,2025-07-01,0.0,0.7721040514908747
MLT,2025-07-01,0.0,0.0
MMR,2025-07-01,0.0,0.2504961755160509
MNE,2025-07-01,0.0,0.0
MNG,2025-07-01,0.0,0.0
MRT,2025-07-01,0.0,0.0
MUS,2025-07-01,0.0,0.0
MWI,2025-07-01,0.0,0.0
MYS,2025-07-01,0.0,0.0
NAM,2025-07-01,0.0,0.0
NIC,2025-07-01,0.0,0.005
NLD,2025-07-01,0.0,0.0
NOR,2025-07-01,0.0,0.0
NPL,2025-07-01,0.0,0.0
NZL,2025-07-01,0.0,0.0
OMN,2025-07-01,0.0,0.0
PAK,2025-07-01,1.0,0.613323927036966
PAN,2025-07-01,0.0,0.0
PER,2025-07-01,0.0,0.0
PHL,2025-07-01,0.0,0.23097860897862874
PNG,2025-07-01,0.0,0.005
POL,2025-07-01,0.0,0.0
PRK,2025-07-01,0.0,0.0
PRT,2025-07-01,0.0,0.0
PRY,2025-07-01,0.0,0.0
QAT,2025-07-01,0.0,0.0
ROU,2025-07-01,0.0,0.0
RUS,2025-07-01,0.0,0.16839175389619385
RWA,2025-07-01,0.0,0.0
SAU,2025-07-01,0.0,0.0
SEN,2025-07-01,0.0,0.0
SGP,2025-07-01,0.0,0.0
SLB,2025-07-01,0.0,0.0
SLE,2025-07-01,0.0,0.005
SLV,2025-07-01,0.0,0.0
SRB,2025-07-01,0.0,0.0
STP,2025-07-01,0.0,0.0
SVK,2025-07-01,0.0,0.0
SVN,2025-07-01,0.0,0.0
SWE,2025-07-01,0.0,0.0
SWZ,2025-07-01,0.0,0.0
SYC,2025-07-01,0.0,0.0
SYR,2025-07-01,0.0,0.2530044169785113
TCD,2025-07-01,0.0,0.3452253074430411
TGO,2025-07-01,0.0,0.0
THA,2025-07-01,0.0,0.10388337302948551
TJK,2025-07-01,0.0,0.005
TKM,2025-07-01,0.0,0.0
TLS,2025-07-01,0.0,0.0
TON,2025-07-01,0.0,0.0
TTO,2025-07-01,0.0,0.0
TUN,2025-07-01,0.0,0.01
TUR,2025-07-01,0.0,0.014468382771110802
TZA,2025-07-01,0.0,0.0
UGA,2025-07-01,0.0,0.032246815703590344
UKR,2025-07-01,0.0,0.31155354851597006
URY,2025-07-01,0.0,0.0
USA,2025-07-01,0.0,0.0
UZB,2025-07-01,0.0,0.0
VEN,2025-07-01,0.0,0.0
VNM,2025-07-01,0.0,0.0
VUT,2025-07-01,0.0,0.0
WSM,2025-07-01,0.0,0.0
YEM,2025-07-01,0.0,0.08539243419277043
ZAF,2025-07-01,0.0,0.0
ZMB,2025-07-01,0.0,0.0
ZWE,2025-07-01,0.0,0.005
AFG,2025-08-01,1.0,0.22437003041058443
AGO,2025-08-01,0.0,0.0
ALB,2025-08-01,0.0,0.0
ARE,2025-08-01,0.0,0.0
ARG,2025-08-01,0.0,0.0
ARM,2025-08-01,0.0,0.0
AUS,2025-08-01,0.0,0.0
AUT,2025-08-01,0.0,0.0
AZE,2025-08-01,0.0,0.005
BDI,2025-08-01,0.0,0.02672375219049656
BEL,2025-08-01,0.0,0.0
BEN,2025-08-01,0.0,0.03561634567502864
BGD,2025-08-01,0.0,0.00895395737306162
BGR,2025-08-01,0.0,0.0
BHR,2025-08-01,0.0,0.0
BHS,2025-08-01,0.0,0.0
BIH,2025-08-01,0.0,0.0
BLR,2025-08-01,0.0,0.0
BLZ,2025-08-01,0.0,0.0
BOL,2025-08-01,0.0,0.0
BRA,2025-08-01,0.0,0.0
BRB,2025-08-01,0.0,0.0
BRN,2025-08-01,0.0,0.0
BTN,2025-08-01,0.0,0.0
BWA,2025-08-01,0.0,0.0
CAF,2025-08-01,0.0,0.6645009800989997
CAN,2025-08-01,0.0,0.0
CHE,2025-08-01,0.0,0.0
CHL,2025-08-01,0.0,0.0
CHN,2025-08-01,0.0,0.0
CIV,2025-08-01,0.0,0.005
CMR,2025-08-01,0.0,0.33895986778659887
COL,2025-08-01,0.0,0.16581554939089613
COM,2025-08-01,0.0,0.0
CRI,2025-08-01,0.0,0.0
CUB,2025-08-01,0.0,0.0
CYP,2025-08-01,0.0,0.0
CZE,2025-08-01,0.0,0.0
DEU,2025-08-01,0.0,0.0
DJI,2025-08-01,0.0,0.0
DNK,2025-08-01,0.0,0.0
DOM,2025-08-01,0.0,0.0
DZA,2025-08-01,0.0,0.004840997074809572
ECU,2025-08-01,0.0,0.015
EGY,2025-08-01,0.0,0.013620591444434877
ERI,2025-08-01,0.0,0.005
ESP,2025-08-01,0.0,0.0
EST,2025-08-01,0.0,0.0
FIN,2025-08-01,0.0,0.0
FJI,2025-08-01,0.0,0.0
FRA,2025-08-01,0.0,0.0
GAB,2025-08-01,0.0,0.0
GBR,2025-08-01,0.0,0.0
GEO,2025-08-01,0.0,0.0
GHA,2025-08-01,0.0,0.0
GIN,2025-08-01,0.0,0.0
GMB,2025-08-01,0.0,0.0
GNB,2025-08-01,0.0,0.0
GNQ,2025-08-01,0.0,0.0
GRC,2025-08-01,0.0,0.0
GRD,2025-08-01,0.0,0.0
GTM,2025-08-01,0.0,0.0
GUY,2025-08-01,0.0,0.0
HND,2025-08-01,0.0,0.0
HRV,2025-08-01,0.0,0.0
HTI,2025-08-01,1.0,0.7712819688254636
HUN,2025-08-01,0.0,0.0
IDN,2025-08-01,0.0,0.00946063940485584
IND,2025-08-01,0.0,0.12445062295099282
IRL,2025-08-01,0.0,0.0
IRN,2025-08-01,0.0,0.44704167575779785
IRQ,2025-08-01,0.0,0.06575232716075524
ISL,2025-08-01,0.0,0.0
ISR,2025-08-01,0.0,0.10474611257091279
ITA,2025-08-01,0.0,0.0
JAM,2025-08-01,0.0,0.0
JOR,2025-08-01,0.0,0.005
JPN,2025-08-01,0.0,0.0
KAZ,2025-08-01,0.0,0.0
KEN,2025-08-01,0.0,0.20517819813785565
KGZ,2025-08-01,0.0,0.0
KHM,2025-08-01,0.0,0.04359960624055107
KOR,2025-08-01,0.0,0.0
KWT,2025-08-01,0.0,0.0
LAO,2025-08-01,0.0,0.0
LBN,2025-08-01,0.0,0.3914328025041071
LBR,2025-08-01,0.0,0.0
LBY,2025-08-01,0.0,0.06215637578426827
LKA,2025-08-01,0.0,0.0
LSO,2025-08-01,0.0,0.0
LTU,2025-08-01,0.0,0.0
LUX,2025-08-01,0.0,0.0
LVA,2025-08-01,0.0,0.0
MAR,2025-08-01,0.0,0.0
MDA,2025-08-01,0.0,0.0
MDG,2025-08-01,0.0,0.0
MDV,2025-08-01,0.0,0.0
MEX,2025-08-01,0.0,0.012867517424012374
MKD,2025-08-01,0.0,0.0
MLI,2025-08-01,0.0,0.7658087088212905
MLT,2025-08-01,0.0,0.0
MMR,2025-08-01,0.0,0.17023664997544924
MNE,2025-08-01,0.0,0.0
MNG,2025-08-01,0.0,0.0
MRT,2025-08-01,0.0,0.0
MUS,2025-08-01,0.0,0.0
MWI,2025-08-01,0.0,0.0
MYS,2025-08-01,0.0,0.0
NAM,2025-08-01,0.0,0.0
NER,2025-08-01,0.0,0.7992799516330288
NIC,2025-08-01,0.0,0.0
NLD,2025-08-01,0.0,0.0
NOR,2025-08-01,0.0,0.0
NPL,2025-08-01,0.0,0.0
NZL,2025-08-01,0.0,0.0
OMN,2025-08-01,0.0,0.0
PAK,2025-08-01,1.0,0.4515328326052925
PAN,2025-08-01,0.0,0.0
PER,2025-08-01,0.0,0.0
PHL,2025-08-01,0.0,0.2808137686101555
PNG,2025-08-01,0.0,0.0
POL,2025-08-01,0.0,0.0
PRK,2025-08-01,0.0,0.0
PRT,2025-08-01,0.0,0.0
PRY,2025-08-01,0.0,0.0
QAT,2025-08-01,0.0,0.0
ROU,2025-08-01,0.0,0.0
RUS,2025-08-01,0.0,0.16674975747532206
RWA,2025-08-01,0.0,0.005
SAU,2025-08-01,0.0,0.0
SEN,2025-08-01,0.0,0.0
SGP,2025-08-01,0.0,0.0
SLB,2025-08-01,0.0,0.0
SLE,2025-08-01,0.0,0.004936940041350793
SLV,2025-08-01,0.0,0.0
SRB,2025-08-01,0.0,0.0
STP,2025-08-01,0.0,0.0
SVK,2025-08-01,0.0,0.0
SVN,2025-08-01,0.0,0.0
SWE,2025-08-01,0.0,0.0
SWZ,2025-08-01,0.0,0.0
SYC,2025-08-01,0.0,0.0
SYR,2025-08-01,1.0,0.2807038282618356
TCD,2025-08-01,0.0,0.25060456809288206
TGO,2025-08-01,0.0,0.0
THA,2025-08-01,0.0,0.09689419371296787
TJK,2025-08-01,0.0,0.0
TKM,2025-08-01,0.0,0.004384026927784578
TLS,2025-08-01,0.0,0.0
TON,2025-08-01,0.0,0.0
TTO,2025-08-01,0.0,0.0
TUN,2025-08-01,0.0,0.0
TUR,2025-08-01,0.0,0.009216248859299019
TZA,2025-08-01,0.0,0.0
UGA,2025-08-01,0.0,0.049091114323687984
UKR,2025-08-01,0.0,0.21094572037198822
URY,2025-08-01,0.0,0.0
USA,2025-08-01,0.0,0.0
UZB,2025-08-01,0.0,0.0
VEN,2025-08-01,0.0,0.009071502909979313
VNM,2025-08-01,0.0,0.0
VUT,2025-08-01,0.0,0.0
WSM,2025-08-01,0.0,0.0
YEM,2025-08-01,0.0,0.06356881317894354
ZAF,2025-08-01,0.0,0.0
ZMB,2025-08-01,0.0,0.005
ZWE,2025-08-01,0.0,0.0
AFG,2025-09-01,1.0,0.16776379806536404
AGO,2025-09-01,0.0,0.0
ALB,2025-09-01,0.0,0.0
ARE,2025-09-01,0.0,0.0
ARG,2025-09-01,0.0,0.0
ARM,2025-09-01,0.0,0.0
AUS,2025-09-01,0.0,0.0
AUT,2025-09-01,0.0,0.0
AZE,2025-09-01,0.0,0.0
BDI,2025-09-01,0.0,0.01901042970150224
BEL,2025-09-01,0.0,0.0
BEN,2025-09-01,0.0,0.03634193459357134
BFA,2025-09-01,0.0,0.8840085515115774
BGD,2025-09-01,0.0,0.008724946050440961
BGR,2025-09-01,0.0,0.0
BHR,2025-09-01,0.0,0.0
BHS,2025-09-01,0.0,0.0
BIH,2025-09-01,0.0,0.0
BLR,2025-09-01,0.0,0.0
BLZ,2025-09-01,0.0,0.0
BOL,2025-09-01,0.0,0.0
BRA,2025-09-01,0.0,0.005
BRB,2025-09-01,0.0,0.0
BRN,2025-09-01,0.0,0.0
BTN,2025-09-01,0.0,0.0
BWA,2025-09-01,0.0,0.0
CAF,2025-09-01,0.0,0.6031498903666834
CAN,2025-09-01,0.0,0.0
CHE,2025-09-01,0.0,0.0
CHL,2025-09-01,0.0,0.0
CHN,2025-09-01,0.0,0.0
CIV,2025-09-01,0.0,0.005
CMR,2025-09-01,0.0,0.5041961178919652
COL,2025-09-01,0.0,0.21098737825935726
COM,2025-09-01,0.0,0.0
CRI,2025-09-01,0.0,0.0
CUB,2025-09-01,0.0,0.0
CYP,2025-09-01,0.0,0.0
CZE,2025-09-01,0.0,0.0
DEU,2025-09-01,0.0,0.0
DJI,2025-09-01,0.0,0.009757074387761801
DNK,2025-09-01,0.0,0.0
DOM,2025-09-01,0.0,0.0
DZA,2025-09-01,0.0,0.0
ECU,2025-09-01,0.0,0.0578801558504633
EGY,2025-09-01,0.0,0.00255429034759924
ERI,2025-09-01,0.0,0.0
ESP,2025-09-01,0.0,0.0
EST,2025-09-01,0.0,0.0
FIN,2025-09-01,0.0,0.0
FJI,2025-09-01,0.0,0.0
FRA,2025-09-01,0.0,0.0
GAB,2025-09-01,0.0,0.0
GBR,2025-09-01,0.0,0.0
GEO,2025-09-01,0.0,0.0
GHA,2025-09-01,0.0,0.005
GIN,2025-09-01,0.0,0.0
GMB,2025-09-01,0.0,0.0
GNB,2025-09-01,0.0,0.0
GNQ,2025-09-01,0.0,0.0
GRC,2025-09-01,0.0,0.0
GRD,2025-09-01,0.0,0.0
GTM,2025-09-01,0.0,0.0
GUY,2025-09-01,0.0,0.0
HND,2025-09-01,0.0,0.0
HRV,2025-09-01,0.0,0.0
HUN,2025-09-01,0.0,0.0
IDN,2025-09-01,0.0,0.0
IND,2025-09-01,0.0,0.12722265282155346
IRL,2025-09-01,0.0,0.0
IRN,2025-09-01,0.0,0.2256028398391545
IRQ,2025-09-01,0.0,0.06335251634197865
ISL,2025-09-01,0.0,0.0
ISR,2025-09-01,0.0,0.09955344402203686
ITA,2025-09-01,0.0,0.0
JAM,2025-09-01,0.0,0.0
JOR,2025-09-01,0.0,0.0
JPN,2025-09-01,0.0,0.0
KAZ,2025-09-01,0.0,0.0
KEN,2025-09-01,0.0,0.18125828244355888
KGZ,2025-09-01,0.0,0.0
KHM,2025-09-01,0.0,0.06657461274410498
KOR,2025-09-01,0.0,0.0
KWT,2025-09-01,0.0,0.0
LAO,2025-09-01,0.0,0.0
LBN,2025-09-01,0.0,0.2223026557231767
LBR,2025-09-01,0.0,0.0
LBY,2025-09-01,0.0,0.0769012825094822
LKA,2025-09-01,0.0,0.0
LSO,2025-09-01,0.0,0.0
LTU,2025-09-01,0.0,0.0
LUX,2025-09-01,0.0,0.0
LVA,2025-09-01,0.0,0.0
MAR,2025-09-01,0.0,0.0
MDA,2025-09-01,0.0,0.0
MDG,2025-09-01,0.0,0.0
MDV,2025-09-01,0.0,0.0
MEX,2025-09-01,0.0,0.01598181438834544
MKD,2025-09-01,0.0,0.0
MLI,2025-09-01,0.0,0.7091642978362018
MLT,2025-09-01,0.0,0.0
MMR,2025-09-01,0.0,0.12645959243617858
MNE,2025-09-01,0.0,0.0
MNG,2025-09-01,0.0,0.0
MRT,2025-09-01,0.0,0.0
MUS,2025-09-01,0.0,0.0
MWI,2025-09-01,0.0,0.0
MYS,2025-09-01,0.0,0.0
NAM,2025-09-01,0.0,0.0
NER,2025-09-01,0.0,0.8009643907498536
NGA,2025-09-01,0.0,0.6459751113652633
NIC,2025-09-01,0.0,0.0
NLD,2025-09-01,0.0,0.0
NOR,2025-09-01,0.0,0.0
NPL,2025-09-01,0.0,0.018884257646018178
NZL,2025-09-01,0.0,0.0
OMN,2025-09-01,0.0,0.0
PAK,2025-09-01,1.0,0.3811444334010106
PAN,2025-09-01,0.0,0.0
PER,2025-09-01,0.0,0.005
PHL,2025-09-01,0.0,0.07969361915637757
PNG,2025-09-01,0.0,0.0
POL,2025-09-01,0.0,0.0
PRK,2025-09-01,0.0,0.0
PRT,2025-09-01,0.0,0.0
PRY,2025-09-01,0.0,0.0
QAT,2025-09-01,0.0,0.0
ROU,2025-09-01,0.0,0.0
RUS,2025-09-01,0.0,0.13657553676142217
RWA,2025-09-01,0.0,0.0
SAU,2025-09-01,0.0,0.0
SEN,2025-09-01,0.0,0.0
SGP,2025-09-01,0.0,0.0
SLB,2025-09-01,0.0,0.0
SLE,2025-09-01,0.0,0.0
SLV,2025-09-01,0.0,0.0
SRB,2025-09-01,0.0,0.0
STP,2025-09-01,0.0,0.0
SVK,2025-09-01,0.0,0.0
SVN,2025-09-01,0.0,0.0
SWE,2025-09-01,0.0,0.0
SWZ,2025-09-01,0.0,0.0
SYC,2025-09-01,0.0,0.0
SYR,2025-09-01,1.0,0.7094506872108607
TCD,2025-09-01,0.0,0.21284000649314827
TGO,2025-09-01,0.0,0.0
THA,2025-09-01,0.0,0.043314931087773664
TJK,2025-09-01,0.0,0.005
TKM,2025-09-01,0.0,0.0
TLS,2025-09-01,0.0,0.0
TON,2025-09-01,0.0,0.0
TTO,2025-09-01,0.0,0.0
TUN,2025-09-01,0.0,0.005
TUR,2025-09-01,0.0,0.008802063146415726
TZA,2025-09-01,0.0,0.004737891799991282
UGA,2025-09-01,0.0,0.023247475308120994
UKR,2025-09-01,0.0,0.3985090543231752
URY,2025-09-01,0.0,0.0
USA,2025-09-01,0.0,0.0
UZB,2025-09-01,0.0,0.0
VEN,2025-09-01,0.0,0.014253203797350922
VNM,2025-09-01,0.0,0.0
VUT,2025-09-01,0.0,0.0
WSM,2025-09-01,0.0,0.0
YEM,2025-09-01,0.0,0.08421385109663573
ZAF,2025-09-01,0.0,0.0
ZMB,2025-09-01,0.0,0.0
ZWE,2025-09-01,0.0,0.0
AFG,2025-10-01,0.0,0.8958012701114672
AGO,2025-10-01,0.0,0.0
ALB,2025-10-01,0.0,0.0
ARE,2025-10-01,0.0,0.0
ARG,2025-10-01,0.0,0.0
ARM,2025-10-01,0.0,0.0
AUS,2025-10-01,0.0,0.0
AUT,2025-10-01,0.0,0.0
AZE,2025-10-01,0.0,0.0
BDI,2025-10-01,0.0,0.005
BEL,2025-10-01,0.0,0.0
BEN,2025-10-01,0.0,0.023805391286207973
BFA,2025-10-01,0.0,0.8872235942771795
BGD,2025-10-01,0.0,0.005707063993118281
BGR,2025-10-01,0.0,0.0
BHR,2025-10-01,0.0,0.0
BHS,2025-10-01,0.0,0.0
BIH,2025-10-01,0.0,0.0
BLR,2025-10-01,0.0,0.005
BLZ,2025-10-01,0.0,0.0
BOL,2025-10-01,0.0,0.0
BRA,2025-10-01,0.0,0.0
BRB,2025-10-01,0.0,0.0
BRN,2025-10-01,0.0,0.0
BTN,2025-10-01,0.0,0.0
BWA,2025-10-01,0.0,0.0
CAF,2025-10-01,0.0,0.5671538329166537
CAN,2025-10-01,0.0,0.0
CHE,2025-10-01,0.0,0.0
CHL,2025-10-01,0.0,0.0
CHN,2025-10-01,0.0,0.0
CIV,2025-10-01,0.0,0.02922392757229371
CMR,2025-10-01,0.0,0.3845310925218394
COL,2025-10-01,0.0,0.2282395386504821
COM,2025-10-01,0.0,0.0
CRI,2025-10-01,0.0,0.0
CUB,2025-10-01,0.0,0.0
CYP,2025-10-01,0.0,0.0
CZE,2025-10-01,0.0,0.0
DEU,2025-10-01,0.0,0.0
DJI,2025-10-01,0.0,0.005
DNK,2025-10-01,0.0,0.0
DOM,2025-10-01,0.0,0.0
DZA,2025-10-01,0.0,0.009857980162308388
ECU,2025-10-01,0.0,0.057886169487809766
EGY,2025-10-01,0.0,0.0
ERI,2025-10-01,0.0,0.0
ESP,2025-10-01,0.0,0.0
EST,2025-10-01,0.0,0.0
FIN,2025-10-01,0.0,0.0
FJI,2025-10-01,0.0,0.0
FRA,2025-10-01,0.0,0.0
GAB,2025-10-01,0.0,0.0
GBR,2025-10-01,0.0,0.0
GEO,2025-10-01,0.0,0.0
GHA,2025-10-01,0.0,0.0
GIN,2025-10-01,0.0,0.0
GMB,2025-10-01,0.0,0.0
GNB,2025-10-01,0.0,0.0
GNQ,2025-10-01,0.0,0.0
GRC,2025-10-01,0.0,0.0
GRD,2025-10-01,0.0,0.0
GTM,2025-10-01,0.0,0.0
GUY,2025-10-01,0.0,0.0
HND,2025-10-01,0.0,0.0
HRV,2025-10-01,0.0,0.0
HUN,2025-10-01,0.0,0.0
IDN,2025-10-01,0.0,0.038067526113371726
IND,2025-10-01,0.0,0.11098282812133942
IRL,2025-10-01,0.0,0.0
IRN,2025-10-01,0.0,0.23091033769334413
IRQ,2025-10-01,0.0,0.18032704293967433
ISL,2025-10-01,0.0,0.0
ISR,2025-10-01,0.0,0.18467847725600278
ITA,2025-10-01,0.0,0.0
JAM,2025-10-01,0.0,0.0
JOR,2025-10-01,0.0,0.0
JPN,2025-10-01,0.0,0.0
KAZ,2025-10-01,0.0,0.0
KEN,2025-10-01,0.0,0.15832299841455133
KGZ,2025-10-01,0.0,0.0
KHM,2025-10-01,1.0,0.04319234629993915
KOR,2025-10-01,0.0,0.0
KWT,2025-10-01,0.0,0.0
LAO,2025-10-01,0.0,0.0
LBN,2025-10-01,0.0,0.2223325693222045
LBR,2025-10-01,0.0,0.0
LBY,2025-10-01,0.0,0.04101516450009481
LKA,2025-10-01,0.0,0.0
LSO,2025-10-01,0.0,0.0
LTU,2025-10-01,0.0,0.0
LUX,2025-10-01,0.0,0.0
LVA,2025-10-01,0.0,0.0
MAR,2025-10-01,0.0,0.0
MDA,2025-10-01,0.0,0.0
MDG,2025-10-01,0.0,0.013775636401113062
MDV,2025-10-01,0.0,0.0
MEX,2025-10-01,0.0,0.017580944199565143
MKD,2025-10-01,0.0,0.0
MLI,2025-10-01,0.0,0.9495523056461235
MLT,2025-10-01,0.0,0.0
MMR,2025-10-01,1.0,0.3139138042046927
MNE,2025-10-01,0.0,0.0
MNG,2025-10-01,0.0,0.0
MRT,2025-10-01,0.0,0.0
MUS,2025-10-01,0.0,0.0
MWI,2025-10-01,0.0,0.0
MYS,2025-10-01,0.0,0.0
NAM,2025-10-01,0.0,0.0
NER,2025-10-01,0.0,0.9007925698584589
NGA,2025-10-01,0.0,0.6983855255298379
NIC,2025-10-01,0.0,0.0
NLD,2025-10-01,0.0,0.0
NOR,2025-10-01,0.0,0.0
NPL,2025-10-01,0.0,0.0
NZL,2025-10-01,0.0,0.0
OMN,2025-10-01,0.0,0.0
PAN,2025-10-01,0.0,0.0
PER,2025-10-01,0.0,0.004889637798428403
PHL,2025-10-01,0.0,0.07526582035034957
PNG,2025-10-01,0.0,0.0
POL,2025-10-01,0.0,0.0
PRK,2025-10-01,0.0,0.0
PRT,2025-10-01,0.0,0.0
PRY,2025-10-01,0.0,0.0
QAT,2025-10-01,0.0,0.0
ROU,2025-10-01,0.0,0.0
RUS,2025-10-01,0.0,0.2150838235275246
RWA,2025-10-01,0.0,0.0
SAU,2025-10-01,0.0,0.0
SEN,2025-10-01,0.0,0.0
SGP,2025-10-01,0.0,0.0
SLB,2025-10-01,0.0,0.0
SLE,2025-10-01,0.0,0.0
SLV,2025-10-01,0.0,0.0
SRB,2025-10-01,0.0,0.0
STP,2025-10-01,0.0,0.0
SVK,2025-10-01,0.0,0.0
SVN,2025-10-01,0.0,0.0
SWE,2025-10-01,0.0,0.0
SWZ,2025-10-01,0.0,0.0
SYC,2025-10-01,0.0,0.0
TCD,2025-10-01,0.0,0.10034490735182056
TGO,2025-10-01,0.0,0.0
THA,2025-10-01,1.0,0.05792634519191729
TJK,2025-10-01,0.0,0.0
TKM,2025-10-01,0.0,0.0
TLS,2025-10-01,0.0,0.0
TON,2025-10-01,0.0,0.0
TTO,2025-10-01,0.0,0.0
TUN,2025-10-01,0.0,0.0
TUR,2025-10-01,0.0,0.01092475334055507
TZA,2025-10-01,0.0,0.01
UGA,2025-10-01,0.0,0.0042795529022619325
UKR,2025-10-01,0.0,0.7131797245666172
URY,2025-10-01,0.0,0.0
USA,2025-10-01,0.0,0.0
UZB,2025-10-01,0.0,0.0
VEN,2025-10-01,0.0,0.03617706504494143
VNM,2025-10-01,0.0,0.0
VUT,2025-10-01,0.0,0.0
WSM,2025-10-01,0.0,0.0
YEM,2025-10-01,0.0,0.09557245091814211
ZAF,2025-10-01,0.0,0.0
ZMB,2025-10-01,0.0,0.0
ZWE,2025-10-01,0.0,0.004454238730660506
AFG,2025-11-01,0.0,0.6781059654078037
AGO,2025-11-01,0.0,0.005
ALB,2025-11-01,0.0,0.0
ARE,2025-11-01,0.0,0.0
ARG,2025-11-01,0.0,0.0
ARM,2025-11-01,0.0,0.0
AUS,2025-11-01,0.0,0.0
AUT,2025-11-01,0.0,0.0
AZE,2025-11-01,0.0,0.005
BDI,2025-11-01,0.0,0.0
BEL,2025-11-01,0.0,0.0
BEN,2025-11-01,0.0,0.019706008916923222
BFA,2025-11-01,0.0,0.9320494078826755
BGD,2025-11-01,0.0,0.012165922746945564
BGR,2025-11-01,0.0,0.0
BHR,2025-11-01,0.0,0.0
BHS,2025-11-01,0.0,0.0
BIH,2025-11-01,0.0,0.0
BLR,2025-11-01,0.0,0.0
BLZ,2025-11-01,0.0,0.0
BOL,2025-11-01,0.0,0.0
BRA,2025-11-01,0.0,0.009151593563602454
BRB,2025-11-01,0.0,0.0
BRN,2025-11-01,0.0,0.0
BTN,2025-11-01,0.0,0.0
BWA,2025-11-01,0.0,0.0
CAF,2025-11-01,0.0,0.3854301137057984
CAN,2025-11-01,0.0,0.0
CHE,2025-11-01,0.0,0.0
CHL,2025-11-01,0.0,0.0
CHN,2025-11-01,0.0,0.0
CIV,2025-11-01,0.0,0.0
CMR,2025-11-01,0.0,0.31718431084417875
COL,2025-11-01,0.0,0.31780747487900957
COM,2025-11-01,0.0,0.005
CRI,2025-11-01,0.0,0.0
CUB,2025-11-01,0.0,0.005
CYP,2025-11-01,0.0,0.0
CZE,2025-11-01,0.0,0.0
DEU,2025-11-01,0.0,0.0
DJI,2025-11-01,0.0,0.0
DNK,2025-11-01,0.0,0.0
DOM,2025-11-01,0.0,0.0
DZA,2025-11-01,0.0,0.0
ECU,2025-11-01,0.0,0.04340494800638583
EGY,2025-11-01,0.0,0.004394981908772765
ERI,2025-11-01,0.0,0.005
ESP,2025-11-01,0.0,0.0
EST,2025-11-01,0.0,0.0
FIN,2025-11-01,0.0,0.0
FJI,2025-11-01,0.0,0.0
FRA,2025-11-01,0.0,0.0
GAB,2025-11-01,0.0,0.0
GBR,2025-11-01,0.0,0.0
GEO,2025-11-01,0.0,0.0
GHA,2025-11-01,0.0,0.0
GIN,2025-11-01,0.0,0.0
GMB,2025-11-01,0.0,0.0
GNB,2025-11-01,0.0,0.014611626314806747
GNQ,2025-11-01,0.0,0.0
GRC,2025-11-01,0.0,0.0
GRD,2025-11-01,0.0,0.0
GTM,2025-11-01,0.0,0.0
GUY,2025-11-01,0.0,0.0
HND,2025-11-01,0.0,0.0
HRV,2025-11-01,0.0,0.0
HUN,2025-11-01,0.0,0.0
IDN,2025-11-01,0.0,0.0
IND,2025-11-01,0.0,0.03782140076224079
IRL,2025-11-01,0.0,0.0
IRN,2025-11-01,0.0,0.24436820396745357
IRQ,2025-11-01,0.0,0.19704154292012013
ISL,2025-11-01,0.0,0.0
ISR,2025-11-01,0.0,0.07313588915434419
ITA,2025-11-01,0.0,0.0
JAM,2025-11-01,0.0,0.0
JOR,2025-11-01,0.0,0.0
JPN,2025-11-01,0.0,0.0
KAZ,2025-11-01,0.0,0.0
KEN,2025-11-01,0.0,0.06195461628034827
KGZ,2025-11-01,0.0,0.0
KHM,2025-11-01,1.0,0.040366118574856946
KOR,2025-11-01,0.0,0.0
KWT,2025-11-01,0.0,0.0
LAO,2025-11-01,0.0,0.0
LBN,2025-11-01,0.0,0.26503239425452363
LBR,2025-11-01,0.0,0.0
LBY,2025-11-01,0.0,0.0319088698318725
LKA,2025-11-01,0.0,0.0
LSO,2025-11-01,0.0,0.0
LTU,2025-11-01,0.0,0.0
LUX,2025-11-01,0.0,0.0
LVA,2025-11-01,0.0,0.0
MAR,2025-11-01,0.0,0.0
MDA,2025-11-01,0.0,0.0
MDG,2025-11-01,0.0,0.023943191833984884
MDV,2025-11-01,0.0,0.0
MEX,2025-11-01,0.0,0.02794738690124819
MKD,2025-11-01,0.0,0.0
MLI,2025-11-01,0.0,0.9549190719944534
MLT,2025-11-01,0.0,0.0
MMR,2025-11-01,1.0,0.5882670368917705
MNE,2025-11-01,0.0,0.0
MNG,2025-11-01,0.0,0.0
MRT,2025-11-01,0.0,0.0
MUS,2025-11-01,0.0,0.0
MWI,2025-11-01,0.0,0.0
MYS,2025-11-01,0.0,0.0
NAM,2025-11-01,0.0,0.0
NER,2025-11-01,0.0,0.8474607194246514
NGA,2025-11-01,1.0,0.7235698016122483
NIC,2025-11-01,0.0,0.0
NLD,2025-11-01,0.0,0.0
NOR,2025-11-01,0.0,0.0
NPL,2025-11-01,0.0,0.0
NZL,2025-11-01,0.0,0.0
OMN,2025-11-01,0.0,0.0
PAK,2025-11-01,0.0,0.890655010406631
PAN,2025-11-01,0.0,0.0
PER,2025-11-01,0.0,0.0
PHL,2025-11-01,0.0,0.08569274430269884
PNG,2025-11-01,0.0,0.0
POL,2025-11-01,0.0,0.0
PRK,2025-11-01,0.0,0.0
PRT,2025-11-01,0.0,0.0
PRY,2025-11-01,0.0,0.0
QAT,2025-11-01,0.0,0.0
ROU,2025-11-01,0.0,0.0
RUS,2025-11-01,0.0,0.12660144665058776
RWA,2025-11-01,0.0,0.0
SAU,2025-11-01,0.0,0.0
SEN,2025-11-01,0.0,0.0
SGP,2025-11-01,0.0,0.0
SLB,2025-11-01,0.0,0.0
SLE,2025-11-01,0.0,0.0
SLV,2025-11-01,0.0,0.0
SOM,2025-11-01,0.0,0.7642882606748083
SRB,2025-11-01,0.0,0.0
STP,2025-11-01,0.0,0.0
SVK,2025-11-01,0.0,0.0
SVN,2025-11-01,0.0,0.0
SWE,2025-11-01,0.0,0.0
SWZ,2025-11-01,0.0,0.0
SYC,2025-11-01,0.0,0.0
TCD,2025-11-01,0.0,0.12309872916258122
TGO,2025-11-01,0.0,0.0
THA,2025-11-01,1.0,0.019696202797606643
TJK,2025-11-01,0.0,0.00995071225577885
TKM,2025-11-01,0.0,0.0
TLS,2025-11-01,0.0,0.0
TON,2025-11-01,0.0,0.0
TTO,2025-11-01,0.0,0.0
TUN,2025-11-01,0.0,0.0
TUR,2025-11-01,0.0,0.0046116263148067525
TZA,2025-11-01,0.0,0.02414235613276291
UGA,2025-11-01,0.0,0.03211491834258526
UKR,2025-11-01,0.0,0.639650148529903
URY,2025-11-01,0.0,0.0
USA,2025-11-01,0.0,0.0
UZB,2025-11-01,0.0,0.0
VEN,2025-11-01,0.0,0.028602666860098644
VNM,2025-11-01,0.0,0.0
VUT,2025-11-01,0.0,0.0
WSM,2025-11-01,0.0,0.0
YEM,2025-11-01,0.0,0.10802978893005606
ZAF,2025-11-01,0.0,0.0
ZMB,2025-11-01,0.0,0.0
ZWE,2025-11-01,0.0,0.004611626314806746
AFG,2025-12-01,0.0,0.7557096744937881
AGO,2025-12-01,0.0,0.0
ALB,2025-12-01,0.0,0.0
ARE,2025-12-01,0.0,0.0
ARG,2025-12-01,0.0,0.0
ARM,2025-12-01,0.0,0.0
AUS,2025-12-01,0.0,0.0
AUT,2025-12-01,0.0,0.0
AZE,2025-12-01,0.0,0.0
BDI,2025-12-01,0.0,0.0
BEL,2025-12-01,0.0,0.0
BEN,2025-12-01,0.0,0.01164304396202299
BFA,2025-12-01,0.0,0.8113210994856048
BGD,2025-12-01,0.0,0.005290036694833571
BGR,2025-12-01,0.0,0.0
BHR,2025-12-01,0.0,0.0
BHS,2025-12-01,0.0,0.0
BIH,2025-12-01,0.0,0.0
BLR,2025-12-01,0.0,0.0
BLZ,2025-12-01,0.0,0.0
BOL,2025-12-01,0.0,0.0
BRA,2025-12-01,0.0,0.0
BRB,2025-12-01,0.0,0.0
BRN,2025-12-01,0.0,0.0
BTN,2025-12-01,0.0,0.0
BWA,2025-12-01,0.0,0.0
CAF,2025-12-01,0.0,0.26897896228197593
CAN,2025-12-01,0.0,0.0
CHE,2025-12-01,0.0,0.0
CHL,2025-12-01,0.0,0.0
CHN,2025-12-01,0.0,0.0
CIV,2025-12-01,0.0,0.0049757142501307685
CMR,2025-12-01,0.0,0.23536591182319885
COL,2025-12-01,0.0,0.3823657270196758
COM,2025-12-01,0.0,0.0
CRI,2025-12-01,0.0,0.0
CUB,2025-12-01,0.0,0.0
CYP,2025-12-01,0.0,0.0
CZE,2025-12-01,0.0,0.0
DEU,2025-12-01,0.0,0.0
DJI,2025-12-01,0.0,0.0
DNK,2025-12-01,0.0,0.0
DOM,2025-12-01,0.0,0.0
DZA,2025-12-01,0.0,0.009535155629214247
ECU,2025-12-01,0.0,0.024177383073950055
EGY,2025-12-01,0.0,0.004895729359760444
ERI,2025-12-01,0.0,0.009975714250130769
ESP,2025-12-01,0.0,0.0
EST,2025-12-01,0.0,0.0
ETH,2025-12-01,0.0,0.7907731640383621
FIN,2025-12-01,0.0,0.0
FJI,2025-12-01,0.0,0.0
FRA,2025-12-01,0.0,0.0
GAB,2025-12-01,0.0,0.0
GBR,2025-12-01,0.0,0.0
GEO,2025-12-01,0.0,0.0
GHA,2025-12-01,0.0,0.0
GIN,2025-12-01,0.0,0.0
GMB,2025-12-01,0.0,0.0
GNB,2025-12-01,0.0,0.01
GNQ,2025-12-01,0.0,0.0
GRC,2025-12-01,0.0,0.0
GRD,2025-12-01,0.0,0.0
GTM,2025-12-01,0.0,0.0
GUY,2025-12-01,0.0,0.0
HND,2025-12-01,0.0,0.0
HRV,2025-12-01,0.0,0.0
HTI,2025-12-01,0.0,0.8706354531270967
HUN,2025-12-01,0.0,0.0
IDN,2025-12-01,0.0,0.007394000577041513
IND,2025-12-01,0.0,0.08364139162342454
IRL,2025-12-01,0.0,0.0
IRN,2025-12-01,1.0,0.15442238116397974
IRQ,2025-12-01,0.0,0.16308339200833735
ISL,2025-12-01,0.0,0.0
ISR,2025-12-01,0.0,0.06497069849010784
ITA,2025-12-01,0.0,0.0
JAM,2025-12-01,0.0,0.0
JOR,2025-12-01,0.0,0.0
JPN,2025-12-01,0.0,0.0
KAZ,2025-12-01,0.0,0.0
KEN,2025-12-01,0.0,0.12315775256284582
KGZ,2025-12-01,0.0,0.0
KHM,2025-12-01,0.0,0.20833007512354357
KOR,2025-12-01,0.0,0.0
KWT,2025-12-01,0.0,0.0
LAO,2025-12-01,0.0,0.0
LBN,2025-12-01,0.0,0.2010927631605074
LBR,2025-12-01,0.0,0.0
LBY,2025-12-01,0.0,0.02549372422031299
LKA,2025-12-01,0.0,0.0
LSO,2025-12-01,0.0,0.0
LTU,2025-12-01,0.0,0.0
LUX,2025-12-01,0.0,0.0
LVA,2025-12-01,0.0,0.0
MAR,2025-12-01,0.0,0.0
MDA,2025-12-01,0.0,0.0
MDG,2025-12-01,0.0,0.009590314617364355
MDV,2025-12-01,0.0,0.0
MEX,2025-12-01,0.0,0.02734943309201556
MKD,2025-12-01,0.0,0.0
MLI,2025-12-01,0.0,0.7822927975774664
MLT,2025-12-01,0.0,0.0
MNE,2025-12-01,0.0,0.0
MNG,2025-12-01,0.0,0.0
MRT,2025-12-01,0.0,0.0049676713418879935
MUS,2025-12-01,0.0,0.0
MWI,2025-12-01,0.0,0.0
MYS,2025-12-01,0.0,0.0
NAM,2025-12-01,0.0,0.0
NER,2025-12-01,0.0,0.8114098179567775
NGA,2025-12-01,1.0,0.822011595553134
NIC,2025-12-01,0.0,0.0
NLD,2025-12-01,0.0,0.0
NOR,2025-12-01,0.0,0.0
NPL,2025-12-01,0.0,0.0
NZL,2025-12-01,0.0,0.0
OMN,2025-12-01,0.0,0.0
PAK,2025-12-01,0.0,0.7866333936324716
PAN,2025-12-01,0.0,0.0
PER,2025-12-01,0.0,0.0
PHL,2025-12-01,0.0,0.1571945337991276
PNG,2025-12-01,0.0,0.0
POL,2025-12-01,0.0,0.0
PRK,2025-12-01,0.0,0.0
PRT,2025-12-01,0.0,0.0
PRY,2025-12-01,0.0,0.0
QAT,2025-12-01,0.0,0.0
ROU,2025-12-01,0.0,0.0
RUS,2025-12-01,0.0,0.17379518640901107
RWA,2025-12-01,0.0,0.004895729359760444
SAU,2025-12-01,0.0,0.0
SEN,2025-12-01,0.0,0.0
SGP,2025-12-01,0.0,0.0
SLB,2025-12-01,0.0,0.0
SLE,2025-12-01,0.0,0.0
SLV,2025-12-01,0.0,0.0
SOM,2025-12-01,0.0,0.5948531470197748
SRB,2025-12-01,0.0,0.0
STP,2025-12-01,0.0,0.0
SVK,2025-12-01,0.0,0.0
SVN,2025-12-01,0.0,0.0
SWE,2025-12-01,0.0,0.0
SWZ,2025-12-01,0.0,0.0
SYC,2025-12-01,0.0,0.0
TCD,2025-12-01,0.0,0.06720055713122379
TGO,2025-12-01,0.0,0.0
THA,2025-12-01,0.0,0.09617289815531432
TJK,2025-12-01,0.0,0.0
TKM,2025-12-01,0.0,0.0
TLS,2025-12-01,0.0,0.0
TON,2025-12-01,0.0,0.0
TTO,2025-12-01,0.0,0.0
TUN,2025-12-01,0.0,0.0
TUR,2025-12-01,0.0,0.018371623533650305
TZA,2025-12-01,0.0,0.004951663278964851
UGA,2025-12-01,0.0,0.01898497495260754
UKR,2025-12-01,0.0,0.5543031047818751
URY,2025-12-01,0.0,0.0
USA,2025-12-01,0.0,0.0
UZB,2025-12-01,0.0,0.0
VEN,2025-12-01,0.0,0.02128398041936202
VNM,2025-12-01,0.0,0.0
VUT,2025-12-01,0.0,0.0
WSM,2025-12-01,0.0,0.0
YEM,2025-12-01,0.0,0.09948635767850485
ZAF,2025-12-01,0.0,0.0
ZMB,2025-12-01,0.0,0.0
ZWE,2025-12-01,0.0,0.0
AFG,2026-01-01,1.0,0.6354738321694968
AGO,2026-01-01,0.0,0.0
ALB,2026-01-01,0.0,0.0
ARE,2026-01-01,0.0,0.0
ARG,2026-01-01,0.0,0.0
ARM,2026-01-01,0.0,0.0
AUS,2026-01-01,0.0,0.0
AUT,2026-01-01,0.0,0.0
AZE,2026-01-01,0.0,0.004992711316870921
BDI,2026-01-01,0.0,0.03150664567321363
BEL,2026-01-01,0.0,0.0
BEN,2026-01-01,0.0,0.004836593554979746
BFA,2026-01-01,0.0,0.933012290867964
BGD,2026-01-01,0.0,0.014113434823067683
BGR,2026-01-01,0.0,0.0
BHR,2026-01-01,0.0,0.0
BHS,2026-01-01,0.0,0.0
BIH,2026-01-01,0.0,0.0
BLR,2026-01-01,0.0,0.0
BLZ,2026-01-01,0.0,0.0
BOL,2026-01-01,0.0,0.0
BRA,2026-01-01,0.0,0.0
BRB,2026-01-01,0.0,0.0
BRN,2026-01-01,0.0,0.0
BTN,2026-01-01,0.0,0.0
BWA,2026-01-01,0.0,0.0
CAF,2026-01-01,0.0,0.2974561619392906
CAN,2026-01-01,0.0,0.0
CHE,2026-01-01,0.0,0.0
CHL,2026-01-01,0.0,0.0
CHN,2026-01-01,0.0,0.0
CIV,2026-01-01,0.0,0.004691778700204447
CMR,2026-01-01,0.0,0.270741727852793
COL,2026-01-01,0.0,0.303633386591029
COM,2026-01-01,0.0,0.0
CRI,2026-01-01,0.0,0.0
CUB,2026-01-01,0.0,0.004706284471374194
CYP,2026-01-01,0.0,0.0
CZE,2026-01-01,0.0,0.0
DEU,2026-01-01,0.0,0.0
DJI,2026-01-01,0.0,0.0
DNK,2026-01-01,0.0,0.0
DOM,2026-01-01,0.0,0.0
DZA,2026-01-01,0.0,0.005
ECU,2026-01-01,0.0,0.023062042099488585
EGY,2026-01-01,0.0,0.008925258291489895
ERI,2026-01-01,0.0,0.0
ESP,2026-01-01,0.0,0.0
EST,2026-01-01,0.0,0.0
ETH,2026-01-01,0.0,0.806219762006353
FIN,2026-01-01,0.0,0.0
FJI,2026-01-01,0.0,0.0
FRA,2026-01-01,0.0,0.0
GAB,2026-01-01,0.0,0.0
GBR,2026-01-01,0.0,0.0
GEO,2026-01-01,0.0,0.0
GHA,2026-01-01,0.0,0.004122527191368438
GIN,2026-01-01,0.0,0.0
GMB,2026-01-01,0.0,0.0
GNB,2026-01-01,0.0,0.0
GNQ,2026-01-01,0.0,0.0
GRC,2026-01-01,0.0,0.0
GRD,2026-01-01,0.0,0.0
GTM,2026-01-01,0.0,0.0
GUY,2026-01-01,0.0,0.0
HND,2026-01-01,0.0,0.0
HRV,2026-01-01,0.0,0.0
HTI,2026-01-01,0.0,0.8035349563748936
HUN,2026-01-01,0.0,0.0
IDN,2026-01-01,0.0,0.015
IND,2026-01-01,0.0,0.14411747607669065
IRL,2026-01-01,0.0,0.0
IRN,2026-01-01,1.0,0.07683691440742078
IRQ,2026-01-01,0.0,0.10820178538606431
ISL,2026-01-01,0.0,0.0
ISR,2026-01-01,0.0,0.057263913929097326
ITA,2026-01-01,0.0,0.0
JAM,2026-01-01,0.0,0.0
JOR,2026-01-01,0.0,0.0
JPN,2026-01-01,0.0,0.0
KAZ,2026-01-01,0.0,0.0
KEN,2026-01-01,0.0,0.09047363351132534
KGZ,2026-01-01,0.0,0.0
KHM,2026-01-01,0.0,0.06658784662886683
KOR,2026-01-01,0.0,0.0
KWT,2026-01-01,0.0,0.0
LAO,2026-01-01,0.0,0.0
LBN,2026-01-01,1.0,0.11296855040932713
LBR,2026-01-01,0.0,0.0
LBY,2026-01-01,0.0,0.02676503923224341
LKA,2026-01-01,0.0,0.0
LSO,2026-01-01,0.0,0.0
LTU,2026-01-01,0.0,0.0
LUX,2026-01-01,0.0,0.0
LVA,2026-01-01,0.0,0.0
MAR,2026-01-01,0.0,0.0
MDA,2026-01-01,0.0,0.0
MDG,2026-01-01,0.0,0.003977266759200215
MDV,2026-01-01,0.0,0.0
MEX,2026-01-01,0.0,0.023477408753665982
MKD,2026-01-01,0.0,0.0
MLI,2026-01-01,0.0,0.3291874638545288
MLT,2026-01-01,0.0,0.0
MMR,2026-01-01,0.0,0.6569716162967641
MNE,2026-01-01,0.0,0.0
MNG,2026-01-01,0.0,0.0
MOZ,2026-01-01,0.0,0.2943722339529302
MRT,2026-01-01,0.0,0.0
MUS,2026-01-01,0.0,0.0
MWI,2026-01-01,0.0,0.0
MYS,2026-01-01,0.0,0.0
NAM,2026-01-01,0.0,0.0
NER,2026-01-01,0.0,0.8578058446932885
NIC,2026-01-01,0.0,0.0
NLD,2026-01-01,0.0,0.0
NOR,2026-01-01,0.0,0.0
NPL,2026-01-01,0.0,0.0
NZL,2026-01-01,0.0,0.0
OMN,2026-01-01,0.0,0.0
PAK,2026-01-01,0.0,0.6987973887166006
PAN,2026-01-01,0.0,0.0
PER,2026-01-01,0.0,0.0
PHL,2026-01-01,0.0,0.3072775112916115
PNG,2026-01-01,0.0,0.0
POL,2026-01-01,0.0,0.0
PRK,2026-01-01,0.0,0.0
PRT,2026-01-01,0.0,0.0
PRY,2026-01-01,0.0,0.0
QAT,2026-01-01,0.0,0.0
ROU,2026-01-01,0.0,0.005
RUS,2026-01-01,0.0,0.12543348174945193
RWA,2026-01-01,0.0,0.03484583614031854
SAU,2026-01-01,0.0,0.015
SEN,2026-01-01,0.0,0.0
SGP,2026-01-01,0.0,0.0
SLB,2026-01-01,0.0,0.0
SLE,2026-01-01,0.0,0.0
SLV,2026-01-01,0.0,0.0
SOM,2026-01-01,0.0,0.7439456915171586
SRB,2026-01-01,0.0,0.0
STP,2026-01-01,0.0,0.0
SVK,2026-01-01,0.0,0.0
SVN,2026-01-01,0.0,0.0
SWE,2026-01-01,0.0,0.0
SWZ,2026-01-01,0.0,0.0
SYC,2026-01-01,0.0,0.0
SYR,2026-01-01,0.0,0.43781422428600303
TCD,2026-01-01,0.0,0.10313918631561028
TGO,2026-01-01,0.0,0.0
THA,2026-01-01,0.0,0.18449965141974078
TJK,2026-01-01,0.0,0.005
TKM,2026-01-01,0.0,0.0
TLS,2026-01-01,0.0,0.0
TON,2026-01-01,0.0,0.0
TTO,2026-01-01,0.0,0.0
TUN,2026-01-01,0.0,0.0
TUR,2026-01-01,0.0,0.004528280934340743
TZA,2026-01-01,0.0,0.01388306158576403
UGA,2026-01-01,0.0,0.02726846345166556
UKR,2026-01-01,0.0,0.5328009573638142
URY,2026-01-01,0.0,0.0
USA,2026-01-01,0.0,0.0
UZB,2026-01-01,0.0,0.0
VEN,2026-01-01,0.0,0.05355306769599401
VNM,2026-01-01,0.0,0.0
VUT,2026-01-01,0.0,0.0
WSM,2026-01-01,0.0,0.0
YEM,2026-01-01,0.0,0.15283971677533198
ZAF,2026-01-01,0.0,0.0
ZMB,2026-01-01,0.0,0.0
ZWE,2026-01-01,0.0,0.0
AFG,2026-02-01,1.0,0.9026567899415745
AGO,2026-02-01,0.0,0.0
ALB,2026-02-01,0.0,0.0
ARE,2026-02-01,0.0,0.003899513611245514
ARG,2026-02-01,0.0,0.0
ARM,2026-02-01,0.0,0.0
AUS,2026-02-01,0.0,0.0
AUT,2026-02-01,0.0,0.0
AZE,2026-02-01,0.0,0.0
BDI,2026-02-01,0.0,0.039585901537550434
BEL,2026-02-01,0.0,0.0
BEN,2026-02-01,0.0,0.022365374203450843
BFA,2026-02-01,0.0,0.7954651709694655
BGD,2026-02-01,0.0,0.020672854989083955
BGR,2026-02-01,0.0,0.0
BHR,2026-02-01,0.0,0.0
BHS,2026-02-01,0.0,0.0
BIH,2026-02-01,0.0,0.0
BLR,2026-02-01,0.0,0.0
BLZ,2026-02-01,0.0,0.0
BOL,2026-02-01,0.0,0.0
BRA,2026-02-01,0.0,0.0012047424983871729
BRB,2026-02-01,0.0,0.0
BRN,2026-02-01,0.0,0.0
BTN,2026-02-01,0.0,0.0
BWA,2026-02-01,0.0,0.0
CAF,2026-02-01,0.0,0.3082173980819745
CAN,2026-02-01,0.0,0.0
CHE,2026-02-01,0.0,0.0
CHL,2026-02-01,0.0,0.0
CHN,2026-02-01,0.0,0.0
CIV,2026-02-01,0.0,0.004935219801469642
CMR,2026-02-01,0.0,0.5162469098647184
COD,2026-02-01,0.0,0.5235414067637614
COL,2026-02-01,0.0,0.20714328578042113
COM,2026-02-01,0.0,0.0
CRI,2026-02-01,0.0,0.0
CUB,2026-02-01,0.0,0.0
CYP,2026-02-01,0.0,0.0
CZE,2026-02-01,0.0,0.0
DEU,2026-02-01,0.0,0.0
DJI,2026-02-01,0.0,0.0
DNK,2026-02-01,0.0,0.0
DOM,2026-02-01,0.0,0.0
DZA,2026-02-01,0.0,0.0
ECU,2026-02-01,0.0,0.055142824566571914
EGY,2026-02-01,0.0,0.004538328171539498
ERI,2026-02-01,0.0,0.0044198464469202906
ESP,2026-02-01,0.0,0.0
EST,2026-02-01,0.0,0.0
ETH,2026-02-01,0.0,0.8054825780798344
FIN,2026-02-01,0.0,0.0
FJI,2026-02-01,0.0,0.0
FRA,2026-02-01,0.0,0.0
GAB,2026-02-01,0.0,0.0
GBR,2026-02-01,0.0,0.0
GEO,2026-02-01,0.0,0.0
GHA,2026-02-01,0.0,0.0
GIN,2026-02-01,0.0,0.0
GMB,2026-02-01,0.0,0.0
GNB,2026-02-01,0.0,0.005
GNQ,2026-02-01,0.0,0.0
GRC,2026-02-01,0.0,0.0
GRD,2026-02-01,0.0,0.0
GTM,2026-02-01,0.0,0.0
GUY,2026-02-01,0.0,0.0
HND,2026-02-01,0.0,0.0049673987089239955
HRV,2026-02-01,0.0,0.0
HTI,2026-02-01,0.0,0.49791880250607595
HUN,2026-02-01,0.0,0.0
IDN,2026-02-01,0.0,0.03454595443591445
IND,2026-02-01,0.0,0.06877677661631795
IRL,2026-02-01,0.0,0.0
IRQ,2026-02-01,0.0,0.11548970111310158
ISL,2026-02-01,0.0,0.0
ISR,2026-02-01,0.0,0.04575114535974538
ITA,2026-02-01,0.0,0.0
JAM,2026-02-01,0.0,0.0
JOR,2026-02-01,0.0,0.0
JPN,2026-02-01,0.0,0.0
KAZ,2026-02-01,0.0,0.0
KEN,2026-02-01,0.0,0.03208705075890586
KGZ,2026-02-01,0.0,0.0
KHM,2026-02-01,0.0,0.17269823179969182
KOR,2026-02-01,0.0,0.0
KWT,2026-02-01,0.0,0.0
LAO,2026-02-01,0.0,0.0
LBN,2026-02-01,1.0,0.173939927176114
LBR,2026-02-01,0.0,0.0
LBY,2026-02-01,0.0,0.02211477985973059
LKA,2026-02-01,0.0,0.0
LSO,2026-02-01,0.0,0.0
LTU,2026-02-01,0.0,0.0
LUX,2026-02-01,0.0,0.0
LVA,2026-02-01,0.0,0.0
MAR,2026-02-01,0.0,0.0
MDA,2026-02-01,0.0,0.0
MDG,2026-02-01,0.0,0.0
MDV,2026-02-01,0.0,0.0
MEX,2026-02-01,0.0,0.01977889233393976
MKD,2026-02-01,0.0,0.0
MLI,2026-02-01,0.0,0.5526339857783006
MLT,2026-02-01,0.0,0.0
MMR,2026-02-01,0.0,0.7837368685008681
MNE,2026-02-01,0.0,0.0
MNG,2026-02-01,0.0,0.0
MOZ,2026-02-01,0.0,0.35707285948303985
MRT,2026-02-01,0.0,0.0
MUS,2026-02-01,0.0,0.0
MWI,2026-02-01,0.0,0.0
MYS,2026-02-01,0.0,0.003899513611245514
NAM,2026-02-01,0.0,0.0
NER,2026-02-01,0.0,0.5466298219799736
NIC,2026-02-01,0.0,0.0
NLD,2026-02-01,0.0,0.0
NOR,2026-02-01,0.0,0.0
NPL,2026-02-01,0.0,0.0
NZL,2026-02-01,0.0,0.0
OMN,2026-02-01,0.0,0.0
PAK,2026-02-01,0.0,0.4666899936190355
PAN,2026-02-01,0.0,0.0
PER,2026-02-01,0.0,0.0
PHL,2026-02-01,0.0,0.1776429103804664
PNG,2026-02-01,0.0,0.0
POL,2026-02-01,0.0,0.0
PRK,2026-02-01,0.0,0.004498134711981905
PRT,2026-02-01,0.0,0.0
PRY,2026-02-01,0.0,0.0
PSE,2026-02-01,0.0,0.4550672526673455
QAT,2026-02-01,0.0,0.0
ROU,2026-02-01,0.0,0.0
RUS,2026-02-01,0.0,0.16283214969103166
RWA,2026-02-01,0.0,0.029102511151701527
SAU,2026-02-01,0.0,0.0
SDN,2026-02-01,0.0,0.840060030905541
SEN,2026-02-01,0.0,0.0
SGP,2026-02-01,0.0,0.0
SLB,2026-02-01,0.0,0.0
SLE,2026-02-01,0.0,0.035
SLV,2026-02-01,0.0,0.0
SOM,2026-02-01,0.0,0.4855905703655186
SRB,2026-02-01,0.0,0.0
SSD,2026-02-01,0.0,0.7634026884555961
STP,2026-02-01,0.0,0.0
SVK,2026-02-01,0.0,0.0
SVN,2026-02-01,0.0,0.0
SWE,2026-02-01,0.0,0.0
SWZ,2026-02-01,0.0,0.0
SYC,2026-02-01,0.0,0.0
SYR,2026-02-01,0.0,0.7870133111110097
TCD,2026-02-01,0.0,0.12243207664526529
TGO,2026-02-01,0.0,0.0
THA,2026-02-01,0.0,0.13977939993527427
TJK,2026-02-01,0.0,0.005
TKM,2026-02-01,0.0,0.0
TLS,2026-02-01,0.0,0.0
TON,2026-02-01,0.0,0.0
TTO,2026-02-01,0.0,0.0
TUN,2026-02-01,0.0,0.0
TUR,2026-02-01,0.0,0.0
TZA,2026-02-01,0.0,0.023648839092392307
UGA,2026-02-01,0.0,0.02899537121722692
UKR,2026-02-01,0.0,0.5152175583361513
URY,2026-02-01,0.0,0.0
USA,2026-02-01,0.0,0.0
UZB,2026-02-01,0.0,0.0
VEN,2026-02-01,0.0,0.01842781573921626
VNM,2026-02-01,0.0,0.0
VUT,2026-02-01,0.0,0.0
WSM,2026-02-01,0.0,0.0
YEM,2026-02-01,0.0,0.16894001456733676
ZAF,2026-02-01,0.0,0.0
ZMB,2026-02-01,0.0,0.0
ZWE,2026-02-01,0.0,0.0
