iso3,month,y_true,y_prob
AFG,2024-03-01,0.0,0.7078212111939322
AGO,2024-03-01,0.0,0.0
ALB,2024-03-01,0.0,0.004842624491074224
ARE,2024-03-01,0.0,0.0
ARG,2024-03-01,0.0,0.0
ARM,2024-03-01,0.0,0.004382794784580498
AUS,2024-03-01,0.0,0.0
AUT,2024-03-01,0.0,0.0
AZE,2024-03-01,0.0,0.002490737757731956
BDI,2024-03-01,0.0,0.005
BEL,2024-03-01,0.0,0.0
BEN,2024-03-01,0.0,0.004759400810547376
BFA,2024-03-01,1.0,0.9155612065372722
BGD,2024-03-01,0.0,0.012612340109353588
BGR,2024-03-01,0.0,0.0
BHR,2024-03-01,0.0,0.0
BHS,2024-03-01,0.0,0.0
BIH,2024-03-01,0.0,0.0
BLR,2024-03-01,0.0,0.0007727386306846572
BLZ,2024-03-01,0.0,0.0
BOL,2024-03-01,0.0,0.0
BRA,2024-03-01,0.0,0.0
BRB,2024-03-01,0.0,0.0
BRN,2024-03-01,0.0,0.0
BTN,2024-03-01,0.0,0.0
BWA,2024-03-01,0.0,0.0
CAF,2024-03-01,0.0,0.6472336053698924
CAN,2024-03-01,0.0,0.0
CHE,2024-03-01,0.0,0.0038363726584790957
CHL,2024-03-01,0.0,0.0
CHN,2024-03-01,0.0,0.004946417146513116
CIV,2024-03-01,0.0,0.0
CMR,2024-03-01,0.0,0.6515442042420111
COL,2024-03-01,0.0,0.009605075386238136
COM,2024-03-01,0.0,0.0
CRI,2024-03-01,0.0,0.0
CUB,2024-03-01,0.0,0.005
CYP,2024-03-01,0.0,0.0
CZE,2024-03-01,0.0,0.0
DEU,2024-03-01,0.0,0.0
DJI,2024-03-01,0.0,0.0
DNK,2024-03-01,0.0,0.0
DOM,2024-03-01,0.0,0.004109634551495016
DZA,2024-03-01,0.0,0.008212682461257517
ECU,2024-03-01,0.0,0.04041921175701571
EGY,2024-03-01,0.0,0.0
ERI,2024-03-01,0.0,0.0
ESP,2024-03-01,0.0,0.0
EST,2024-03-01,0.0,0.0
FIN,2024-03-01,0.0,0.0
FJI,2024-03-01,0.0,0.0
FRA,2024-03-01,0.0,0.0
GAB,2024-03-01,0.0,0.0
GBR,2024-03-01,0.0,0.0
GEO,2024-03-01,0.0,0.008355039097852741
GHA,2024-03-01,0.0,0.0
GIN,2024-03-01,0.0,0.0
GMB,2024-03-01,0.0,0.0
GNB,2024-03-01,0.0,0.0
GNQ,2024-03-01,0.0,0.0
GRC,2024-03-01,0.0,0.0
GRD,2024-03-01,0.0,0.0
GTM,2024-03-01,0.0,0.004728989803820978
GUY,2024-03-01,0.0,0.0
HND,2024-03-01,0.0,0.011644224788404035
HRV,2024-03-01,0.0,0.0
HUN,2024-03-01,0.0,0.004609111289163753
IDN,2024-03-01,0.0,0.005
IND,2024-03-01,0.0,0.015
IRL,2024-03-01,0.0,0.0
IRN,2024-03-01,0.0,0.004824758635879741
IRQ,2024-03-01,0.0,0.1769672039350797
ISL,2024-03-01,0.0,0.0
ISR,2024-03-01,0.0,0.08426340751450603
ITA,2024-03-01,0.0,0.0
JAM,2024-03-01,0.0,0.0034884376762549345
JOR,2024-03-01,0.0,0.0032662653147444015
JPN,2024-03-01,0.0,0.0
KAZ,2024-03-01,0.0,0.01
KEN,2024-03-01,0.0,0.1820073880823193
KGZ,2024-03-01,0.0,0.012956036574164513
KHM,2024-03-01,0.0,0.0
KOR,2024-03-01,0.0,0.0
KWT,2024-03-01,0.0,0.0
LAO,2024-03-01,0.0,0.0
LBN,2024-03-01,0.0,0.12534239645322473
LBR,2024-03-01,0.0,0.0
LBY,2024-03-01,0.0,0.0
LKA,2024-03-01,0.0,0.0
LSO,2024-03-01,0.0,0.0
LTU,2024-03-01,0.0,0.0
LUX,2024-03-01,0.0,0.0
LVA,2024-03-01,0.0,0.0
MAR,2024-03-01,0.0,0.0
MDA,2024-03-01,0.0,0.0
MDG,2024-03-01,0.0,0.0033943728962388363
MDV,2024-03-01,0.0,0.0
MEX,2024-03-01,0.0,0.0
MKD,2024-03-01,0.0,0.0007727386306846572
MLT,2024-03-01,0.0,0.0
MNE,2024-03-01,0.0,0.0
MNG,2024-03-01,0.0,0.0
MRT,2024-03-01,0.0,0.0
MUS,2024-03-01,0.0,0.0
MWI,2024-03-01,0.0,0.0
MYS,2024-03-01,0.0,0.0
NAM,2024-03-01,0.0,0.0
NER,2024-03-01,0.0,0.9381360895547136
NIC,2024-03-01,0.0,0.0
NLD,2024-03-01,0.0,0.0
NOR,2024-03-01,0.0,0.0
NPL,2024-03-01,0.0,0.0
NZL,2024-03-01,0.0,0.0
OMN,2024-03-01,0.0,0.0
PAK,2024-03-01,0.0,0.0300536639399628
PAN,2024-03-01,0.0,0.004518666439373646
PER,2024-03-01,0.0,0.0034884376762549345
PHL,2024-03-01,0.0,0.6335329862512057
PNG,2024-03-01,0.0,0.0
POL,2024-03-01,0.0,0.0
PRK,2024-03-01,0.0,0.0
PRT,2024-03-01,0.0,0.0
PRY,2024-03-01,0.0,0.0
PSE,2024-03-01,0.0,0.15201379317603175
QAT,2024-03-01,0.0,0.0
ROU,2024-03-01,0.0,0.0
RUS,2024-03-01,0.0,0.0773992796756385
RWA,2024-03-01,0.0,0.0
SAU,2024-03-01,0.0,0.0
SDN,2024-03-01,0.0,0.8589085211450086
SEN,2024-03-01,0.0,0.0
SGP,2024-03-01,0.0,0.0
SLB,2024-03-01,0.0,0.0
SLE,2024-03-01,0.0,0.0
SLV,2024-03-01,0.0,0.0
SRB,2024-03-01,0.0,0.0038363726584790957
STP,2024-03-01,0.0,0.0
SVK,2024-03-01,0.0,0.0
SVN,2024-03-01,0.0,0.0
SWE,2024-03-01,0.0,0.0
SWZ,2024-03-01,0.0,0.0
SYC,2024-03-01,0.0,0.0
SYR,2024-03-01,0.0,0.44523726014579756
TCD,2024-03-01,0.0,0.23866700665207907
TGO,2024-03-01,0.0,0.0
THA,2024-03-01,0.0,0.004661662069069479
TJK,2024-03-01,0.0,0.0
TKM,2024-03-01,0.0,0.0
TLS,2024-03-01,0.0,0.0
TON,2024-03-01,0.0,0.0
TTO,2024-03-01,0.0,0.0
TUN,2024-03-01,0.0,0.0
TUR,2024-03-01,0.0,0.01
TZA,2024-03-01,0.0,0.0
UGA,2024-03-01,0.0,0.02803139468793411
UKR,2024-03-01,1.0,0.1272050486165587
URY,2024-03-01,0.0,0.0
USA,2024-03-01,0.0,0.0
UZB,2024-03-01,0.0,0.0
VEN,2024-03-01,0.0,0.0
VNM,2024-03-01,0.0,0.0
VUT,2024-03-01,0.0,0.0
WSM,2024-03-01,0.0,0.0
YEM,2024-03-01,0.0,0.3207466581852236
ZAF,2024-03-01,0.0,0.0034884376762549345
ZMB,2024-03-01,0.0,0.0
ZWE,2024-03-01,0.0,0.0
AFG,2024-04-01,0.0,0.6956011252217853
AGO,2024-04-01,0.0,0.0
ALB,2024-04-01,0.0,0.004001340910542111
ARE,2024-04-01,0.0,0.0
ARG,2024-04-01,0.0,0.0
ARM,2024-04-01,0.0,0.0
AUS,2024-04-01,0.0,0.0
AUT,2024-04-01,0.0,0.0
AZE,2024-04-01,0.0,0.011703194407268316
BDI,2024-04-01,0.0,0.0
BEL,2024-04-01,0.0,0.0
BEN,2024-04-01,0.0,0.0
BFA,2024-04-01,1.0,0.9021337042735442
BGD,2024-04-01,0.0,0.017222880611626235
BGR,2024-04-01,0.0,0.0
BHR,2024-04-01,0.0,0.0
BHS,2024-04-01,0.0,0.0
BIH,2024-04-01,0.0,0.0
BLR,2024-04-01,0.0,0.0
BLZ,2024-04-01,0.0,0.0
BOL,2024-04-01,0.0,0.0
BRA,2024-04-01,0.0,0.010685339086895269
BRB,2024-04-01,0.0,0.0
BRN,2024-04-01,0.0,0.0
BTN,2024-04-01,0.0,0.003681628576464366
BWA,2024-04-01,0.0,0.0
CAF,2024-04-01,0.0,0.6372739514146071
CAN,2024-04-01,0.0,0.0
CHE,2024-04-01,0.0,0.0
CHL,2024-04-01,0.0,0.004814253642796781
CHN,2024-04-01,0.0,0.0
CIV,2024-04-01,0.0,0.0
CMR,2024-04-01,0.0,0.6984245595425626
COL,2024-04-01,0.0,0.00442393222732086
COM,2024-04-01,0.0,0.0
CRI,2024-04-01,0.0,0.00888801073466563
CUB,2024-04-01,0.0,0.0
CYP,2024-04-01,0.0,0.0
CZE,2024-04-01,0.0,0.0
DEU,2024-04-01,0.0,0.0
DJI,2024-04-01,0.0,0.0
DNK,2024-04-01,0.0,0.0
DOM,2024-04-01,0.0,0.0
DZA,2024-04-01,0.0,0.0
ECU,2024-04-01,0.0,0.024485484878933685
EGY,2024-04-01,0.0,0.0
ERI,2024-04-01,0.0,0.003787549108491991
ESP,2024-04-01,0.0,0.0
EST,2024-04-01,0.0,0.0
FIN,2024-04-01,0.0,0.0
FJI,2024-04-01,0.0,0.0
FRA,2024-04-01,0.0,0.0
GAB,2024-04-01,0.0,0.0
GBR,2024-04-01,0.0,0.0
GEO,2024-04-01,0.0,0.0
GHA,2024-04-01,0.0,0.0
GIN,2024-04-01,0.0,0.0
GMB,2024-04-01,0.0,0.0
GNB,2024-04-01,0.0,0.0
GNQ,2024-04-01,0.0,0.0
GRC,2024-04-01,0.0,0.01
GRD,2024-04-01,0.0,0.0
GTM,2024-04-01,0.0,0.0
GUY,2024-04-01,0.0,0.0
HND,2024-04-01,0.0,0.0
HRV,2024-04-01,0.0,0.0
HUN,2024-04-01,0.0,0.0
IDN,2024-04-01,0.0,0.0
IND,2024-04-01,0.0,0.02
IRL,2024-04-01,0.0,0.0
IRN,2024-04-01,0.0,0.008677288441712313
IRQ,2024-04-01,0.0,0.19376970535655402
ISL,2024-04-01,0.0,0.0
ISR,2024-04-01,0.0,0.12142662133649494
ITA,2024-04-01,0.0,0.0
JAM,2024-04-01,0.0,0.0
JOR,2024-04-01,0.0,0.003681628576464366
JPN,2024-04-01,0.0,0.0
KAZ,2024-04-01,0.0,0.0
KEN,2024-04-01,0.0,0.12617802705317302
KGZ,2024-04-01,0.0,0.008483040571168736
KHM,2024-04-01,0.0,0.0
KOR,2024-04-01,0.0,0.0
KWT,2024-04-01,0.0,0.0
LAO,2024-04-01,0.0,0.0
LBN,2024-04-01,0.0,0.1415186342367617
LBR,2024-04-01,0.0,0.0
LBY,2024-04-01,0.0,0.01348589142025613
LKA,2024-04-01,0.0,0.005
LSO,2024-04-01,0.0,0.0
LTU,2024-04-01,0.0,0.0
LUX,2024-04-01,0.0,0.0
LVA,2024-04-01,0.0,0.0
MAR,2024-04-01,0.0,0.0
MDA,2024-04-01,0.0,0.0
MDG,2024-04-01,0.0,0.0011344750801093456
MDV,2024-04-01,0.0,0.0
MEX,2024-04-01,0.0,0.0044041990938353615
MKD,2024-04-01,0.0,0.0
MLT,2024-04-01,0.0,0.0
MNE,2024-04-01,0.0,0.0
MNG,2024-04-01,0.0,0.0
MRT,2024-04-01,0.0,0.004036392914653785
MUS,2024-04-01,0.0,0.0
MWI,2024-04-01,0.0,0.0
MYS,2024-04-01,0.0,0.0
NAM,2024-04-01,0.0,0.0
NER,2024-04-01,0.0,0.8691666997584396
NGA,2024-04-01,0.0,0.7373135117638145
NIC,2024-04-01,0.0,0.0032643121321039746
NLD,2024-04-01,0.0,0.0
NOR,2024-04-01,0.0,0.0
NPL,2024-04-01,0.0,0.0
NZL,2024-04-01,0.0,0.0
OMN,2024-04-01,0.0,0.0
PAK,2024-04-01,0.0,0.0708996330706521
PAN,2024-04-01,0.0,0.0
PER,2024-04-01,0.0,0.0
PHL,2024-04-01,0.0,0.3437838614406135
PNG,2024-04-01,0.0,0.0
POL,2024-04-01,0.0,0.0037112822031388814
PRK,2024-04-01,0.0,0.0
PRT,2024-04-01,0.0,0.0
PRY,2024-04-01,0.0,0.0
PSE,2024-04-01,1.0,0.14185839420986615
QAT,2024-04-01,0.0,0.0
ROU,2024-04-01,0.0,0.0
RUS,2024-04-01,0.0,0.06384878936934049
RWA,2024-04-01,0.0,0.0
SAU,2024-04-01,0.0,0.0
SDN,2024-04-01,0.0,0.8474701774085902
SEN,2024-04-01,0.0,0.0
SGP,2024-04-01,0.0,0.0
SLB,2024-04-01,0.0,0.0
SLE,2024-04-01,0.0,0.0
SLV,2024-04-01,0.0,0.0
SRB,2024-04-01,0.0,0.0
STP,2024-04-01,0.0,0.0
SVK,2024-04-01,0.0,0.0
SVN,2024-04-01,0.0,0.0
SWE,2024-04-01,0.0,0.0
SWZ,2024-04-01,0.0,0.0
SYC,2024-04-01,0.0,0.0
SYR,2024-04-01,0.0,0.46561116340682607
TCD,2024-04-01,0.0,0.014372633523458585
TGO,2024-04-01,0.0,0.0
THA,2024-04-01,0.0,0.006159438027229869
TJK,2024-04-01,0.0,0.0
TKM,2024-04-01,0.0,0.0
TLS,2024-04-01,0.0,0.0
TON,2024-04-01,0.0,0.0
TTO,2024-04-01,0.0,0.0
TUN,2024-04-01,0.0,0.0
TUR,2024-04-01,0.0,0.005
TZA,2024-04-01,0.0,0.0
UGA,2024-04-01,0.0,0.07768639652019542
UKR,2024-04-01,1.0,0.05605502108305813
URY,2024-04-01,0.0,0.0
USA,2024-04-01,0.0,0.0
UZB,2024-04-01,0.0,0.0
VEN,2024-04-01,0.0,0.013549425758323361
VNM,2024-04-01,0.0,0.0
VUT,2024-04-01,0.0,0.0
WSM,2024-04-01,0.0,0.0
YEM,2024-04-01,0.0,0.32148539723236874
ZAF,2024-04-01,0.0,0.0
ZMB,2024-04-01,0.0,0.0
ZWE,2024-04-01,0.0,0.0
AFG,2024-05-01,0.0,0.7259455178945265
AGO,2024-05-01,0.0,0.0
ALB,2024-05-01,0.0,0.0
ARE,2024-05-01,0.0,0.0
ARG,2024-05-01,0.0,0.0014558587479935753
ARM,2024-05-01,0.0,0.0
AUS,2024-05-01,0.0,0.0
AUT,2024-05-01,0.0,0.0
AZE,2024-05-01,0.0,0.0
BDI,2024-05-01,0.0,0.008869855408301024
BEL,2024-05-01,0.0,0.0
BEN,2024-05-01,0.0,0.0
BGD,2024-05-01,0.0,0.004638708263315568
BGR,2024-05-01,0.0,0.004267259920421549
BHR,2024-05-01,0.0,0.0
BHS,2024-05-01,0.0,0.0
BIH,2024-05-01,0.0,0.0
BLR,2024-05-01,0.0,0.0
BLZ,2024-05-01,0.0,0.0
BOL,2024-05-01,0.0,0.0
BRA,2024-05-01,0.0,0.0038918448411141564
BRB,2024-05-01,0.0,0.0
BRN,2024-05-01,0.0,0.0
BTN,2024-05-01,0.0,0.0
BWA,2024-05-01,0.0,0.0
CAF,2024-05-01,0.0,0.33454804424673945
CAN,2024-05-01,0.0,0.0
CHE,2024-05-01,0.0,0.0
CHL,2024-05-01,0.0,0.0
CHN,2024-05-01,0.0,0.026644006583007425
CIV,2024-05-01,0.0,0.0
CMR,2024-05-01,0.0,0.6302128507677829
COL,2024-05-01,0.0,0.04206701004347501
COM,2024-05-01,0.0,0.0
CRI,2024-05-01,0.0,0.0014558587479935753
CUB,2024-05-01,0.0,0.004267259920421549
CYP,2024-05-01,0.0,0.0
CZE,2024-05-01,0.0,0.0
DEU,2024-05-01,0.0,0.0
DJI,2024-05-01,0.0,0.0
DNK,2024-05-01,0.0,0.0
DOM,2024-05-01,0.0,0.0
DZA,2024-05-01,0.0,0.0
ECU,2024-05-01,0.0,0.06144762081070826
EGY,2024-05-01,0.0,0.0
ERI,2024-05-01,0.0,0.0
ESP,2024-05-01,0.0,0.0
EST,2024-05-01,0.0,0.0
FIN,2024-05-01,0.0,0.0
FJI,2024-05-01,0.0,0.0
FRA,2024-05-01,0.0,0.0
GAB,2024-05-01,0.0,0.0
GBR,2024-05-01,0.0,0.0
GEO,2024-05-01,0.0,0.0
GHA,2024-05-01,0.0,0.0
GIN,2024-05-01,0.0,0.0
GMB,2024-05-01,0.0,0.0
GNB,2024-05-01,0.0,0.0
GNQ,2024-05-01,0.0,0.0
GRC,2024-05-01,0.0,0.005
GRD,2024-05-01,0.0,0.0
GTM,2024-05-01,0.0,0.0032396162873762568
GUY,2024-05-01,0.0,0.0
HND,2024-05-01,0.0,0.008870330053121997
HRV,2024-05-01,0.0,0.0014558587479935753
HTI,2024-05-01,0.0,0.7417751823951028
HUN,2024-05-01,0.0,0.0
IDN,2024-05-01,0.0,0.007630410590795614
IND,2024-05-01,0.0,0.006605714228966857
IRL,2024-05-01,0.0,0.0
IRN,2024-05-01,0.0,0.0
IRQ,2024-05-01,0.0,0.15988400190605487
ISL,2024-05-01,0.0,0.0
ISR,2024-05-01,0.0,0.05392505505426866
ITA,2024-05-01,0.0,0.0
JAM,2024-05-01,0.0,0.0
JOR,2024-05-01,0.0,0.0
JPN,2024-05-01,0.0,0.003915027440340381
KAZ,2024-05-01,0.0,0.03122851500927509
KEN,2024-05-01,0.0,0.0273867064854305
KGZ,2024-05-01,0.0,0.0
KHM,2024-05-01,0.0,0.0
KOR,2024-05-01,0.0,0.0
KWT,2024-05-01,0.0,0.0
LAO,2024-05-01,0.0,0.0
LBN,2024-05-01,0.0,0.04930315513542933
LBR,2024-05-01,0.0,0.0
LBY,2024-05-01,0.0,0.0
LKA,2024-05-01,0.0,0.0
LSO,2024-05-01,0.0,0.0
LTU,2024-05-01,0.0,0.0
LUX,2024-05-01,0.0,0.0
LVA,2024-05-01,0.0,0.0
MAR,2024-05-01,0.0,0.005
MDA,2024-05-01,0.0,0.004946244936117171
MDG,2024-05-01,0.0,0.004516581731639809
MDV,2024-05-01,0.0,0.0
MEX,2024-05-01,0.0,0.0
MKD,2024-05-01,0.0,0.0
MLT,2024-05-01,0.0,0.0
MNE,2024-05-01,0.0,0.0
MNG,2024-05-01,0.0,0.0
MRT,2024-05-01,0.0,0.0
MUS,2024-05-01,0.0,0.0
MWI,2024-05-01,0.0,0.0
MYS,2024-05-01,0.0,0.0
NAM,2024-05-01,0.0,0.0
NER,2024-05-01,0.0,0.3090839744057553
NGA,2024-05-01,0.0,0.2662541540525525
NIC,2024-05-01,0.0,0.0
NLD,2024-05-01,0.0,0.0014558587479935753
NOR,2024-05-01,0.0,0.0
NPL,2024-05-01,0.0,0.0
NZL,2024-05-01,0.0,0.0
OMN,2024-05-01,0.0,0.0
PAK,2024-05-01,0.0,0.021913805340490363
PAN,2024-05-01,0.0,0.0
PER,2024-05-01,0.0,0.0
PHL,2024-05-01,0.0,0.6368642763784212
PNG,2024-05-01,0.0,0.013992141769076004
POL,2024-05-01,0.0,0.0
PRK,2024-05-01,0.0,0.0
PRT,2024-05-01,0.0,0.0014558587479935753
PRY,2024-05-01,0.0,0.0
PSE,2024-05-01,1.0,0.04791892012209937
QAT,2024-05-01,0.0,0.0
ROU,2024-05-01,0.0,0.0
RUS,2024-05-01,0.0,0.02218623831496341
RWA,2024-05-01,0.0,0.0
SAU,2024-05-01,0.0,0.0
SDN,2024-05-01,0.0,0.8437399730877392
SEN,2024-05-01,0.0,0.0
SGP,2024-05-01,0.0,0.0
SLB,2024-05-01,0.0,0.0
SLE,2024-05-01,0.0,0.0
SLV,2024-05-01,0.0,0.005
SOM,2024-05-01,1.0,0.8036504217506908
SRB,2024-05-01,0.0,0.005723118668415124
SSD,2024-05-01,0.0,0.41793118368724386
STP,2024-05-01,0.0,0.0
SVK,2024-05-01,0.0,0.0
SVN,2024-05-01,0.0,0.0
SWE,2024-05-01,0.0,0.0014558587479935753
SWZ,2024-05-01,0.0,0.004646516393442624
SYC,2024-05-01,0.0,0.0
SYR,2024-05-01,0.0,0.3604102630743006
TCD,2024-05-01,0.0,0.09487669372062735
TGO,2024-05-01,0.0,0.0
THA,2024-05-01,0.0,0.009611585255129833
TJK,2024-05-01,0.0,0.0
TKM,2024-05-01,0.0,0.0
TLS,2024-05-01,0.0,0.0
TON,2024-05-01,0.0,0.0
TTO,2024-05-01,0.0,0.0
TUN,2024-05-01,0.0,0.002255096966683243
TUR,2024-05-01,0.0,0.01
TZA,2024-05-01,0.0,0.0
UGA,2024-05-01,0.0,0.09462916470209316
UKR,2024-05-01,0.0,0.4963697127229893
URY,2024-05-01,0.0,0.0
USA,2024-05-01,0.0,0.0
UZB,2024-05-01,0.0,0.0
VEN,2024-05-01,0.0,0.0
VNM,2024-05-01,0.0,0.0
VUT,2024-05-01,0.0,0.0
WSM,2024-05-01,0.0,0.0
YEM,2024-05-01,0.0,0.18669564851546486
ZAF,2024-05-01,0.0,0.0
ZMB,2024-05-01,0.0,0.0
ZWE,2024-05-01,0.0,0.0
AFG,2024-06-01,0.0,0.7350222980246975
AGO,2024-06-01,0.0,0.004407112777833156
ALB,2024-06-01,0.0,0.0
ARE,2024-06-01,0.0,0.0
ARG,2024-06-01,0.0,0.0
ARM,2024-06-01,0.0,0.0
AUS,2024-06-01,0.0,0.0
AUT,2024-06-01,0.0,0.0
AZE,2024-06-01,0.0,0.001922777960477142
BDI,2024-06-01,0.0,0.0161017692777297
BEL,2024-06-01,0.0,0.0
BEN,2024-06-01,0.0,0.004100937320665688
BGD,2024-06-01,0.0,0.0
BGR,2024-06-01,0.0,0.0
BHR,2024-06-01,0.0,0.0
BHS,2024-06-01,0.0,0.0
BIH,2024-06-01,0.0,0.0
BLR,2024-06-01,0.0,0.0
BLZ,2024-06-01,0.0,0.0
BOL,2024-06-01,0.0,0.0
BRA,2024-06-01,0.0,0.007895228226748126
BRB,2024-06-01,0.0,0.0
BRN,2024-06-01,0.0,0.0
BTN,2024-06-01,0.0,0.0
BWA,2024-06-01,0.0,0.0
CAF,2024-06-01,0.0,0.3844698354971735
CAN,2024-06-01,0.0,0.0
CHE,2024-06-01,0.0,0.0
CHL,2024-06-01,0.0,0.0
CHN,2024-06-01,0.0,0.026746408878219285
CIV,2024-06-01,0.0,0.0
CMR,2024-06-01,0.0,0.666427354081733
COL,2024-06-01,0.0,0.05514550018561429
COM,2024-06-01,0.0,0.0
CRI,2024-06-01,0.0,0.0
CUB,2024-06-01,0.0,0.0
CYP,2024-06-01,0.0,0.0
CZE,2024-06-01,0.0,0.0
DEU,2024-06-01,0.0,0.0
DJI,2024-06-01,0.0,0.0
DNK,2024-06-01,0.0,0.0
DOM,2024-06-01,0.0,0.0
DZA,2024-06-01,0.0,0.001922777960477142
ECU,2024-06-01,0.0,0.06684537339706653
EGY,2024-06-01,0.0,0.0
ERI,2024-06-01,0.0,0.0
ESP,2024-06-01,0.0,0.0
EST,2024-06-01,0.0,0.0
FIN,2024-06-01,0.0,0.0
FJI,2024-06-01,0.0,0.0
FRA,2024-06-01,0.0,0.0
GAB,2024-06-01,0.0,0.0
GBR,2024-06-01,0.0,0.0
GEO,2024-06-01,0.0,0.0
GHA,2024-06-01,0.0,0.0
GIN,2024-06-01,0.0,0.0
GMB,2024-06-01,0.0,0.0
GNB,2024-06-01,0.0,0.0
GNQ,2024-06-01,0.0,0.0
GRC,2024-06-01,0.0,0.0
GRD,2024-06-01,0.0,0.0
GTM,2024-06-01,0.0,0.0016048258309212468
GUY,2024-06-01,0.0,0.001922777960477142
HND,2024-06-01,0.0,0.0169273865897104
HRV,2024-06-01,0.0,0.0
HTI,2024-06-01,0.0,0.6047267627071996
HUN,2024-06-01,0.0,0.0
IDN,2024-06-01,0.0,0.014019010202484394
IND,2024-06-01,0.0,0.019042781891555508
IRL,2024-06-01,0.0,0.0
IRN,2024-06-01,0.0,0.004522014694877892
IRQ,2024-06-01,0.0,0.07873264949809239
ISL,2024-06-01,0.0,0.0
ISR,2024-06-01,0.0,0.03921054524779613
ITA,2024-06-01,0.0,0.0
JAM,2024-06-01,0.0,0.006641683991186469
JOR,2024-06-01,0.0,0.0
JPN,2024-06-01,0.0,0.0
KAZ,2024-06-01,0.0,0.008107350374687312
KEN,2024-06-01,0.0,0.06074339149469815
KGZ,2024-06-01,0.0,0.0
KHM,2024-06-01,0.0,0.0
KOR,2024-06-01,0.0,0.0
KWT,2024-06-01,0.0,0.0
LAO,2024-06-01,0.0,0.0
LBN,2024-06-01,0.0,0.054957945408316625
LBR,2024-06-01,0.0,0.0
LBY,2024-06-01,0.0,0.01158662288746656
LKA,2024-06-01,0.0,0.0
LSO,2024-06-01,0.0,0.0
LTU,2024-06-01,0.0,0.0
LUX,2024-06-01,0.0,0.0
LVA,2024-06-01,0.0,0.0
MAR,2024-06-01,0.0,0.001922777960477142
MDA,2024-06-01,0.0,0.0033731053652908153
MDG,2024-06-01,0.0,0.002648451655410968
MDV,2024-06-01,0.0,0.0
MEX,2024-06-01,0.0,0.014857995316866832
MKD,2024-06-01,0.0,0.0
MLI,2024-06-01,0.0,0.7189127908566099
MLT,2024-06-01,0.0,0.0
MNE,2024-06-01,0.0,0.0
MNG,2024-06-01,0.0,0.0
MOZ,2024-06-01,0.0,0.3484144963719127
MRT,2024-06-01,0.0,0.0
MUS,2024-06-01,0.0,0.0
MWI,2024-06-01,0.0,0.0
MYS,2024-06-01,0.0,0.0
NAM,2024-06-01,0.0,0.0
NER,2024-06-01,0.0,0.5769104285616475
NGA,2024-06-01,0.0,0.43520735355414447
NIC,2024-06-01,0.0,0.0
NLD,2024-06-01,0.0,0.0
NOR,2024-06-01,0.0,0.0
NPL,2024-06-01,0.0,0.0
NZL,2024-06-01,0.0,0.0
OMN,2024-06-01,0.0,0.0
PAK,2024-06-01,0.0,0.03989434367972147
PAN,2024-06-01,0.0,0.0
PER,2024-06-01,0.0,0.0
PHL,2024-06-01,0.0,0.19383503105488006
PNG,2024-06-01,0.0,0.004180620485592921
POL,2024-06-01,0.0,0.0
PRK,2024-06-01,0.0,0.0
PRT,2024-06-01,0.0,0.0
PRY,2024-06-01,0.0,0.0
QAT,2024-06-01,0.0,0.0
ROU,2024-06-01,0.0,0.0
RUS,2024-06-01,1.0,0.07071045826892246
RWA,2024-06-01,0.0,0.0
SAU,2024-06-01,0.0,0.0
SDN,2024-06-01,0.0,0.8593963028645761
SEN,2024-06-01,0.0,0.0
SGP,2024-06-01,0.0,0.0
SLB,2024-06-01,0.0,0.0
SLE,2024-06-01,0.0,0.0
SLV,2024-06-01,0.0,0.0
SOM,2024-06-01,1.0,0.8482910049030695
SRB,2024-06-01,0.0,0.0
SSD,2024-06-01,0.0,0.39019756686186874
STP,2024-06-01,0.0,0.0
SVK,2024-06-01,0.0,0.0
SVN,2024-06-01,0.0,0.0
SWE,2024-06-01,0.0,0.0
SWZ,2024-06-01,0.0,0.0
SYC,2024-06-01,0.0,0.0
SYR,2024-06-01,0.0,0.3679029616000451
TCD,2024-06-01,0.0,0.24222094502596708
TGO,2024-06-01,0.0,0.0
THA,2024-06-01,0.0,0.017607089943469503
TJK,2024-06-01,0.0,0.0
TKM,2024-06-01,0.0,0.0
TLS,2024-06-01,0.0,0.0
TON,2024-06-01,0.0,0.0
TTO,2024-06-01,0.0,0.0
TUN,2024-06-01,0.0,0.0
TUR,2024-06-01,0.0,0.014756674802159604
TZA,2024-06-01,0.0,0.0
UGA,2024-06-01,0.0,0.05830481530459582
UKR,2024-06-01,1.0,0.6569543187112231
URY,2024-06-01,0.0,0.0
USA,2024-06-01,0.0,0.0
UZB,2024-06-01,0.0,0.0
VEN,2024-06-01,0.0,0.004176027530679825
VNM,2024-06-01,0.0,0.0
VUT,2024-06-01,0.0,0.0
WSM,2024-06-01,0.0,0.0
YEM,2024-06-01,0.0,0.2680113680785149
ZAF,2024-06-01,0.0,0.004376360914534567
ZMB,2024-06-01,0.0,0.0
ZWE,2024-06-01,0.0,0.0
AFG,2024-07-01,0.0,0.7477266179530155
AGO,2024-07-01,0.0,0.0
ALB,2024-07-01,0.0,0.0017316023068541205
ARE,2024-07-01,0.0,0.0
ARG,2024-07-01,0.0,0.0
ARM,2024-07-01,0.0,0.0
AUS,2024-07-01,0.0,0.0
AUT,2024-07-01,0.0,0.0
AZE,2024-07-01,0.0,0.0
BDI,2024-07-01,0.0,0.0028321796111757057
BEL,2024-07-01,0.0,0.0
BEN,2024-07-01,0.0,0.004137350774701548
BGD,2024-07-01,0.0,0.005
BGR,2024-07-01,0.0,0.0
BHR,2024-07-01,0.0,0.0
BHS,2024-07-01,0.0,0.0
BIH,2024-07-01,0.0,0.0
BLR,2024-07-01,0.0,0.0
BLZ,2024-07-01,0.0,0.0
BOL,2024-07-01,0.0,0.0
BRA,2024-07-01,0.0,0.00938319648799325
BRB,2024-07-01,0.0,0.0
BRN,2024-07-01,0.0,0.0
BTN,2024-07-01,0.0,0.0
BWA,2024-07-01,0.0,0.0
CAF,2024-07-01,0.0,0.37352280407975075
CAN,2024-07-01,0.0,0.0
CHE,2024-07-01,0.0,0.0
CHL,2024-07-01,0.0,0.0
CHN,2024-07-01,0.0,0.014634426245530392
CIV,2024-07-01,0.0,0.0
CMR,2024-07-01,0.0,0.5608723451542071
COL,2024-07-01,0.0,0.07025352318372828
COM,2024-07-01,0.0,0.0
CRI,2024-07-01,0.0,0.0
CUB,2024-07-01,0.0,0.0
CYP,2024-07-01,0.0,0.0
CZE,2024-07-01,0.0,0.0
DEU,2024-07-01,0.0,0.0
DJI,2024-07-01,0.0,0.0
DNK,2024-07-01,0.0,0.0
DOM,2024-07-01,0.0,0.0
DZA,2024-07-01,0.0,0.0
ECU,2024-07-01,0.0,0.0486049565203469
EGY,2024-07-01,0.0,0.0
ERI,2024-07-01,0.0,0.0
ESP,2024-07-01,0.0,0.0
EST,2024-07-01,0.0,0.0
FIN,2024-07-01,0.0,0.0
FJI,2024-07-01,0.0,0.0
FRA,2024-07-01,0.0,0.0
GAB,2024-07-01,0.0,0.0
GBR,2024-07-01,0.0,0.0
GEO,2024-07-01,0.0,0.0
GHA,2024-07-01,0.0,0.0
GIN,2024-07-01,0.0,0.0
GMB,2024-07-01,0.0,0.0
GNB,2024-07-01,0.0,0.0
GNQ,2024-07-01,0.0,0.0
GRC,2024-07-01,0.0,0.015
GRD,2024-07-01,0.0,0.0
GTM,2024-07-01,0.0,0.008757506442771885
GUY,2024-07-01,0.0,0.0
HND,2024-07-01,0.0,0.0
HRV,2024-07-01,0.0,0.0
HTI,2024-07-01,0.0,0.5438845892401771
HUN,2024-07-01,0.0,0.0
IDN,2024-07-01,0.0,0.0
IND,2024-07-01,0.0,0.04363292248114014
IRL,2024-07-01,0.0,0.0
IRN,2024-07-01,0.0,0.0
IRQ,2024-07-01,0.0,0.10180989370217977
ISL,2024-07-01,0.0,0.0
ISR,2024-07-01,0.0,0.04
ITA,2024-07-01,0.0,0.0
JAM,2024-07-01,0.0,0.003556107411854601
JOR,2024-07-01,0.0,0.009165507801162062
JPN,2024-07-01,0.0,0.0
KAZ,2024-07-01,0.0,0.02898855667565621
KEN,2024-07-01,0.0,0.0747413640963115
KGZ,2024-07-01,0.0,0.0
KHM,2024-07-01,0.0,0.0
KOR,2024-07-01,0.0,0.0
KWT,2024-07-01,0.0,0.0
LAO,2024-07-01,0.0,0.0
LBN,2024-07-01,1.0,0.03832674097655634
LBR,2024-07-01,0.0,0.0
LBY,2024-07-01,0.0,0.013963432058020442
LKA,2024-07-01,0.0,0.0
LSO,2024-07-01,0.0,0.0
LTU,2024-07-01,0.0,0.0
LUX,2024-07-01,0.0,0.0
LVA,2024-07-01,0.0,0.0
MAR,2024-07-01,0.0,0.0
MDA,2024-07-01,0.0,0.004945726430848642
MDG,2024-07-01,0.0,0.00352856756024912
MDV,2024-07-01,0.0,0.0
MEX,2024-07-01,0.0,0.0
MKD,2024-07-01,0.0,0.0
MLI,2024-07-01,0.0,0.8419514297657961
MLT,2024-07-01,0.0,0.0
MNE,2024-07-01,0.0,0.0
MNG,2024-07-01,0.0,0.0
MOZ,2024-07-01,0.0,0.3593805299623508
MRT,2024-07-01,0.0,0.0
MUS,2024-07-01,0.0,0.0017316023068541205
MWI,2024-07-01,0.0,0.0
MYS,2024-07-01,0.0,0.0
NAM,2024-07-01,0.0,0.0
NER,2024-07-01,0.0,0.6046161573500335
NGA,2024-07-01,0.0,0.43237151294667364
NIC,2024-07-01,0.0,0.0
NLD,2024-07-01,0.0,0.0
NOR,2024-07-01,0.0,0.0
NPL,2024-07-01,0.0,0.0
NZL,2024-07-01,0.0,0.0
OMN,2024-07-01,0.0,0.0
PAK,2024-07-01,0.0,0.030938653643360972
PAN,2024-07-01,0.0,0.0
PER,2024-07-01,0.0,0.009262149425598635
PHL,2024-07-01,0.0,0.38514909626571203
PNG,2024-07-01,0.0,0.053790152769238
POL,2024-07-01,0.0,0.0
PRK,2024-07-01,0.0,0.0
PRT,2024-07-01,0.0,0.0
PRY,2024-07-01,0.0,0.0
QAT,2024-07-01,0.0,0.0
ROU,2024-07-01,0.0,0.0
RUS,2024-07-01,1.0,0.05202273013250621
RWA,2024-07-01,0.0,0.0
SAU,2024-07-01,0.0,0.0
SDN,2024-07-01,0.0,0.7222925074238387
SEN,2024-07-01,0.0,0.0
SGP,2024-07-01,0.0,0.0
SLB,2024-07-01,0.0,0.0
SLE,2024-07-01,0.0,0.0
SLV,2024-07-01,0.0,0.0
SRB,2024-07-01,0.0,0.0
SSD,2024-07-01,0.0,0.3890287634574426
STP,2024-07-01,0.0,0.0
SVK,2024-07-01,0.0,0.0
SVN,2024-07-01,0.0,0.0
SWE,2024-07-01,0.0,0.0
SWZ,2024-07-01,0.0,0.0
SYC,2024-07-01,0.0,0.0
SYR,2024-07-01,0.0,0.3680616036331091
TCD,2024-07-01,0.0,0.22935819301079693
TGO,2024-07-01,0.0,0.0
THA,2024-07-01,0.0,0.0
TJK,2024-07-01,0.0,0.0
TKM,2024-07-01,0.0,0.00439686877889125
TLS,2024-07-01,0.0,0.0
TON,2024-07-01,0.0,0.0
TTO,2024-07-01,0.0,0.005
TUN,2024-07-01,0.0,0.0
TUR,2024-07-01,0.0,0.0
TZA,2024-07-01,0.0,0.0
UGA,2024-07-01,0.0,0.2508187881344529
UKR,2024-07-01,1.0,0.5603040435226072
URY,2024-07-01,0.0,0.0
USA,2024-07-01,0.0,0.0
UZB,2024-07-01,0.0,0.0017316023068541205
VEN,2024-07-01,0.0,0.0
VNM,2024-07-01,0.0,0.0026317809104495675
VUT,2024-07-01,0.0,0.0
WSM,2024-07-01,0.0,0.0
YEM,2024-07-01,0.0,0.28690067606681796
ZAF,2024-07-01,0.0,0.00415622109526999
ZMB,2024-07-01,0.0,0.0
ZWE,2024-07-01,0.0,0.0
AFG,2024-08-01,0.0,0.7105152493319296
AGO,2024-08-01,0.0,0.0
ALB,2024-08-01,0.0,0.0
ARE,2024-08-01,0.0,0.0
ARG,2024-08-01,0.0,0.0
ARM,2024-08-01,0.0,0.0
AUS,2024-08-01,0.0,0.0
AUT,2024-08-01,0.0,0.0
AZE,2024-08-01,0.0,0.005
BDI,2024-08-01,0.0,0.022125307089148984
BEL,2024-08-01,0.0,0.0
BEN,2024-08-01,0.0,0.0
BGD,2024-08-01,0.0,0.019155490122511814
BGR,2024-08-01,0.0,0.0
BHR,2024-08-01,0.0,0.0
BHS,2024-08-01,0.0,0.0
BIH,2024-08-01,0.0,0.005
BLR,2024-08-01,0.0,0.0007454114192127445
BLZ,2024-08-01,0.0,0.0
BOL,2024-08-01,0.0,0.0
BRA,2024-08-01,0.0,0.029168249252165115
BRB,2024-08-01,0.0,0.0
BRN,2024-08-01,0.0,0.0
BTN,2024-08-01,0.0,0.0
BWA,2024-08-01,0.0,0.0
CAF,2024-08-01,0.0,0.4246610361235247
CAN,2024-08-01,0.0,0.0
CHE,2024-08-01,0.0,0.0
CHL,2024-08-01,0.0,0.0
CHN,2024-08-01,0.0,0.018728062421902704
CIV,2024-08-01,0.0,0.0024781269948556204
CMR,2024-08-01,0.0,0.5049479811038404
COL,2024-08-01,0.0,0.02858416836517822
COM,2024-08-01,0.0,0.0
CRI,2024-08-01,0.0,0.0
CUB,2024-08-01,0.0,0.0
CYP,2024-08-01,0.0,0.0
CZE,2024-08-01,0.0,0.0
DEU,2024-08-01,0.0,0.005
DJI,2024-08-01,0.0,0.0
DNK,2024-08-01,0.0,0.0
DOM,2024-08-01,0.0,0.0
DZA,2024-08-01,0.0,0.0
ECU,2024-08-01,0.0,0.06474732940925546
EGY,2024-08-01,0.0,0.0
ERI,2024-08-01,0.0,0.0
ESP,2024-08-01,0.0,0.0
EST,2024-08-01,0.0,0.0
FIN,2024-08-01,0.0,0.0
FJI,2024-08-01,0.0,0.0
FRA,2024-08-01,0.0,0.0
GAB,2024-08-01,0.0,0.0
GBR,2024-08-01,0.0,0.0
GEO,2024-08-01,0.0,0.0
GHA,2024-08-01,0.0,0.0
GIN,2024-08-01,0.0,0.0
GMB,2024-08-01,0.0,0.0
GNB,2024-08-01,0.0,0.0
GNQ,2024-08-01,0.0,0.0
GRC,2024-08-01,0.0,0.0
GRD,2024-08-01,0.0,0.0
GTM,2024-08-01,0.0,0.009669435521530562
GUY,2024-08-01,0.0,0.0
HND,2024-08-01,0.0,0.004163372166379281
HRV,2024-08-01,0.0,0.0007454114192127445
HTI,2024-08-01,0.0,0.6289662436516386
HUN,2024-08-01,0.0,0.0
IDN,2024-08-01,0.0,0.004251781959599146
IND,2024-08-01,0.0,0.03865714215731336
IRL,2024-08-01,0.0,0.0
IRN,2024-08-01,0.0,0.0
IRQ,2024-08-01,0.0,0.13593426610911677
ISL,2024-08-01,0.0,0.0
ISR,2024-08-01,0.0,0.01864278027547757
ITA,2024-08-01,0.0,0.0
JAM,2024-08-01,0.0,0.004163372166379281
JOR,2024-08-01,0.0,0.0
JPN,2024-08-01,0.0,0.003672850384936465
KAZ,2024-08-01,0.0,0.005663804622372679
KEN,2024-08-01,0.0,0.09275123868111672
KGZ,2024-08-01,0.0,0.0
KHM,2024-08-01,0.0,0.0
KOR,2024-08-01,0.0,0.0
KWT,2024-08-01,0.0,0.0
LAO,2024-08-01,0.0,0.0
LBN,2024-08-01,1.0,0.1067755956542566
LBR,2024-08-01,0.0,0.0024781269948556204
LBY,2024-08-01,0.0,0.008875770867120224
LKA,2024-08-01,0.0,0.0
LSO,2024-08-01,0.0,0.0
LTU,2024-08-01,0.0,0.0
LUX,2024-08-01,0.0,0.0
LVA,2024-08-01,0.0,0.0
MAR,2024-08-01,0.0,0.0
MDA,2024-08-01,0.0,0.0
MDG,2024-08-01,0.0,0.015998390393353868
MDV,2024-08-01,0.0,0.0
MEX,2024-08-01,0.0,0.0
MKD,2024-08-01,0.0,0.0
MLI,2024-08-01,0.0,0.7073583423186558
MLT,2024-08-01,0.0,0.0
MNE,2024-08-01,0.0,0.0
MNG,2024-08-01,0.0,0.0
MOZ,2024-08-01,0.0,0.1331841553495126
MRT,2024-08-01,0.0,0.0
MUS,2024-08-01,0.0,0.0
MWI,2024-08-01,0.0,0.0
MYS,2024-08-01,0.0,0.0
NAM,2024-08-01,0.0,0.0
NER,2024-08-01,0.0,0.3366937330676458
NGA,2024-08-01,0.0,0.17684565365182373
NIC,2024-08-01,0.0,0.0
NLD,2024-08-01,0.0,0.0
NOR,2024-08-01,0.0,0.0007454114192127445
NPL,2024-08-01,0.0,0.0
NZL,2024-08-01,0.0,0.0
OMN,2024-08-01,0.0,0.0
PAK,2024-08-01,0.0,0.02486889357003761
PAN,2024-08-01,0.0,0.0
PER,2024-08-01,0.0,0.0
PHL,2024-08-01,0.0,0.14014651532490358
PNG,2024-08-01,0.0,0.0
POL,2024-08-01,0.0,0.0
PRK,2024-08-01,0.0,0.0
PRT,2024-08-01,0.0,0.0
PRY,2024-08-01,0.0,0.0
QAT,2024-08-01,0.0,0.0
ROU,2024-08-01,0.0,0.0
RWA,2024-08-01,0.0,0.0
SAU,2024-08-01,0.0,0.0
SDN,2024-08-01,1.0,0.7921488194892514
SEN,2024-08-01,0.0,0.0
SGP,2024-08-01,0.0,0.0
SLB,2024-08-01,0.0,0.0
SLE,2024-08-01,0.0,0.0
SLV,2024-08-01,0.0,0.0
SRB,2024-08-01,0.0,0.0
SSD,2024-08-01,0.0,0.4337037069724583
STP,2024-08-01,0.0,0.0
SVK,2024-08-01,0.0,0.0
SVN,2024-08-01,0.0,0.0
SWE,2024-08-01,0.0,0.0
SWZ,2024-08-01,0.0,0.0
SYC,2024-08-01,0.0,0.0
SYR,2024-08-01,0.0,0.5834268679176362
TCD,2024-08-01,0.0,0.06373592264296116
TGO,2024-08-01,0.0,0.0
THA,2024-08-01,0.0,0.0
TJK,2024-08-01,0.0,0.0
TKM,2024-08-01,0.0,0.0
TLS,2024-08-01,0.0,0.0
TON,2024-08-01,0.0,0.0
TTO,2024-08-01,0.0,0.0
TUN,2024-08-01,0.0,0.0
TUR,2024-08-01,0.0,0.004251781959599146
TZA,2024-08-01,0.0,0.0
UGA,2024-08-01,0.0,0.03342362757408191
URY,2024-08-01,0.0,0.0
USA,2024-08-01,0.0,0.0
UZB,2024-08-01,0.0,0.0
VEN,2024-08-01,0.0,0.023112167782768665
VNM,2024-08-01,0.0,0.0
VUT,2024-08-01,0.0,0.0
WSM,2024-08-01,0.0,0.0
YEM,2024-08-01,0.0,0.2684446653220352
ZAF,2024-08-01,0.0,0.0
ZMB,2024-08-01,0.0,0.0
ZWE,2024-08-01,0.0,0.0
AFG,2024-09-01,0.0,0.6314322952171808
AGO,2024-09-01,0.0,0.0
ALB,2024-09-01,0.0,0.00036296980230284535
ARE,2024-09-01,0.0,0.0
ARG,2024-09-01,0.0,0.0
ARM,2024-09-01,0.0,0.004562584485983861
AUS,2024-09-01,0.0,0.0
AUT,2024-09-01,0.0,0.0
AZE,2024-09-01,0.0,0.003474106650863465
BDI,2024-09-01,0.0,0.0
BEL,2024-09-01,0.0,0.0
BEN,2024-09-01,0.0,0.009150504259013474
BGD,2024-09-01,0.0,0.00693232768720609
BGR,2024-09-01,0.0,0.0
BHR,2024-09-01,0.0,0.0
BHS,2024-09-01,0.0,0.0
BIH,2024-09-01,0.0,0.01468166399977453
BLR,2024-09-01,0.0,0.0030059342885798363
BLZ,2024-09-01,0.0,0.0
BOL,2024-09-01,0.0,0.0
BRA,2024-09-01,0.0,0.01346814482981086
BRB,2024-09-01,0.0,0.0
BRN,2024-09-01,0.0,0.0
BTN,2024-09-01,0.0,0.0
BWA,2024-09-01,0.0,0.0
CAF,2024-09-01,0.0,0.279191334656392
CAN,2024-09-01,0.0,0.0
CHE,2024-09-01,0.0,0.0
CHL,2024-09-01,0.0,0.0
CHN,2024-09-01,0.0,0.016047389313966508
CIV,2024-09-01,0.0,0.0
CMR,2024-09-01,0.0,0.5179212430175422
COL,2024-09-01,0.0,0.011525527855834147
COM,2024-09-01,0.0,0.0
CRI,2024-09-01,0.0,0.0
CUB,2024-09-01,0.0,0.0
CYP,2024-09-01,0.0,0.00036296980230284535
CZE,2024-09-01,0.0,0.0
DEU,2024-09-01,0.0,0.0
DJI,2024-09-01,0.0,0.0
DNK,2024-09-01,0.0,0.0
DOM,2024-09-01,0.0,0.0
DZA,2024-09-01,0.0,0.0
ECU,2024-09-01,0.0,0.07615032156112665
EGY,2024-09-01,0.0,0.00036296980230284535
ERI,2024-09-01,0.0,0.005
ESP,2024-09-01,0.0,0.0
EST,2024-09-01,0.0,0.0
FIN,2024-09-01,0.0,0.0
FJI,2024-09-01,0.0,0.0
FRA,2024-09-01,0.0,0.0
GAB,2024-09-01,0.0,0.0
GBR,2024-09-01,0.0,0.00036296980230284535
GEO,2024-09-01,0.0,0.00036296980230284535
GHA,2024-09-01,0.0,0.0
GIN,2024-09-01,0.0,0.0
GMB,2024-09-01,0.0,0.0
GNB,2024-09-01,0.0,0.00036296980230284535
GNQ,2024-09-01,0.0,0.0
GRC,2024-09-01,0.0,0.00441005675069289
GRD,2024-09-01,0.0,0.0
GTM,2024-09-01,0.0,0.005
GUY,2024-09-01,0.0,0.0
HND,2024-09-01,0.0,0.016767170622121564
HRV,2024-09-01,0.0,0.0030059342885798363
HTI,2024-09-01,0.0,0.5142130128306204
HUN,2024-09-01,0.0,0.0
IDN,2024-09-01,0.0,0.0
IND,2024-09-01,0.0,0.04212917772264574
IRL,2024-09-01,0.0,0.0
IRN,2024-09-01,0.0,0.0
IRQ,2024-09-01,0.0,0.12188577868865869
ISL,2024-09-01,0.0,0.0006456318652123959
ISR,2024-09-01,0.0,0.03846161012130932
ITA,2024-09-01,0.0,0.00036296980230284535
JAM,2024-09-01,0.0,0.0
JOR,2024-09-01,0.0,0.0
JPN,2024-09-01,0.0,0.0
KAZ,2024-09-01,0.0,0.02030907461359054
KEN,2024-09-01,0.0,0.053630619320759514
KGZ,2024-09-01,0.0,0.00036296980230284535
KHM,2024-09-01,0.0,0.0
KOR,2024-09-01,0.0,0.0
KWT,2024-09-01,0.0,0.0
LAO,2024-09-01,0.0,0.0
LBR,2024-09-01,0.0,0.0
LBY,2024-09-01,0.0,0.010608974425771538
LKA,2024-09-01,0.0,0.0
LSO,2024-09-01,0.0,0.0
LTU,2024-09-01,0.0,0.0
LUX,2024-09-01,0.0,0.0
LVA,2024-09-01,0.0,0.0
MAR,2024-09-01,0.0,0.0
MDA,2024-09-01,0.0,0.009176800663012893
MDG,2024-09-01,0.0,0.054213311789946095
MDV,2024-09-01,0.0,0.0
MEX,2024-09-01,0.0,0.004635253894297069
MKD,2024-09-01,0.0,0.0010086016675152412
MLI,2024-09-01,0.0,0.6289396944799848
MLT,2024-09-01,0.0,0.0006456318652123959
MNE,2024-09-01,0.0,0.00036296980230284535
MNG,2024-09-01,0.0,0.0
MOZ,2024-09-01,0.0,0.3365054826957886
MRT,2024-09-01,0.0,0.0
MUS,2024-09-01,0.0,0.0006456318652123959
MWI,2024-09-01,0.0,0.0
MYS,2024-09-01,0.0,0.0
NAM,2024-09-01,0.0,0.0
NER,2024-09-01,0.0,0.20938880938409163
NGA,2024-09-01,0.0,0.5056696715745905
NIC,2024-09-01,0.0,0.0
NLD,2024-09-01,0.0,0.0
NOR,2024-09-01,0.0,0.0
NPL,2024-09-01,0.0,0.0
NZL,2024-09-01,0.0,0.0
OMN,2024-09-01,0.0,0.0
PAK,2024-09-01,0.0,0.008511379456146013
PAN,2024-09-01,0.0,0.0
PER,2024-09-01,0.0,0.0
PHL,2024-09-01,0.0,0.16047955789496843
PNG,2024-09-01,0.0,0.04307560229963042
POL,2024-09-01,0.0,0.00036296980230284535
PRK,2024-09-01,0.0,0.0
PRT,2024-09-01,0.0,0.0
PRY,2024-09-01,0.0,0.0
PSE,2024-09-01,0.0,0.4072786596439679
QAT,2024-09-01,0.0,0.0
ROU,2024-09-01,0.0,0.0
RWA,2024-09-01,0.0,0.00036296980230284535
SAU,2024-09-01,0.0,0.003245356319048196
SDN,2024-09-01,1.0,0.7857725731351516
SEN,2024-09-01,0.0,0.0
SGP,2024-09-01,0.0,0.0
SLB,2024-09-01,0.0,0.0
SLE,2024-09-01,0.0,0.0
SLV,2024-09-01,0.0,0.0
SOM,2024-09-01,0.0,0.530773676178573
SRB,2024-09-01,0.0,0.00036296980230284535
SSD,2024-09-01,0.0,0.32772901989122954
STP,2024-09-01,0.0,0.0
SVK,2024-09-01,0.0,0.0
SVN,2024-09-01,0.0,0.0006456318652123959
SWE,2024-09-01,0.0,0.00036296980230284535
SWZ,2024-09-01,0.0,0.0
SYC,2024-09-01,0.0,0.0
SYR,2024-09-01,1.0,0.49319581142044266
TCD,2024-09-01,0.0,0.06002464349722958
TGO,2024-09-01,0.0,0.0
THA,2024-09-01,0.0,0.0
TJK,2024-09-01,0.0,0.0
TKM,2024-09-01,0.0,0.0
TLS,2024-09-01,0.0,0.0
TON,2024-09-01,0.0,0.0
TTO,2024-09-01,0.0,0.0
TUN,2024-09-01,0.0,0.004562584485983861
TUR,2024-09-01,0.0,0.009769596764600928
TZA,2024-09-01,0.0,0.0
UGA,2024-09-01,0.0,0.032900100776956626
URY,2024-09-01,0.0,0.0
USA,2024-09-01,0.0,0.0
UZB,2024-09-01,0.0,0.00036296980230284535
VEN,2024-09-01,0.0,0.0159426360008345
VNM,2024-09-01,0.0,0.0
VUT,2024-09-01,0.0,0.0
WSM,2024-09-01,0.0,0.0
YEM,2024-09-01,0.0,0.23530155300540445
ZAF,2024-09-01,0.0,0.004786563529580287
ZMB,2024-09-01,0.0,0.0
ZWE,2024-09-01,0.0,0.0
AFG,2024-10-01,0.0,0.6623094526761739
AGO,2024-10-01,0.0,0.0
ALB,2024-10-01,0.0,0.0
ARE,2024-10-01,0.0,0.0
ARG,2024-10-01,0.0,0.0
ARM,2024-10-01,0.0,0.002273177778897681
AUS,2024-10-01,0.0,0.0
AUT,2024-10-01,0.0,0.0
AZE,2024-10-01,0.0,0.0
BDI,2024-10-01,0.0,0.0
BEL,2024-10-01,0.0,0.0
BEN,2024-10-01,0.0,0.003938857147609418
BGD,2024-10-01,0.0,0.01188187719873054
BGR,2024-10-01,0.0,0.0
BHR,2024-10-01,0.0,0.0
BHS,2024-10-01,0.0,0.0
BIH,2024-10-01,0.0,0.0
BLR,2024-10-01,0.0,0.0
BLZ,2024-10-01,0.0,0.0
BOL,2024-10-01,0.0,0.0
BRA,2024-10-01,0.0,0.0015471508277691399
BRB,2024-10-01,0.0,0.0
BRN,2024-10-01,0.0,0.0
BTN,2024-10-01,0.0,0.0
BWA,2024-10-01,0.0,0.0
CAF,2024-10-01,0.0,0.29890041546271173
CAN,2024-10-01,0.0,0.0
CHE,2024-10-01,0.0,0.0
CHL,2024-10-01,0.0,0.0
CHN,2024-10-01,0.0,0.011565327984339346
CIV,2024-10-01,0.0,0.0
CMR,2024-10-01,0.0,0.3587963668263173
COL,2024-10-01,0.0,0.004972257945985669
COM,2024-10-01,0.0,0.0
CRI,2024-10-01,0.0,0.0
CUB,2024-10-01,0.0,0.0037935577920439572
CYP,2024-10-01,0.0,0.0
CZE,2024-10-01,0.0,0.0
DEU,2024-10-01,0.0,0.0
DJI,2024-10-01,0.0,0.0
DNK,2024-10-01,0.0,0.0
DOM,2024-10-01,0.0,0.0
DZA,2024-10-01,0.0,0.00697046439844358
ECU,2024-10-01,0.0,0.048121368866091904
EGY,2024-10-01,0.0,0.0030266546525820736
ERI,2024-10-01,0.0,0.004981471028541979
ESP,2024-10-01,0.0,0.0
EST,2024-10-01,0.0,0.0
ETH,2024-10-01,0.0,0.905628176019404
FIN,2024-10-01,0.0,0.0
FJI,2024-10-01,0.0,0.0
FRA,2024-10-01,0.0,0.0
GAB,2024-10-01,0.0,0.0
GBR,2024-10-01,0.0,0.0
GEO,2024-10-01,0.0,0.0
GHA,2024-10-01,0.0,0.013051593703916913
GIN,2024-10-01,0.0,0.0
GMB,2024-10-01,0.0,0.0
GNB,2024-10-01,0.0,0.0
GNQ,2024-10-01,0.0,0.0
GRC,2024-10-01,0.0,0.0
GRD,2024-10-01,0.0,0.0
GTM,2024-10-01,0.0,0.00827984875660478
GUY,2024-10-01,0.0,0.0
HND,2024-10-01,0.0,0.009327502362152365
HRV,2024-10-01,0.0,0.0
HTI,2024-10-01,1.0,0.6874038866013005
HUN,2024-10-01,0.0,0.0
IDN,2024-10-01,0.0,0.0
IND,2024-10-01,0.0,0.0
IRL,2024-10-01,0.0,0.0
IRN,2024-10-01,0.0,0.004366569861245561
IRQ,2024-10-01,0.0,0.09893181341472354
ISL,2024-10-01,0.0,0.0
ISR,2024-10-01,0.0,0.07314671015241693
ITA,2024-10-01,0.0,0.0
JAM,2024-10-01,0.0,0.0
JOR,2024-10-01,0.0,0.0
JPN,2024-10-01,0.0,0.0004964231996771741
KAZ,2024-10-01,0.0,0.004082515563904587
KEN,2024-10-01,0.0,0.055983150861520545
KGZ,2024-10-01,0.0,0.0
KHM,2024-10-01,0.0,0.0
KOR,2024-10-01,0.0,0.0
KWT,2024-10-01,0.0,0.0
LAO,2024-10-01,0.0,0.0
LBR,2024-10-01,0.0,0.0
LBY,2024-10-01,0.0,0.004144436617561484
LKA,2024-10-01,0.0,0.0
LSO,2024-10-01,0.0,0.0
LTU,2024-10-01,0.0,0.0
LUX,2024-10-01,0.0,0.0
LVA,2024-10-01,0.0,0.0
MAR,2024-10-01,0.0,0.0
MDA,2024-10-01,0.0,0.002273177778897681
MDG,2024-10-01,0.0,0.007891363975118072
MDV,2024-10-01,0.0,0.0
MEX,2024-10-01,0.0,0.01493574389962188
MKD,2024-10-01,0.0,0.0
MLI,2024-10-01,0.0,0.7603880051364718
MLT,2024-10-01,0.0,0.0
MNE,2024-10-01,0.0,0.0
MNG,2024-10-01,0.0,0.0
MOZ,2024-10-01,0.0,0.366309679785426
MRT,2024-10-01,0.0,0.0
MUS,2024-10-01,0.0,0.0
MWI,2024-10-01,0.0,0.0
MYS,2024-10-01,0.0,0.0
NAM,2024-10-01,0.0,0.0
NER,2024-10-01,0.0,0.25470667066517966
NGA,2024-10-01,0.0,0.44934909024356673
NIC,2024-10-01,0.0,0.0
NLD,2024-10-01,0.0,0.0
NOR,2024-10-01,0.0,0.0
NPL,2024-10-01,0.0,0.0
NZL,2024-10-01,0.0,0.0
OMN,2024-10-01,0.0,0.0
PAK,2024-10-01,0.0,0.014042362911841048
PAN,2024-10-01,0.0,0.0
PER,2024-10-01,0.0,0.0
PHL,2024-10-01,0.0,0.1731798773633319
PNG,2024-10-01,0.0,0.004379373062260111
POL,2024-10-01,0.0,0.0
PRK,2024-10-01,0.0,0.0
PRT,2024-10-01,0.0,0.0
PRY,2024-10-01,0.0,0.0
PSE,2024-10-01,0.0,0.48164733379332864
QAT,2024-10-01,0.0,0.0
ROU,2024-10-01,0.0,0.0
RUS,2024-10-01,0.0,0.459998240601657
RWA,2024-10-01,0.0,0.0
SAU,2024-10-01,0.0,0.0
SEN,2024-10-01,0.0,0.0
SGP,2024-10-01,0.0,0.0
SLB,2024-10-01,0.0,0.0
SLE,2024-10-01,0.0,0.0
SLV,2024-10-01,0.0,0.0
SOM,2024-10-01,0.0,0.8027845419452355
SRB,2024-10-01,0.0,0.0
SSD,2024-10-01,1.0,0.25735526632342337
STP,2024-10-01,0.0,0.0
SVK,2024-10-01,0.0,0.0
SVN,2024-10-01,0.0,0.0
SWE,2024-10-01,0.0,0.0
SWZ,2024-10-01,0.0,0.0
SYC,2024-10-01,0.0,0.0
SYR,2024-10-01,1.0,0.6565114182050305
TCD,2024-10-01,0.0,0.5906871007807828
TGO,2024-10-01,0.0,0.0
THA,2024-10-01,0.0,0.01157367394306925
TJK,2024-10-01,0.0,0.0
TKM,2024-10-01,0.0,0.0
TLS,2024-10-01,0.0,0.0
TON,2024-10-01,0.0,0.0
TTO,2024-10-01,0.0,0.0
TUN,2024-10-01,0.0,0.002273177778897681
TUR,2024-10-01,0.0,0.0
TZA,2024-10-01,0.0,0.0
UGA,2024-10-01,0.0,0.1265518566249698
URY,2024-10-01,0.0,0.0
USA,2024-10-01,0.0,0.0004964231996771741
UZB,2024-10-01,0.0,0.0037935577920439572
VEN,2024-10-01,0.0,0.010532489330925356
VNM,2024-10-01,0.0,0.0
VUT,2024-10-01,0.0,0.0
WSM,2024-10-01,0.0,0.0
YEM,2024-10-01,0.0,0.2686749157734113
ZAF,2024-10-01,0.0,0.0
ZMB,2024-10-01,0.0,0.0
ZWE,2024-10-01,0.0,0.0
AFG,2024-11-01,0.0,0.6741533682949732
AGO,2024-11-01,0.0,0.0
ALB,2024-11-01,0.0,0.0
ARE,2024-11-01,0.0,0.0
ARG,2024-11-01,0.0,0.0
ARM,2024-11-01,0.0,0.001636639506821819
AUS,2024-11-01,0.0,0.0
AUT,2024-11-01,0.0,0.0
AZE,2024-11-01,0.0,0.0
BDI,2024-11-01,0.0,0.04123863628546686
BEL,2024-11-01,0.0,0.0
BEN,2024-11-01,0.0,0.0
BGD,2024-11-01,0.0,0.006521778836258754
BGR,2024-11-01,0.0,0.0
BHR,2024-11-01,0.0,0.0
BHS,2024-11-01,0.0,0.0
BIH,2024-11-01,0.0,0.009375210005372024
BLR,2024-11-01,0.0,0.003566147758629665
BLZ,2024-11-01,0.0,0.0
BOL,2024-11-01,0.0,0.0
BRA,2024-11-01,0.0,0.009013039836388632
BRB,2024-11-01,0.0,0.0
BRN,2024-11-01,0.0,0.0
BTN,2024-11-01,0.0,0.0
BWA,2024-11-01,0.0,0.0
CAF,2024-11-01,0.0,0.33781989611836366
CAN,2024-11-01,0.0,0.0
CHE,2024-11-01,0.0,0.0
CHL,2024-11-01,0.0,0.004277996377490484
CHN,2024-11-01,0.0,0.014180545368562454
CIV,2024-11-01,0.0,0.0
CMR,2024-11-01,0.0,0.6047636892658899
COL,2024-11-01,1.0,0.03758086769124892
COM,2024-11-01,0.0,0.0
CRI,2024-11-01,0.0,0.0
CUB,2024-11-01,0.0,0.0010747685548407313
CYP,2024-11-01,0.0,0.0010747685548407313
CZE,2024-11-01,0.0,0.0
DEU,2024-11-01,0.0,0.0
DJI,2024-11-01,0.0,0.0
DNK,2024-11-01,0.0,0.0
DOM,2024-11-01,0.0,0.0
DZA,2024-11-01,0.0,0.00465350906990964
ECU,2024-11-01,0.0,0.09773936939901036
EGY,2024-11-01,0.0,0.0
ERI,2024-11-01,0.0,0.0
ESP,2024-11-01,0.0,0.0
EST,2024-11-01,0.0,0.0
ETH,2024-11-01,0.0,0.7504478813741453
FIN,2024-11-01,0.0,0.0
FJI,2024-11-01,0.0,0.0
FRA,2024-11-01,0.0,0.0
GAB,2024-11-01,0.0,0.0
GBR,2024-11-01,0.0,0.0
GEO,2024-11-01,0.0,0.0
GHA,2024-11-01,0.0,0.005
GIN,2024-11-01,0.0,0.0
GMB,2024-11-01,0.0,0.0
GNB,2024-11-01,0.0,0.0
GNQ,2024-11-01,0.0,0.0
GRC,2024-11-01,0.0,0.0
GRD,2024-11-01,0.0,0.0
GTM,2024-11-01,0.0,0.027712666568600587
GUY,2024-11-01,0.0,0.0
HND,2024-11-01,0.0,0.008618646865190887
HRV,2024-11-01,0.0,0.0
HTI,2024-11-01,1.0,0.8118649438602458
HUN,2024-11-01,0.0,0.0
IDN,2024-11-01,0.0,0.0
IND,2024-11-01,0.0,0.03218419999431252
IRL,2024-11-01,0.0,0.0
IRN,2024-11-01,0.0,0.0
IRQ,2024-11-01,0.0,0.19450091248496082
ISL,2024-11-01,0.0,0.0
ISR,2024-11-01,0.0,0.05302627988169009
ITA,2024-11-01,0.0,0.0
JAM,2024-11-01,0.0,0.005
JOR,2024-11-01,0.0,0.0
JPN,2024-11-01,0.0,0.005
KAZ,2024-11-01,0.0,0.017698883172430145
KEN,2024-11-01,0.0,0.0395923003070862
KGZ,2024-11-01,0.0,0.0010747685548407313
KHM,2024-11-01,0.0,0.0
KOR,2024-11-01,0.0,0.0
KWT,2024-11-01,0.0,0.0
LAO,2024-11-01,0.0,0.0
LBN,2024-11-01,1.0,0.3664978169344863
LBR,2024-11-01,0.0,0.0
LBY,2024-11-01,0.0,0.01314227200802397
LKA,2024-11-01,0.0,0.0
LSO,2024-11-01,0.0,0.0
LTU,2024-11-01,0.0,0.0
LUX,2024-11-01,0.0,0.0
LVA,2024-11-01,0.0,0.0
MAR,2024-11-01,0.0,0.0
MDA,2024-11-01,0.0,0.0
MDG,2024-11-01,0.0,0.013748813915471256
MDV,2024-11-01,0.0,0.0
MEX,2024-11-01,0.0,0.0186025552170453
MKD,2024-11-01,0.0,0.0
MLI,2024-11-01,0.0,0.7002435161356619
MLT,2024-11-01,0.0,0.0
MNE,2024-11-01,0.0,0.0
MNG,2024-11-01,0.0,0.0
MOZ,2024-11-01,0.0,0.6134981380002769
MRT,2024-11-01,0.0,0.001636639506821819
MUS,2024-11-01,0.0,0.0
MWI,2024-11-01,0.0,0.0
MYS,2024-11-01,0.0,0.0
NAM,2024-11-01,0.0,0.0
NER,2024-11-01,0.0,0.46263390552271694
NGA,2024-11-01,0.0,0.474943539325186
NIC,2024-11-01,0.0,0.0
NLD,2024-11-01,0.0,0.0
NOR,2024-11-01,0.0,0.0
NPL,2024-11-01,0.0,0.001636639506821819
NZL,2024-11-01,0.0,0.0
OMN,2024-11-01,0.0,0.0
PAK,2024-11-01,0.0,0.11054057806861806
PAN,2024-11-01,0.0,0.0
PER,2024-11-01,0.0,0.0
PHL,2024-11-01,0.0,0.04009976423295366
PNG,2024-11-01,0.0,0.03999846111496784
POL,2024-11-01,0.0,0.0
PRK,2024-11-01,0.0,0.0
PRT,2024-11-01,0.0,0.0
PRY,2024-11-01,0.0,0.0
PSE,2024-11-01,0.0,0.49585870639444446
QAT,2024-11-01,0.0,0.0
ROU,2024-11-01,0.0,0.0
RUS,2024-11-01,0.0,0.3678427650581055
RWA,2024-11-01,0.0,0.0
SAU,2024-11-01,0.0,0.0
SEN,2024-11-01,0.0,0.0
SGP,2024-11-01,0.0,0.0
SLB,2024-11-01,0.0,0.0
SLE,2024-11-01,0.0,0.0
SLV,2024-11-01,0.0,0.0
SOM,2024-11-01,1.0,0.8097405475070661
SRB,2024-11-01,0.0,0.0
SSD,2024-11-01,1.0,0.40619543891929233
STP,2024-11-01,0.0,0.0
SVK,2024-11-01,0.0,0.0
SVN,2024-11-01,0.0,0.0
SWE,2024-11-01,0.0,0.0
SWZ,2024-11-01,0.0,0.0
SYC,2024-11-01,0.0,0.0
TCD,2024-11-01,0.0,0.2763044344168047
TGO,2024-11-01,0.0,0.0
THA,2024-11-01,0.0,0.007899696591333638
TJK,2024-11-01,0.0,0.0
TKM,2024-11-01,0.0,0.0
TLS,2024-11-01,0.0,0.0
TON,2024-11-01,0.0,0.0
TTO,2024-11-01,0.0,0.0
TUN,2024-11-01,0.0,0.001636639506821819
TUR,2024-11-01,0.0,0.015
TZA,2024-11-01,0.0,0.0
UGA,2024-11-01,0.0,0.015078274466152992
UKR,2024-11-01,0.0,0.7496059042650904
URY,2024-11-01,0.0,0.0
USA,2024-11-01,0.0,0.0
UZB,2024-11-01,0.0,0.0
VEN,2024-11-01,0.0,0.013224474462370605
VNM,2024-11-01,0.0,0.0
VUT,2024-11-01,0.0,0.0
WSM,2024-11-01,0.0,0.0
YEM,2024-11-01,0.0,0.2579948749938596
ZAF,2024-11-01,0.0,0.009095872245231356
ZMB,2024-11-01,0.0,0.0
ZWE,2024-11-01,0.0,0.0
AFG,2024-12-01,0.0,0.5681577803711781
AGO,2024-12-01,0.0,0.0
ALB,2024-12-01,0.0,0.0
ARE,2024-12-01,0.0,0.0
ARG,2024-12-01,0.0,0.0
ARM,2024-12-01,0.0,0.0
AUS,2024-12-01,0.0,0.0
AUT,2024-12-01,0.0,0.0
AZE,2024-12-01,0.0,0.0032705915652420053
BDI,2024-12-01,0.0,0.0
BEL,2024-12-01,0.0,0.0
BEN,2024-12-01,0.0,0.0
BGD,2024-12-01,0.0,0.004471749226006189
BGR,2024-12-01,0.0,0.0
BHR,2024-12-01,0.0,0.0
BHS,2024-12-01,0.0,0.0
BIH,2024-12-01,0.0,0.0
BLR,2024-12-01,0.0,0.0
BLZ,2024-12-01,0.0,0.004007977800901838
BOL,2024-12-01,0.0,0.0
BRA,2024-12-01,0.0,0.00927626189375194
BRB,2024-12-01,0.0,0.0
BRN,2024-12-01,0.0,0.0
BTN,2024-12-01,0.0,0.0
BWA,2024-12-01,0.0,0.0
CAF,2024-12-01,0.0,0.34345548476841464
CAN,2024-12-01,0.0,0.0
CHE,2024-12-01,0.0,0.0
CHL,2024-12-01,0.0,0.0
CHN,2024-12-01,0.0,0.005
CIV,2024-12-01,0.0,0.0
CMR,2024-12-01,0.0,0.45598350229810725
COL,2024-12-01,1.0,0.04798736881087994
COM,2024-12-01,0.0,0.0
CRI,2024-12-01,0.0,0.0
CUB,2024-12-01,0.0,0.0
CYP,2024-12-01,0.0,0.004917021276595745
CZE,2024-12-01,0.0,0.0
DEU,2024-12-01,0.0,0.005
DJI,2024-12-01,0.0,0.0
DNK,2024-12-01,0.0,0.0
DOM,2024-12-01,0.0,0.0
DZA,2024-12-01,0.0,0.004587137753076617
ECU,2024-12-01,0.0,0.059052577687413586
EGY,2024-12-01,0.0,0.0
ERI,2024-12-01,0.0,0.0
ESP,2024-12-01,0.0,0.0
EST,2024-12-01,0.0,0.0
ETH,2024-12-01,0.0,0.7013465988086981
FIN,2024-12-01,0.0,0.0
FJI,2024-12-01,0.0,0.0
FRA,2024-12-01,0.0,0.0
GAB,2024-12-01,0.0,0.004007977800901838
GBR,2024-12-01,0.0,0.0
GEO,2024-12-01,0.0,0.0
GHA,2024-12-01,0.0,0.0
GIN,2024-12-01,0.0,0.0
GMB,2024-12-01,0.0,0.0
GNB,2024-12-01,0.0,0.0
GNQ,2024-12-01,0.0,0.0
GRC,2024-12-01,0.0,0.009698548239974503
GRD,2024-12-01,0.0,0.0
GTM,2024-12-01,0.0,0.005
GUY,2024-12-01,0.0,0.0
HND,2024-12-01,0.0,0.005
HRV,2024-12-01,0.0,0.0
HUN,2024-12-01,0.0,0.0
IDN,2024-12-01,0.0,0.019748016433670634
IND,2024-12-01,0.0,0.05131022001227998
IRL,2024-12-01,0.0,0.0
IRN,2024-12-01,0.0,0.029972030981067127
IRQ,2024-12-01,0.0,0.13075731429904172
ISL,2024-12-01,0.0,0.0
ISR,2024-12-01,0.0,0.029620224165136006
ITA,2024-12-01,0.0,0.0
JAM,2024-12-01,0.0,0.0
JOR,2024-12-01,0.0,0.0
JPN,2024-12-01,0.0,0.0
KAZ,2024-12-01,0.0,0.003998961758089637
KEN,2024-12-01,0.0,0.06301717967759515
KGZ,2024-12-01,0.0,0.0
KHM,2024-12-01,0.0,0.0
KOR,2024-12-01,0.0,0.005
KWT,2024-12-01,0.0,0.0
LAO,2024-12-01,0.0,0.0
LBN,2024-12-01,1.0,0.20524842027454704
LBR,2024-12-01,0.0,0.0
LBY,2024-12-01,0.0,0.0
LKA,2024-12-01,0.0,0.0
LSO,2024-12-01,0.0,0.0
LTU,2024-12-01,0.0,0.0
LUX,2024-12-01,0.0,0.0
LVA,2024-12-01,0.0,0.0
MAR,2024-12-01,0.0,0.00373827240375283
MDA,2024-12-01,0.0,0.004587137753076617
MDG,2024-12-01,0.0,0.0
MDV,2024-12-01,0.0,0.0
MEX,2024-12-01,0.0,0.008948216747660435
MKD,2024-12-01,0.0,0.0
MLI,2024-12-01,0.0,0.5342702966098788
MLT,2024-12-01,0.0,0.0
MMR,2024-12-01,0.0,0.4640799295884906
MNE,2024-12-01,0.0,0.0
MNG,2024-12-01,0.0,0.0
MOZ,2024-12-01,0.0,0.29855799547347234
MRT,2024-12-01,0.0,0.0
MUS,2024-12-01,0.0,0.0010922582474714036
MWI,2024-12-01,0.0,0.0
MYS,2024-12-01,0.0,0.0
NAM,2024-12-01,0.0,0.0
NER,2024-12-01,0.0,0.22154727594538517
NGA,2024-12-01,0.0,0.45096918966596783
NIC,2024-12-01,0.0,0.0
NLD,2024-12-01,0.0,0.0
NOR,2024-12-01,0.0,0.0
NPL,2024-12-01,0.0,0.0
NZL,2024-12-01,0.0,0.0
OMN,2024-12-01,0.0,0.0
PAK,2024-12-01,0.0,0.013580123480172089
PAN,2024-12-01,0.0,0.00564415897624824
PER,2024-12-01,0.0,0.0
PHL,2024-12-01,0.0,0.09267208927592901
PNG,2024-12-01,0.0,0.0
POL,2024-12-01,0.0,0.0
PRK,2024-12-01,0.0,0.0
PRT,2024-12-01,0.0,0.0
PRY,2024-12-01,0.0,0.0010922582474714036
PSE,2024-12-01,0.0,0.49913509530770706
QAT,2024-12-01,0.0,0.0
ROU,2024-12-01,0.0,0.0
RUS,2024-12-01,0.0,0.2206960120940401
RWA,2024-12-01,0.0,0.0
SAU,2024-12-01,0.0,0.0010922582474714036
SEN,2024-12-01,0.0,0.0
SGP,2024-12-01,0.0,0.0
SLB,2024-12-01,0.0,0.0
SLE,2024-12-01,0.0,0.0
SLV,2024-12-01,0.0,0.0
SOM,2024-12-01,1.0,0.9685521778053342
SRB,2024-12-01,0.0,0.0
STP,2024-12-01,0.0,0.0
SVK,2024-12-01,0.0,0.0
SVN,2024-12-01,0.0,0.0
SWE,2024-12-01,0.0,0.0
SWZ,2024-12-01,0.0,0.0
SYC,2024-12-01,0.0,0.0
SYR,2024-12-01,0.0,0.5511399557981045
TCD,2024-12-01,0.0,0.1430541458940009
TGO,2024-12-01,0.0,0.0
THA,2024-12-01,0.0,0.016544326578358155
TJK,2024-12-01,0.0,0.0
TKM,2024-12-01,0.0,0.0
TLS,2024-12-01,0.0,0.0
TON,2024-12-01,0.0,0.0
TTO,2024-12-01,0.0,0.0
TUN,2024-12-01,0.0,0.0
TUR,2024-12-01,0.0,0.004700338983050845
TZA,2024-12-01,0.0,0.0
UGA,2024-12-01,0.0,0.06239163231587584
UKR,2024-12-01,0.0,0.40349420373770506
URY,2024-12-01,0.0,0.0
USA,2024-12-01,0.0,0.004197239375227025
UZB,2024-12-01,0.0,0.0
VEN,2024-12-01,0.0,0.018551345285289247
VNM,2024-12-01,0.0,0.0
VUT,2024-12-01,0.0,0.0
WSM,2024-12-01,0.0,0.0
YEM,2024-12-01,0.0,0.31997422416220117
ZAF,2024-12-01,0.0,0.0
ZMB,2024-12-01,0.0,0.0
ZWE,2024-12-01,0.0,0.0
AFG,2025-01-01,0.0,0.7064997527279195
AGO,2025-01-01,0.0,0.0
ALB,2025-01-01,0.0,0.0
ARE,2025-01-01,0.0,0.0026070154577883487
ARG,2025-01-01,0.0,0.0
ARM,2025-01-01,0.0,0.0
AUS,2025-01-01,0.0,0.0
AUT,2025-01-01,0.0,0.0
AZE,2025-01-01,0.0,0.0
BDI,2025-01-01,0.0,0.003800752999810399
BEL,2025-01-01,0.0,0.0
BEN,2025-01-01,0.0,0.0036318146131879203
BGD,2025-01-01,0.0,0.0
BGR,2025-01-01,0.0,0.0
BHR,2025-01-01,0.0,0.0
BHS,2025-01-01,0.0,0.0
BIH,2025-01-01,0.0,0.0
BLR,2025-01-01,0.0,0.0
BLZ,2025-01-01,0.0,0.0
BOL,2025-01-01,0.0,0.0
BRA,2025-01-01,0.0,0.015734031906546077
BRB,2025-01-01,0.0,0.0
BRN,2025-01-01,0.0,0.0
BTN,2025-01-01,0.0,0.0
BWA,2025-01-01,0.0,0.0
CAF,2025-01-01,0.0,0.5958175896841076
CAN,2025-01-01,0.0,0.0
CHE,2025-01-01,0.0,0.0
CHL,2025-01-01,0.0,0.0
CHN,2025-01-01,0.0,0.026980766136240522
CIV,2025-01-01,0.0,0.0
CMR,2025-01-01,0.0,0.5030817111270043
COM,2025-01-01,0.0,0.004628273632825384
CRI,2025-01-01,0.0,0.0
CUB,2025-01-01,0.0,0.0
CYP,2025-01-01,0.0,0.0
CZE,2025-01-01,0.0,0.0
DEU,2025-01-01,0.0,0.0
DJI,2025-01-01,0.0,0.0
DNK,2025-01-01,0.0,0.004754514959509369
DOM,2025-01-01,0.0,0.0
DZA,2025-01-01,0.0,0.009302082917647536
ECU,2025-01-01,0.0,0.05517857517294144
EGY,2025-01-01,0.0,0.0
ERI,2025-01-01,0.0,0.0
ESP,2025-01-01,0.0,0.0
EST,2025-01-01,0.0,0.0
ETH,2025-01-01,0.0,0.8752069477106619
FIN,2025-01-01,0.0,0.0
FJI,2025-01-01,0.0,0.0
FRA,2025-01-01,0.0,0.0
GAB,2025-01-01,0.0,0.0
GBR,2025-01-01,0.0,0.0
GEO,2025-01-01,0.0,0.0012409791990943822
GHA,2025-01-01,0.0,0.004915402669282236
GIN,2025-01-01,0.0,0.0
GMB,2025-01-01,0.0,0.0
GNB,2025-01-01,0.0,0.0
GNQ,2025-01-01,0.0,0.0
GRC,2025-01-01,0.0,0.0
GRD,2025-01-01,0.0,0.0
GTM,2025-01-01,0.0,0.012576450762872884
GUY,2025-01-01,0.0,0.0
HND,2025-01-01,0.0,0.00931193943813575
HRV,2025-01-01,0.0,0.0
HTI,2025-01-01,1.0,0.5041467378277694
HUN,2025-01-01,0.0,0.0
IDN,2025-01-01,0.0,0.0
IND,2025-01-01,0.0,0.03510077646913361
IRL,2025-01-01,0.0,0.0
IRN,2025-01-01,0.0,0.0
IRQ,2025-01-01,0.0,0.1643300763165075
ISL,2025-01-01,0.0,0.0
ISR,2025-01-01,0.0,0.01478059416734805
ITA,2025-01-01,0.0,0.0
JAM,2025-01-01,0.0,0.014462866477816473
JOR,2025-01-01,0.0,0.0
JPN,2025-01-01,0.0,0.0
KAZ,2025-01-01,0.0,0.025265284464789196
KEN,2025-01-01,0.0,0.056572160411994414
KGZ,2025-01-01,0.0,0.0
KHM,2025-01-01,0.0,0.0
KOR,2025-01-01,0.0,0.0
KWT,2025-01-01,0.0,0.0
LAO,2025-01-01,0.0,0.0
LBN,2025-01-01,0.0,0.3738633189010555
LBR,2025-01-01,0.0,0.0
LBY,2025-01-01,0.0,0.009223363599536023
LKA,2025-01-01,0.0,0.004767518899176081
LSO,2025-01-01,0.0,0.0
LTU,2025-01-01,0.0,0.0
LUX,2025-01-01,0.0,0.0
LVA,2025-01-01,0.0,0.0
MAR,2025-01-01,0.0,0.004959355340354845
MDA,2025-01-01,0.0,0.0
MDG,2025-01-01,0.0,0.0030107819121354467
MDV,2025-01-01,0.0,0.0
MEX,2025-01-01,0.0,0.01915048961014336
MKD,2025-01-01,0.0,0.0
MLI,2025-01-01,0.0,0.895559376350039
MLT,2025-01-01,0.0,0.0
MMR,2025-01-01,0.0,0.27492436943289306
MNE,2025-01-01,0.0,0.0026070154577883487
MNG,2025-01-01,0.0,0.0
MOZ,2025-01-01,0.0,0.29781529406785334
MRT,2025-01-01,0.0,0.0
MUS,2025-01-01,0.0,0.0
MWI,2025-01-01,0.0,0.0
MYS,2025-01-01,0.0,0.0
NAM,2025-01-01,0.0,0.0
NER,2025-01-01,0.0,0.5730582331968993
NGA,2025-01-01,0.0,0.34288584321695437
NIC,2025-01-01,0.0,0.0
NLD,2025-01-01,0.0,0.0
NOR,2025-01-01,0.0,0.0
NPL,2025-01-01,0.0,0.0
NZL,2025-01-01,0.0,0.0
OMN,2025-01-01,0.0,0.0
PAK,2025-01-01,0.0,0.057094188386390445
PAN,2025-01-01,0.0,0.0
PER,2025-01-01,0.0,0.015
PHL,2025-01-01,0.0,0.14047916411949363
PNG,2025-01-01,0.0,0.00692625153571524
POL,2025-01-01,0.0,0.0
PRK,2025-01-01,0.0,0.0
PRT,2025-01-01,0.0,0.0
PRY,2025-01-01,0.0,0.0
PSE,2025-01-01,1.0,0.26212776794708637
QAT,2025-01-01,0.0,0.0
ROU,2025-01-01,0.0,0.0
RUS,2025-01-01,0.0,0.2884439607634578
RWA,2025-01-01,0.0,0.0
SAU,2025-01-01,0.0,0.0
SEN,2025-01-01,0.0,0.0
SGP,2025-01-01,0.0,0.0
SLB,2025-01-01,0.0,0.0
SLE,2025-01-01,0.0,0.0
SLV,2025-01-01,0.0,0.0
SRB,2025-01-01,0.0,0.0
STP,2025-01-01,0.0,0.0
SVK,2025-01-01,0.0,0.0
SVN,2025-01-01,0.0,0.0
SWE,2025-01-01,0.0,0.0
SWZ,2025-01-01,0.0,0.004628273632825384
SYC,2025-01-01,0.0,0.0
SYR,2025-01-01,0.0,0.609828549178147
TCD,2025-01-01,0.0,0.26909368826900565
TGO,2025-01-01,0.0,0.0
THA,2025-01-01,0.0,0.0013443445936883259
TJK,2025-01-01,0.0,0.0
TKM,2025-01-01,0.0,0.0
TLS,2025-01-01,0.0,0.0
TON,2025-01-01,0.0,0.0
TTO,2025-01-01,0.0,0.0
TUN,2025-01-01,0.0,0.0
TUR,2025-01-01,0.0,0.005
TZA,2025-01-01,0.0,0.0
UGA,2025-01-01,0.0,0.14173650603117338
UKR,2025-01-01,0.0,0.26970610580592
URY,2025-01-01,0.0,0.0
USA,2025-01-01,0.0,0.004066774866682124
UZB,2025-01-01,0.0,0.0
VEN,2025-01-01,0.0,0.0030107819121354467
VNM,2025-01-01,0.0,0.0
VUT,2025-01-01,0.0,0.0
WSM,2025-01-01,0.0,0.0
YEM,2025-01-01,0.0,0.21161682013441044
ZAF,2025-01-01,0.0,0.0
ZMB,2025-01-01,0.0,0.0
ZWE,2025-01-01,0.0,0.0
AFG,2025-02-01,0.0,0.38588106597389127
AGO,2025-02-01,0.0,0.0
ALB,2025-02-01,0.0,0.0
ARE,2025-02-01,0.0,0.0
ARG,2025-02-01,0.0,0.0
ARM,2025-02-01,0.0,0.0
AUS,2025-02-01,0.0,0.0
AUT,2025-02-01,0.0,0.004220161673799334
AZE,2025-02-01,0.0,0.0
BDI,2025-02-01,0.0,0.007890157684106598
BEL,2025-02-01,0.0,0.0
BEN,2025-02-01,0.0,0.018097749084131434
BGD,2025-02-01,0.0,0.00258332120506476
BGR,2025-02-01,0.0,0.0
BHR,2025-02-01,0.0,0.0
BHS,2025-02-01,0.0,0.0
BIH,2025-02-01,0.0,0.005318482353270227
BLR,2025-02-01,0.0,0.0
BLZ,2025-02-01,0.0,0.0
BOL,2025-02-01,0.0,0.0
BRA,2025-02-01,0.0,0.008025197790412452
BRB,2025-02-01,0.0,0.0
BRN,2025-02-01,0.0,0.0
BTN,2025-02-01,0.0,0.0
BWA,2025-02-01,0.0,0.0
CAF,2025-02-01,0.0,0.5721622118968979
CAN,2025-02-01,0.0,0.0
CHE,2025-02-01,0.0,0.0
CHL,2025-02-01,0.0,0.0
CHN,2025-02-01,0.0,0.020461365496536533
CIV,2025-02-01,0.0,0.0
CMR,2025-02-01,0.0,0.467221498082559
COL,2025-02-01,0.0,0.4908941616775969
COM,2025-02-01,0.0,0.000765449135365903
CRI,2025-02-01,0.0,0.0
CUB,2025-02-01,0.0,0.0
CYP,2025-02-01,0.0,0.0
CZE,2025-02-01,0.0,0.0
DEU,2025-02-01,0.0,0.00494291283764968
DJI,2025-02-01,0.0,0.0
DNK,2025-02-01,0.0,0.0
DOM,2025-02-01,0.0,0.002271563859738932
DZA,2025-02-01,0.0,0.0
ECU,2025-02-01,0.0,0.07219823250060366
EGY,2025-02-01,0.0,0.0
ERI,2025-02-01,0.0,0.0
ESP,2025-02-01,0.0,0.0
EST,2025-02-01,0.0,0.0
ETH,2025-02-01,0.0,0.664704985990809
FIN,2025-02-01,0.0,0.0
FJI,2025-02-01,0.0,0.0
FRA,2025-02-01,0.0,0.0
GAB,2025-02-01,0.0,0.004985610809165237
GBR,2025-02-01,0.0,0.0
GEO,2025-02-01,0.0,0.0
GHA,2025-02-01,0.0,0.0
GIN,2025-02-01,0.0,0.0
GMB,2025-02-01,0.0,0.0
GNB,2025-02-01,0.0,0.0
GNQ,2025-02-01,0.0,0.0
GRC,2025-02-01,0.0,0.0
GRD,2025-02-01,0.0,0.0
GTM,2025-02-01,0.0,0.009425827844185242
GUY,2025-02-01,0.0,0.0
HND,2025-02-01,0.0,0.03147437495052394
HRV,2025-02-01,0.0,0.0
HTI,2025-02-01,1.0,0.8548537241611028
HUN,2025-02-01,0.0,0.0
IDN,2025-02-01,0.0,0.0
IND,2025-02-01,0.0,0.004531339302724318
IRL,2025-02-01,0.0,0.0
IRN,2025-02-01,0.0,0.004531339302724318
IRQ,2025-02-01,0.0,0.11284853152811156
ISL,2025-02-01,0.0,0.0
ISR,2025-02-01,0.0,0.0
ITA,2025-02-01,0.0,0.0
JAM,2025-02-01,0.0,0.004779213785675821
JOR,2025-02-01,0.0,0.0
JPN,2025-02-01,0.0,0.0
KAZ,2025-02-01,0.0,0.004228405355186045
KEN,2025-02-01,0.0,0.05847792960913849
KGZ,2025-02-01,0.0,0.0
KHM,2025-02-01,0.0,0.0
KOR,2025-02-01,0.0,0.0
KWT,2025-02-01,0.0,0.0
LAO,2025-02-01,0.0,0.0
LBN,2025-02-01,0.0,0.48745110085100923
LBR,2025-02-01,0.0,0.0
LBY,2025-02-01,0.0,0.018866586358962115
LKA,2025-02-01,0.0,0.0
LSO,2025-02-01,0.0,0.0
LTU,2025-02-01,0.0,0.0
LUX,2025-02-01,0.0,0.0
LVA,2025-02-01,0.0,0.0
MAR,2025-02-01,0.0,0.0
MDA,2025-02-01,0.0,0.0275548294424686
MDG,2025-02-01,0.0,0.002065634819038756
MDV,2025-02-01,0.0,0.0
MEX,2025-02-01,0.0,0.014220161673799334
MKD,2025-02-01,0.0,0.0
MLI,2025-02-01,0.0,0.8545665889888121
MLT,2025-02-01,0.0,0.0
MMR,2025-02-01,0.0,0.2755994655700369
MNE,2025-02-01,0.0,0.0
MNG,2025-02-01,0.0,0.0
MOZ,2025-02-01,0.0,0.5321272213782734
MRT,2025-02-01,0.0,0.000765449135365903
MUS,2025-02-01,0.0,0.0
MWI,2025-02-01,0.0,0.0
MYS,2025-02-01,0.0,0.0
NAM,2025-02-01,0.0,0.0
NER,2025-02-01,0.0,0.5871173529272167
NGA,2025-02-01,0.0,0.29225306374377025
NIC,2025-02-01,0.0,0.0
NLD,2025-02-01,0.0,0.0
NOR,2025-02-01,0.0,0.0
NPL,2025-02-01,0.0,0.0
NZL,2025-02-01,0.0,0.0
OMN,2025-02-01,0.0,0.0
PAK,2025-02-01,0.0,0.038256378390023146
PAN,2025-02-01,0.0,0.0
PER,2025-02-01,0.0,0.001305627068775284
PHL,2025-02-01,0.0,0.1521625469035387
PNG,2025-02-01,0.0,0.004176195450652668
POL,2025-02-01,0.0,0.0
PRK,2025-02-01,0.0,0.0
PRT,2025-02-01,0.0,0.0
PRY,2025-02-01,0.0,0.0
PSE,2025-02-01,1.0,0.20576585733939118
QAT,2025-02-01,0.0,0.0
ROU,2025-02-01,0.0,0.0
RUS,2025-02-01,0.0,0.26344427357724565
RWA,2025-02-01,0.0,0.0
SAU,2025-02-01,0.0,0.0
SEN,2025-02-01,0.0,0.000765449135365903
SGP,2025-02-01,0.0,0.0
SLB,2025-02-01,0.0,0.0
SLE,2025-02-01,0.0,0.0
SLV,2025-02-01,0.0,0.0
SRB,2025-02-01,0.0,0.004920441315074568
STP,2025-02-01,0.0,0.0
SVK,2025-02-01,0.0,0.0
SVN,2025-02-01,0.0,0.0
SWE,2025-02-01,0.0,0.0
SWZ,2025-02-01,0.0,0.0
SYC,2025-02-01,0.0,0.0
SYR,2025-02-01,0.0,0.6752433598587179
TCD,2025-02-01,0.0,0.004816432854855778
TGO,2025-02-01,0.0,0.0
THA,2025-02-01,0.0,0.004470751212140295
TJK,2025-02-01,0.0,0.0
TKM,2025-02-01,0.0,0.0
TLS,2025-02-01,0.0,0.0
TON,2025-02-01,0.0,0.0
TTO,2025-02-01,0.0,0.0
TUN,2025-02-01,0.0,0.0
TUR,2025-02-01,0.0,0.0
TZA,2025-02-01,0.0,0.0
UGA,2025-02-01,0.0,0.21654755145462556
UKR,2025-02-01,0.0,0.1814417387746023
URY,2025-02-01,0.0,0.0
USA,2025-02-01,0.0,0.0
UZB,2025-02-01,0.0,0.0
VEN,2025-02-01,0.0,0.02778141643332827
VNM,2025-02-01,0.0,0.0
VUT,2025-02-01,0.0,0.0
WSM,2025-02-01,0.0,0.0
YEM,2025-02-01,0.0,0.15566523064277826
ZAF,2025-02-01,0.0,0.0
ZMB,2025-02-01,0.0,0.0
ZWE,2025-02-01,0.0,0.0
AFG,2025-03-01,0.0,0.6029055278856632
AGO,2025-03-01,0.0,0.0
ALB,2025-03-01,0.0,0.0
ARE,2025-03-01,0.0,0.0
ARG,2025-03-01,0.0,0.0
ARM,2025-03-01,0.0,0.004625885383129426
AUS,2025-03-01,0.0,0.0
AUT,2025-03-01,0.0,0.0
AZE,2025-03-01,0.0,0.0033148763381321495
BDI,2025-03-01,0.0,0.04794517188467676
BEL,2025-03-01,0.0,0.0
BEN,2025-03-01,0.0,0.0017696324761060196
BGD,2025-03-01,0.0,0.0
BGR,2025-03-01,0.0,0.0
BHR,2025-03-01,0.0,0.0
BHS,2025-03-01,0.0,0.0
BIH,2025-03-01,0.0,0.0
BLR,2025-03-01,0.0,0.0
BLZ,2025-03-01,0.0,0.0
BOL,2025-03-01,0.0,0.0
BRA,2025-03-01,0.0,0.0
BRB,2025-03-01,0.0,0.0
BRN,2025-03-01,0.0,0.0
BTN,2025-03-01,0.0,0.0
BWA,2025-03-01,0.0,0.0
CAF,2025-03-01,0.0,0.41351413299504247
CAN,2025-03-01,0.0,0.0
CHE,2025-03-01,0.0,0.0
CHL,2025-03-01,0.0,0.019321979378297424
CHN,2025-03-01,0.0,0.005759162003812118
CIV,2025-03-01,0.0,0.0
CMR,2025-03-01,0.0,0.5986988099125851
COL,2025-03-01,0.0,0.10490691105971484
COM,2025-03-01,0.0,0.0
CRI,2025-03-01,0.0,0.009061510628674807
CUB,2025-03-01,0.0,0.0
CYP,2025-03-01,0.0,0.0
CZE,2025-03-01,0.0,0.0
DEU,2025-03-01,0.0,0.0
DJI,2025-03-01,0.0,0.0
DNK,2025-03-01,0.0,0.0
DOM,2025-03-01,0.0,0.0
DZA,2025-03-01,0.0,0.0
ECU,2025-03-01,0.0,0.08623536436113183
EGY,2025-03-01,0.0,0.0
ERI,2025-03-01,0.0,0.0
ESP,2025-03-01,0.0,0.0
EST,2025-03-01,0.0,0.0
ETH,2025-03-01,1.0,0.9731156688203416
FIN,2025-03-01,0.0,0.0
FJI,2025-03-01,0.0,0.0
FRA,2025-03-01,0.0,0.0
GAB,2025-03-01,0.0,0.0
GBR,2025-03-01,0.0,0.0
GEO,2025-03-01,0.0,0.0
GHA,2025-03-01,0.0,0.0
GIN,2025-03-01,0.0,0.0
GMB,2025-03-01,0.0,0.0
GNB,2025-03-01,0.0,0.0
GNQ,2025-03-01,0.0,0.0
GRC,2025-03-01,0.0,0.0
GRD,2025-03-01,0.0,0.0
GTM,2025-03-01,0.0,0.03928322702361979
GUY,2025-03-01,0.0,0.0
HND,2025-03-01,0.0,0.02691732482814234
HRV,2025-03-01,0.0,0.0
HUN,2025-03-01,0.0,0.00331487633813215
IDN,2025-03-01,0.0,0.005
IND,2025-03-01,1.0,0.029034643322672787
IRL,2025-03-01,0.0,0.0
IRN,2025-03-01,0.0,0.0
IRQ,2025-03-01,0.0,0.16115880391539178
ISL,2025-03-01,0.0,0.0
ISR,2025-03-01,0.0,0.03985771773139583
ITA,2025-03-01,0.0,0.0
JAM,2025-03-01,0.0,0.0
JOR,2025-03-01,0.0,0.0
JPN,2025-03-01,0.0,0.0024442856656799686
KAZ,2025-03-01,0.0,0.00831487633813215
KEN,2025-03-01,0.0,0.07381796734154489
KGZ,2025-03-01,0.0,0.0
KHM,2025-03-01,0.0,0.0
KOR,2025-03-01,0.0,0.0
KWT,2025-03-01,0.0,0.0
LAO,2025-03-01,0.0,0.0
LBN,2025-03-01,0.0,0.5442909233921519
LBR,2025-03-01,0.0,0.0
LBY,2025-03-01,0.0,0.0
LKA,2025-03-01,0.0,0.0
LSO,2025-03-01,0.0,0.0
LTU,2025-03-01,0.0,0.0
LUX,2025-03-01,0.0,0.0
LVA,2025-03-01,0.0,0.0
MAR,2025-03-01,0.0,0.0
MDA,2025-03-01,0.0,0.0
MDG,2025-03-01,0.0,0.0046258853831294125
MDV,2025-03-01,0.0,0.0
MEX,2025-03-01,0.0,0.005
MKD,2025-03-01,0.0,0.0
MLI,2025-03-01,0.0,0.9113895459666175
MLT,2025-03-01,0.0,0.0
MMR,2025-03-01,0.0,0.3394699427536795
MNE,2025-03-01,0.0,0.0
MNG,2025-03-01,0.0,0.0
MOZ,2025-03-01,0.0,0.37134288995093717
MRT,2025-03-01,0.0,0.0
MUS,2025-03-01,0.0,0.0
MWI,2025-03-01,0.0,0.0
MYS,2025-03-01,0.0,0.0
NAM,2025-03-01,0.0,0.0
NER,2025-03-01,0.0,0.44337110315246747
NGA,2025-03-01,1.0,0.6764403202661018
NIC,2025-03-01,0.0,0.0
NLD,2025-03-01,0.0,0.0
NOR,2025-03-01,0.0,0.0
NPL,2025-03-01,0.0,0.0
NZL,2025-03-01,0.0,0.0
OMN,2025-03-01,0.0,0.0
PAK,2025-03-01,0.0,0.44052954836625746
PAN,2025-03-01,0.0,0.0
PER,2025-03-01,0.0,0.0
PHL,2025-03-01,0.0,0.2400529443597793
PNG,2025-03-01,0.0,0.004496709934355176
POL,2025-03-01,0.0,0.0
PRK,2025-03-01,0.0,0.0
PRT,2025-03-01,0.0,0.0
PRY,2025-03-01,0.0,0.0
QAT,2025-03-01,0.0,0.0
ROU,2025-03-01,0.0,0.0
RUS,2025-03-01,0.0,0.16295461495187363
RWA,2025-03-01,0.0,0.0
SAU,2025-03-01,0.0,0.0
SEN,2025-03-01,0.0,0.0
SGP,2025-03-01,0.0,0.0
SLB,2025-03-01,0.0,0.0
SLE,2025-03-01,0.0,0.0
SLV,2025-03-01,0.0,0.0
SRB,2025-03-01,0.0,0.0
STP,2025-03-01,0.0,0.0
SVK,2025-03-01,0.0,0.0
SVN,2025-03-01,0.0,0.0
SWE,2025-03-01,0.0,0.0
SWZ,2025-03-01,0.0,0.0
SYC,2025-03-01,0.0,0.0
SYR,2025-03-01,0.0,0.5130372480398787
TCD,2025-03-01,0.0,0.022042980956545714
TGO,2025-03-01,0.0,0.0
THA,2025-03-01,0.0,0.0044329651536922305
TJK,2025-03-01,0.0,0.0
TKM,2025-03-01,0.0,0.0
TLS,2025-03-01,0.0,0.0
TON,2025-03-01,0.0,0.0
TTO,2025-03-01,0.0,0.0
TUN,2025-03-01,0.0,0.0
TUR,2025-03-01,0.0,0.0022475284695282196
TZA,2025-03-01,0.0,0.0
UGA,2025-03-01,0.0,0.11899533634269467
UKR,2025-03-01,0.0,0.16130383570970772
URY,2025-03-01,0.0,0.0
USA,2025-03-01,0.0,0.009530627687731994
UZB,2025-03-01,0.0,0.0
VEN,2025-03-01,0.0,0.019601704885325998
VNM,2025-03-01,0.0,0.0
VUT,2025-03-01,0.0,0.0
WSM,2025-03-01,0.0,0.0
YEM,2025-03-01,0.0,0.19136099660367176
ZAF,2025-03-01,0.0,0.0
ZMB,2025-03-01,0.0,0.0
ZWE,2025-03-01,0.0,0.0
AFG,2025-04-01,0.0,0.6219258168696608
AGO,2025-04-01,0.0,0.0
ALB,2025-04-01,0.0,0.0
ARE,2025-04-01,0.0,0.0
ARG,2025-04-01,0.0,0.0
ARM,2025-04-01,0.0,0.0
AUS,2025-04-01,0.0,0.0
AUT,2025-04-01,0.0,0.0
AZE,2025-04-01,0.0,0.004905513936694337
BDI,2025-04-01,0.0,0.0
BEL,2025-04-01,0.0,0.0
BEN,2025-04-01,0.0,0.019489519060138977
BGD,2025-04-01,0.0,0.0
BGR,2025-04-01,0.0,0.0
BHR,2025-04-01,0.0,0.0
BHS,2025-04-01,0.0,0.0
BIH,2025-04-01,0.0,0.0
BLR,2025-04-01,0.0,0.0
BLZ,2025-04-01,0.0,0.0
BOL,2025-04-01,0.0,0.0
BRA,2025-04-01,0.0,0.011359616387231852
BRB,2025-04-01,0.0,0.0
BRN,2025-04-01,0.0,0.0
BTN,2025-04-01,0.0,0.0
BWA,2025-04-01,0.0,0.0
CAF,2025-04-01,0.0,0.4538672444909336
CAN,2025-04-01,0.0,0.0
CHE,2025-04-01,0.0,0.0
CHL,2025-04-01,0.0,0.0012307601131110633
CHN,2025-04-01,0.0,0.018517226277527627
CIV,2025-04-01,0.0,0.0
CMR,2025-04-01,0.0,0.4910920709541554
COL,2025-04-01,0.0,0.3234387242755529
COM,2025-04-01,0.0,0.0
CRI,2025-04-01,0.0,0.0
CUB,2025-04-01,0.0,0.0012307601131110633
CYP,2025-04-01,0.0,0.0
CZE,2025-04-01,0.0,0.0
DEU,2025-04-01,0.0,0.0
DJI,2025-04-01,0.0,0.0
DNK,2025-04-01,0.0,0.0
DOM,2025-04-01,0.0,0.003950057062116189
DZA,2025-04-01,0.0,0.0
ECU,2025-04-01,0.0,0.07931066580750792
EGY,2025-04-01,0.0,0.0
ERI,2025-04-01,0.0,0.0
ESP,2025-04-01,0.0,0.0
EST,2025-04-01,0.0,0.0
ETH,2025-04-01,1.0,0.9488992842015799
FIN,2025-04-01,0.0,0.0
FJI,2025-04-01,0.0,0.0
FRA,2025-04-01,0.0,0.013153434071855876
GAB,2025-04-01,0.0,0.0
GBR,2025-04-01,0.0,0.0
GEO,2025-04-01,0.0,0.0
GHA,2025-04-01,0.0,0.0045768528430199604
GIN,2025-04-01,0.0,0.0
GMB,2025-04-01,0.0,0.0
GNB,2025-04-01,0.0,0.0
GNQ,2025-04-01,0.0,0.0
GRC,2025-04-01,0.0,0.0
GRD,2025-04-01,0.0,0.0
GTM,2025-04-01,0.0,0.015108132187958458
GUY,2025-04-01,0.0,0.0
HND,2025-04-01,0.0,0.014556206102688818
HRV,2025-04-01,0.0,0.0
HUN,2025-04-01,0.0,0.0
IDN,2025-04-01,0.0,0.003398453937627599
IND,2025-04-01,1.0,0.061476368682879166
IRL,2025-04-01,0.0,0.0
IRN,2025-04-01,1.0,0.0
IRQ,2025-04-01,0.0,0.13131179524297112
ISL,2025-04-01,0.0,0.0
ISR,2025-04-01,0.0,0.0
ITA,2025-04-01,0.0,0.0
JAM,2025-04-01,0.0,0.010564393741476743
JOR,2025-04-01,0.0,0.0
JPN,2025-04-01,0.0,0.0
KAZ,2025-04-01,0.0,0.01600483954518508
KEN,2025-04-01,0.0,0.09985763473004919
KGZ,2025-04-01,0.0,0.00797292322794388
KHM,2025-04-01,0.0,0.0
KOR,2025-04-01,0.0,0.0
KWT,2025-04-01,0.0,0.0
LAO,2025-04-01,0.0,0.0
LBN,2025-04-01,0.0,0.4002537199139933
LBR,2025-04-01,0.0,0.0
LBY,2025-04-01,0.0,0.010390623644936852
LKA,2025-04-01,0.0,0.0012307601131110633
LSO,2025-04-01,0.0,0.0
LTU,2025-04-01,0.0,0.0
LUX,2025-04-01,0.0,0.0
LVA,2025-04-01,0.0,0.0
MAR,2025-04-01,0.0,0.007247594692391417
MDA,2025-04-01,0.0,0.0038108844964085337
MDG,2025-04-01,0.0,0.004008614508995053
MDV,2025-04-01,0.0,0.0
MEX,2025-04-01,0.0,0.005
MKD,2025-04-01,0.0,0.0
MLI,2025-04-01,0.0,0.7408848281318966
MLT,2025-04-01,0.0,0.0
MMR,2025-04-01,0.0,0.44707688704139975
MNE,2025-04-01,0.0,0.0
MNG,2025-04-01,0.0,0.0
MOZ,2025-04-01,0.0,0.6637201409695556
MRT,2025-04-01,0.0,0.0
MUS,2025-04-01,0.0,0.0012307601131110633
MWI,2025-04-01,0.0,0.0
MYS,2025-04-01,0.0,0.0
NAM,2025-04-01,0.0,0.0
NER,2025-04-01,1.0,0.5848140718732275
NGA,2025-04-01,1.0,0.4334367885509526
NIC,2025-04-01,0.0,0.0
NLD,2025-04-01,0.0,0.0
NOR,2025-04-01,0.0,0.0
NPL,2025-04-01,0.0,0.0
NZL,2025-04-01,0.0,0.0
OMN,2025-04-01,0.0,0.0
PAK,2025-04-01,0.0,0.036028491019749496
PAN,2025-04-01,0.0,0.0
PER,2025-04-01,0.0,0.0
PHL,2025-04-01,0.0,0.1670239531750657
PNG,2025-04-01,0.0,0.0
POL,2025-04-01,0.0,0.0
PRK,2025-04-01,0.0,0.0
PRT,2025-04-01,0.0,0.0
PRY,2025-04-01,0.0,0.0
QAT,2025-04-01,0.0,0.0
ROU,2025-04-01,0.0,0.0
RUS,2025-04-01,0.0,0.20731523268023974
RWA,2025-04-01,0.0,0.0
SAU,2025-04-01,0.0,0.0
SEN,2025-04-01,0.0,0.0
SGP,2025-04-01,0.0,0.0
SLB,2025-04-01,0.0,0.0
SLE,2025-04-01,0.0,0.0
SLV,2025-04-01,0.0,0.0
SOM,2025-04-01,1.0,0.7230111839358346
SRB,2025-04-01,0.0,0.0012307601131110633
STP,2025-04-01,0.0,0.0
SVK,2025-04-01,0.0,0.0
SVN,2025-04-01,0.0,0.0
SWE,2025-04-01,0.0,0.0
SWZ,2025-04-01,0.0,0.0
SYC,2025-04-01,0.0,0.0
SYR,2025-04-01,0.0,0.4886693251584076
TCD,2025-04-01,0.0,0.0
TGO,2025-04-01,0.0,0.0
THA,2025-04-01,0.0,0.0
TJK,2025-04-01,0.0,0.0
TKM,2025-04-01,0.0,0.0
TLS,2025-04-01,0.0,0.0
TON,2025-04-01,0.0,0.0
TTO,2025-04-01,0.0,0.0
TUN,2025-04-01,0.0,0.0
TUR,2025-04-01,0.0,0.0
TZA,2025-04-01,0.0,0.0
UGA,2025-04-01,0.0,0.0924434732661058
UKR,2025-04-01,0.0,0.20676423063893995
URY,2025-04-01,0.0,0.0
USA,2025-04-01,0.0,0.013408479684089637
UZB,2025-04-01,0.0,0.0012307601131110633
VEN,2025-04-01,0.0,0.011321280792938484
VNM,2025-04-01,0.0,0.0
VUT,2025-04-01,0.0,0.0
WSM,2025-04-01,0.0,0.0
YEM,2025-04-01,0.0,0.24794874067350395
ZAF,2025-04-01,0.0,0.0
ZMB,2025-04-01,0.0,0.0
ZWE,2025-04-01,0.0,0.0
AFG,2025-05-01,0.0,0.5468069030387837
AGO,2025-05-01,0.0,0.0
ALB,2025-05-01,0.0,0.0
ARE,2025-05-01,0.0,0.0
ARG,2025-05-01,0.0,0.0
ARM,2025-05-01,0.0,0.00485872905720234
AUS,2025-05-01,0.0,0.0
AUT,2025-05-01,0.0,0.0
AZE,2025-05-01,0.0,0.0
BDI,2025-05-01,0.0,0.032249993380639205
BEL,2025-05-01,0.0,0.0
BEN,2025-05-01,0.0,0.03330720072895683
BGD,2025-05-01,0.0,0.009222697032394343
BGR,2025-05-01,0.0,0.0
BHR,2025-05-01,0.0,0.0
BHS,2025-05-01,0.0,0.0
BIH,2025-05-01,0.0,0.0
BLR,2025-05-01,0.0,0.0
BLZ,2025-05-01,0.0,0.0
BOL,2025-05-01,0.0,0.0
BRA,2025-05-01,0.0,0.00407181549300456
BRB,2025-05-01,0.0,0.0
BRN,2025-05-01,0.0,0.0
BTN,2025-05-01,0.0,0.0
BWA,2025-05-01,0.0,0.0
CAF,2025-05-01,0.0,0.6030160457045057
CAN,2025-05-01,0.0,0.0
CHE,2025-05-01,0.0,0.0
CHL,2025-05-01,0.0,0.0
CHN,2025-05-01,0.0,0.004463570127504554
CIV,2025-05-01,0.0,0.0
CMR,2025-05-01,0.0,0.3759638573722582
COL,2025-05-01,0.0,0.06923208408934105
COM,2025-05-01,0.0,0.0
CRI,2025-05-01,0.0,0.0
CUB,2025-05-01,0.0,0.0
CYP,2025-05-01,0.0,0.0
CZE,2025-05-01,0.0,0.0
DEU,2025-05-01,0.0,0.0
DJI,2025-05-01,0.0,0.0
DNK,2025-05-01,0.0,0.0
DOM,2025-05-01,0.0,0.0
DZA,2025-05-01,0.0,0.0
ECU,2025-05-01,0.0,0.10370775836296378
EGY,2025-05-01,0.0,0.0
ERI,2025-05-01,0.0,0.0
ESP,2025-05-01,0.0,0.0
EST,2025-05-01,0.0,0.0
ETH,2025-05-01,1.0,0.8236477016928396
FIN,2025-05-01,0.0,0.0
FJI,2025-05-01,0.0,0.0
FRA,2025-05-01,0.0,0.0
GAB,2025-05-01,0.0,0.0
GBR,2025-05-01,0.0,0.0
GEO,2025-05-01,0.0,0.0
GHA,2025-05-01,0.0,0.0
GIN,2025-05-01,0.0,0.0
GMB,2025-05-01,0.0,0.0
GNB,2025-05-01,0.0,0.0
GNQ,2025-05-01,0.0,0.0
GRC,2025-05-01,0.0,0.0
GRD,2025-05-01,0.0,0.0
GTM,2025-05-01,0.0,0.10457815629769511
GUY,2025-05-01,0.0,0.0
HND,2025-05-01,0.0,0.05062860485241165
HRV,2025-05-01,0.0,0.0
HUN,2025-05-01,0.0,0.0
IDN,2025-05-01,0.0,0.006554100061244678
IND,2025-05-01,0.0,0.2708812696357247
IRL,2025-05-01,0.0,0.0
IRN,2025-05-01,1.0,0.0
IRQ,2025-05-01,0.0,0.10487793704934567
ISL,2025-05-01,0.0,0.0
ISR,2025-05-01,0.0,0.05435852237181549
ITA,2025-05-01,0.0,0.0
JAM,2025-05-01,0.0,0.0
JOR,2025-05-01,0.0,0.0
JPN,2025-05-01,0.0,0.0038051242236024846
KAZ,2025-05-01,0.0,0.005
KEN,2025-05-01,0.0,0.1709347296293835
KGZ,2025-05-01,0.0,0.0
KHM,2025-05-01,1.0,0.0
KOR,2025-05-01,0.0,0.0
KWT,2025-05-01,0.0,0.0
LAO,2025-05-01,0.0,0.0
LBN,2025-05-01,0.0,0.2833274656801451
LBR,2025-05-01,0.0,0.0
LBY,2025-05-01,0.0,0.06479988697312047
LKA,2025-05-01,0.0,0.0
LSO,2025-05-01,0.0,0.0
LTU,2025-05-01,0.0,0.0
LUX,2025-05-01,0.0,0.0
LVA,2025-05-01,0.0,0.0
MAR,2025-05-01,0.0,0.0
MDA,2025-05-01,0.0,0.0
MDG,2025-05-01,0.0,0.004886340977068793
MDV,2025-05-01,0.0,0.0
MEX,2025-05-01,0.0,0.023864726801152657
MKD,2025-05-01,0.0,0.0
MLI,2025-05-01,0.0,0.7487520096588028
MLT,2025-05-01,0.0,0.0
MMR,2025-05-01,0.0,0.33028226898302293
MNE,2025-05-01,0.0,0.0
MNG,2025-05-01,0.0,0.0
MOZ,2025-05-01,1.0,0.3685444790929841
MRT,2025-05-01,0.0,0.0
MUS,2025-05-01,0.0,0.0
MWI,2025-05-01,0.0,0.0
MYS,2025-05-01,0.0,0.0
NAM,2025-05-01,0.0,0.0
NER,2025-05-01,1.0,0.7375808374887778
NIC,2025-05-01,0.0,0.0
NLD,2025-05-01,0.0,0.0
NOR,2025-05-01,0.0,0.0
NPL,2025-05-01,0.0,0.0
NZL,2025-05-01,0.0,0.0
OMN,2025-05-01,0.0,0.0
PAK,2025-05-01,0.0,0.40018068426254527
PAN,2025-05-01,0.0,0.0
PER,2025-05-01,0.0,0.0
PHL,2025-05-01,0.0,0.45736903659498046
PNG,2025-05-01,0.0,0.0024222804329560614
POL,2025-05-01,0.0,0.0
PRK,2025-05-01,0.0,0.0
PRT,2025-05-01,0.0,0.0
PRY,2025-05-01,0.0,0.0
QAT,2025-05-01,0.0,0.0
ROU,2025-05-01,0.0,0.0
RUS,2025-05-01,0.0,0.18172836511630067
RWA,2025-05-01,0.0,0.0
SAU,2025-05-01,0.0,0.0
SEN,2025-05-01,0.0,0.0
SGP,2025-05-01,0.0,0.0
SLB,2025-05-01,0.0,0.0
SLE,2025-05-01,0.0,0.0
SLV,2025-05-01,0.0,0.0
SOM,2025-05-01,1.0,0.13964254442538893
SRB,2025-05-01,0.0,0.0
STP,2025-05-01,0.0,0.0
SVK,2025-05-01,0.0,0.0
SVN,2025-05-01,0.0,0.0
SWE,2025-05-01,0.0,0.0
SWZ,2025-05-01,0.0,0.0
SYC,2025-05-01,0.0,0.0
SYR,2025-05-01,0.0,0.44698933057139506
TCD,2025-05-01,0.0,0.16752993763056037
TGO,2025-05-01,0.0,0.0
THA,2025-05-01,1.0,0.0
TJK,2025-05-01,0.0,0.0
TKM,2025-05-01,0.0,0.0
TLS,2025-05-01,0.0,0.0
TON,2025-05-01,0.0,0.0
TTO,2025-05-01,0.0,0.0
TUN,2025-05-01,0.0,0.007549173023794431
TUR,2025-05-01,0.0,0.0
TZA,2025-05-01,0.0,0.0
UGA,2025-05-01,0.0,0.024286643129331313
UKR,2025-05-01,0.0,0.49418314777741507
URY,2025-05-01,0.0,0.0
USA,2025-05-01,0.0,0.01
UZB,2025-05-01,0.0,0.0
VEN,2025-05-01,0.0,0.2402209246845514
VNM,2025-05-01,0.0,0.0
VUT,2025-05-01,0.0,0.0
WSM,2025-05-01,0.0,0.0
YEM,2025-05-01,0.0,0.2637867901615135
ZAF,2025-05-01,0.0,0.00883910386965377
ZMB,2025-05-01,0.0,0.005
ZWE,2025-05-01,0.0,0.0
AFG,2025-06-01,0.0,0.6410434399000046
AGO,2025-06-01,0.0,0.0
ALB,2025-06-01,0.0,0.0
ARE,2025-06-01,0.0,0.0
ARG,2025-06-01,0.0,0.0
ARM,2025-06-01,0.0,0.0
AUS,2025-06-01,0.0,0.0
AUT,2025-06-01,0.0,0.0
AZE,2025-06-01,0.0,0.001284339472683919
BDI,2025-06-01,0.0,0.005528544001604087
BEL,2025-06-01,0.0,0.0
BEN,2025-06-01,0.0,0.05077322737687152
BGD,2025-06-01,0.0,0.015286998655740274
BGR,2025-06-01,0.0,0.0
BHR,2025-06-01,0.0,0.0
BHS,2025-06-01,0.0,0.0
BIH,2025-06-01,0.0,0.0
BLR,2025-06-01,0.0,0.0
BLZ,2025-06-01,0.0,0.0
BOL,2025-06-01,0.0,0.0
BRA,2025-06-01,0.0,0.00904674536274283
BRB,2025-06-01,0.0,0.0
BRN,2025-06-01,0.0,0.0
BTN,2025-06-01,0.0,0.0
BWA,2025-06-01,0.0,0.0
CAF,2025-06-01,0.0,0.8939729278734637
CAN,2025-06-01,0.0,0.0
CHE,2025-06-01,0.0,0.0
CHL,2025-06-01,0.0,0.005
CHN,2025-06-01,0.0,0.0013952811772655579
CIV,2025-06-01,0.0,0.0
CMR,2025-06-01,0.0,0.4417953932409595
COL,2025-06-01,0.0,0.15426307003279857
COM,2025-06-01,0.0,0.0
CRI,2025-06-01,0.0,0.0010951184837614217
CUB,2025-06-01,0.0,0.0
CYP,2025-06-01,0.0,0.0010951184837614217
CZE,2025-06-01,0.0,0.0
DEU,2025-06-01,0.0,0.005
DJI,2025-06-01,0.0,0.0
DNK,2025-06-01,0.0,0.0
DOM,2025-06-01,0.0,0.0
DZA,2025-06-01,0.0,0.0
ECU,2025-06-01,0.0,0.1174758099459099
EGY,2025-06-01,0.0,0.001284339472683919
ERI,2025-06-01,0.0,0.0
ESP,2025-06-01,0.0,0.0
EST,2025-06-01,0.0,0.0
ETH,2025-06-01,1.0,0.7925104904354451
FIN,2025-06-01,0.0,0.0
FJI,2025-06-01,0.0,0.0
FRA,2025-06-01,0.0,0.0
GAB,2025-06-01,0.0,0.0
GBR,2025-06-01,0.0,0.0
GEO,2025-06-01,0.0,0.0
GHA,2025-06-01,0.0,0.0
GIN,2025-06-01,0.0,0.002818709237069619
GMB,2025-06-01,0.0,0.0
GNB,2025-06-01,0.0,0.0
GNQ,2025-06-01,0.0,0.0
GRC,2025-06-01,0.0,0.0
GRD,2025-06-01,0.0,0.0
GTM,2025-06-01,0.0,0.046929622880112785
GUY,2025-06-01,0.0,0.0
HND,2025-06-01,0.0,0.05943074691757496
HRV,2025-06-01,0.0,0.0
HUN,2025-06-01,0.0,0.0010951184837614217
IDN,2025-06-01,0.0,0.004666645740473351
IND,2025-06-01,0.0,0.1295098823152462
IRL,2025-06-01,0.0,0.0
IRN,2025-06-01,0.0,0.39131438376294986
IRQ,2025-06-01,0.0,0.0846612493443259
ISL,2025-06-01,0.0,0.0
ISR,2025-06-01,0.0,0.024013635748702154
ITA,2025-06-01,0.0,0.0
JAM,2025-06-01,0.0,0.0
JOR,2025-06-01,0.0,0.0
JPN,2025-06-01,0.0,0.0013952811772655579
KAZ,2025-06-01,0.0,0.014380955656422358
KEN,2025-06-01,0.0,0.09140001636632678
KGZ,2025-06-01,0.0,0.0
KHM,2025-06-01,1.0,0.0
KOR,2025-06-01,0.0,0.0
KWT,2025-06-01,0.0,0.0
LAO,2025-06-01,0.0,0.0
LBN,2025-06-01,0.0,0.2560629710587705
LBR,2025-06-01,0.0,0.006551978955574
LBY,2025-06-01,0.0,0.03499165316495229
LKA,2025-06-01,0.0,0.01
LSO,2025-06-01,0.0,0.0
LTU,2025-06-01,0.0,0.0
LUX,2025-06-01,0.0,0.0
LVA,2025-06-01,0.0,0.0
MAR,2025-06-01,0.0,0.0
MDA,2025-06-01,0.0,0.0
MDG,2025-06-01,0.0,0.0
MDV,2025-06-01,0.0,0.0
MEX,2025-06-01,0.0,0.025
MKD,2025-06-01,0.0,0.0
MLI,2025-06-01,0.0,0.8911307080138229
MLT,2025-06-01,0.0,0.0
MMR,2025-06-01,0.0,0.2462138694968098
MNE,2025-06-01,0.0,0.0
MNG,2025-06-01,0.0,0.0
MOZ,2025-06-01,1.0,0.6320633275434148
MRT,2025-06-01,0.0,0.0
MUS,2025-06-01,0.0,0.004615360735129765
MWI,2025-06-01,0.0,0.0
MYS,2025-06-01,0.0,0.0
NAM,2025-06-01,0.0,0.0
NIC,2025-06-01,0.0,0.0
NLD,2025-06-01,0.0,0.0
NOR,2025-06-01,0.0,0.0
NPL,2025-06-01,0.0,0.004242381006734391
NZL,2025-06-01,0.0,0.0
OMN,2025-06-01,0.0,0.0
PAK,2025-06-01,1.0,0.08552946430056521
PAN,2025-06-01,0.0,0.0
PER,2025-06-01,0.0,0.0
PHL,2025-06-01,0.0,0.08315113683145949
PNG,2025-06-01,0.0,0.0
POL,2025-06-01,0.0,0.0
PRK,2025-06-01,0.0,0.0
PRT,2025-06-01,0.0,0.0
PRY,2025-06-01,0.0,0.0
QAT,2025-06-01,0.0,0.0
ROU,2025-06-01,0.0,0.0
RUS,2025-06-01,0.0,0.17757071811549774
RWA,2025-06-01,0.0,0.0
SAU,2025-06-01,0.0,0.0
SEN,2025-06-01,0.0,0.0
SGP,2025-06-01,0.0,0.0
SLB,2025-06-01,0.0,0.0
SLE,2025-06-01,0.0,0.0
SLV,2025-06-01,0.0,0.0010951184837614217
SRB,2025-06-01,0.0,0.0
STP,2025-06-01,0.0,0.0
SVK,2025-06-01,0.0,0.0
SVN,2025-06-01,0.0,0.0010951184837614217
SWE,2025-06-01,0.0,0.0
SWZ,2025-06-01,0.0,0.0
SYC,2025-06-01,0.0,0.0
SYR,2025-06-01,0.0,0.4913166290980718
TCD,2025-06-01,0.0,0.37980944673991374
TGO,2025-06-01,0.0,0.0
THA,2025-06-01,1.0,0.0
TJK,2025-06-01,0.0,0.0
TKM,2025-06-01,0.0,0.0
TLS,2025-06-01,0.0,0.0
TON,2025-06-01,0.0,0.0
TTO,2025-06-01,0.0,0.0010951184837614217
TUN,2025-06-01,0.0,0.0
TUR,2025-06-01,0.0,0.0
TZA,2025-06-01,0.0,0.0
UGA,2025-06-01,0.0,0.01882296412932989
UKR,2025-06-01,0.0,0.16990266757373285
URY,2025-06-01,0.0,0.0
USA,2025-06-01,0.0,0.0
UZB,2025-06-01,0.0,0.0010951184837614217
VEN,2025-06-01,0.0,0.20196135435045115
VNM,2025-06-01,0.0,0.0
VUT,2025-06-01,0.0,0.0
WSM,2025-06-01,0.0,0.0
YEM,2025-06-01,0.0,0.2072697951028989
ZAF,2025-06-01,0.0,0.005
ZMB,2025-06-01,0.0,0.01
ZWE,2025-06-01,0.0,0.0
AFG,2025-07-01,0.0,0.6053750310155087
AGO,2025-07-01,0.0,0.000669854966527322
ALB,2025-07-01,0.0,0.004777392294370123
ARE,2025-07-01,0.0,0.0
ARG,2025-07-01,0.0,0.0010813319327126463
ARM,2025-07-01,0.0,0.008630676013708621
AUS,2025-07-01,0.0,0.0
AUT,2025-07-01,0.0,0.0
AZE,2025-07-01,0.0,0.009859499346043027
BDI,2025-07-01,0.0,0.0
BEL,2025-07-01,0.0,0.0
BEN,2025-07-01,0.0,0.0
BGD,2025-07-01,0.0,0.042518288217737794
BGR,2025-07-01,0.0,0.0
BHR,2025-07-01,0.0,0.0
BHS,2025-07-01,0.0,0.0
BIH,2025-07-01,0.0,0.0036651842383733455
BLR,2025-07-01,0.0,0.0014295633976980867
BLZ,2025-07-01,0.0,0.0
BOL,2025-07-01,0.0,0.0007904259011875575
BRA,2025-07-01,0.0,0.00818787349633443
BRB,2025-07-01,0.0,0.0
BRN,2025-07-01,0.0,0.0
BTN,2025-07-01,0.0,0.0
BWA,2025-07-01,0.0,0.0
CAF,2025-07-01,0.0,0.6945880849206907
CAN,2025-07-01,0.0,0.0
CHE,2025-07-01,0.0,0.0
CHL,2025-07-01,0.0,0.0
CHN,2025-07-01,0.0,0.019285749160195372
CIV,2025-07-01,0.0,0.0
CMR,2025-07-01,0.0,0.4306503513730999
COL,2025-07-01,0.0,0.17600856554546365
COM,2025-07-01,0.0,0.0011410234630862388
CRI,2025-07-01,0.0,0.009207850404151386
CUB,2025-07-01,0.0,0.0014295633976980867
CYP,2025-07-01,0.0,0.0
CZE,2025-07-01,0.0,0.0
DEU,2025-07-01,0.0,0.0
DJI,2025-07-01,0.0,0.002283466320678735
DNK,2025-07-01,0.0,0.0
DOM,2025-07-01,0.0,0.0
DZA,2025-07-01,0.0,0.002350656118019984
ECU,2025-07-01,0.0,0.07826275970505688
EGY,2025-07-01,0.0,0.009561679127858767
ERI,2025-07-01,0.0,0.0016764997943839372
ESP,2025-07-01,0.0,0.0
EST,2025-07-01,0.0,0.0
FIN,2025-07-01,0.0,0.0
FJI,2025-07-01,0.0,0.0
FRA,2025-07-01,0.0,0.0
GAB,2025-07-01,0.0,0.0008736428652088577
GBR,2025-07-01,0.0,0.0
GEO,2025-07-01,0.0,0.0011354467294238514
GHA,2025-07-01,0.0,0.005404289091768968
GIN,2025-07-01,0.0,0.0007904259011875575
GMB,2025-07-01,0.0,0.0005354763312976983
GNB,2025-07-01,0.0,0.0008736428652088577
GNQ,2025-07-01,0.0,0.00033816653391115947
GRC,2025-07-01,0.0,0.0
GRD,2025-07-01,0.0,0.0
GTM,2025-07-01,0.0,0.03678175108995049
GUY,2025-07-01,0.0,0.0013383332604727776
HND,2025-07-01,0.0,0.03161440451042268
HRV,2025-07-01,0.0,0.005413927974799374
HTI,2025-07-01,1.0,0.8978670703932905
HUN,2025-07-01,0.0,0.0
IDN,2025-07-01,0.0,0.019222828798256084
IND,2025-07-01,0.0,0.13468882245957095
IRL,2025-07-01,0.0,0.0010813319327126463
IRN,2025-07-01,0.0,0.07152907747992389
IRQ,2025-07-01,0.0,0.07471627347700498
ISL,2025-07-01,0.0,0.0034704198032605178
ISR,2025-07-01,0.0,0.054427435055348285
ITA,2025-07-01,0.0,0.0
JAM,2025-07-01,0.0,0.0021086230603024935
JOR,2025-07-01,0.0,0.0005354763312976983
JPN,2025-07-01,0.0,0.0
KAZ,2025-07-01,0.0,0.0
KEN,2025-07-01,0.0,0.17628581469813195
KGZ,2025-07-01,0.0,0.0007904259011875575
KHM,2025-07-01,0.0,0.07186692346248258
KOR,2025-07-01,0.0,0.0
KWT,2025-07-01,0.0,0.0
LAO,2025-07-01,0.0,0.0
LBN,2025-07-01,0.0,0.3095421668337019
LBR,2025-07-01,0.0,0.009096650392853855
LBY,2025-07-01,0.0,0.0428557210592865
LKA,2025-07-01,0.0,0.0
LSO,2025-07-01,0.0,0.0005354763312976983
LTU,2025-07-01,0.0,0.0
LUX,2025-07-01,0.0,0.0
LVA,2025-07-01,0.0,0.0
MAR,2025-07-01,0.0,0.0015641295622026235
MDA,2025-07-01,0.0,0.0
MDG,2025-07-01,0.0,0.003198612352615671
MDV,2025-07-01,0.0,0.0
MEX,2025-07-01,0.0,0.0005107006204932676
MKD,2025-07-01,0.0,0.0
MLI,2025-07-01,0.0,0.6701988759810463
MLT,2025-07-01,0.0,0.0
MMR,2025-07-01,0.0,0.21129935414057516
MNE,2025-07-01,0.0,0.0010813319327126463
MNG,2025-07-01,0.0,0.0
MRT,2025-07-01,0.0,0.0064254515606449805
MUS,2025-07-01,0.0,0.002510895330410733
MWI,2025-07-01,0.0,0.0014098234554698772
MYS,2025-07-01,0.0,0.0
NAM,2025-07-01,0.0,0.005878617737430395
NIC,2025-07-01,0.0,0.005774770796233852
NLD,2025-07-01,0.0,0.0
NOR,2025-07-01,0.0,0.0
NPL,2025-07-01,0.0,0.0008603634032126938
NZL,2025-07-01,0.0,0.0034704198032605178
OMN,2025-07-01,0.0,0.0
PAK,2025-07-01,1.0,0.38238977581568856
PAN,2025-07-01,0.0,0.0013582467239042011
PER,2025-07-01,0.0,0.0008603634032126938
PHL,2025-07-01,0.0,0.4076217175090395
PNG,2025-07-01,0.0,0.0
POL,2025-07-01,0.0,0.0
PRK,2025-07-01,0.0,0.010400291985991714
PRT,2025-07-01,0.0,0.0
PRY,2025-07-01,0.0,0.0
QAT,2025-07-01,0.0,0.0
ROU,2025-07-01,0.0,0.0029030326443886412
RUS,2025-07-01,0.0,0.1686555711685907
RWA,2025-07-01,0.0,0.0020784631282833852
SAU,2025-07-01,0.0,0.0
SEN,2025-07-01,0.0,0.003214918866602875
SGP,2025-07-01,0.0,0.0
SLB,2025-07-01,0.0,0.0016170199424283382
SLE,2025-07-01,0.0,0.00033816653391115947
SLV,2025-07-01,0.0,0.0013582467239042011
SRB,2025-07-01,0.0,0.0
STP,2025-07-01,0.0,0.0
SVK,2025-07-01,0.0,0.0010813319327126463
SVN,2025-07-01,0.0,0.0010813319327126463
SWE,2025-07-01,0.0,0.0
SWZ,2025-07-01,0.0,0.0008028569291750793
SYC,2025-07-01,0.0,0.0
SYR,2025-07-01,0.0,0.45529761470913654
TCD,2025-07-01,0.0,0.5325438374554285
TGO,2025-07-01,0.0,0.000669854966527322
THA,2025-07-01,0.0,0.1352682777144525
TJK,2025-07-01,0.0,0.0008942745956753013
TKM,2025-07-01,0.0,0.00033816653391115947
TLS,2025-07-01,0.0,0.0013383332604727776
TON,2025-07-01,0.0,0.0013383332604727776
TTO,2025-07-01,0.0,0.0
TUN,2025-07-01,0.0,0.006911743905919706
TUR,2025-07-01,0.0,0.011479737885633121
TZA,2025-07-01,0.0,0.0
UGA,2025-07-01,0.0,0.020102039013228983
UKR,2025-07-01,0.0,0.11351601733978808
URY,2025-07-01,0.0,0.0
USA,2025-07-01,0.0,0.022780794838067005
UZB,2025-07-01,0.0,0.004777392294370123
VEN,2025-07-01,0.0,0.2582237113856931
VNM,2025-07-01,0.0,0.0
VUT,2025-07-01,0.0,0.0008942745956753013
WSM,2025-07-01,0.0,0.0
YEM,2025-07-01,0.0,0.17007600275796808
ZAF,2025-07-01,0.0,0.0034124245038826564
ZMB,2025-07-01,0.0,0.005
ZWE,2025-07-01,0.0,0.02095405371099459
AFG,2025-08-01,1.0,0.6474532846088966
AGO,2025-08-01,0.0,0.0023587776777118804
ALB,2025-08-01,0.0,0.005615173134251795
ARE,2025-08-01,0.0,0.0
ARG,2025-08-01,0.0,0.0
ARM,2025-08-01,0.0,0.017598216466520517
AUS,2025-08-01,0.0,0.0
AUT,2025-08-01,0.0,0.0
AZE,2025-08-01,0.0,0.03300856684473456
BDI,2025-08-01,0.0,0.0
BEL,2025-08-01,0.0,0.0
BEN,2025-08-01,0.0,0.0
BGD,2025-08-01,0.0,0.011214813768085365
BGR,2025-08-01,0.0,0.0
BHR,2025-08-01,0.0,0.0
BHS,2025-08-01,0.0,0.0
BIH,2025-08-01,0.0,0.005346445243830229
BLR,2025-08-01,0.0,0.0
BLZ,2025-08-01,0.0,0.0002487831880146476
BOL,2025-08-01,0.0,0.0002487831880146476
BRA,2025-08-01,0.0,0.0027771480804387578
BRB,2025-08-01,0.0,0.0
BRN,2025-08-01,0.0,0.0
BTN,2025-08-01,0.0,0.0
BWA,2025-08-01,0.0,0.0002487831880146476
CAF,2025-08-01,0.0,0.6068977561955629
CAN,2025-08-01,0.0,0.0
CHE,2025-08-01,0.0,0.0
CHL,2025-08-01,0.0,0.0
CHN,2025-08-01,0.0,0.0024793536804308828
CIV,2025-08-01,0.0,0.0
CMR,2025-08-01,0.0,0.3269636282768773
COL,2025-08-01,0.0,0.11603823556339116
COM,2025-08-01,0.0,0.0018982580661285186
CRI,2025-08-01,0.0,0.0
CUB,2025-08-01,0.0,0.0
CYP,2025-08-01,0.0,0.0
CZE,2025-08-01,0.0,0.0
DEU,2025-08-01,0.0,0.005
DJI,2025-08-01,0.0,0.005748441782013123
DNK,2025-08-01,0.0,0.0
DOM,2025-08-01,0.0,0.01040435556661167
DZA,2025-08-01,0.0,0.00302273640460249
ECU,2025-08-01,0.0,0.11570964331682604
EGY,2025-08-01,0.0,0.013583774894180776
ERI,2025-08-01,0.0,0.0036774564553647003
ESP,2025-08-01,0.0,0.0
EST,2025-08-01,0.0,0.0
FIN,2025-08-01,0.0,0.0
FJI,2025-08-01,0.0,0.0005366422326238632
FRA,2025-08-01,0.0,0.014156351421830185
GAB,2025-08-01,0.0,0.0018982580661285186
GBR,2025-08-01,0.0,0.0
GEO,2025-08-01,0.0,0.004475742583619433
GHA,2025-08-01,0.0,0.03604541503330173
GIN,2025-08-01,0.0,0.0018982580661285186
GMB,2025-08-01,0.0,0.012293686555163883
GNB,2025-08-01,0.0,0.004146734512885325
GNQ,2025-08-01,0.0,0.0017145098949176865
GRC,2025-08-01,0.0,0.0
GRD,2025-08-01,0.0,0.0
GTM,2025-08-01,0.0,0.03505328132178667
GUY,2025-08-01,0.0,0.0002487831880146476
HND,2025-08-01,0.0,0.03389166120849276
HRV,2025-08-01,0.0,0.003082464185706748
HTI,2025-08-01,1.0,0.7096424112076407
HUN,2025-08-01,0.0,0.0
IDN,2025-08-01,0.0,0.0
IND,2025-08-01,0.0,0.11526638106136074
IRL,2025-08-01,0.0,0.0
IRN,2025-08-01,0.0,0.10772628865210881
IRQ,2025-08-01,0.0,0.09355068834345488
ISL,2025-08-01,0.0,0.0
ISR,2025-08-01,0.0,0.09424317910293148
ITA,2025-08-01,0.0,0.0
JAM,2025-08-01,0.0,0.0
JOR,2025-08-01,0.0,0.00046927805752062515
JPN,2025-08-01,0.0,0.0
KAZ,2025-08-01,0.0,0.0
KEN,2025-08-01,0.0,0.1072911734799132
KGZ,2025-08-01,0.0,0.0
KHM,2025-08-01,0.0,0.5114919832505627
KOR,2025-08-01,0.0,0.0
KWT,2025-08-01,0.0,0.0
LAO,2025-08-01,0.0,0.002484214001299965
LBN,2025-08-01,0.0,0.27154983614712747
LBR,2025-08-01,0.0,0.0
LBY,2025-08-01,0.0,0.09919677927288952
LKA,2025-08-01,0.0,0.0043504782633598735
LSO,2025-08-01,0.0,0.0046680019537382765
LTU,2025-08-01,0.0,0.0
LUX,2025-08-01,0.0,0.0
LVA,2025-08-01,0.0,0.0
MAR,2025-08-01,0.0,0.0002487831880146476
MDA,2025-08-01,0.0,0.004076851235588383
MDG,2025-08-01,0.0,0.0
MDV,2025-08-01,0.0,0.0
MEX,2025-08-01,0.0,0.03091441605416378
MKD,2025-08-01,0.0,0.0
MLI,2025-08-01,0.0,0.5045170201630209
MLT,2025-08-01,0.0,0.0
MMR,2025-08-01,0.0,0.18412079049788702
MNE,2025-08-01,0.0,0.0
MNG,2025-08-01,0.0,0.0002487831880146476
MRT,2025-08-01,0.0,0.012255134115616113
MUS,2025-08-01,0.0,0.0
MWI,2025-08-01,0.0,0.0
MYS,2025-08-01,0.0,0.0
NAM,2025-08-01,0.0,0.0012550495826517873
NER,2025-08-01,0.0,0.5333207762827233
NIC,2025-08-01,0.0,0.005540072088849122
NLD,2025-08-01,0.0,0.0
NOR,2025-08-01,0.0,0.0
NPL,2025-08-01,0.0,0.0002487831880146476
NZL,2025-08-01,0.0,0.0
OMN,2025-08-01,0.0,0.0
PAK,2025-08-01,1.0,0.5661100803787689
PAN,2025-08-01,0.0,0.0054348864666935205
PER,2025-08-01,0.0,0.0
PHL,2025-08-01,0.0,0.22944581370619527
PNG,2025-08-01,0.0,0.0
POL,2025-08-01,0.0,0.0
PRK,2025-08-01,0.0,0.006723089120096705
PRT,2025-08-01,0.0,0.0
PRY,2025-08-01,0.0,0.0
QAT,2025-08-01,0.0,0.0
ROU,2025-08-01,0.0,0.0
RUS,2025-08-01,0.0,0.13022206846961962
RWA,2025-08-01,0.0,0.0012189217853344194
SAU,2025-08-01,0.0,0.0
SEN,2025-08-01,0.0,0.0002487831880146476
SGP,2025-08-01,0.0,0.0
SLB,2025-08-01,0.0,0.0015425508438580671
SLE,2025-08-01,0.0,0.0018982580661285186
SLV,2025-08-01,0.0,0.0054348864666935205
SRB,2025-08-01,0.0,0.0
STP,2025-08-01,0.0,0.0002487831880146476
SVK,2025-08-01,0.0,0.0
SVN,2025-08-01,0.0,0.0
SWE,2025-08-01,0.0,0.0
SWZ,2025-08-01,0.0,0.0002487831880146476
SYC,2025-08-01,0.0,0.0
SYR,2025-08-01,1.0,0.4116476431315075
TCD,2025-08-01,0.0,0.1384963852491107
TGO,2025-08-01,0.0,0.0
THA,2025-08-01,0.0,0.16413239813281513
TJK,2025-08-01,0.0,0.001424034382728727
TKM,2025-08-01,0.0,0.0004361720454806516
TLS,2025-08-01,0.0,0.002484214001299965
TON,2025-08-01,0.0,0.0005008605397991467
TTO,2025-08-01,0.0,0.0
TUN,2025-08-01,0.0,0.021007940507217205
TUR,2025-08-01,0.0,0.007701236903686543
TZA,2025-08-01,0.0,0.0
UGA,2025-08-01,0.0,0.0
UKR,2025-08-01,0.0,0.22509748526005452
URY,2025-08-01,0.0,0.0
USA,2025-08-01,0.0,0.0
UZB,2025-08-01,0.0,0.0
VEN,2025-08-01,0.0,0.20433261340355377
VNM,2025-08-01,0.0,0.0005366422326238632
VUT,2025-08-01,0.0,0.001424034382728727
WSM,2025-08-01,0.0,0.0027739532165878423
YEM,2025-08-01,0.0,0.17594525260716604
ZAF,2025-08-01,0.0,0.0
ZMB,2025-08-01,0.0,0.01
ZWE,2025-08-01,0.0,0.008596242238586169
AFG,2025-09-01,1.0,0.7357640742687527
AGO,2025-09-01,0.0,0.004188088985747483
ALB,2025-09-01,0.0,0.004162030929123215
ARE,2025-09-01,0.0,0.0
ARG,2025-09-01,0.0,0.0
ARM,2025-09-01,0.0,0.0018626303141182294
AUS,2025-09-01,0.0,0.0
AUT,2025-09-01,0.0,0.0
AZE,2025-09-01,0.0,0.02260318934531174
BDI,2025-09-01,0.0,0.0
BEL,2025-09-01,0.0,0.0
BEN,2025-09-01,0.0,0.0
BFA,2025-09-01,0.0,0.6534101791822947
BGD,2025-09-01,0.0,0.016534935759379338
BGR,2025-09-01,0.0,0.0
BHR,2025-09-01,0.0,0.0
BHS,2025-09-01,0.0,0.0
BIH,2025-09-01,0.0,0.0008581760057230382
BLR,2025-09-01,0.0,0.0
BLZ,2025-09-01,0.0,0.0002633420342250325
BOL,2025-09-01,0.0,0.0
BRA,2025-09-01,0.0,0.00745242221528482
BRB,2025-09-01,0.0,0.0
BRN,2025-09-01,0.0,0.0
BTN,2025-09-01,0.0,0.0
BWA,2025-09-01,0.0,0.00020044121870349635
CAF,2025-09-01,0.0,0.6190012489196897
CAN,2025-09-01,0.0,0.0
CHE,2025-09-01,0.0,0.0
CHL,2025-09-01,0.0,0.0
CHN,2025-09-01,0.0,0.027927064844192596
CIV,2025-09-01,0.0,0.006614758790001143
CMR,2025-09-01,0.0,0.40885631167985687
COL,2025-09-01,0.0,0.11846922073424927
COM,2025-09-01,0.0,0.0
CRI,2025-09-01,0.0,0.0006751231093914892
CUB,2025-09-01,0.0,0.003483439201451909
CYP,2025-09-01,0.0,0.0
CZE,2025-09-01,0.0,0.0
DEU,2025-09-01,0.0,0.0
DJI,2025-09-01,0.0,0.005801157772286145
DNK,2025-09-01,0.0,0.0
DOM,2025-09-01,0.0,0.0006500131230262559
DZA,2025-09-01,0.0,0.0019288747079365901
ECU,2025-09-01,0.0,0.054191283921429
EGY,2025-09-01,0.0,0.019722790092305077
ERI,2025-09-01,0.0,0.009076504255758426
ESP,2025-09-01,0.0,0.0
EST,2025-09-01,0.0,0.0
FIN,2025-09-01,0.0,0.0
FJI,2025-09-01,0.0,0.0
FRA,2025-09-01,0.0,0.0
GAB,2025-09-01,0.0,0.001807448736963536
GBR,2025-09-01,0.0,0.0
GEO,2025-09-01,0.0,0.006111462639867451
GHA,2025-09-01,0.0,0.0005154085506463179
GIN,2025-09-01,0.0,0.0064864831892494194
GMB,2025-09-01,0.0,0.0027149036610978495
GNB,2025-09-01,0.0,0.013191043010649075
GNQ,2025-09-01,0.0,0.0025012057670513134
GRC,2025-09-01,0.0,0.0
GRD,2025-09-01,0.0,0.0
GTM,2025-09-01,0.0,0.04474004924233951
GUY,2025-09-01,0.0,0.0013782525523199334
HND,2025-09-01,0.0,0.019588780969186096
HRV,2025-09-01,0.0,0.0
HUN,2025-09-01,0.0,0.0
IDN,2025-09-01,0.0,0.009723037578655043
IND,2025-09-01,0.0,0.07541802763238428
IRL,2025-09-01,0.0,0.0
IRN,2025-09-01,0.0,0.11298053281505302
IRQ,2025-09-01,0.0,0.10915219231778599
ISL,2025-09-01,0.0,0.0
ISR,2025-09-01,0.0,0.027303317791701146
ITA,2025-09-01,0.0,0.0
JAM,2025-09-01,0.0,0.00833876929767341
JOR,2025-09-01,0.0,0.0
JPN,2025-09-01,0.0,0.0030222476472793226
KAZ,2025-09-01,0.0,0.005
KEN,2025-09-01,0.0,0.05714484676488884
KGZ,2025-09-01,0.0,0.0006751231093914892
KHM,2025-09-01,0.0,0.3522802730718191
KOR,2025-09-01,0.0,0.0
KWT,2025-09-01,0.0,0.0
LAO,2025-09-01,0.0,0.002457465943744737
LBN,2025-09-01,0.0,0.272289839640504
LBR,2025-09-01,0.0,0.0064598924393618005
LBY,2025-09-01,0.0,0.03381711881687185
LKA,2025-09-01,0.0,0.001147179678744866
LSO,2025-09-01,0.0,0.008210178452575621
LTU,2025-09-01,0.0,0.0
LUX,2025-09-01,0.0,0.0
LVA,2025-09-01,0.0,0.0
MAR,2025-09-01,0.0,0.0005154085506463179
MDA,2025-09-01,0.0,0.0
MDG,2025-09-01,0.0,0.00823344795284085
MDV,2025-09-01,0.0,0.0
MEX,2025-09-01,0.0,0.02752891449444744
MKD,2025-09-01,0.0,0.0
MLI,2025-09-01,0.0,0.7092200653861385
MLT,2025-09-01,0.0,0.0
MMR,2025-09-01,0.0,0.2747746892589386
MNE,2025-09-01,0.0,0.0
MNG,2025-09-01,0.0,0.0010586172244265346
MRT,2025-09-01,0.0,0.00435632457274884
MUS,2025-09-01,0.0,0.0
MWI,2025-09-01,0.0,0.0
MYS,2025-09-01,0.0,0.003483439201451909
NAM,2025-09-01,0.0,0.009085679417994468
NER,2025-09-01,0.0,0.6728052146218151
NGA,2025-09-01,0.0,0.23770843444769107
NIC,2025-09-01,0.0,0.0005154085506463179
NLD,2025-09-01,0.0,0.0
NOR,2025-09-01,0.0,0.0
NPL,2025-09-01,0.0,0.015
NZL,2025-09-01,0.0,0.0
OMN,2025-09-01,0.0,0.0
PAK,2025-09-01,1.0,0.4823457521209744
PAN,2025-09-01,0.0,0.001146780544768415
PER,2025-09-01,0.0,0.0005154085506463179
PHL,2025-09-01,0.0,0.03690274513150582
PNG,2025-09-01,0.0,0.0019124712946146523
POL,2025-09-01,0.0,0.004810513894255371
PRK,2025-09-01,0.0,0.01368975808003361
PRT,2025-09-01,0.0,0.0
PRY,2025-09-01,0.0,0.001147179678744866
QAT,2025-09-01,0.0,0.0
ROU,2025-09-01,0.0,0.0
RUS,2025-09-01,0.0,0.12919677693816042
RWA,2025-09-01,0.0,0.0018749695641269862
SAU,2025-09-01,0.0,0.0
SEN,2025-09-01,0.0,0.006707830318384134
SGP,2025-09-01,0.0,0.0
SLB,2025-09-01,0.0,0.002503108737081815
SLE,2025-09-01,0.0,0.006184536409990033
SLV,2025-09-01,0.0,0.0
SRB,2025-09-01,0.0,0.0
STP,2025-09-01,0.0,0.0010586172244265346
SVK,2025-09-01,0.0,0.0
SVN,2025-09-01,0.0,0.0
SWE,2025-09-01,0.0,0.0
SWZ,2025-09-01,0.0,0.010219102012266128
SYC,2025-09-01,0.0,0.0
SYR,2025-09-01,1.0,0.5078160240980875
TCD,2025-09-01,0.0,0.03716687065315924
TGO,2025-09-01,0.0,0.003691371973940431
THA,2025-09-01,0.0,0.3227026166546929
TJK,2025-09-01,0.0,0.0027414024868395366
TKM,2025-09-01,0.0,0.0016430297613282752
TLS,2025-09-01,0.0,0.00020044121870349635
TON,2025-09-01,0.0,0.0033667339063322226
TTO,2025-09-01,0.0,0.0
TUN,2025-09-01,0.0,0.006367736131788549
TUR,2025-09-01,0.0,0.051414238965994175
TZA,2025-09-01,0.0,0.009043334734833257
UGA,2025-09-01,0.0,0.004603560803487006
UKR,2025-09-01,0.0,0.4551720224564983
URY,2025-09-01,0.0,0.0
USA,2025-09-01,0.0,0.0
UZB,2025-09-01,0.0,0.0
VEN,2025-09-01,0.0,0.20155916778203942
VNM,2025-09-01,0.0,0.0014037188669901578
VUT,2025-09-01,0.0,0.0027414024868395366
WSM,2025-09-01,0.0,0.0
YEM,2025-09-01,0.0,0.26284115074409736
ZAF,2025-09-01,0.0,0.001147179678744866
ZMB,2025-09-01,0.0,0.0002633420342250325
ZWE,2025-09-01,0.0,0.004623961394131534
AFG,2025-10-01,0.0,0.8342355881572614
AGO,2025-10-01,0.0,0.0003563538829667545
ALB,2025-10-01,0.0,0.0016916036304830751
ARE,2025-10-01,0.0,0.0
ARG,2025-10-01,0.0,0.0010065723054752157
ARM,2025-10-01,0.0,0.020285902933421317
AUS,2025-10-01,0.0,0.0
AUT,2025-10-01,0.0,0.00572646241914829
AZE,2025-10-01,0.0,0.02289910973490867
BDI,2025-10-01,0.0,0.0
BEL,2025-10-01,0.0,0.0
BEN,2025-10-01,0.0,0.0
BFA,2025-10-01,0.0,0.7103134959912362
BGD,2025-10-01,0.0,0.03971364721281335
BGR,2025-10-01,0.0,0.00037045436641035967
BHR,2025-10-01,0.0,0.0
BHS,2025-10-01,0.0,0.0
BIH,2025-10-01,0.0,0.00555213424084838
BLR,2025-10-01,0.0,0.0
BLZ,2025-10-01,0.0,0.0
BOL,2025-10-01,0.0,0.0012423036972093165
BRA,2025-10-01,0.0,0.004517481296032138
BRB,2025-10-01,0.0,0.0
BRN,2025-10-01,0.0,0.0
BTN,2025-10-01,0.0,0.0
BWA,2025-10-01,0.0,0.00317497503594811
CAF,2025-10-01,0.0,0.4822153103635493
CAN,2025-10-01,0.0,0.0
CHE,2025-10-01,0.0,0.0
CHL,2025-10-01,0.0,0.0
CHN,2025-10-01,0.0,0.017066008722643328
CIV,2025-10-01,0.0,0.008457371275546742
CMR,2025-10-01,0.0,0.27536541925987323
COL,2025-10-01,0.0,0.15884371086219104
COM,2025-10-01,0.0,0.005138659331457351
CRI,2025-10-01,0.0,0.0010676591535512146
CUB,2025-10-01,0.0,0.0006972047871408548
CYP,2025-10-01,0.0,0.00037045436641035967
CZE,2025-10-01,0.0,0.00037045436641035967
DEU,2025-10-01,0.0,0.0
DJI,2025-10-01,0.0,0.005301350513714335
DNK,2025-10-01,0.0,0.0
DOM,2025-10-01,0.0,0.006381696824666351
DZA,2025-10-01,0.0,0.005056938502358821
ECU,2025-10-01,0.0,0.06766754488072263
EGY,2025-10-01,0.0,0.00947027212281925
ERI,2025-10-01,0.0,0.0013581511442673528
ESP,2025-10-01,0.0,0.0
EST,2025-10-01,0.0,0.00037045436641035967
FIN,2025-10-01,0.0,0.00037045436641035967
FJI,2025-10-01,0.0,0.0001324744151422772
FRA,2025-10-01,0.0,0.0043686833140958855
GAB,2025-10-01,0.0,0.013059582734497881
GBR,2025-10-01,0.0,0.0
GEO,2025-10-01,0.0,0.00156184557664237
GHA,2025-10-01,0.0,0.0005647303719985775
GIN,2025-10-01,0.0,0.001388881591021951
GMB,2025-10-01,0.0,0.00758901320138303
GNB,2025-10-01,0.0,0.006496933114167496
GNQ,2025-10-01,0.0,0.0013581511442673528
GRC,2025-10-01,0.0,0.0001324744151422772
GRD,2025-10-01,0.0,0.0
GTM,2025-10-01,0.0,0.06204545436398047
GUY,2025-10-01,0.0,0.002296013180978027
HND,2025-10-01,0.0,0.03265694882663221
HRV,2025-10-01,0.0,0.0
HUN,2025-10-01,0.0,0.008907619017004013
IDN,2025-10-01,0.0,0.022738236239595304
IND,2025-10-01,0.0,0.07783376316733187
IRL,2025-10-01,0.0,0.0004908802186469967
IRN,2025-10-01,0.0,0.10720094628929006
IRQ,2025-10-01,0.0,0.13660535758606637
ISL,2025-10-01,0.0,0.0
ISR,2025-10-01,0.0,0.041432029545174026
ITA,2025-10-01,0.0,0.0
JAM,2025-10-01,0.0,0.0056704217707780336
JOR,2025-10-01,0.0,0.0005552732711671544
JPN,2025-10-01,0.0,0.0008838204274597447
KAZ,2025-10-01,0.0,0.0
KEN,2025-10-01,0.0,0.168176046016855
KGZ,2025-10-01,0.0,0.000515692086828219
KHM,2025-10-01,1.0,0.3656840146388366
KOR,2025-10-01,0.0,0.001423199677170844
KWT,2025-10-01,0.0,0.0
LAO,2025-10-01,0.0,0.0004086953773545199
LBN,2025-10-01,0.0,0.2334873073382153
LBR,2025-10-01,0.0,0.0017452354739887052
LBY,2025-10-01,0.0,0.00728022925780162
LKA,2025-10-01,0.0,0.000515692086828219
LSO,2025-10-01,0.0,0.022249309002003965
LTU,2025-10-01,0.0,0.00037045436641035967
LUX,2025-10-01,0.0,0.0
LVA,2025-10-01,0.0,0.0
MAR,2025-10-01,0.0,0.001423199677170844
MDA,2025-10-01,0.0,0.00037045436641035967
MDG,2025-10-01,0.0,0.01925544353318342
MDV,2025-10-01,0.0,0.0
MEX,2025-10-01,0.0,0.02433501955428416
MKD,2025-10-01,0.0,0.0013461605191019816
MLI,2025-10-01,0.0,0.8787772614554082
MLT,2025-10-01,0.0,0.0
MMR,2025-10-01,1.0,0.44154185967069265
MNE,2025-10-01,0.0,0.000515692086828219
MNG,2025-10-01,0.0,0.001255913721324591
MRT,2025-10-01,0.0,0.0031089462987803694
MUS,2025-10-01,0.0,0.0
MWI,2025-10-01,0.0,0.006817313145047252
MYS,2025-10-01,0.0,0.0008861464532385788
NAM,2025-10-01,0.0,0.041617246574573
NER,2025-10-01,0.0,0.9062519370901089
NGA,2025-10-01,0.0,0.23900902382372685
NIC,2025-10-01,0.0,0.008854115571118122
NLD,2025-10-01,0.0,0.0001324744151422772
NOR,2025-10-01,0.0,0.00037045436641035967
NPL,2025-10-01,0.0,0.0016104320378408422
NZL,2025-10-01,0.0,0.0
OMN,2025-10-01,0.0,0.0001324744151422772
PAN,2025-10-01,0.0,0.005392775850093476
PER,2025-10-01,0.0,0.004007534368876921
PHL,2025-10-01,0.0,0.06642507500200097
PNG,2025-10-01,0.0,0.0014526426150937063
POL,2025-10-01,0.0,0.00037045436641035967
PRK,2025-10-01,0.0,0.0037597590356852045
PRT,2025-10-01,0.0,0.0
PRY,2025-10-01,0.0,0.0018370407377489783
QAT,2025-10-01,0.0,0.0
ROU,2025-10-01,0.0,0.00037045436641035967
RUS,2025-10-01,0.0,0.16250469044180704
RWA,2025-10-01,0.0,0.00758901320138303
SAU,2025-10-01,0.0,0.0001324744151422772
SEN,2025-10-01,0.0,0.007994469367277978
SGP,2025-10-01,0.0,0.0
SLB,2025-10-01,0.0,0.005345297345211056
SLE,2025-10-01,0.0,0.007829149877024565
SLV,2025-10-01,0.0,0.0015481776095322222
SRB,2025-10-01,0.0,0.0
STP,2025-10-01,0.0,0.0004086953773545199
SVK,2025-10-01,0.0,0.00037045436641035967
SVN,2025-10-01,0.0,0.0018370407377489783
SWE,2025-10-01,0.0,0.00037045436641035967
SWZ,2025-10-01,0.0,0.0023127785958763592
SYC,2025-10-01,0.0,0.0
TCD,2025-10-01,0.0,0.08587674420607509
TGO,2025-10-01,0.0,0.003938918895354404
THA,2025-10-01,1.0,0.32787668502502276
TJK,2025-10-01,0.0,0.0016826678743726425
TKM,2025-10-01,0.0,0.002679244388147947
TLS,2025-10-01,0.0,0.003551926902302618
TON,2025-10-01,0.0,0.0
TTO,2025-10-01,0.0,0.0
TUN,2025-10-01,0.0,0.0047931426114358605
TUR,2025-10-01,0.0,0.014429474645696263
TZA,2025-10-01,0.0,0.008662575190037566
UGA,2025-10-01,0.0,0.02247839602419091
UKR,2025-10-01,0.0,0.3699846823276411
URY,2025-10-01,0.0,0.00037045436641035967
USA,2025-10-01,0.0,0.02321741908901425
UZB,2025-10-01,0.0,0.0010676591535512146
VEN,2025-10-01,0.0,0.3056374892259901
VNM,2025-10-01,0.0,0.0001324744151422772
VUT,2025-10-01,0.0,0.0029890507814492396
WSM,2025-10-01,0.0,0.0
YEM,2025-10-01,0.0,0.22555489094931258
ZAF,2025-10-01,0.0,0.005321632587847867
ZMB,2025-10-01,0.0,0.001560915747968138
ZWE,2025-10-01,0.0,0.004835292821572857
AFG,2025-11-01,0.0,0.8735012575685823
AGO,2025-11-01,0.0,0.0010388982365956059
ALB,2025-11-01,0.0,0.0
ARE,2025-11-01,0.0,0.0
ARG,2025-11-01,0.0,0.0
ARM,2025-11-01,0.0,0.010943219596487369
AUS,2025-11-01,0.0,0.0
AUT,2025-11-01,0.0,0.0
AZE,2025-11-01,0.0,0.006652972549413364
BDI,2025-11-01,0.0,0.006713215026772905
BEL,2025-11-01,0.0,0.0
BEN,2025-11-01,0.0,0.0015161739399446985
BFA,2025-11-01,0.0,0.8676553561035335
BGD,2025-11-01,0.0,0.020565837081732506
BGR,2025-11-01,0.0,0.0
BHR,2025-11-01,0.0,0.0
BHS,2025-11-01,0.0,0.0
BIH,2025-11-01,0.0,0.007496907444128287
BLR,2025-11-01,0.0,0.0
BLZ,2025-11-01,0.0,0.018448016826815013
BOL,2025-11-01,0.0,0.0053449487021269915
BRA,2025-11-01,0.0,0.004518867272140521
BRB,2025-11-01,0.0,0.0
BRN,2025-11-01,0.0,0.0
BTN,2025-11-01,0.0,0.0
BWA,2025-11-01,0.0,0.000726838763498164
CAF,2025-11-01,0.0,0.5045009190299791
CAN,2025-11-01,0.0,0.0
CHE,2025-11-01,0.0,0.0
CHL,2025-11-01,0.0,0.005
CHN,2025-11-01,0.0,0.019368751342741384
CIV,2025-11-01,0.0,0.0012891479112893945
CMR,2025-11-01,0.0,0.38060107253853565
COL,2025-11-01,0.0,0.2119763883384946
COM,2025-11-01,0.0,0.0047318344745821625
CRI,2025-11-01,0.0,0.003258466652815286
CUB,2025-11-01,0.0,0.003258466652815286
CYP,2025-11-01,0.0,0.0
CZE,2025-11-01,0.0,0.0
DEU,2025-11-01,0.0,0.0
DJI,2025-11-01,0.0,0.0114446154642232
DNK,2025-11-01,0.0,0.0
DOM,2025-11-01,0.0,0.0
DZA,2025-11-01,0.0,0.004043494478375962
ECU,2025-11-01,0.0,0.1266305794527449
EGY,2025-11-01,0.0,0.0036762235357112073
ERI,2025-11-01,0.0,0.001696348214016215
ESP,2025-11-01,0.0,0.0
EST,2025-11-01,0.0,0.0
FIN,2025-11-01,0.0,0.0
FJI,2025-11-01,0.0,0.0016487247955257465
FRA,2025-11-01,0.0,0.00359355666559736
GAB,2025-11-01,0.0,0.0047318344745821625
GBR,2025-11-01,0.0,0.0
GEO,2025-11-01,0.0,0.014076316591165343
GHA,2025-11-01,0.0,0.005734832096900753
GIN,2025-11-01,0.0,0.0019152741277301433
GMB,2025-11-01,0.0,0.010730326586544983
GNB,2025-11-01,0.0,0.0031911573928970916
GNQ,2025-11-01,0.0,0.000726838763498164
GRC,2025-11-01,0.0,0.0
GRD,2025-11-01,0.0,0.0
GTM,2025-11-01,0.0,0.07426082322745106
GUY,2025-11-01,0.0,0.003673502378432731
HND,2025-11-01,0.0,0.01743812205727161
HRV,2025-11-01,0.0,0.0
HUN,2025-11-01,0.0,0.0
IDN,2025-11-01,0.0,0.03721363810904459
IND,2025-11-01,0.0,0.06759251092766033
IRL,2025-11-01,0.0,0.0
IRN,2025-11-01,0.0,0.1718208036933425
IRQ,2025-11-01,0.0,0.20112559786113615
ISL,2025-11-01,0.0,0.0
ISR,2025-11-01,0.0,0.004119837989305983
ITA,2025-11-01,0.0,0.0
JAM,2025-11-01,0.0,0.0
JOR,2025-11-01,0.0,0.00863829251870461
JPN,2025-11-01,0.0,0.0018930304420249563
KAZ,2025-11-01,0.0,0.0009970501099851197
KEN,2025-11-01,0.0,0.10788795333329154
KGZ,2025-11-01,0.0,0.0
KHM,2025-11-01,1.0,0.29445632305658126
KOR,2025-11-01,0.0,0.0
KWT,2025-11-01,0.0,0.0
LAO,2025-11-01,0.0,0.002143661006873654
LBN,2025-11-01,0.0,0.25589015867014275
LBR,2025-11-01,0.0,0.0010388982365956059
LBY,2025-11-01,0.0,0.04505469636109809
LKA,2025-11-01,0.0,0.0
LSO,2025-11-01,0.0,0.003076633495451055
LTU,2025-11-01,0.0,0.0
LUX,2025-11-01,0.0,0.0
LVA,2025-11-01,0.0,0.0
MAR,2025-11-01,0.0,0.002690328335677761
MDA,2025-11-01,0.0,0.0
MDG,2025-11-01,0.0,0.0030754991488516166
MDV,2025-11-01,0.0,0.0
MEX,2025-11-01,0.0,0.01942753250300439
MKD,2025-11-01,0.0,0.0
MLI,2025-11-01,0.0,0.791448991757114
MLT,2025-11-01,0.0,0.0
MMR,2025-11-01,1.0,0.3708163602385279
MNE,2025-11-01,0.0,0.0
MNG,2025-11-01,0.0,0.0008549855530720142
MRT,2025-11-01,0.0,0.008303876407550339
MUS,2025-11-01,0.0,0.0033083706016369912
MWI,2025-11-01,0.0,0.0037297407298702272
MYS,2025-11-01,0.0,0.0
NAM,2025-11-01,0.0,0.00951813043266263
NER,2025-11-01,0.0,0.6114892098931547
NGA,2025-11-01,1.0,0.5246190830699097
NIC,2025-11-01,0.0,0.011328324326184176
NLD,2025-11-01,0.0,0.0
NOR,2025-11-01,0.0,0.0
NPL,2025-11-01,0.0,0.005036620636361833
NZL,2025-11-01,0.0,0.0
OMN,2025-11-01,0.0,0.0
PAK,2025-11-01,0.0,0.8072494546943073
PAN,2025-11-01,0.0,0.0007191397652237666
PER,2025-11-01,0.0,0.0007746014167377785
PHL,2025-11-01,0.0,0.1092543929283564
PNG,2025-11-01,0.0,0.0007746014167377785
POL,2025-11-01,0.0,0.0
PRK,2025-11-01,0.0,0.006258616229554133
PRT,2025-11-01,0.0,0.0
PRY,2025-11-01,0.0,0.0
QAT,2025-11-01,0.0,0.0
ROU,2025-11-01,0.0,0.005
RUS,2025-11-01,0.0,0.1296163630051118
RWA,2025-11-01,0.0,0.010730326586544983
SAU,2025-11-01,0.0,0.0
SEN,2025-11-01,0.0,0.01628071599204276
SGP,2025-11-01,0.0,0.0
SLB,2025-11-01,0.0,0.005909492341626994
SLE,2025-11-01,0.0,0.00929128160664005
SLV,2025-11-01,0.0,0.0
SOM,2025-11-01,0.0,0.500202947473504
SRB,2025-11-01,0.0,0.002865521651744929
STP,2025-11-01,0.0,0.005690220263814689
SVK,2025-11-01,0.0,0.0
SVN,2025-11-01,0.0,0.0
SWE,2025-11-01,0.0,0.0
SWZ,2025-11-01,0.0,0.0022430572429294276
SYC,2025-11-01,0.0,0.0
TCD,2025-11-01,0.0,0.16745377592603802
TGO,2025-11-01,0.0,0.002321571209945565
THA,2025-11-01,1.0,0.14769596753256414
TJK,2025-11-01,0.0,0.0
TKM,2025-11-01,0.0,0.0031885089253039485
TLS,2025-11-01,0.0,0.008508737089175407
TON,2025-11-01,0.0,0.001401694581985227
TTO,2025-11-01,0.0,0.004939384390169127
TUN,2025-11-01,0.0,0.003932310057964211
TUR,2025-11-01,0.0,0.01959010371078546
TZA,2025-11-01,0.0,0.007517437421596043
UGA,2025-11-01,0.0,0.2853679135220183
UKR,2025-11-01,0.0,0.3137120348810245
URY,2025-11-01,0.0,0.0
USA,2025-11-01,0.0,0.0037406382674235465
UZB,2025-11-01,0.0,0.003258466652815286
VEN,2025-11-01,0.0,0.2329211111816052
VNM,2025-11-01,0.0,0.0
VUT,2025-11-01,0.0,0.000726838763498164
WSM,2025-11-01,0.0,0.0
YEM,2025-11-01,0.0,0.29854973333038337
ZAF,2025-11-01,0.0,0.0003851708131738555
ZMB,2025-11-01,0.0,0.0
ZWE,2025-11-01,0.0,0.015009654382165531
AFG,2025-12-01,0.0,0.7817605586581772
AGO,2025-12-01,0.0,0.002570406177331488
ALB,2025-12-01,0.0,0.003909117821195973
ARE,2025-12-01,0.0,0.0
ARG,2025-12-01,0.0,0.0
ARM,2025-12-01,0.0,0.0133484284254639
AUS,2025-12-01,0.0,0.0
AUT,2025-12-01,0.0,0.0
AZE,2025-12-01,0.0,0.030769099378122697
BDI,2025-12-01,0.0,0.03005237546408202
BEL,2025-12-01,0.0,0.0
BEN,2025-12-01,0.0,0.0047351933204274775
BFA,2025-12-01,0.0,0.7625051383251781
BGD,2025-12-01,0.0,0.05443255778480765
BGR,2025-12-01,0.0,0.0
BHR,2025-12-01,0.0,0.0
BHS,2025-12-01,0.0,0.0005645896873129438
BIH,2025-12-01,0.0,0.001962206107405811
BLR,2025-12-01,0.0,0.0
BLZ,2025-12-01,0.0,0.00725484443443899
BOL,2025-12-01,0.0,0.0
BRA,2025-12-01,0.0,0.0
BRB,2025-12-01,0.0,0.0
BRN,2025-12-01,0.0,0.0
BTN,2025-12-01,0.0,0.0
BWA,2025-12-01,0.0,0.00044260399527940904
CAF,2025-12-01,0.0,0.6765497494628903
CAN,2025-12-01,0.0,0.0
CHE,2025-12-01,0.0,0.0007104427825899839
CHL,2025-12-01,0.0,0.0
CHN,2025-12-01,0.0,0.039477989342029285
CIV,2025-12-01,0.0,0.00040896913761865537
CMR,2025-12-01,0.0,0.3544029797735557
COL,2025-12-01,0.0,0.2856529450695295
COM,2025-12-01,0.0,0.0005645896873129438
CRI,2025-12-01,0.0,0.00115784614581814
CUB,2025-12-01,0.0,0.0026708467120066777
CYP,2025-12-01,0.0,0.0
CZE,2025-12-01,0.0,0.0007104427825899839
DEU,2025-12-01,0.0,0.0
DJI,2025-12-01,0.0,0.001173085607097239
DNK,2025-12-01,0.0,0.0007104427825899839
DOM,2025-12-01,0.0,0.002651739227915939
DZA,2025-12-01,0.0,0.00044260399527940904
ECU,2025-12-01,0.0,0.10920559339642999
EGY,2025-12-01,0.0,0.0
ERI,2025-12-01,0.0,0.005824759720261486
ESP,2025-12-01,0.0,0.0
EST,2025-12-01,0.0,0.0005645896873129438
ETH,2025-12-01,0.0,0.9369017860024834
FIN,2025-12-01,0.0,0.0007104427825899839
FJI,2025-12-01,0.0,0.00115784614581814
FRA,2025-12-01,0.0,0.0020128039021416045
GAB,2025-12-01,0.0,0.009246505494886752
GBR,2025-12-01,0.0,0.0
GEO,2025-12-01,0.0,0.015355133567789885
GHA,2025-12-01,0.0,0.007253295036017163
GIN,2025-12-01,0.0,0.0
GMB,2025-12-01,0.0,0.002837402714207662
GNB,2025-12-01,0.0,0.00019544431946006723
GNQ,2025-12-01,0.0,0.00019544431946006723
GRC,2025-12-01,0.0,0.005
GRD,2025-12-01,0.0,0.0005645896873129438
GTM,2025-12-01,0.0,0.07007888902008898
GUY,2025-12-01,0.0,0.004532141897569716
HND,2025-12-01,0.0,0.01933382178347285
HRV,2025-12-01,0.0,0.0
HTI,2025-12-01,0.0,0.7834422640215554
HUN,2025-12-01,0.0,0.0
IDN,2025-12-01,0.0,0.026466861029282668
IND,2025-12-01,0.0,0.13667772928949262
IRL,2025-12-01,0.0,0.0
IRN,2025-12-01,1.0,0.15270408053183504
IRQ,2025-12-01,0.0,0.16096966121932132
ISL,2025-12-01,0.0,0.0005645896873129438
ISR,2025-12-01,0.0,0.02338366813046696
ITA,2025-12-01,0.0,0.00039742374309662475
JAM,2025-12-01,0.0,0.009643482559908321
JOR,2025-12-01,0.0,0.0023947987189282525
JPN,2025-12-01,0.0,0.0
KAZ,2025-12-01,0.0,0.0
KEN,2025-12-01,0.0,0.12506729483048873
KGZ,2025-12-01,0.0,0.0
KHM,2025-12-01,0.0,0.19887464676630773
KOR,2025-12-01,0.0,0.0
KWT,2025-12-01,0.0,0.0
LAO,2025-12-01,0.0,0.0035585830726381175
LBN,2025-12-01,0.0,0.12230148276010099
LBR,2025-12-01,0.0,0.002769359828029153
LBY,2025-12-01,0.0,0.02990186715853341
LKA,2025-12-01,0.0,0.0
LSO,2025-12-01,0.0,0.004314021796818371
LTU,2025-12-01,0.0,0.0
LUX,2025-12-01,0.0,0.0005645896873129438
LVA,2025-12-01,0.0,0.0005645896873129438
MAR,2025-12-01,0.0,0.01337799266610106
MDA,2025-12-01,0.0,0.0
MDG,2025-12-01,0.0,0.00019583271540857142
MDV,2025-12-01,0.0,0.0005645896873129438
MEX,2025-12-01,0.0,0.01700517334484304
MKD,2025-12-01,0.0,0.0
MLI,2025-12-01,0.0,0.4824349918792848
MLT,2025-12-01,0.0,0.0005645896873129438
MNE,2025-12-01,0.0,0.0007104427825899839
MNG,2025-12-01,0.0,0.0010071936825923528
MRT,2025-12-01,0.0,0.0211664899035015
MUS,2025-12-01,0.0,0.0
MWI,2025-12-01,0.0,0.0
MYS,2025-12-01,0.0,0.004701798112871639
NAM,2025-12-01,0.0,0.013167908210552632
NER,2025-12-01,0.0,0.6857113519410101
NGA,2025-12-01,1.0,0.5226266971947928
NIC,2025-12-01,0.0,0.008847754537052593
NLD,2025-12-01,0.0,0.00039742374309662475
NOR,2025-12-01,0.0,0.0007104427825899839
NPL,2025-12-01,0.0,0.0
NZL,2025-12-01,0.0,0.0
OMN,2025-12-01,0.0,0.0005645896873129438
PAK,2025-12-01,0.0,0.529481010330816
PAN,2025-12-01,0.0,0.0056014584254275475
PER,2025-12-01,0.0,0.004211953271400665
PHL,2025-12-01,0.0,0.12600698364824775
PNG,2025-12-01,0.0,0.00019583271540857142
POL,2025-12-01,0.0,0.0
PRK,2025-12-01,0.0,0.013970325302172331
PRT,2025-12-01,0.0,0.0
PRY,2025-12-01,0.0,0.0
QAT,2025-12-01,0.0,0.0
ROU,2025-12-01,0.0,0.0
RUS,2025-12-01,0.0,0.18667107413261616
RWA,2025-12-01,0.0,0.0032602067087982955
SAU,2025-12-01,0.0,0.0005645896873129438
SEN,2025-12-01,0.0,0.0033386812422792934
SGP,2025-12-01,0.0,0.0
SLB,2025-12-01,0.0,0.0023532967736851376
SLE,2025-12-01,0.0,0.004314021796818371
SLV,2025-12-01,0.0,0.013333510406060838
SOM,2025-12-01,0.0,0.37624740063286033
SRB,2025-12-01,0.0,0.0
STP,2025-12-01,0.0,0.0010071936825923528
SVK,2025-12-01,0.0,0.0
SVN,2025-12-01,0.0,0.0005645896873129438
SWE,2025-12-01,0.0,0.0
SWZ,2025-12-01,0.0,0.004532141897569716
SYC,2025-12-01,0.0,0.0
TCD,2025-12-01,0.0,0.06275365222219445
TGO,2025-12-01,0.0,0.013037030582247765
THA,2025-12-01,0.0,0.18628454373254416
TJK,2025-12-01,0.0,0.0003383988519296794
TKM,2025-12-01,0.0,0.0015217164948365934
TLS,2025-12-01,0.0,0.00677158832352908
TON,2025-12-01,0.0,0.003115979077358708
TTO,2025-12-01,0.0,0.0
TUN,2025-12-01,0.0,0.004670230240172356
TUR,2025-12-01,0.0,0.02936613770737532
TZA,2025-12-01,0.0,0.014271542858971049
UGA,2025-12-01,0.0,0.02786076046788883
UKR,2025-12-01,0.0,0.27386303058241107
URY,2025-12-01,0.0,0.0
USA,2025-12-01,0.0,0.00487629246676514
UZB,2025-12-01,0.0,0.00019583271540857142
VEN,2025-12-01,0.0,0.1605997424366691
VNM,2025-12-01,0.0,0.0007358225950263042
VUT,2025-12-01,0.0,0.0011784265903057132
WSM,2025-12-01,0.0,0.0
YEM,2025-12-01,0.0,0.301358969553599
ZAF,2025-12-01,0.0,0.0
ZMB,2025-12-01,0.0,0.00259024303838832
ZWE,2025-12-01,0.0,0.0017893906507694573
AFG,2026-01-01,1.0,0.765608494323063
AGO,2026-01-01,0.0,0.0009537331215250197
ALB,2026-01-01,0.0,0.003549461108291071
ARE,2026-01-01,0.0,0.0
ARG,2026-01-01,0.0,0.00023451346877792118
ARM,2026-01-01,0.0,0.028362934380485757
AUS,2026-01-01,0.0,0.0
AUT,2026-01-01,0.0,0.0
AZE,2026-01-01,0.0,0.03371275969263851
BDI,2026-01-01,0.0,0.004201915926687373
BEL,2026-01-01,0.0,0.0
BEN,2026-01-01,0.0,0.0015676099089395887
BFA,2026-01-01,0.0,0.7893068355807071
BGD,2026-01-01,0.0,0.004176449105232953
BGR,2026-01-01,0.0,0.0
BHR,2026-01-01,0.0,0.0
BHS,2026-01-01,0.0,0.0
BIH,2026-01-01,0.0,0.0029795441980127223
BLR,2026-01-01,0.0,0.0
BLZ,2026-01-01,0.0,0.019790074683610347
BOL,2026-01-01,0.0,0.0
BRA,2026-01-01,0.0,0.004171986970684031
BRB,2026-01-01,0.0,0.0
BRN,2026-01-01,0.0,0.0
BTN,2026-01-01,0.0,0.0
BWA,2026-01-01,0.0,0.0
CAF,2026-01-01,0.0,0.5994802608652183
CAN,2026-01-01,0.0,0.0
CHE,2026-01-01,0.0,0.0
CHL,2026-01-01,0.0,0.0021772685547207017
CHN,2026-01-01,0.0,0.0021772685547207017
CIV,2026-01-01,0.0,0.014190676338863284
CMR,2026-01-01,0.0,0.36274116260841216
COL,2026-01-01,0.0,0.27733470067703003
COM,2026-01-01,0.0,0.0076769511864828435
CRI,2026-01-01,0.0,0.0004428483177664816
CUB,2026-01-01,0.0,0.0037668789092864907
CYP,2026-01-01,0.0,0.0
CZE,2026-01-01,0.0,0.0
DEU,2026-01-01,0.0,0.0
DJI,2026-01-01,0.0,0.00688962561168719
DNK,2026-01-01,0.0,0.0
DOM,2026-01-01,0.0,0.0016539256198347125
DZA,2026-01-01,0.0,0.003525396359365823
ECU,2026-01-01,0.0,0.06202259979978308
EGY,2026-01-01,0.0,0.004340478600347022
ERI,2026-01-01,0.0,0.0006834301621771976
ESP,2026-01-01,0.0,0.0
EST,2026-01-01,0.0,0.0
ETH,2026-01-01,0.0,0.9078077119605387
FIN,2026-01-01,0.0,0.0
FJI,2026-01-01,0.0,0.0004428483177664816
FRA,2026-01-01,0.0,0.0042630808148049525
GAB,2026-01-01,0.0,0.005222050303533572
GBR,2026-01-01,0.0,0.0
GEO,2026-01-01,0.0,0.014740403209806914
GHA,2026-01-01,0.0,0.0
GIN,2026-01-01,0.0,0.0009537331215250197
GMB,2026-01-01,0.0,0.0033588735217696813
GNB,2026-01-01,0.0,0.011787756861015271
GNQ,2026-01-01,0.0,0.0017071747269312254
GRC,2026-01-01,0.0,0.0
GRD,2026-01-01,0.0,0.0
GTM,2026-01-01,0.0,0.032129978546096824
GUY,2026-01-01,0.0,0.004699118804603365
HND,2026-01-01,0.0,0.014133230096381979
HRV,2026-01-01,0.0,0.0
HTI,2026-01-01,0.0,0.5836765594006773
HUN,2026-01-01,0.0,0.003546743464776253
IDN,2026-01-01,0.0,0.0007685291858678941
IND,2026-01-01,0.0,0.12521872405247247
IRL,2026-01-01,0.0,0.0
IRN,2026-01-01,1.0,0.05917026634042724
IRQ,2026-01-01,0.0,0.08811088251225808
ISL,2026-01-01,0.0,0.0
ISR,2026-01-01,0.0,0.0321431937375627
ITA,2026-01-01,0.0,0.0
JAM,2026-01-01,0.0,0.01502417254353881
JOR,2026-01-01,0.0,0.004142124419032397
JPN,2026-01-01,0.0,0.0009759814679346511
KAZ,2026-01-01,0.0,0.0
KEN,2026-01-01,0.0,0.12563812506477542
KGZ,2026-01-01,0.0,0.0
KHM,2026-01-01,0.0,0.6827515200020651
KOR,2026-01-01,0.0,0.0009759814679346511
KWT,2026-01-01,0.0,0.0
LAO,2026-01-01,0.0,0.0017830936006001654
LBN,2026-01-01,1.0,0.1475810064418217
LBR,2026-01-01,0.0,0.003878937252581251
LBY,2026-01-01,0.0,0.014479775879638073
LKA,2026-01-01,0.0,0.00023451346877792118
LSO,2026-01-01,0.0,0.0004428483177664816
LTU,2026-01-01,0.0,0.0
LUX,2026-01-01,0.0,0.0
LVA,2026-01-01,0.0,0.0
MAR,2026-01-01,0.0,0.012504898191089195
MDA,2026-01-01,0.0,0.00023451346877792118
MDG,2026-01-01,0.0,0.0
MDV,2026-01-01,0.0,0.0
MEX,2026-01-01,0.0,0.02792932243393679
MKD,2026-01-01,0.0,0.0
MLI,2026-01-01,0.0,0.6454553916349761
MLT,2026-01-01,0.0,0.0
MMR,2026-01-01,0.0,0.6862962450149226
MNE,2026-01-01,0.0,0.00023451346877792118
MNG,2026-01-01,0.0,0.002124604294510557
MOZ,2026-01-01,0.0,0.28441698744493754
MRT,2026-01-01,0.0,0.00929952725948227
MUS,2026-01-01,0.0,0.004875152253349574
MWI,2026-01-01,0.0,0.004522843217988051
MYS,2026-01-01,0.0,0.00023451346877792118
NAM,2026-01-01,0.0,0.007322525643465163
NER,2026-01-01,0.0,0.8560126094187409
NIC,2026-01-01,0.0,0.01126458790342052
NLD,2026-01-01,0.0,0.0
NOR,2026-01-01,0.0,0.0
NPL,2026-01-01,0.0,0.0
NZL,2026-01-01,0.0,0.0
OMN,2026-01-01,0.0,0.0
PAK,2026-01-01,0.0,0.5439576601714172
PAN,2026-01-01,0.0,0.008775168247351486
PER,2026-01-01,0.0,0.0012633157105657702
PHL,2026-01-01,0.0,0.31151377082710996
PNG,2026-01-01,0.0,0.0
POL,2026-01-01,0.0,0.0
PRK,2026-01-01,0.0,0.012236359878411606
PRT,2026-01-01,0.0,0.0
PRY,2026-01-01,0.0,0.0
QAT,2026-01-01,0.0,0.0
ROU,2026-01-01,0.0,0.0
RUS,2026-01-01,0.0,0.11321756740868943
RWA,2026-01-01,0.0,0.011940763315245122
SAU,2026-01-01,0.0,0.0004428483177664816
SEN,2026-01-01,0.0,0.007940365485010136
SGP,2026-01-01,0.0,0.0
SLB,2026-01-01,0.0,0.0006834301621771976
SLE,2026-01-01,0.0,0.00294144395419035
SLV,2026-01-01,0.0,0.009800828044458938
SOM,2026-01-01,0.0,0.4041697123990641
SRB,2026-01-01,0.0,0.00023451346877792118
STP,2026-01-01,0.0,0.00024058184441071598
SVK,2026-01-01,0.0,0.0
SVN,2026-01-01,0.0,0.0
SWE,2026-01-01,0.0,0.0
SWZ,2026-01-01,0.0,0.004211677793795026
SYC,2026-01-01,0.0,0.0
SYR,2026-01-01,0.0,0.6319684988790468
TCD,2026-01-01,0.0,0.3856913103682622
TGO,2026-01-01,0.0,0.007401692057118774
THA,2026-01-01,0.0,0.12256810904289049
TJK,2026-01-01,0.0,0.0024856388759509403
TKM,2026-01-01,0.0,0.0006834301621771976
TLS,2026-01-01,0.0,0.004211677793795026
TON,2026-01-01,0.0,0.0015425117561894495
TTO,2026-01-01,0.0,0.0
TUN,2026-01-01,0.0,0.0
TUR,2026-01-01,0.0,0.009223266176020766
TZA,2026-01-01,0.0,0.009895525430639079
UGA,2026-01-01,0.0,0.14477841419403706
UKR,2026-01-01,0.0,0.09795650828262172
URY,2026-01-01,0.0,0.0
USA,2026-01-01,0.0,0.0
UZB,2026-01-01,0.0,0.00023451346877792118
VEN,2026-01-01,0.0,0.16823670465806081
VNM,2026-01-01,0.0,0.0004428483177664816
VUT,2026-01-01,0.0,0.003169069038128138
WSM,2026-01-01,0.0,0.0004428483177664816
YEM,2026-01-01,0.0,0.4162914449000416
ZAF,2026-01-01,0.0,0.011750022825885475
ZMB,2026-01-01,0.0,0.0014748510716698407
ZWE,2026-01-01,0.0,0.018921570181918153
AFG,2026-02-01,1.0,0.8590099079428378
AGO,2026-02-01,0.0,0.00038701419873443665
ALB,2026-02-01,0.0,0.0
ARE,2026-02-01,0.0,0.0
ARG,2026-02-01,0.0,0.005
ARM,2026-02-01,0.0,0.015571286065727412
AUS,2026-02-01,0.0,0.0
AUT,2026-02-01,0.0,0.0
AZE,2026-02-01,0.0,0.030766329482042134
BDI,2026-02-01,0.0,0.00047154879161432175
BEL,2026-02-01,0.0,0.0
BEN,2026-02-01,0.0,0.001959706811140664
BFA,2026-02-01,0.0,0.6812141383176641
BGD,2026-02-01,0.0,0.015528532826098047
BGR,2026-02-01,0.0,0.0
BHR,2026-02-01,0.0,0.0
BHS,2026-02-01,0.0,0.0
BIH,2026-02-01,0.0,0.005969619430976057
BLR,2026-02-01,0.0,0.0
BLZ,2026-02-01,0.0,0.008153264303174736
BOL,2026-02-01,0.0,0.0
BRA,2026-02-01,0.0,0.0049202515937515215
BRB,2026-02-01,0.0,0.0
BRN,2026-02-01,0.0,0.0
BTN,2026-02-01,0.0,0.0
BWA,2026-02-01,0.0,0.0002192569902820523
CAF,2026-02-01,0.0,0.6293005038699673
CAN,2026-02-01,0.0,0.0009322414826425695
CHE,2026-02-01,0.0,0.0
CHL,2026-02-01,0.0,0.00463369781394009
CHN,2026-02-01,0.0,0.0024187519437334115
CIV,2026-02-01,0.0,0.003722478116260209
CMR,2026-02-01,0.0,0.5694170256297058
COD,2026-02-01,0.0,0.547887861793593
COL,2026-02-01,0.0,0.20272518374445284
COM,2026-02-01,0.0,0.005741689501494638
CRI,2026-02-01,0.0,0.0011134037931575674
CUB,2026-02-01,0.0,0.0
CYP,2026-02-01,0.0,0.0
CZE,2026-02-01,0.0,0.0
DEU,2026-02-01,0.0,0.0
DJI,2026-02-01,0.0,0.005410782873391869
DNK,2026-02-01,0.0,0.0
DOM,2026-02-01,0.0,0.004183444269260065
DZA,2026-02-01,0.0,0.0024620774057956285
ECU,2026-02-01,0.0,0.07445318467397881
EGY,2026-02-01,0.0,0.034643381438815485
ERI,2026-02-01,0.0,0.0016337234223552486
ESP,2026-02-01,0.0,0.0
EST,2026-02-01,0.0,0.0
ETH,2026-02-01,0.0,0.8636635530292256
FIN,2026-02-01,0.0,0.0
FJI,2026-02-01,0.0,0.0011134037931575674
FRA,2026-02-01,0.0,0.0024187519437334115
GAB,2026-02-01,0.0,0.0019719872248092378
GBR,2026-02-01,0.0,0.0
GEO,2026-02-01,0.0,0.00824676980156178
GHA,2026-02-01,0.0,0.00034092298095282495
GIN,2026-02-01,0.0,0.007190731311838381
GMB,2026-02-01,0.0,0.0036508551329844045
GNB,2026-02-01,0.0,0.024289296808462195
GNQ,2026-02-01,0.0,0.005189901143727577
GRC,2026-02-01,0.0,0.009047983256079462
GRD,2026-02-01,0.0,0.0
GTM,2026-02-01,0.0,0.02549482507284624
GUY,2026-02-01,0.0,0.002743032572858351
HND,2026-02-01,0.0,0.03279939403079209
HRV,2026-02-01,0.0,0.0
HTI,2026-02-01,0.0,0.7804289664839669
HUN,2026-02-01,0.0,0.0006621180245741278
IDN,2026-02-01,0.0,0.021507879859752634
IND,2026-02-01,0.0,0.1129356572379492
IRL,2026-02-01,0.0,0.0
IRQ,2026-02-01,0.0,0.11301956020796902
ISL,2026-02-01,0.0,0.0
ISR,2026-02-01,0.0,0.01959928410520402
ITA,2026-02-01,0.0,0.0
JAM,2026-02-01,0.0,0.0
JOR,2026-02-01,0.0,0.0019719872248092378
JPN,2026-02-01,0.0,0.0
KAZ,2026-02-01,0.0,0.0006621180245741278
KEN,2026-02-01,0.0,0.09332585141725419
KGZ,2026-02-01,0.0,0.0023732120589745453
KHM,2026-02-01,0.0,0.7150889354787485
KOR,2026-02-01,0.0,0.0
KWT,2026-02-01,0.0,0.005
LAO,2026-02-01,0.0,0.0002192569902820523
LBN,2026-02-01,1.0,0.20065711751628462
LBR,2026-02-01,0.0,0.006613093798106104
LBY,2026-02-01,0.0,0.0297208368160808
LKA,2026-02-01,0.0,0.0009322414826425695
LSO,2026-02-01,0.0,0.0038254386783079545
LTU,2026-02-01,0.0,0.0
LUX,2026-02-01,0.0,0.0
LVA,2026-02-01,0.0,0.0
MAR,2026-02-01,0.0,0.005481503960865359
MDA,2026-02-01,0.0,0.0009322414826425695
MDG,2026-02-01,0.0,0.00099174829815651
MDV,2026-02-01,0.0,0.0
MEX,2026-02-01,0.0,0.024032751033521586
MKD,2026-02-01,0.0,0.0
MLI,2026-02-01,0.0,0.6165055529630308
MLT,2026-02-01,0.0,0.0
MMR,2026-02-01,0.0,0.5395287773717015
MNE,2026-02-01,0.0,0.0
MNG,2026-02-01,0.0,0.0002192569902820523
MOZ,2026-02-01,0.0,0.5554719808600339
MRT,2026-02-01,0.0,0.010262664908065426
MUS,2026-02-01,0.0,0.0
MWI,2026-02-01,0.0,0.004798897655934853
MYS,2026-02-01,0.0,0.0
NAM,2026-02-01,0.0,0.019176541061516245
NER,2026-02-01,0.0,0.6376408358988859
NIC,2026-02-01,0.0,0.033184371617311345
NLD,2026-02-01,0.0,0.0011134037931575674
NOR,2026-02-01,0.0,0.0
NPL,2026-02-01,0.0,0.00034092298095282495
NZL,2026-02-01,0.0,0.0
OMN,2026-02-01,0.0,0.0
PAK,2026-02-01,0.0,0.6004294385307953
PAN,2026-02-01,0.0,0.003230380095387885
PER,2026-02-01,0.0,0.005601014386228595
PHL,2026-02-01,0.0,0.08670261387964404
PNG,2026-02-01,0.0,0.00038701419873443665
POL,2026-02-01,0.0,0.0009322414826425695
PRK,2026-02-01,0.0,0.009730014741714957
PRT,2026-02-01,0.0,0.0
PRY,2026-02-01,0.0,0.0011096097126003144
PSE,2026-02-01,0.0,0.31050346389659694
QAT,2026-02-01,0.0,0.0
ROU,2026-02-01,0.0,0.0
RUS,2026-02-01,0.0,0.10683159114724561
RWA,2026-02-01,0.0,0.007611825726260769
SAU,2026-02-01,0.0,0.0015810203283815464
SDN,2026-02-01,0.0,0.8907582017527957
SEN,2026-02-01,0.0,0.002532167196044115
SGP,2026-02-01,0.0,0.0
SLB,2026-02-01,0.0,0.006705790271080445
SLE,2026-02-01,0.0,0.00038701419873443665
SLV,2026-02-01,0.0,0.0024990345677183335
SOM,2026-02-01,0.0,0.5264728509501726
SRB,2026-02-01,0.0,0.0
SSD,2026-02-01,0.0,0.7546828530867326
STP,2026-02-01,0.0,0.0002192569902820523
SVK,2026-02-01,0.0,0.0
SVN,2026-02-01,0.0,0.0
SWE,2026-02-01,0.0,0.0
SWZ,2026-02-01,0.0,0.0007710453480491133
SYC,2026-02-01,0.0,0.0
SYR,2026-02-01,0.0,0.5330241374450511
TCD,2026-02-01,0.0,0.6177820676680796
TGO,2026-02-01,0.0,0.015937413895960956
THA,2026-02-01,0.0,0.45046970312138335
TJK,2026-02-01,0.0,0.0038013947254879055
TKM,2026-02-01,0.0,0.005299108678439993
TLS,2026-02-01,0.0,0.002743032572858351
TON,2026-02-01,0.0,0.0
TTO,2026-02-01,0.0,0.0
TUN,2026-02-01,0.0,0.011006947047832526
TUR,2026-02-01,0.0,0.03066196615690892
TZA,2026-02-01,0.0,0.008684877593029175
UGA,2026-02-01,0.0,0.27991601997240867
UKR,2026-02-01,0.0,0.11440056877761083
URY,2026-02-01,0.0,0.0
USA,2026-02-01,0.0,0.0024187519437334115
UZB,2026-02-01,0.0,0.0008373327023226569
VEN,2026-02-01,0.0,0.1540680003041106
VNM,2026-02-01,0.0,0.0011134037931575674
VUT,2026-02-01,0.0,0.0038013947254879055
WSM,2026-02-01,0.0,0.0
YEM,2026-02-01,0.0,0.44293637945828235
ZAF,2026-02-01,0.0,0.0011907636138796048
ZMB,2026-02-01,0.0,0.0006062711890164889
ZWE,2026-02-01,0.0,0.004965220386402117
