iso3,month,y_true,y_prob
AFG,2024-03-01,0.0,0.23060357801916623
AGO,2024-03-01,0.0,0.0
ALB,2024-03-01,0.0,0.0
ARE,2024-03-01,0.0,0.0
ARG,2024-03-01,0.0,0.0
ARM,2024-03-01,0.0,0.0
AUS,2024-03-01,0.0,0.0
AUT,2024-03-01,0.0,0.0
AZE,2024-03-01,0.0,0.0
BDI,2024-03-01,0.0,0.0
BEL,2024-03-01,0.0,0.0
BEN,2024-03-01,0.0,0.0
BFA,2024-03-01,1.0,0.8785524646719449
BGD,2024-03-01,0.0,0.009526929341374007
BGR,2024-03-01,0.0,0.0
BHR,2024-03-01,0.0,0.0
BHS,2024-03-01,0.0,0.0
BIH,2024-03-01,0.0,0.0
BLR,2024-03-01,0.0,0.0
BLZ,2024-03-01,0.0,0.0
BOL,2024-03-01,0.0,0.0
BRA,2024-03-01,0.0,0.0
BRB,2024-03-01,0.0,0.0
BRN,2024-03-01,0.0,0.0
BTN,2024-03-01,0.0,0.0
BWA,2024-03-01,0.0,0.0
CAF,2024-03-01,0.0,0.7341865237673904
CAN,2024-03-01,0.0,0.0
CHE,2024-03-01,0.0,0.0
CHL,2024-03-01,0.0,0.0
CHN,2024-03-01,0.0,0.0
CIV,2024-03-01,0.0,0.0
CMR,2024-03-01,0.0,0.7016802456882085
COL,2024-03-01,0.0,0.014410291501351863
COM,2024-03-01,0.0,0.0
CRI,2024-03-01,0.0,0.0
CUB,2024-03-01,0.0,0.0
CYP,2024-03-01,0.0,0.0
CZE,2024-03-01,0.0,0.0
DEU,2024-03-01,0.0,0.0
DJI,2024-03-01,0.0,0.0
DNK,2024-03-01,0.0,0.0
DOM,2024-03-01,0.0,0.0
DZA,2024-03-01,0.0,0.0
ECU,2024-03-01,0.0,0.0
EGY,2024-03-01,0.0,0.0
ERI,2024-03-01,0.0,0.0
ESP,2024-03-01,0.0,0.0
EST,2024-03-01,0.0,0.0
FIN,2024-03-01,0.0,0.0
FJI,2024-03-01,0.0,0.0
FRA,2024-03-01,0.0,0.0
GAB,2024-03-01,0.0,0.0
GBR,2024-03-01,0.0,0.0
GEO,2024-03-01,0.0,0.0
GHA,2024-03-01,0.0,0.0
GIN,2024-03-01,0.0,0.0
GMB,2024-03-01,0.0,0.0
GNB,2024-03-01,0.0,0.0
GNQ,2024-03-01,0.0,0.0
GRC,2024-03-01,0.0,0.0049861327786444795
GRD,2024-03-01,0.0,0.0
GTM,2024-03-01,0.0,0.0
GUY,2024-03-01,0.0,0.0
HND,2024-03-01,0.0,0.0
HRV,2024-03-01,0.0,0.0
HUN,2024-03-01,0.0,0.0
IDN,2024-03-01,0.0,0.034026540729463386
IND,2024-03-01,0.0,0.01
IRL,2024-03-01,0.0,0.0
IRN,2024-03-01,0.0,0.0
IRQ,2024-03-01,0.0,0.08153059792878864
ISL,2024-03-01,0.0,0.0
ISR,2024-03-01,0.0,0.10836557712653867
ITA,2024-03-01,0.0,0.0
JAM,2024-03-01,0.0,0.0
JOR,2024-03-01,0.0,0.02
JPN,2024-03-01,0.0,0.0
KAZ,2024-03-01,0.0,0.0
KEN,2024-03-01,0.0,0.3385894537204697
KGZ,2024-03-01,0.0,0.01
KHM,2024-03-01,0.0,0.0
KOR,2024-03-01,0.0,0.0
KWT,2024-03-01,0.0,0.0
LAO,2024-03-01,0.0,0.0
LBN,2024-03-01,0.0,0.23068259280946812
LBR,2024-03-01,0.0,0.0
LBY,2024-03-01,0.0,0.0
LKA,2024-03-01,0.0,0.0
LSO,2024-03-01,0.0,0.0
LTU,2024-03-01,0.0,0.0
LUX,2024-03-01,0.0,0.0
LVA,2024-03-01,0.0,0.0
MAR,2024-03-01,0.0,0.0
MDA,2024-03-01,0.0,0.0
MDG,2024-03-01,0.0,0.0
MDV,2024-03-01,0.0,0.0
MEX,2024-03-01,0.0,0.00977896621428309
MKD,2024-03-01,0.0,0.0
MLT,2024-03-01,0.0,0.0
MNE,2024-03-01,0.0,0.0
MNG,2024-03-01,0.0,0.0
MRT,2024-03-01,0.0,0.0
MUS,2024-03-01,0.0,0.0
MWI,2024-03-01,0.0,0.0
MYS,2024-03-01,0.0,0.0
NAM,2024-03-01,0.0,0.0
NER,2024-03-01,0.0,0.7780903886120982
NIC,2024-03-01,0.0,0.0
NLD,2024-03-01,0.0,0.0
NOR,2024-03-01,0.0,0.0
NPL,2024-03-01,0.0,0.0
NZL,2024-03-01,0.0,0.0
OMN,2024-03-01,0.0,0.0
PAK,2024-03-01,0.0,0.009687417207492515
PAN,2024-03-01,0.0,0.004687143555483136
PER,2024-03-01,0.0,0.0
PHL,2024-03-01,0.0,0.721293104567404
PNG,2024-03-01,0.0,0.03481393657257752
POL,2024-03-01,0.0,0.0
PRK,2024-03-01,0.0,0.0
PRT,2024-03-01,0.0,0.0
PRY,2024-03-01,0.0,0.0
PSE,2024-03-01,0.0,0.16851984566062528
QAT,2024-03-01,0.0,0.0
ROU,2024-03-01,0.0,0.0
RUS,2024-03-01,0.0,0.04363598930951698
RWA,2024-03-01,0.0,0.0
SAU,2024-03-01,0.0,0.0
SDN,2024-03-01,0.0,0.8687011574243136
SEN,2024-03-01,0.0,0.0
SGP,2024-03-01,0.0,0.0
SLB,2024-03-01,0.0,0.0
SLE,2024-03-01,0.0,0.0
SLV,2024-03-01,0.0,0.0
SRB,2024-03-01,0.0,0.0
STP,2024-03-01,0.0,0.0
SVK,2024-03-01,0.0,0.0
SVN,2024-03-01,0.0,0.0
SWE,2024-03-01,0.0,0.0
SWZ,2024-03-01,0.0,0.0
SYC,2024-03-01,0.0,0.0
SYR,2024-03-01,0.0,0.641546786186296
TCD,2024-03-01,0.0,0.391914354866534
TGO,2024-03-01,0.0,0.0
THA,2024-03-01,0.0,0.0
TJK,2024-03-01,0.0,0.0
TKM,2024-03-01,0.0,0.0
TLS,2024-03-01,0.0,0.0
TON,2024-03-01,0.0,0.0
TTO,2024-03-01,0.0,0.0
TUN,2024-03-01,0.0,0.0
TUR,2024-03-01,0.0,0.0
TZA,2024-03-01,0.0,0.0
UGA,2024-03-01,0.0,0.005
UKR,2024-03-01,1.0,0.20626723527262678
URY,2024-03-01,0.0,0.0
USA,2024-03-01,0.0,0.0
UZB,2024-03-01,0.0,0.0
VEN,2024-03-01,0.0,0.0
VNM,2024-03-01,0.0,0.0
VUT,2024-03-01,0.0,0.0
WSM,2024-03-01,0.0,0.0
YEM,2024-03-01,0.0,0.09804600224711113
ZAF,2024-03-01,0.0,0.0
ZMB,2024-03-01,0.0,0.0
ZWE,2024-03-01,0.0,0.0
AFG,2024-04-01,0.0,0.12433550679725953
AGO,2024-04-01,0.0,0.0
ALB,2024-04-01,0.0,0.0
ARE,2024-04-01,0.0,0.0
ARG,2024-04-01,0.0,0.0
ARM,2024-04-01,0.0,0.0
AUS,2024-04-01,0.0,0.0
AUT,2024-04-01,0.0,0.0
AZE,2024-04-01,0.0,0.0
BDI,2024-04-01,0.0,0.0
BEL,2024-04-01,0.0,0.0
BEN,2024-04-01,0.0,0.0
BFA,2024-04-01,1.0,0.8617266058855815
BGD,2024-04-01,0.0,0.0
BGR,2024-04-01,0.0,0.0
BHR,2024-04-01,0.0,0.0
BHS,2024-04-01,0.0,0.0
BIH,2024-04-01,0.0,0.0
BLR,2024-04-01,0.0,0.0
BLZ,2024-04-01,0.0,0.0
BOL,2024-04-01,0.0,0.0
BRA,2024-04-01,0.0,0.014411941840891784
BRB,2024-04-01,0.0,0.0
BRN,2024-04-01,0.0,0.0
BTN,2024-04-01,0.0,0.0
BWA,2024-04-01,0.0,0.0
CAF,2024-04-01,0.0,0.6983060278385548
CAN,2024-04-01,0.0,0.0
CHE,2024-04-01,0.0,0.0
CHL,2024-04-01,0.0,0.0
CHN,2024-04-01,0.0,0.0
CIV,2024-04-01,0.0,0.0
CMR,2024-04-01,0.0,0.7925075246680116
COL,2024-04-01,0.0,0.022463022791504764
COM,2024-04-01,0.0,0.0
CRI,2024-04-01,0.0,0.0
CUB,2024-04-01,0.0,0.0
CYP,2024-04-01,0.0,0.0
CZE,2024-04-01,0.0,0.0
DEU,2024-04-01,0.0,0.0
DJI,2024-04-01,0.0,0.0
DNK,2024-04-01,0.0,0.0
DOM,2024-04-01,0.0,0.0
DZA,2024-04-01,0.0,0.0
ECU,2024-04-01,0.0,0.0035687197993761076
EGY,2024-04-01,0.0,0.0
ERI,2024-04-01,0.0,0.0
ESP,2024-04-01,0.0,0.0
EST,2024-04-01,0.0,0.0
FIN,2024-04-01,0.0,0.0
FJI,2024-04-01,0.0,0.0
FRA,2024-04-01,0.0,0.0
GAB,2024-04-01,0.0,0.0
GBR,2024-04-01,0.0,0.0
GEO,2024-04-01,0.0,0.0
GHA,2024-04-01,0.0,0.0
GIN,2024-04-01,0.0,0.0
GMB,2024-04-01,0.0,0.0
GNB,2024-04-01,0.0,0.0
GNQ,2024-04-01,0.0,0.0
GRC,2024-04-01,0.0,0.0
GRD,2024-04-01,0.0,0.0
GTM,2024-04-01,0.0,0.0
GUY,2024-04-01,0.0,0.0
HND,2024-04-01,0.0,0.0
HRV,2024-04-01,0.0,0.0
HUN,2024-04-01,0.0,0.0
IDN,2024-04-01,0.0,0.014785835082636875
IND,2024-04-01,0.0,0.0
IRL,2024-04-01,0.0,0.0
IRN,2024-04-01,0.0,0.0
IRQ,2024-04-01,0.0,0.041727862634013464
ISL,2024-04-01,0.0,0.0
ISR,2024-04-01,0.0,0.2271363747251383
ITA,2024-04-01,0.0,0.0
JAM,2024-04-01,0.0,0.0
JOR,2024-04-01,0.0,0.0
JPN,2024-04-01,0.0,0.0022355262653741526
KAZ,2024-04-01,0.0,0.0
KEN,2024-04-01,0.0,0.16599800246008964
KGZ,2024-04-01,0.0,0.0
KHM,2024-04-01,0.0,0.0
KOR,2024-04-01,0.0,0.0
KWT,2024-04-01,0.0,0.0
LAO,2024-04-01,0.0,0.0
LBN,2024-04-01,0.0,0.08087774335374565
LBR,2024-04-01,0.0,0.0
LBY,2024-04-01,0.0,0.0
LKA,2024-04-01,0.0,0.0
LSO,2024-04-01,0.0,0.0
LTU,2024-04-01,0.0,0.0
LUX,2024-04-01,0.0,0.0
LVA,2024-04-01,0.0,0.0
MAR,2024-04-01,0.0,0.00483085530440131
MDA,2024-04-01,0.0,0.0
MDG,2024-04-01,0.0,0.0
MDV,2024-04-01,0.0,0.0
MEX,2024-04-01,0.0,0.0
MKD,2024-04-01,0.0,0.0
MLT,2024-04-01,0.0,0.0
MNE,2024-04-01,0.0,0.0
MNG,2024-04-01,0.0,0.0
MRT,2024-04-01,0.0,0.0
MUS,2024-04-01,0.0,0.0
MWI,2024-04-01,0.0,0.0
MYS,2024-04-01,0.0,0.0
NAM,2024-04-01,0.0,0.0
NER,2024-04-01,0.0,0.9407112255340578
NGA,2024-04-01,0.0,0.8031566298630258
NIC,2024-04-01,0.0,0.0
NLD,2024-04-01,0.0,0.0
NOR,2024-04-01,0.0,0.0
NPL,2024-04-01,0.0,0.0
NZL,2024-04-01,0.0,0.0
OMN,2024-04-01,0.0,0.0
PAK,2024-04-01,0.0,0.0044200385518640365
PAN,2024-04-01,0.0,0.0
PER,2024-04-01,0.0,0.0
PHL,2024-04-01,0.0,0.49141403849747106
PNG,2024-04-01,0.0,0.02821627837061249
POL,2024-04-01,0.0,0.0
PRK,2024-04-01,0.0,0.0
PRT,2024-04-01,0.0,0.0
PRY,2024-04-01,0.0,0.0
PSE,2024-04-01,1.0,0.08287743605034255
QAT,2024-04-01,0.0,0.0
ROU,2024-04-01,0.0,0.0
RUS,2024-04-01,0.0,0.029773927119336355
RWA,2024-04-01,0.0,0.0
SAU,2024-04-01,0.0,0.0
SDN,2024-04-01,0.0,0.7577118450560986
SEN,2024-04-01,0.0,0.0
SGP,2024-04-01,0.0,0.0
SLB,2024-04-01,0.0,0.0
SLE,2024-04-01,0.0,0.0
SLV,2024-04-01,0.0,0.0
SRB,2024-04-01,0.0,0.0
STP,2024-04-01,0.0,0.0
SVK,2024-04-01,0.0,0.0
SVN,2024-04-01,0.0,0.0
SWE,2024-04-01,0.0,0.0
SWZ,2024-04-01,0.0,0.0
SYC,2024-04-01,0.0,0.0
SYR,2024-04-01,0.0,0.2969069013991417
TCD,2024-04-01,0.0,0.03203353369519968
TGO,2024-04-01,0.0,0.0
THA,2024-04-01,0.0,0.0
TJK,2024-04-01,0.0,0.0
TKM,2024-04-01,0.0,0.0
TLS,2024-04-01,0.0,0.0
TON,2024-04-01,0.0,0.0
TTO,2024-04-01,0.0,0.0
TUN,2024-04-01,0.0,0.0
TUR,2024-04-01,0.0,0.01
TZA,2024-04-01,0.0,0.0
UGA,2024-04-01,0.0,0.0
UKR,2024-04-01,1.0,0.16533230851929429
URY,2024-04-01,0.0,0.0
USA,2024-04-01,0.0,0.0
UZB,2024-04-01,0.0,0.0
VEN,2024-04-01,0.0,0.0
VNM,2024-04-01,0.0,0.0
VUT,2024-04-01,0.0,0.0
WSM,2024-04-01,0.0,0.0
YEM,2024-04-01,0.0,0.08194549858731585
ZAF,2024-04-01,0.0,0.0
ZMB,2024-04-01,0.0,0.0
ZWE,2024-04-01,0.0,0.0
AFG,2024-05-01,0.0,0.18137121181280236
AGO,2024-05-01,0.0,0.0
ALB,2024-05-01,0.0,0.0
ARE,2024-05-01,0.0,0.0
ARG,2024-05-01,0.0,0.0
ARM,2024-05-01,0.0,0.0
AUS,2024-05-01,0.0,0.0
AUT,2024-05-01,0.0,0.0
AZE,2024-05-01,0.0,0.0
BDI,2024-05-01,0.0,0.004933958173509889
BEL,2024-05-01,0.0,0.0
BEN,2024-05-01,0.0,0.0
BGD,2024-05-01,0.0,0.01338993255483955
BGR,2024-05-01,0.0,0.0
BHR,2024-05-01,0.0,0.0
BHS,2024-05-01,0.0,0.0
BIH,2024-05-01,0.0,0.0
BLR,2024-05-01,0.0,0.0
BLZ,2024-05-01,0.0,0.0
BOL,2024-05-01,0.0,0.0
BRA,2024-05-01,0.0,0.004597442153191081
BRB,2024-05-01,0.0,0.0
BRN,2024-05-01,0.0,0.0
BTN,2024-05-01,0.0,0.0
BWA,2024-05-01,0.0,0.0
CAF,2024-05-01,0.0,0.5132555871425353
CAN,2024-05-01,0.0,0.0
CHE,2024-05-01,0.0,0.0
CHL,2024-05-01,0.0,0.0
CHN,2024-05-01,0.0,0.005
CIV,2024-05-01,0.0,0.0
CMR,2024-05-01,0.0,0.8017149378343659
COL,2024-05-01,0.0,0.012278405631227294
COM,2024-05-01,0.0,0.0
CRI,2024-05-01,0.0,0.0
CUB,2024-05-01,0.0,0.0
CYP,2024-05-01,0.0,0.0
CZE,2024-05-01,0.0,0.0
DEU,2024-05-01,0.0,0.0
DJI,2024-05-01,0.0,0.0
DNK,2024-05-01,0.0,0.0
DOM,2024-05-01,0.0,0.0
DZA,2024-05-01,0.0,0.0
ECU,2024-05-01,0.0,0.038028113182543455
EGY,2024-05-01,0.0,0.0
ERI,2024-05-01,0.0,0.0
ESP,2024-05-01,0.0,0.0
EST,2024-05-01,0.0,0.0
FIN,2024-05-01,0.0,0.0
FJI,2024-05-01,0.0,0.0
FRA,2024-05-01,0.0,0.0
GAB,2024-05-01,0.0,0.0
GBR,2024-05-01,0.0,0.0
GEO,2024-05-01,0.0,0.0
GHA,2024-05-01,0.0,0.0
GIN,2024-05-01,0.0,0.0
GMB,2024-05-01,0.0,0.0
GNB,2024-05-01,0.0,0.002509117123229583
GNQ,2024-05-01,0.0,0.0
GRC,2024-05-01,0.0,0.0
GRD,2024-05-01,0.0,0.0
GTM,2024-05-01,0.0,0.0
GUY,2024-05-01,0.0,0.0
HND,2024-05-01,0.0,0.0
HRV,2024-05-01,0.0,0.0
HTI,2024-05-01,0.0,0.8957319453104841
HUN,2024-05-01,0.0,0.0
IDN,2024-05-01,0.0,0.028999978534230076
IND,2024-05-01,0.0,0.0
IRL,2024-05-01,0.0,0.0
IRN,2024-05-01,0.0,0.005
IRQ,2024-05-01,0.0,0.04383452116647282
ISL,2024-05-01,0.0,0.0
ISR,2024-05-01,0.0,0.029291537323392035
ITA,2024-05-01,0.0,0.0
JAM,2024-05-01,0.0,0.0
JOR,2024-05-01,0.0,0.0
JPN,2024-05-01,0.0,0.0
KAZ,2024-05-01,0.0,0.0046863614763187076
KEN,2024-05-01,0.0,0.08014867077498518
KGZ,2024-05-01,0.0,0.0
KHM,2024-05-01,0.0,0.0
KOR,2024-05-01,0.0,0.0
KWT,2024-05-01,0.0,0.0
LAO,2024-05-01,0.0,0.0
LBN,2024-05-01,0.0,0.08850167126821847
LBR,2024-05-01,0.0,0.0
LBY,2024-05-01,0.0,0.004931244270355863
LKA,2024-05-01,0.0,0.0
LSO,2024-05-01,0.0,0.0
LTU,2024-05-01,0.0,0.0
LUX,2024-05-01,0.0,0.0
LVA,2024-05-01,0.0,0.0
MAR,2024-05-01,0.0,0.005
MDA,2024-05-01,0.0,0.0
MDG,2024-05-01,0.0,0.0
MDV,2024-05-01,0.0,0.0
MEX,2024-05-01,0.0,0.0045903801396431345
MKD,2024-05-01,0.0,0.0
MLT,2024-05-01,0.0,0.0
MNE,2024-05-01,0.0,0.0
MNG,2024-05-01,0.0,0.0
MRT,2024-05-01,0.0,0.0
MUS,2024-05-01,0.0,0.0
MWI,2024-05-01,0.0,0.0
MYS,2024-05-01,0.0,0.0
NAM,2024-05-01,0.0,0.0
NER,2024-05-01,0.0,0.5962494680743693
NGA,2024-05-01,0.0,0.6591968022307476
NIC,2024-05-01,0.0,0.0
NLD,2024-05-01,0.0,0.0
NOR,2024-05-01,0.0,0.0
NPL,2024-05-01,0.0,0.0
NZL,2024-05-01,0.0,0.0
OMN,2024-05-01,0.0,0.0
PAK,2024-05-01,0.0,0.004911502164557445
PAN,2024-05-01,0.0,0.0
PER,2024-05-01,0.0,0.0
PHL,2024-05-01,0.0,0.7848102604632838
PNG,2024-05-01,0.0,0.06948542556308634
POL,2024-05-01,0.0,0.0
PRK,2024-05-01,0.0,0.0
PRT,2024-05-01,0.0,0.0
PRY,2024-05-01,0.0,0.0
PSE,2024-05-01,1.0,0.07319726393978765
QAT,2024-05-01,0.0,0.0
ROU,2024-05-01,0.0,0.0
RUS,2024-05-01,0.0,0.014516171848927928
RWA,2024-05-01,0.0,0.0
SAU,2024-05-01,0.0,0.0
SDN,2024-05-01,0.0,0.7450292789748041
SEN,2024-05-01,0.0,0.0
SGP,2024-05-01,0.0,0.0
SLB,2024-05-01,0.0,0.0
SLE,2024-05-01,0.0,0.0
SLV,2024-05-01,0.0,0.0
SOM,2024-05-01,1.0,0.8929478329880476
SRB,2024-05-01,0.0,0.0
SSD,2024-05-01,0.0,0.5837244130360274
STP,2024-05-01,0.0,0.0
SVK,2024-05-01,0.0,0.0
SVN,2024-05-01,0.0,0.0
SWE,2024-05-01,0.0,0.0
SWZ,2024-05-01,0.0,0.0
SYC,2024-05-01,0.0,0.0
SYR,2024-05-01,0.0,0.20029816218870825
TCD,2024-05-01,0.0,0.051896957574989015
TGO,2024-05-01,0.0,0.0
THA,2024-05-01,0.0,0.0
TJK,2024-05-01,0.0,0.0
TKM,2024-05-01,0.0,0.0
TLS,2024-05-01,0.0,0.0
TON,2024-05-01,0.0,0.0
TTO,2024-05-01,0.0,0.0
TUN,2024-05-01,0.0,0.0
TUR,2024-05-01,0.0,0.0
TZA,2024-05-01,0.0,0.0
UGA,2024-05-01,0.0,0.00952987384748526
UKR,2024-05-01,0.0,0.4834309612834338
URY,2024-05-01,0.0,0.0
USA,2024-05-01,0.0,0.0
UZB,2024-05-01,0.0,0.0
VEN,2024-05-01,0.0,0.004597442153191081
VNM,2024-05-01,0.0,0.0
VUT,2024-05-01,0.0,0.0
WSM,2024-05-01,0.0,0.0
YEM,2024-05-01,0.0,0.024017250015375368
ZAF,2024-05-01,0.0,0.0
ZMB,2024-05-01,0.0,0.0
ZWE,2024-05-01,0.0,0.0
AFG,2024-06-01,0.0,0.17014746507383877
AGO,2024-06-01,0.0,0.0
ALB,2024-06-01,0.0,0.0
ARE,2024-06-01,0.0,0.0
ARG,2024-06-01,0.0,0.0
ARM,2024-06-01,0.0,0.0
AUS,2024-06-01,0.0,0.0
AUT,2024-06-01,0.0,0.0
AZE,2024-06-01,0.0,0.0
BDI,2024-06-01,0.0,0.0
BEL,2024-06-01,0.0,0.0
BEN,2024-06-01,0.0,0.0
BGD,2024-06-01,0.0,0.0045114534670589465
BGR,2024-06-01,0.0,0.0
BHR,2024-06-01,0.0,0.0
BHS,2024-06-01,0.0,0.0
BIH,2024-06-01,0.0,0.0
BLR,2024-06-01,0.0,0.0
BLZ,2024-06-01,0.0,0.0
BOL,2024-06-01,0.0,0.0
BRA,2024-06-01,0.0,0.004750116622941984
BRB,2024-06-01,0.0,0.0
BRN,2024-06-01,0.0,0.0
BTN,2024-06-01,0.0,0.0
BWA,2024-06-01,0.0,0.0
CAF,2024-06-01,0.0,0.3934269876484368
CAN,2024-06-01,0.0,0.0
CHE,2024-06-01,0.0,0.0
CHL,2024-06-01,0.0,0.0
CHN,2024-06-01,0.0,0.0
CIV,2024-06-01,0.0,0.0
CMR,2024-06-01,0.0,0.8127132941459753
COL,2024-06-01,0.0,0.037985745047621956
COM,2024-06-01,0.0,0.0
CRI,2024-06-01,0.0,0.0
CUB,2024-06-01,0.0,0.0
CYP,2024-06-01,0.0,0.0
CZE,2024-06-01,0.0,0.0
DEU,2024-06-01,0.0,0.0
DJI,2024-06-01,0.0,0.0
DNK,2024-06-01,0.0,0.0
DOM,2024-06-01,0.0,0.0
DZA,2024-06-01,0.0,0.0
ECU,2024-06-01,0.0,0.009467075503357111
EGY,2024-06-01,0.0,0.0
ERI,2024-06-01,0.0,0.0
ESP,2024-06-01,0.0,0.0
EST,2024-06-01,0.0,0.0
FIN,2024-06-01,0.0,0.0
FJI,2024-06-01,0.0,0.0
FRA,2024-06-01,0.0,0.0
GAB,2024-06-01,0.0,0.0
GBR,2024-06-01,0.0,0.0
GEO,2024-06-01,0.0,0.0
GHA,2024-06-01,0.0,0.0
GIN,2024-06-01,0.0,0.0
GMB,2024-06-01,0.0,0.0
GNB,2024-06-01,0.0,0.0
GNQ,2024-06-01,0.0,0.0
GRC,2024-06-01,0.0,0.0
GRD,2024-06-01,0.0,0.0
GTM,2024-06-01,0.0,0.0
GUY,2024-06-01,0.0,0.0
HND,2024-06-01,0.0,0.0
HRV,2024-06-01,0.0,0.0
HTI,2024-06-01,0.0,0.7288060592748181
HUN,2024-06-01,0.0,0.0
IDN,2024-06-01,0.0,0.03349731573150839
IND,2024-06-01,0.0,0.0
IRL,2024-06-01,0.0,0.0
IRN,2024-06-01,0.0,0.0
IRQ,2024-06-01,0.0,0.05793364201272072
ISL,2024-06-01,0.0,0.0
ISR,2024-06-01,0.0,0.0496689067738739
ITA,2024-06-01,0.0,0.0
JAM,2024-06-01,0.0,0.0
JOR,2024-06-01,0.0,0.0
JPN,2024-06-01,0.0,0.0
KAZ,2024-06-01,0.0,0.005
KEN,2024-06-01,0.0,0.04114174437328773
KGZ,2024-06-01,0.0,0.0
KHM,2024-06-01,0.0,0.0
KOR,2024-06-01,0.0,0.0
KWT,2024-06-01,0.0,0.0
LAO,2024-06-01,0.0,0.0
LBN,2024-06-01,0.0,0.09973699288459546
LBR,2024-06-01,0.0,0.0
LBY,2024-06-01,0.0,0.00981230448383733
LKA,2024-06-01,0.0,0.0
LSO,2024-06-01,0.0,0.0
LTU,2024-06-01,0.0,0.0
LUX,2024-06-01,0.0,0.0
LVA,2024-06-01,0.0,0.0
MAR,2024-06-01,0.0,0.005
MDA,2024-06-01,0.0,0.0
MDG,2024-06-01,0.0,0.0
MDV,2024-06-01,0.0,0.0
MEX,2024-06-01,0.0,0.0
MKD,2024-06-01,0.0,0.0
MLI,2024-06-01,0.0,0.7996202121288709
MLT,2024-06-01,0.0,0.0
MNE,2024-06-01,0.0,0.0
MNG,2024-06-01,0.0,0.0
MOZ,2024-06-01,0.0,0.49505691968774324
MRT,2024-06-01,0.0,0.0
MUS,2024-06-01,0.0,0.0
MWI,2024-06-01,0.0,0.0
MYS,2024-06-01,0.0,0.0
NAM,2024-06-01,0.0,0.0
NER,2024-06-01,0.0,0.7547633613907724
NGA,2024-06-01,0.0,0.45514290923643846
NIC,2024-06-01,0.0,0.0
NLD,2024-06-01,0.0,0.0
NOR,2024-06-01,0.0,0.0
NPL,2024-06-01,0.0,0.0
NZL,2024-06-01,0.0,0.0
OMN,2024-06-01,0.0,0.0
PAK,2024-06-01,0.0,0.004784671823909402
PAN,2024-06-01,0.0,0.0
PER,2024-06-01,0.0,0.0
PHL,2024-06-01,0.0,0.5456417915744333
PNG,2024-06-01,0.0,0.018577792569465935
POL,2024-06-01,0.0,0.0
PRK,2024-06-01,0.0,0.0
PRT,2024-06-01,0.0,0.0
PRY,2024-06-01,0.0,0.0
QAT,2024-06-01,0.0,0.0
ROU,2024-06-01,0.0,0.0
RUS,2024-06-01,1.0,0.03807995378757182
RWA,2024-06-01,0.0,0.0
SAU,2024-06-01,0.0,0.0
SDN,2024-06-01,0.0,0.6141935181529685
SEN,2024-06-01,0.0,0.0
SGP,2024-06-01,0.0,0.0
SLB,2024-06-01,0.0,0.0
SLE,2024-06-01,0.0,0.0
SLV,2024-06-01,0.0,0.0
SOM,2024-06-01,1.0,0.9088025834747885
SRB,2024-06-01,0.0,0.0
SSD,2024-06-01,0.0,0.5370558222372773
STP,2024-06-01,0.0,0.0
SVK,2024-06-01,0.0,0.0
SVN,2024-06-01,0.0,0.0
SWE,2024-06-01,0.0,0.0
SWZ,2024-06-01,0.0,0.0
SYC,2024-06-01,0.0,0.0
SYR,2024-06-01,0.0,0.22442203863250149
TCD,2024-06-01,0.0,0.19218938797868468
TGO,2024-06-01,0.0,0.0
THA,2024-06-01,0.0,0.0
TJK,2024-06-01,0.0,0.0
TKM,2024-06-01,0.0,0.0
TLS,2024-06-01,0.0,0.0
TON,2024-06-01,0.0,0.0
TTO,2024-06-01,0.0,0.0
TUN,2024-06-01,0.0,0.0
TUR,2024-06-01,0.0,0.009955397703807713
TZA,2024-06-01,0.0,0.0
UGA,2024-06-01,0.0,0.004189302423015152
UKR,2024-06-01,1.0,0.6625807587915051
URY,2024-06-01,0.0,0.0
USA,2024-06-01,0.0,0.0
UZB,2024-06-01,0.0,0.0
VEN,2024-06-01,0.0,0.0
VNM,2024-06-01,0.0,0.0
VUT,2024-06-01,0.0,0.0
WSM,2024-06-01,0.0,0.0
YEM,2024-06-01,0.0,0.023402474697303662
ZAF,2024-06-01,0.0,0.0
ZMB,2024-06-01,0.0,0.0
ZWE,2024-06-01,0.0,0.0
AFG,2024-07-01,0.0,0.20910257321143633
AGO,2024-07-01,0.0,0.0
ALB,2024-07-01,0.0,0.0
ARE,2024-07-01,0.0,0.0
ARG,2024-07-01,0.0,0.0
ARM,2024-07-01,0.0,0.0
AUS,2024-07-01,0.0,0.0
AUT,2024-07-01,0.0,0.0
AZE,2024-07-01,0.0,0.0
BDI,2024-07-01,0.0,0.0
BEL,2024-07-01,0.0,0.0
BEN,2024-07-01,0.0,0.0
BGD,2024-07-01,0.0,0.010682766258907008
BGR,2024-07-01,0.0,0.0
BHR,2024-07-01,0.0,0.0
BHS,2024-07-01,0.0,0.0
BIH,2024-07-01,0.0,0.0
BLR,2024-07-01,0.0,0.0
BLZ,2024-07-01,0.0,0.0
BOL,2024-07-01,0.0,0.0
BRA,2024-07-01,0.0,0.0
BRB,2024-07-01,0.0,0.0
BRN,2024-07-01,0.0,0.0
BTN,2024-07-01,0.0,0.0
BWA,2024-07-01,0.0,0.0
CAF,2024-07-01,0.0,0.5239304928674732
CAN,2024-07-01,0.0,0.0
CHE,2024-07-01,0.0,0.0
CHL,2024-07-01,0.0,0.0
CHN,2024-07-01,0.0,0.0
CIV,2024-07-01,0.0,0.0
CMR,2024-07-01,0.0,0.49621207808738954
COL,2024-07-01,0.0,0.06633916413758041
COM,2024-07-01,0.0,0.0
CRI,2024-07-01,0.0,0.0
CUB,2024-07-01,0.0,0.0
CYP,2024-07-01,0.0,0.0
CZE,2024-07-01,0.0,0.0
DEU,2024-07-01,0.0,0.0
DJI,2024-07-01,0.0,0.0
DNK,2024-07-01,0.0,0.0
DOM,2024-07-01,0.0,0.0
DZA,2024-07-01,0.0,0.0
ECU,2024-07-01,0.0,0.009248279081405545
EGY,2024-07-01,0.0,0.0
ERI,2024-07-01,0.0,0.0
ESP,2024-07-01,0.0,0.0
EST,2024-07-01,0.0,0.0
FIN,2024-07-01,0.0,0.0
FJI,2024-07-01,0.0,0.0
FRA,2024-07-01,0.0,0.0
GAB,2024-07-01,0.0,0.0
GBR,2024-07-01,0.0,0.0
GEO,2024-07-01,0.0,0.0
GHA,2024-07-01,0.0,0.0
GIN,2024-07-01,0.0,0.0
GMB,2024-07-01,0.0,0.0
GNB,2024-07-01,0.0,0.0
GNQ,2024-07-01,0.0,0.0
GRC,2024-07-01,0.0,0.0
GRD,2024-07-01,0.0,0.0
GTM,2024-07-01,0.0,0.005
GUY,2024-07-01,0.0,0.0
HND,2024-07-01,0.0,0.004252946686987039
HRV,2024-07-01,0.0,0.0
HTI,2024-07-01,0.0,0.6033684611046343
HUN,2024-07-01,0.0,0.0
IDN,2024-07-01,0.0,0.024196135410788636
IND,2024-07-01,0.0,0.01
IRL,2024-07-01,0.0,0.0
IRN,2024-07-01,0.0,0.004871996796583023
IRQ,2024-07-01,0.0,0.029230273862698598
ISL,2024-07-01,0.0,0.0
ISR,2024-07-01,0.0,0.04914962529712967
ITA,2024-07-01,0.0,0.0
JAM,2024-07-01,0.0,0.0
JOR,2024-07-01,0.0,0.0
JPN,2024-07-01,0.0,0.0
KAZ,2024-07-01,0.0,0.009962746430999321
KEN,2024-07-01,0.0,0.04329383466530369
KGZ,2024-07-01,0.0,0.0
KHM,2024-07-01,0.0,0.0
KOR,2024-07-01,0.0,0.0
KWT,2024-07-01,0.0,0.0
LAO,2024-07-01,0.0,0.0
LBN,2024-07-01,1.0,0.12548604430196747
LBR,2024-07-01,0.0,0.0
LBY,2024-07-01,0.0,0.014540034161756978
LKA,2024-07-01,0.0,0.0
LSO,2024-07-01,0.0,0.0
LTU,2024-07-01,0.0,0.0
LUX,2024-07-01,0.0,0.0
LVA,2024-07-01,0.0,0.0
MAR,2024-07-01,0.0,0.0
MDA,2024-07-01,0.0,0.0
MDG,2024-07-01,0.0,0.004236715648722056
MDV,2024-07-01,0.0,0.0
MEX,2024-07-01,0.0,0.0
MKD,2024-07-01,0.0,0.0
MLI,2024-07-01,0.0,0.8584127651063724
MLT,2024-07-01,0.0,0.0
MNE,2024-07-01,0.0,0.0
MNG,2024-07-01,0.0,0.0
MOZ,2024-07-01,0.0,0.4067576504657319
MRT,2024-07-01,0.0,0.0
MUS,2024-07-01,0.0,0.0
MWI,2024-07-01,0.0,0.0
MYS,2024-07-01,0.0,0.0
NAM,2024-07-01,0.0,0.0
NER,2024-07-01,0.0,0.8022662676415652
NGA,2024-07-01,0.0,0.3457135237814592
NIC,2024-07-01,0.0,0.0
NLD,2024-07-01,0.0,0.0
NOR,2024-07-01,0.0,0.0
NPL,2024-07-01,0.0,0.0
NZL,2024-07-01,0.0,0.0
OMN,2024-07-01,0.0,0.0
PAK,2024-07-01,0.0,0.00953859825442634
PAN,2024-07-01,0.0,0.0
PER,2024-07-01,0.0,0.0
PHL,2024-07-01,0.0,0.6454152693008349
PNG,2024-07-01,0.0,0.07007969712184167
POL,2024-07-01,0.0,0.0
PRK,2024-07-01,0.0,0.0
PRT,2024-07-01,0.0,0.0
PRY,2024-07-01,0.0,0.0
QAT,2024-07-01,0.0,0.0
ROU,2024-07-01,0.0,0.0
RUS,2024-07-01,1.0,0.05830600868210027
RWA,2024-07-01,0.0,0.0
SAU,2024-07-01,0.0,0.0
SDN,2024-07-01,0.0,0.5807031321710321
SEN,2024-07-01,0.0,0.0
SGP,2024-07-01,0.0,0.0
SLB,2024-07-01,0.0,0.0
SLE,2024-07-01,0.0,0.0
SLV,2024-07-01,0.0,0.0
SRB,2024-07-01,0.0,0.0
SSD,2024-07-01,0.0,0.4620585392277152
STP,2024-07-01,0.0,0.0
SVK,2024-07-01,0.0,0.0
SVN,2024-07-01,0.0,0.0
SWE,2024-07-01,0.0,0.0
SWZ,2024-07-01,0.0,0.01
SYC,2024-07-01,0.0,0.0
SYR,2024-07-01,0.0,0.08401550743915998
TCD,2024-07-01,0.0,0.20343934357526602
TGO,2024-07-01,0.0,0.005
THA,2024-07-01,0.0,0.0
TJK,2024-07-01,0.0,0.0
TKM,2024-07-01,0.0,0.0
TLS,2024-07-01,0.0,0.0
TON,2024-07-01,0.0,0.0
TTO,2024-07-01,0.0,0.005
TUN,2024-07-01,0.0,0.0
TUR,2024-07-01,0.0,0.005
TZA,2024-07-01,0.0,0.0
UGA,2024-07-01,0.0,0.060582092773325574
UKR,2024-07-01,1.0,0.4070474321982612
URY,2024-07-01,0.0,0.0
USA,2024-07-01,0.0,0.0
UZB,2024-07-01,0.0,0.0
VEN,2024-07-01,0.0,0.005
VNM,2024-07-01,0.0,0.0
VUT,2024-07-01,0.0,0.0
WSM,2024-07-01,0.0,0.0
YEM,2024-07-01,0.0,0.043937543175065034
ZAF,2024-07-01,0.0,0.009624738018330482
ZMB,2024-07-01,0.0,0.0
ZWE,2024-07-01,0.0,0.0
AFG,2024-08-01,0.0,0.12765103657819635
AGO,2024-08-01,0.0,0.0
ALB,2024-08-01,0.0,0.0
ARE,2024-08-01,0.0,0.0
ARG,2024-08-01,0.0,0.0
ARM,2024-08-01,0.0,0.0
AUS,2024-08-01,0.0,0.0
AUT,2024-08-01,0.0,0.0
AZE,2024-08-01,0.0,0.0
BDI,2024-08-01,0.0,0.0
BEL,2024-08-01,0.0,0.0
BEN,2024-08-01,0.0,0.0
BGD,2024-08-01,0.0,0.014971785570334543
BGR,2024-08-01,0.0,0.0
BHR,2024-08-01,0.0,0.0
BHS,2024-08-01,0.0,0.0
BIH,2024-08-01,0.0,0.0
BLR,2024-08-01,0.0,0.0
BLZ,2024-08-01,0.0,0.0
BOL,2024-08-01,0.0,0.0
BRA,2024-08-01,0.0,0.00499055967633176
BRB,2024-08-01,0.0,0.0
BRN,2024-08-01,0.0,0.0
BTN,2024-08-01,0.0,0.0
BWA,2024-08-01,0.0,0.0
CAF,2024-08-01,0.0,0.5618671194073378
CAN,2024-08-01,0.0,0.0
CHE,2024-08-01,0.0,0.0
CHL,2024-08-01,0.0,0.0
CHN,2024-08-01,0.0,0.0
CIV,2024-08-01,0.0,0.0
CMR,2024-08-01,0.0,0.32030520663598816
COL,2024-08-01,0.0,0.02250175948416793
COM,2024-08-01,0.0,0.0
CRI,2024-08-01,0.0,0.0
CUB,2024-08-01,0.0,0.0
CYP,2024-08-01,0.0,0.0
CZE,2024-08-01,0.0,0.0
DEU,2024-08-01,0.0,0.0
DJI,2024-08-01,0.0,0.0
DNK,2024-08-01,0.0,0.0
DOM,2024-08-01,0.0,0.004552220445319227
DZA,2024-08-01,0.0,0.0
ECU,2024-08-01,0.0,0.004208159014597898
EGY,2024-08-01,0.0,0.0
ERI,2024-08-01,0.0,0.0
ESP,2024-08-01,0.0,0.0
EST,2024-08-01,0.0,0.0
FIN,2024-08-01,0.0,0.0
FJI,2024-08-01,0.0,0.0
FRA,2024-08-01,0.0,0.0
GAB,2024-08-01,0.0,0.0
GBR,2024-08-01,0.0,0.0
GEO,2024-08-01,0.0,0.0
GHA,2024-08-01,0.0,0.0
GIN,2024-08-01,0.0,0.0
GMB,2024-08-01,0.0,0.0
GNB,2024-08-01,0.0,0.0
GNQ,2024-08-01,0.0,0.0
GRC,2024-08-01,0.0,0.0
GRD,2024-08-01,0.0,0.0
GTM,2024-08-01,0.0,0.0
GUY,2024-08-01,0.0,0.0
HND,2024-08-01,0.0,0.0
HRV,2024-08-01,0.0,0.0
HTI,2024-08-01,0.0,0.42298417892098295
HUN,2024-08-01,0.0,0.0
IDN,2024-08-01,0.0,0.03277962010818526
IND,2024-08-01,0.0,0.018996785691999203
IRL,2024-08-01,0.0,0.0
IRN,2024-08-01,0.0,0.0
IRQ,2024-08-01,0.0,0.04486180876047021
ISL,2024-08-01,0.0,0.0
ISR,2024-08-01,0.0,0.019727948947138748
ITA,2024-08-01,0.0,0.0
JAM,2024-08-01,0.0,0.0
JOR,2024-08-01,0.0,0.0
JPN,2024-08-01,0.0,0.0
KAZ,2024-08-01,0.0,0.0
KEN,2024-08-01,0.0,0.014508374375928057
KGZ,2024-08-01,0.0,0.0
KHM,2024-08-01,0.0,0.0
KOR,2024-08-01,0.0,0.0
KWT,2024-08-01,0.0,0.0
LAO,2024-08-01,0.0,0.0
LBN,2024-08-01,1.0,0.28935139586961683
LBR,2024-08-01,0.0,0.0
LBY,2024-08-01,0.0,0.01398740547301846
LKA,2024-08-01,0.0,0.0
LSO,2024-08-01,0.0,0.0
LTU,2024-08-01,0.0,0.0
LUX,2024-08-01,0.0,0.0
LVA,2024-08-01,0.0,0.0
MAR,2024-08-01,0.0,0.0
MDA,2024-08-01,0.0,0.0
MDG,2024-08-01,0.0,0.0
MDV,2024-08-01,0.0,0.0
MEX,2024-08-01,0.0,0.004592688481154036
MKD,2024-08-01,0.0,0.0
MLI,2024-08-01,0.0,0.4092184605323912
MLT,2024-08-01,0.0,0.0
MNE,2024-08-01,0.0,0.0
MNG,2024-08-01,0.0,0.0
MOZ,2024-08-01,0.0,0.11047499970535274
MRT,2024-08-01,0.0,0.0
MUS,2024-08-01,0.0,0.0
MWI,2024-08-01,0.0,0.0
MYS,2024-08-01,0.0,0.0
NAM,2024-08-01,0.0,0.0
NER,2024-08-01,0.0,0.5414474538292313
NGA,2024-08-01,0.0,0.14341543680575417
NIC,2024-08-01,0.0,0.0
NLD,2024-08-01,0.0,0.0
NOR,2024-08-01,0.0,0.0
NPL,2024-08-01,0.0,0.0
NZL,2024-08-01,0.0,0.0
OMN,2024-08-01,0.0,0.0
PAK,2024-08-01,0.0,0.01704069031972684
PAN,2024-08-01,0.0,0.0
PER,2024-08-01,0.0,0.0
PHL,2024-08-01,0.0,0.25534256194568816
PNG,2024-08-01,0.0,0.004681214421252368
POL,2024-08-01,0.0,0.0
PRK,2024-08-01,0.0,0.0
PRT,2024-08-01,0.0,0.0
PRY,2024-08-01,0.0,0.0
QAT,2024-08-01,0.0,0.0
ROU,2024-08-01,0.0,0.0
RWA,2024-08-01,0.0,0.0
SAU,2024-08-01,0.0,0.0
SDN,2024-08-01,1.0,0.5782993314270655
SEN,2024-08-01,0.0,0.0
SGP,2024-08-01,0.0,0.0
SLB,2024-08-01,0.0,0.0
SLE,2024-08-01,0.0,0.0
SLV,2024-08-01,0.0,0.0
SRB,2024-08-01,0.0,0.0
SSD,2024-08-01,0.0,0.5389495389605904
STP,2024-08-01,0.0,0.0
SVK,2024-08-01,0.0,0.0
SVN,2024-08-01,0.0,0.0
SWE,2024-08-01,0.0,0.0
SWZ,2024-08-01,0.0,0.0
SYC,2024-08-01,0.0,0.0
SYR,2024-08-01,0.0,0.6266243692176917
TCD,2024-08-01,0.0,0.11488594363853702
TGO,2024-08-01,0.0,0.0
THA,2024-08-01,0.0,0.0
TJK,2024-08-01,0.0,0.0
TKM,2024-08-01,0.0,0.0
TLS,2024-08-01,0.0,0.0
TON,2024-08-01,0.0,0.0
TTO,2024-08-01,0.0,0.0
TUN,2024-08-01,0.0,0.0
TUR,2024-08-01,0.0,0.0
TZA,2024-08-01,0.0,0.0
UGA,2024-08-01,0.0,0.014067802655296741
URY,2024-08-01,0.0,0.0
USA,2024-08-01,0.0,0.0
UZB,2024-08-01,0.0,0.0
VEN,2024-08-01,0.0,0.009778042013476023
VNM,2024-08-01,0.0,0.0
VUT,2024-08-01,0.0,0.0
WSM,2024-08-01,0.0,0.0
YEM,2024-08-01,0.0,0.05210167446235411
ZAF,2024-08-01,0.0,0.0
ZMB,2024-08-01,0.0,0.0
ZWE,2024-08-01,0.0,0.0
AFG,2024-09-01,0.0,0.13639658020983303
AGO,2024-09-01,0.0,0.0
ALB,2024-09-01,0.0,0.0
ARE,2024-09-01,0.0,0.0
ARG,2024-09-01,0.0,0.0
ARM,2024-09-01,0.0,0.0
AUS,2024-09-01,0.0,0.0
AUT,2024-09-01,0.0,0.0
AZE,2024-09-01,0.0,0.0
BDI,2024-09-01,0.0,0.01
BEL,2024-09-01,0.0,0.0
BEN,2024-09-01,0.0,0.005
BGD,2024-09-01,0.0,0.005
BGR,2024-09-01,0.0,0.0
BHR,2024-09-01,0.0,0.0
BHS,2024-09-01,0.0,0.0
BIH,2024-09-01,0.0,0.0
BLR,2024-09-01,0.0,0.0
BLZ,2024-09-01,0.0,0.0
BOL,2024-09-01,0.0,0.0
BRA,2024-09-01,0.0,0.002877264044555937
BRB,2024-09-01,0.0,0.0
BRN,2024-09-01,0.0,0.0
BTN,2024-09-01,0.0,0.0
BWA,2024-09-01,0.0,0.0
CAF,2024-09-01,0.0,0.31724869625400454
CAN,2024-09-01,0.0,0.0
CHE,2024-09-01,0.0,0.0
CHL,2024-09-01,0.0,0.0
CHN,2024-09-01,0.0,0.0
CIV,2024-09-01,0.0,0.0
CMR,2024-09-01,0.0,0.25325703795257704
COL,2024-09-01,0.0,0.0
COM,2024-09-01,0.0,0.0
CRI,2024-09-01,0.0,0.0
CUB,2024-09-01,0.0,0.0
CYP,2024-09-01,0.0,0.0
CZE,2024-09-01,0.0,0.0
DEU,2024-09-01,0.0,0.0
DJI,2024-09-01,0.0,0.0
DNK,2024-09-01,0.0,0.0
DOM,2024-09-01,0.0,0.0
DZA,2024-09-01,0.0,0.0
ECU,2024-09-01,0.0,0.01805186694833315
EGY,2024-09-01,0.0,0.0
ERI,2024-09-01,0.0,0.0
ESP,2024-09-01,0.0,0.0
EST,2024-09-01,0.0,0.0
FIN,2024-09-01,0.0,0.0
FJI,2024-09-01,0.0,0.0
FRA,2024-09-01,0.0,0.0
GAB,2024-09-01,0.0,0.0
GBR,2024-09-01,0.0,0.0
GEO,2024-09-01,0.0,0.0
GHA,2024-09-01,0.0,0.0
GIN,2024-09-01,0.0,0.0
GMB,2024-09-01,0.0,0.0
GNB,2024-09-01,0.0,0.0
GNQ,2024-09-01,0.0,0.0
GRC,2024-09-01,0.0,0.0
GRD,2024-09-01,0.0,0.0
GTM,2024-09-01,0.0,0.0043643497810028666
GUY,2024-09-01,0.0,0.0
HND,2024-09-01,0.0,0.0
HRV,2024-09-01,0.0,0.0
HTI,2024-09-01,0.0,0.3472774983519413
HUN,2024-09-01,0.0,0.0
IDN,2024-09-01,0.0,0.04788900979543302
IND,2024-09-01,0.0,0.024393085039880993
IRL,2024-09-01,0.0,0.005
IRN,2024-09-01,0.0,0.0
IRQ,2024-09-01,0.0,0.08628996954697979
ISL,2024-09-01,0.0,0.0
ISR,2024-09-01,0.0,0.01995747169736503
ITA,2024-09-01,0.0,0.0
JAM,2024-09-01,0.0,0.0
JOR,2024-09-01,0.0,0.0
JPN,2024-09-01,0.0,0.0
KAZ,2024-09-01,0.0,0.0
KEN,2024-09-01,0.0,0.0
KGZ,2024-09-01,0.0,0.0
KHM,2024-09-01,0.0,0.0
KOR,2024-09-01,0.0,0.0
KWT,2024-09-01,0.0,0.0
LAO,2024-09-01,0.0,0.0
LBR,2024-09-01,0.0,0.0
LBY,2024-09-01,0.0,0.005
LKA,2024-09-01,0.0,0.0
LSO,2024-09-01,0.0,0.0
LTU,2024-09-01,0.0,0.0
LUX,2024-09-01,0.0,0.0
LVA,2024-09-01,0.0,0.0
MAR,2024-09-01,0.0,0.0
MDA,2024-09-01,0.0,0.0
MDG,2024-09-01,0.0,0.0
MDV,2024-09-01,0.0,0.0
MEX,2024-09-01,0.0,0.004929519153046942
MKD,2024-09-01,0.0,0.0
MLI,2024-09-01,0.0,0.49728708037984043
MLT,2024-09-01,0.0,0.0
MNE,2024-09-01,0.0,0.0
MNG,2024-09-01,0.0,0.0
MOZ,2024-09-01,0.0,0.2414988162609925
MRT,2024-09-01,0.0,0.0
MUS,2024-09-01,0.0,0.0
MWI,2024-09-01,0.0,0.0
MYS,2024-09-01,0.0,0.0031578681485223557
NAM,2024-09-01,0.0,0.0
NER,2024-09-01,0.0,0.4814040887692206
NGA,2024-09-01,0.0,0.17443512282012766
NIC,2024-09-01,0.0,0.0
NLD,2024-09-01,0.0,0.0
NOR,2024-09-01,0.0,0.0
NPL,2024-09-01,0.0,0.0
NZL,2024-09-01,0.0,0.0
OMN,2024-09-01,0.0,0.0
PAK,2024-09-01,0.0,0.0
PAN,2024-09-01,0.0,0.0
PER,2024-09-01,0.0,0.0
PHL,2024-09-01,0.0,0.26867706162665067
PNG,2024-09-01,0.0,0.0381287391899614
POL,2024-09-01,0.0,0.0
PRK,2024-09-01,0.0,0.0
PRT,2024-09-01,0.0,0.0
PRY,2024-09-01,0.0,0.0
PSE,2024-09-01,0.0,0.3319756393956944
QAT,2024-09-01,0.0,0.0
ROU,2024-09-01,0.0,0.0
RWA,2024-09-01,0.0,0.0
SAU,2024-09-01,0.0,0.0
SDN,2024-09-01,1.0,0.46049973171669484
SEN,2024-09-01,0.0,0.0
SGP,2024-09-01,0.0,0.0
SLB,2024-09-01,0.0,0.0
SLE,2024-09-01,0.0,0.0
SLV,2024-09-01,0.0,0.004901880060381502
SOM,2024-09-01,0.0,0.7230138895793086
SRB,2024-09-01,0.0,0.0
SSD,2024-09-01,0.0,0.3166970342989479
STP,2024-09-01,0.0,0.0
SVK,2024-09-01,0.0,0.0
SVN,2024-09-01,0.0,0.0
SWE,2024-09-01,0.0,0.0
SWZ,2024-09-01,0.0,0.0
SYC,2024-09-01,0.0,0.0
SYR,2024-09-01,1.0,0.3579998591729892
TCD,2024-09-01,0.0,0.08669592472789878
TGO,2024-09-01,0.0,0.0
THA,2024-09-01,0.0,0.0
TJK,2024-09-01,0.0,0.0
TKM,2024-09-01,0.0,0.0
TLS,2024-09-01,0.0,0.0
TON,2024-09-01,0.0,0.0
TTO,2024-09-01,0.0,0.0
TUN,2024-09-01,0.0,0.0
TUR,2024-09-01,0.0,0.0
TZA,2024-09-01,0.0,0.0
UGA,2024-09-01,0.0,0.009365753886354576
URY,2024-09-01,0.0,0.0
USA,2024-09-01,0.0,0.0
UZB,2024-09-01,0.0,0.0
VEN,2024-09-01,0.0,0.01
VNM,2024-09-01,0.0,0.0
VUT,2024-09-01,0.0,0.0
WSM,2024-09-01,0.0,0.0
YEM,2024-09-01,0.0,0.07614601128496123
ZAF,2024-09-01,0.0,0.005
ZMB,2024-09-01,0.0,0.0
ZWE,2024-09-01,0.0,0.0
AFG,2024-10-01,0.0,0.16644138003830694
AGO,2024-10-01,0.0,0.0
ALB,2024-10-01,0.0,0.0
ARE,2024-10-01,0.0,0.0
ARG,2024-10-01,0.0,0.0
ARM,2024-10-01,0.0,0.0
AUS,2024-10-01,0.0,0.0
AUT,2024-10-01,0.0,0.0
AZE,2024-10-01,0.0,0.0
BDI,2024-10-01,0.0,0.0
BEL,2024-10-01,0.0,0.0
BEN,2024-10-01,0.0,0.0
BGD,2024-10-01,0.0,0.02458562272806944
BGR,2024-10-01,0.0,0.0
BHR,2024-10-01,0.0,0.0
BHS,2024-10-01,0.0,0.0
BIH,2024-10-01,0.0,0.0
BLR,2024-10-01,0.0,0.0
BLZ,2024-10-01,0.0,0.0
BOL,2024-10-01,0.0,0.0
BRA,2024-10-01,0.0,0.004440860968940617
BRB,2024-10-01,0.0,0.0
BRN,2024-10-01,0.0,0.0
BTN,2024-10-01,0.0,0.0
BWA,2024-10-01,0.0,0.0
CAF,2024-10-01,0.0,0.3820310137600253
CAN,2024-10-01,0.0,0.0
CHE,2024-10-01,0.0,0.0
CHL,2024-10-01,0.0,0.0
CHN,2024-10-01,0.0,0.005
CIV,2024-10-01,0.0,0.0
CMR,2024-10-01,0.0,0.21156711989262167
COL,2024-10-01,0.0,0.0
COM,2024-10-01,0.0,0.0
CRI,2024-10-01,0.0,0.0
CUB,2024-10-01,0.0,0.0
CYP,2024-10-01,0.0,0.0
CZE,2024-10-01,0.0,0.0
DEU,2024-10-01,0.0,0.0
DJI,2024-10-01,0.0,0.0
DNK,2024-10-01,0.0,0.0
DOM,2024-10-01,0.0,0.0
DZA,2024-10-01,0.0,0.0
ECU,2024-10-01,0.0,0.02310704154817584
EGY,2024-10-01,0.0,0.0
ERI,2024-10-01,0.0,0.0
ESP,2024-10-01,0.0,0.0
EST,2024-10-01,0.0,0.0
ETH,2024-10-01,0.0,0.8960139331770711
FIN,2024-10-01,0.0,0.0
FJI,2024-10-01,0.0,0.0
FRA,2024-10-01,0.0,0.0
GAB,2024-10-01,0.0,0.0
GBR,2024-10-01,0.0,0.0
GEO,2024-10-01,0.0,0.0
GHA,2024-10-01,0.0,0.0
GIN,2024-10-01,0.0,0.0
GMB,2024-10-01,0.0,0.0
GNB,2024-10-01,0.0,0.0
GNQ,2024-10-01,0.0,0.0
GRC,2024-10-01,0.0,0.0
GRD,2024-10-01,0.0,0.0
GTM,2024-10-01,0.0,0.002602247283334354
GUY,2024-10-01,0.0,0.0
HND,2024-10-01,0.0,0.0
HRV,2024-10-01,0.0,0.0
HTI,2024-10-01,1.0,0.6862117237927632
HUN,2024-10-01,0.0,0.0
IDN,2024-10-01,0.0,0.043844996327020797
IND,2024-10-01,0.0,0.0
IRL,2024-10-01,0.0,0.0
IRN,2024-10-01,0.0,0.004975592238893067
IRQ,2024-10-01,0.0,0.07731327519017422
ISL,2024-10-01,0.0,0.0
ISR,2024-10-01,0.0,0.07420363440145572
ITA,2024-10-01,0.0,0.0
JAM,2024-10-01,0.0,0.0
JOR,2024-10-01,0.0,0.0
JPN,2024-10-01,0.0,0.0
KAZ,2024-10-01,0.0,0.00490377809237303
KEN,2024-10-01,0.0,0.009141118572485578
KGZ,2024-10-01,0.0,0.0
KHM,2024-10-01,0.0,0.0
KOR,2024-10-01,0.0,0.0
KWT,2024-10-01,0.0,0.0
LAO,2024-10-01,0.0,0.0
LBR,2024-10-01,0.0,0.0
LBY,2024-10-01,0.0,0.0048391898619374145
LKA,2024-10-01,0.0,0.0
LSO,2024-10-01,0.0,0.0
LTU,2024-10-01,0.0,0.0
LUX,2024-10-01,0.0,0.0
LVA,2024-10-01,0.0,0.0
MAR,2024-10-01,0.0,0.0
MDA,2024-10-01,0.0,0.0
MDG,2024-10-01,0.0,0.0
MDV,2024-10-01,0.0,0.0
MEX,2024-10-01,0.0,0.019930026014265804
MKD,2024-10-01,0.0,0.0
MLI,2024-10-01,0.0,0.5326772343196893
MLT,2024-10-01,0.0,0.0
MNE,2024-10-01,0.0,0.0
MNG,2024-10-01,0.0,0.0
MOZ,2024-10-01,0.0,0.28041433513881747
MRT,2024-10-01,0.0,0.0
MUS,2024-10-01,0.0,0.0
MWI,2024-10-01,0.0,0.0
MYS,2024-10-01,0.0,0.0
NAM,2024-10-01,0.0,0.0
NER,2024-10-01,0.0,0.2815403126041301
NGA,2024-10-01,0.0,0.2128061747433312
NIC,2024-10-01,0.0,0.0
NLD,2024-10-01,0.0,0.0
NOR,2024-10-01,0.0,0.0
NPL,2024-10-01,0.0,0.0
NZL,2024-10-01,0.0,0.0
OMN,2024-10-01,0.0,0.0
PAK,2024-10-01,0.0,0.004488391937098278
PAN,2024-10-01,0.0,0.0
PER,2024-10-01,0.0,0.0
PHL,2024-10-01,0.0,0.17461756846588194
PNG,2024-10-01,0.0,0.018930658987961153
POL,2024-10-01,0.0,0.0
PRK,2024-10-01,0.0,0.0
PRT,2024-10-01,0.0,0.0
PRY,2024-10-01,0.0,0.0
PSE,2024-10-01,0.0,0.4428275358621692
QAT,2024-10-01,0.0,0.0
ROU,2024-10-01,0.0,0.0
RUS,2024-10-01,0.0,0.30369475183366335
RWA,2024-10-01,0.0,0.0
SAU,2024-10-01,0.0,0.0
SEN,2024-10-01,0.0,0.0
SGP,2024-10-01,0.0,0.0
SLB,2024-10-01,0.0,0.0
SLE,2024-10-01,0.0,0.0
SLV,2024-10-01,0.0,0.0
SOM,2024-10-01,0.0,0.5797483487875116
SRB,2024-10-01,0.0,0.0
SSD,2024-10-01,1.0,0.36383059614118096
STP,2024-10-01,0.0,0.0
SVK,2024-10-01,0.0,0.0
SVN,2024-10-01,0.0,0.0
SWE,2024-10-01,0.0,0.0
SWZ,2024-10-01,0.0,0.0
SYC,2024-10-01,0.0,0.0
SYR,2024-10-01,1.0,0.6582925941371603
TCD,2024-10-01,0.0,0.3095669672403968
TGO,2024-10-01,0.0,0.0
THA,2024-10-01,0.0,0.0
TJK,2024-10-01,0.0,0.0
TKM,2024-10-01,0.0,0.0
TLS,2024-10-01,0.0,0.0
TON,2024-10-01,0.0,0.0
TTO,2024-10-01,0.0,0.009674206189462662
TUN,2024-10-01,0.0,0.0
TUR,2024-10-01,0.0,0.0
TZA,2024-10-01,0.0,0.0
UGA,2024-10-01,0.0,0.027477506296895257
URY,2024-10-01,0.0,0.0
USA,2024-10-01,0.0,0.0
UZB,2024-10-01,0.0,0.0
VEN,2024-10-01,0.0,0.0
VNM,2024-10-01,0.0,0.0
VUT,2024-10-01,0.0,0.0
WSM,2024-10-01,0.0,0.0
YEM,2024-10-01,0.0,0.02847544915234128
ZAF,2024-10-01,0.0,0.0
ZMB,2024-10-01,0.0,0.0
ZWE,2024-10-01,0.0,0.0
AFG,2024-11-01,0.0,0.1227554590574951
AGO,2024-11-01,0.0,0.0
ALB,2024-11-01,0.0,0.005
ARE,2024-11-01,0.0,0.0
ARG,2024-11-01,0.0,0.0
ARM,2024-11-01,0.0,0.0
AUS,2024-11-01,0.0,0.0
AUT,2024-11-01,0.0,0.0
AZE,2024-11-01,0.0,0.0
BDI,2024-11-01,0.0,0.0
BEL,2024-11-01,0.0,0.0
BEN,2024-11-01,0.0,0.0
BGD,2024-11-01,0.0,0.014395756339258506
BGR,2024-11-01,0.0,0.0
BHR,2024-11-01,0.0,0.0
BHS,2024-11-01,0.0,0.0
BIH,2024-11-01,0.0,0.0
BLR,2024-11-01,0.0,0.0
BLZ,2024-11-01,0.0,0.0
BOL,2024-11-01,0.0,0.0
BRA,2024-11-01,0.0,0.0
BRB,2024-11-01,0.0,0.0
BRN,2024-11-01,0.0,0.0
BTN,2024-11-01,0.0,0.0
BWA,2024-11-01,0.0,0.0
CAF,2024-11-01,0.0,0.2358678885238649
CAN,2024-11-01,0.0,0.0
CHE,2024-11-01,0.0,0.0
CHL,2024-11-01,0.0,0.0
CHN,2024-11-01,0.0,0.0049219473631424
CIV,2024-11-01,0.0,0.0
CMR,2024-11-01,0.0,0.3702056304034295
COL,2024-11-01,1.0,0.018450549625557824
COM,2024-11-01,0.0,0.0
CRI,2024-11-01,0.0,0.0
CUB,2024-11-01,0.0,0.0
CYP,2024-11-01,0.0,0.0
CZE,2024-11-01,0.0,0.0
DEU,2024-11-01,0.0,0.0
DJI,2024-11-01,0.0,0.0
DNK,2024-11-01,0.0,0.0
DOM,2024-11-01,0.0,0.0
DZA,2024-11-01,0.0,0.0
ECU,2024-11-01,0.0,0.05075111720666535
EGY,2024-11-01,0.0,0.0
ERI,2024-11-01,0.0,0.0
ESP,2024-11-01,0.0,0.0
EST,2024-11-01,0.0,0.0
ETH,2024-11-01,0.0,0.4869539326775206
FIN,2024-11-01,0.0,0.0
FJI,2024-11-01,0.0,0.0
FRA,2024-11-01,0.0,0.0
GAB,2024-11-01,0.0,0.0
GBR,2024-11-01,0.0,0.0
GEO,2024-11-01,0.0,0.0
GHA,2024-11-01,0.0,0.0
GIN,2024-11-01,0.0,0.0
GMB,2024-11-01,0.0,0.0
GNB,2024-11-01,0.0,0.0
GNQ,2024-11-01,0.0,0.0
GRC,2024-11-01,0.0,0.0
GRD,2024-11-01,0.0,0.0
GTM,2024-11-01,0.0,0.0
GUY,2024-11-01,0.0,0.0
HND,2024-11-01,0.0,0.00464943580083679
HRV,2024-11-01,0.0,0.0
HTI,2024-11-01,1.0,0.9265216262397332
HUN,2024-11-01,0.0,0.0
IDN,2024-11-01,0.0,0.018790695357103794
IND,2024-11-01,0.0,0.009426049559419624
IRL,2024-11-01,0.0,0.0
IRN,2024-11-01,0.0,0.0
IRQ,2024-11-01,0.0,0.0890854613048333
ISL,2024-11-01,0.0,0.0
ISR,2024-11-01,0.0,0.048822806773127475
ITA,2024-11-01,0.0,0.0
JAM,2024-11-01,0.0,0.0
JOR,2024-11-01,0.0,0.0
JPN,2024-11-01,0.0,0.0
KAZ,2024-11-01,0.0,0.0
KEN,2024-11-01,0.0,0.004424488951704642
KGZ,2024-11-01,0.0,0.0
KHM,2024-11-01,0.0,0.0
KOR,2024-11-01,0.0,0.0
KWT,2024-11-01,0.0,0.0
LAO,2024-11-01,0.0,0.0
LBN,2024-11-01,1.0,0.3763592170774714
LBR,2024-11-01,0.0,0.0
LBY,2024-11-01,0.0,0.00464943580083679
LKA,2024-11-01,0.0,0.0
LSO,2024-11-01,0.0,0.0
LTU,2024-11-01,0.0,0.0
LUX,2024-11-01,0.0,0.0
LVA,2024-11-01,0.0,0.0
MAR,2024-11-01,0.0,0.0
MDA,2024-11-01,0.0,0.0
MDG,2024-11-01,0.0,0.0
MDV,2024-11-01,0.0,0.0
MEX,2024-11-01,0.0,0.024397795126784513
MKD,2024-11-01,0.0,0.0
MLI,2024-11-01,0.0,0.27217860169214364
MLT,2024-11-01,0.0,0.0
MNE,2024-11-01,0.0,0.0
MNG,2024-11-01,0.0,0.0
MOZ,2024-11-01,0.0,0.6954886210946143
MRT,2024-11-01,0.0,0.0
MUS,2024-11-01,0.0,0.0
MWI,2024-11-01,0.0,0.0
MYS,2024-11-01,0.0,0.0
NAM,2024-11-01,0.0,0.0
NER,2024-11-01,0.0,0.6350837836022034
NGA,2024-11-01,0.0,0.10799185268726165
NIC,2024-11-01,0.0,0.0
NLD,2024-11-01,0.0,0.0
NOR,2024-11-01,0.0,0.0
NPL,2024-11-01,0.0,0.0
NZL,2024-11-01,0.0,0.0
OMN,2024-11-01,0.0,0.0
PAK,2024-11-01,0.0,0.027338422861332253
PAN,2024-11-01,0.0,0.0
PER,2024-11-01,0.0,0.0
PHL,2024-11-01,0.0,0.11405810057378864
PNG,2024-11-01,0.0,0.01439624545940126
POL,2024-11-01,0.0,0.0
PRK,2024-11-01,0.0,0.0
PRT,2024-11-01,0.0,0.0
PRY,2024-11-01,0.0,0.0
PSE,2024-11-01,0.0,0.6147911738492886
QAT,2024-11-01,0.0,0.0
ROU,2024-11-01,0.0,0.0
RUS,2024-11-01,0.0,0.42784123066256075
RWA,2024-11-01,0.0,0.0
SAU,2024-11-01,0.0,0.0
SEN,2024-11-01,0.0,0.0
SGP,2024-11-01,0.0,0.0
SLB,2024-11-01,0.0,0.0
SLE,2024-11-01,0.0,0.0
SLV,2024-11-01,0.0,0.0
SOM,2024-11-01,1.0,0.6106809964550804
SRB,2024-11-01,0.0,0.0
SSD,2024-11-01,1.0,0.370349735530461
STP,2024-11-01,0.0,0.0
SVK,2024-11-01,0.0,0.0
SVN,2024-11-01,0.0,0.0
SWE,2024-11-01,0.0,0.0
SWZ,2024-11-01,0.0,0.0
SYC,2024-11-01,0.0,0.0
TCD,2024-11-01,0.0,0.1783505388479179
TGO,2024-11-01,0.0,0.0
THA,2024-11-01,0.0,0.0
TJK,2024-11-01,0.0,0.0
TKM,2024-11-01,0.0,0.0
TLS,2024-11-01,0.0,0.0
TON,2024-11-01,0.0,0.0
TTO,2024-11-01,0.0,0.0
TUN,2024-11-01,0.0,0.0
TUR,2024-11-01,0.0,0.005
TZA,2024-11-01,0.0,0.0
UGA,2024-11-01,0.0,0.0
UKR,2024-11-01,0.0,0.6989247237634644
URY,2024-11-01,0.0,0.0
USA,2024-11-01,0.0,0.0
UZB,2024-11-01,0.0,0.0
VEN,2024-11-01,0.0,0.004924794720282403
VNM,2024-11-01,0.0,0.0
VUT,2024-11-01,0.0,0.0
WSM,2024-11-01,0.0,0.0
YEM,2024-11-01,0.0,0.10503182649152365
ZAF,2024-11-01,0.0,0.0
ZMB,2024-11-01,0.0,0.0
ZWE,2024-11-01,0.0,0.0
AFG,2024-12-01,0.0,0.08493550342046985
AGO,2024-12-01,0.0,0.0
ALB,2024-12-01,0.0,0.0
ARE,2024-12-01,0.0,0.0
ARG,2024-12-01,0.0,0.0
ARM,2024-12-01,0.0,0.0
AUS,2024-12-01,0.0,0.0
AUT,2024-12-01,0.0,0.0
AZE,2024-12-01,0.0,0.0
BDI,2024-12-01,0.0,0.0
BEL,2024-12-01,0.0,0.0
BEN,2024-12-01,0.0,0.0
BGD,2024-12-01,0.0,0.014942974452554745
BGR,2024-12-01,0.0,0.0
BHR,2024-12-01,0.0,0.0
BHS,2024-12-01,0.0,0.0
BIH,2024-12-01,0.0,0.0
BLR,2024-12-01,0.0,0.0
BLZ,2024-12-01,0.0,0.0
BOL,2024-12-01,0.0,0.0
BRA,2024-12-01,0.0,0.004822960505017806
BRB,2024-12-01,0.0,0.0
BRN,2024-12-01,0.0,0.0
BTN,2024-12-01,0.0,0.0
BWA,2024-12-01,0.0,0.0
CAF,2024-12-01,0.0,0.2916154816301976
CAN,2024-12-01,0.0,0.0
CHE,2024-12-01,0.0,0.0
CHL,2024-12-01,0.0,0.0
CHN,2024-12-01,0.0,0.004626387702818104
CIV,2024-12-01,0.0,0.0
CMR,2024-12-01,0.0,0.16810368502985207
COL,2024-12-01,1.0,0.08578624336661386
COM,2024-12-01,0.0,0.0
CRI,2024-12-01,0.0,0.0
CUB,2024-12-01,0.0,0.0
CYP,2024-12-01,0.0,0.0
CZE,2024-12-01,0.0,0.0
DEU,2024-12-01,0.0,0.004509483322432963
DJI,2024-12-01,0.0,0.0
DNK,2024-12-01,0.0,0.0
DOM,2024-12-01,0.0,0.0
DZA,2024-12-01,0.0,0.0
ECU,2024-12-01,0.0,0.0326035636394384
EGY,2024-12-01,0.0,0.0
ERI,2024-12-01,0.0,0.0
ESP,2024-12-01,0.0,0.0
EST,2024-12-01,0.0,0.0
ETH,2024-12-01,0.0,0.5323332879833482
FIN,2024-12-01,0.0,0.0
FJI,2024-12-01,0.0,0.0
FRA,2024-12-01,0.0,0.0
GAB,2024-12-01,0.0,0.0
GBR,2024-12-01,0.0,0.0
GEO,2024-12-01,0.0,0.0
GHA,2024-12-01,0.0,0.005
GIN,2024-12-01,0.0,0.0
GMB,2024-12-01,0.0,0.0
GNB,2024-12-01,0.0,0.0
GNQ,2024-12-01,0.0,0.0
GRC,2024-12-01,0.0,0.0
GRD,2024-12-01,0.0,0.0
GTM,2024-12-01,0.0,0.0
GUY,2024-12-01,0.0,0.0
HND,2024-12-01,0.0,0.005
HRV,2024-12-01,0.0,0.0
HUN,2024-12-01,0.0,0.0
IDN,2024-12-01,0.0,0.04791996016726419
IND,2024-12-01,0.0,0.0
IRL,2024-12-01,0.0,0.0
IRN,2024-12-01,0.0,0.009850768542008656
IRQ,2024-12-01,0.0,0.09839007270370985
ISL,2024-12-01,0.0,0.0
ISR,2024-12-01,0.0,0.04882934616001999
ITA,2024-12-01,0.0,0.0
JAM,2024-12-01,0.0,0.0
JOR,2024-12-01,0.0,0.0
JPN,2024-12-01,0.0,0.0
KAZ,2024-12-01,0.0,0.0
KEN,2024-12-01,0.0,0.009465385034973033
KGZ,2024-12-01,0.0,0.0
KHM,2024-12-01,0.0,0.0
KOR,2024-12-01,0.0,0.0
KWT,2024-12-01,0.0,0.0
LAO,2024-12-01,0.0,0.0
LBN,2024-12-01,1.0,0.32774981006992576
LBR,2024-12-01,0.0,0.0
LBY,2024-12-01,0.0,0.0
LKA,2024-12-01,0.0,0.0
LSO,2024-12-01,0.0,0.0
LTU,2024-12-01,0.0,0.0
LUX,2024-12-01,0.0,0.0
LVA,2024-12-01,0.0,0.0
MAR,2024-12-01,0.0,0.004509483322432963
MDA,2024-12-01,0.0,0.0
MDG,2024-12-01,0.0,0.0
MDV,2024-12-01,0.0,0.0
MEX,2024-12-01,0.0,0.005
MKD,2024-12-01,0.0,0.0
MLI,2024-12-01,0.0,0.0973445014973554
MLT,2024-12-01,0.0,0.0
MMR,2024-12-01,0.0,0.5593930340052844
MNE,2024-12-01,0.0,0.0
MNG,2024-12-01,0.0,0.0
MOZ,2024-12-01,0.0,0.613774617748617
MRT,2024-12-01,0.0,0.0
MUS,2024-12-01,0.0,0.0
MWI,2024-12-01,0.0,0.0
MYS,2024-12-01,0.0,0.0
NAM,2024-12-01,0.0,0.0
NER,2024-12-01,0.0,0.43767162773850665
NGA,2024-12-01,0.0,0.11879178299225412
NIC,2024-12-01,0.0,0.0
NLD,2024-12-01,0.0,0.0
NOR,2024-12-01,0.0,0.0
NPL,2024-12-01,0.0,0.0
NZL,2024-12-01,0.0,0.0
OMN,2024-12-01,0.0,0.0
PAK,2024-12-01,0.0,0.0382421145005123
PAN,2024-12-01,0.0,0.0
PER,2024-12-01,0.0,0.0
PHL,2024-12-01,0.0,0.08592947705478336
PNG,2024-12-01,0.0,0.009145655968875345
POL,2024-12-01,0.0,0.0
PRK,2024-12-01,0.0,0.0
PRT,2024-12-01,0.0,0.0
PRY,2024-12-01,0.0,0.0
PSE,2024-12-01,0.0,0.6241360437696057
QAT,2024-12-01,0.0,0.0
ROU,2024-12-01,0.0,0.0
RUS,2024-12-01,0.0,0.2777282248127877
RWA,2024-12-01,0.0,0.0
SAU,2024-12-01,0.0,0.0
SEN,2024-12-01,0.0,0.0
SGP,2024-12-01,0.0,0.0
SLB,2024-12-01,0.0,0.0
SLE,2024-12-01,0.0,0.0
SLV,2024-12-01,0.0,0.0
SOM,2024-12-01,1.0,0.9369773605738184
SRB,2024-12-01,0.0,0.0
STP,2024-12-01,0.0,0.0
SVK,2024-12-01,0.0,0.0
SVN,2024-12-01,0.0,0.0
SWE,2024-12-01,0.0,0.0
SWZ,2024-12-01,0.0,0.0
SYC,2024-12-01,0.0,0.0
SYR,2024-12-01,0.0,0.432031080956181
TCD,2024-12-01,0.0,0.09926662835672571
TGO,2024-12-01,0.0,0.0
THA,2024-12-01,0.0,0.0
TJK,2024-12-01,0.0,0.0
TKM,2024-12-01,0.0,0.0
TLS,2024-12-01,0.0,0.0
TON,2024-12-01,0.0,0.0
TTO,2024-12-01,0.0,0.0
TUN,2024-12-01,0.0,0.0
TUR,2024-12-01,0.0,0.01
TZA,2024-12-01,0.0,0.0
UGA,2024-12-01,0.0,0.0
UKR,2024-12-01,0.0,0.6170373273363505
URY,2024-12-01,0.0,0.0
USA,2024-12-01,0.0,0.0
UZB,2024-12-01,0.0,0.0
VEN,2024-12-01,0.0,0.0046763055675442325
VNM,2024-12-01,0.0,0.0
VUT,2024-12-01,0.0,0.0
WSM,2024-12-01,0.0,0.0
YEM,2024-12-01,0.0,0.05248398344671489
ZAF,2024-12-01,0.0,0.0
ZMB,2024-12-01,0.0,0.0
ZWE,2024-12-01,0.0,0.0
AFG,2025-01-01,0.0,0.16941156639448085
AGO,2025-01-01,0.0,0.0
ALB,2025-01-01,0.0,0.0
ARE,2025-01-01,0.0,0.0
ARG,2025-01-01,0.0,0.0
ARM,2025-01-01,0.0,0.0
AUS,2025-01-01,0.0,0.0
AUT,2025-01-01,0.0,0.0
AZE,2025-01-01,0.0,0.0
BDI,2025-01-01,0.0,0.004853105321904681
BEL,2025-01-01,0.0,0.0
BEN,2025-01-01,0.0,0.0
BGD,2025-01-01,0.0,0.004728266609215066
BGR,2025-01-01,0.0,0.0
BHR,2025-01-01,0.0,0.0
BHS,2025-01-01,0.0,0.0
BIH,2025-01-01,0.0,0.0
BLR,2025-01-01,0.0,0.0
BLZ,2025-01-01,0.0,0.0
BOL,2025-01-01,0.0,0.0
BRA,2025-01-01,0.0,0.001931188220455809
BRB,2025-01-01,0.0,0.0
BRN,2025-01-01,0.0,0.0
BTN,2025-01-01,0.0,0.0
BWA,2025-01-01,0.0,0.0
CAF,2025-01-01,0.0,0.5758772423631103
CAN,2025-01-01,0.0,0.0
CHE,2025-01-01,0.0,0.0
CHL,2025-01-01,0.0,0.0
CHN,2025-01-01,0.0,0.0
CIV,2025-01-01,0.0,0.0
CMR,2025-01-01,0.0,0.5382007668189834
COM,2025-01-01,0.0,0.0
CRI,2025-01-01,0.0,0.0
CUB,2025-01-01,0.0,0.0
CYP,2025-01-01,0.0,0.0
CZE,2025-01-01,0.0,0.0
DEU,2025-01-01,0.0,0.0
DJI,2025-01-01,0.0,0.0
DNK,2025-01-01,0.0,0.0
DOM,2025-01-01,0.0,0.0
DZA,2025-01-01,0.0,0.004521046487674242
ECU,2025-01-01,0.0,0.015780926803642636
EGY,2025-01-01,0.0,0.0
ERI,2025-01-01,0.0,0.0
ESP,2025-01-01,0.0,0.0
EST,2025-01-01,0.0,0.0
ETH,2025-01-01,0.0,0.7283285993781806
FIN,2025-01-01,0.0,0.0
FJI,2025-01-01,0.0,0.0
FRA,2025-01-01,0.0,0.0
GAB,2025-01-01,0.0,0.0
GBR,2025-01-01,0.0,0.0
GEO,2025-01-01,0.0,0.0
GHA,2025-01-01,0.0,0.005
GIN,2025-01-01,0.0,0.0
GMB,2025-01-01,0.0,0.0
GNB,2025-01-01,0.0,0.0
GNQ,2025-01-01,0.0,0.0
GRC,2025-01-01,0.0,0.0
GRD,2025-01-01,0.0,0.0
GTM,2025-01-01,0.0,0.0
GUY,2025-01-01,0.0,0.0
HND,2025-01-01,0.0,0.0
HRV,2025-01-01,0.0,0.0
HTI,2025-01-01,1.0,0.6320785057016723
HUN,2025-01-01,0.0,0.0
IDN,2025-01-01,0.0,0.02390107795868777
IND,2025-01-01,0.0,0.0
IRL,2025-01-01,0.0,0.0
IRN,2025-01-01,0.0,0.0
IRQ,2025-01-01,0.0,0.14291053609909907
ISL,2025-01-01,0.0,0.0
ISR,2025-01-01,0.0,0.03483361444320008
ITA,2025-01-01,0.0,0.0
JAM,2025-01-01,0.0,0.0
JOR,2025-01-01,0.0,0.0
JPN,2025-01-01,0.0,0.0
KAZ,2025-01-01,0.0,0.0
KEN,2025-01-01,0.0,0.0
KGZ,2025-01-01,0.0,0.0
KHM,2025-01-01,0.0,0.0
KOR,2025-01-01,0.0,0.0
KWT,2025-01-01,0.0,0.0
LAO,2025-01-01,0.0,0.0
LBN,2025-01-01,0.0,0.5042342569083254
LBR,2025-01-01,0.0,0.0
LBY,2025-01-01,0.0,0.0
LKA,2025-01-01,0.0,0.0
LSO,2025-01-01,0.0,0.0
LTU,2025-01-01,0.0,0.0
LUX,2025-01-01,0.0,0.0
LVA,2025-01-01,0.0,0.0
MAR,2025-01-01,0.0,0.0
MDA,2025-01-01,0.0,0.0
MDG,2025-01-01,0.0,0.004853105321904681
MDV,2025-01-01,0.0,0.0
MEX,2025-01-01,0.0,0.004864021276399265
MKD,2025-01-01,0.0,0.0
MLI,2025-01-01,0.0,0.800932651228738
MLT,2025-01-01,0.0,0.0
MMR,2025-01-01,0.0,0.4976531354566652
MNE,2025-01-01,0.0,0.0
MNG,2025-01-01,0.0,0.0
MOZ,2025-01-01,0.0,0.576516038489634
MRT,2025-01-01,0.0,0.0
MUS,2025-01-01,0.0,0.0
MWI,2025-01-01,0.0,0.0
MYS,2025-01-01,0.0,0.0
NAM,2025-01-01,0.0,0.0
NER,2025-01-01,0.0,0.8007203505949844
NGA,2025-01-01,0.0,0.1035014425486088
NIC,2025-01-01,0.0,0.0
NLD,2025-01-01,0.0,0.0
NOR,2025-01-01,0.0,0.0
NPL,2025-01-01,0.0,0.0
NZL,2025-01-01,0.0,0.0
OMN,2025-01-01,0.0,0.0
PAK,2025-01-01,0.0,0.02792524030782578
PAN,2025-01-01,0.0,0.0
PER,2025-01-01,0.0,0.0
PHL,2025-01-01,0.0,0.04861731106141405
PNG,2025-01-01,0.0,0.004815769744180517
POL,2025-01-01,0.0,0.0
PRK,2025-01-01,0.0,0.0
PRT,2025-01-01,0.0,0.0
PRY,2025-01-01,0.0,0.0
PSE,2025-01-01,1.0,0.21846492532885128
QAT,2025-01-01,0.0,0.0
ROU,2025-01-01,0.0,0.0
RUS,2025-01-01,0.0,0.3009878451174386
RWA,2025-01-01,0.0,0.0
SAU,2025-01-01,0.0,0.0
SEN,2025-01-01,0.0,0.0
SGP,2025-01-01,0.0,0.0
SLB,2025-01-01,0.0,0.0
SLE,2025-01-01,0.0,0.0
SLV,2025-01-01,0.0,0.0
SRB,2025-01-01,0.0,0.0
STP,2025-01-01,0.0,0.0
SVK,2025-01-01,0.0,0.0
SVN,2025-01-01,0.0,0.0
SWE,2025-01-01,0.0,0.0
SWZ,2025-01-01,0.0,0.0
SYC,2025-01-01,0.0,0.0
SYR,2025-01-01,0.0,0.4096858856405688
TCD,2025-01-01,0.0,0.22124727582727285
TGO,2025-01-01,0.0,0.0
THA,2025-01-01,0.0,0.0
TJK,2025-01-01,0.0,0.0
TKM,2025-01-01,0.0,0.0
TLS,2025-01-01,0.0,0.0
TON,2025-01-01,0.0,0.0
TTO,2025-01-01,0.0,0.0
TUN,2025-01-01,0.0,0.0
TUR,2025-01-01,0.0,0.0
TZA,2025-01-01,0.0,0.0
UGA,2025-01-01,0.0,0.0
UKR,2025-01-01,0.0,0.4428164026224162
URY,2025-01-01,0.0,0.0
USA,2025-01-01,0.0,0.005
UZB,2025-01-01,0.0,0.0
VEN,2025-01-01,0.0,0.004788624834081858
VNM,2025-01-01,0.0,0.0
VUT,2025-01-01,0.0,0.0
WSM,2025-01-01,0.0,0.0
YEM,2025-01-01,0.0,0.07014198932185799
ZAF,2025-01-01,0.0,0.0
ZMB,2025-01-01,0.0,0.0
ZWE,2025-01-01,0.0,0.0
AFG,2025-02-01,0.0,0.2699043427780875
AGO,2025-02-01,0.0,0.0
ALB,2025-02-01,0.0,0.0
ARE,2025-02-01,0.0,0.0
ARG,2025-02-01,0.0,0.0
ARM,2025-02-01,0.0,0.0
AUS,2025-02-01,0.0,0.0
AUT,2025-02-01,0.0,0.0
AZE,2025-02-01,0.0,0.0
BDI,2025-02-01,0.0,0.004976416502477761
BEL,2025-02-01,0.0,0.0
BEN,2025-02-01,0.0,0.0
BGD,2025-02-01,0.0,0.014369231294519572
BGR,2025-02-01,0.0,0.0
BHR,2025-02-01,0.0,0.0
BHS,2025-02-01,0.0,0.0
BIH,2025-02-01,0.0,0.0
BLR,2025-02-01,0.0,0.0
BLZ,2025-02-01,0.0,0.0
BOL,2025-02-01,0.0,0.0
BRA,2025-02-01,0.0,0.004799484789938246
BRB,2025-02-01,0.0,0.0
BRN,2025-02-01,0.0,0.0
BTN,2025-02-01,0.0,0.0
BWA,2025-02-01,0.0,0.0
CAF,2025-02-01,0.0,0.6465795507470194
CAN,2025-02-01,0.0,0.0
CHE,2025-02-01,0.0,0.0
CHL,2025-02-01,0.0,0.0
CHN,2025-02-01,0.0,0.0
CIV,2025-02-01,0.0,0.0
CMR,2025-02-01,0.0,0.6505056060544361
COL,2025-02-01,0.0,0.3612125069219413
COM,2025-02-01,0.0,0.0
CRI,2025-02-01,0.0,0.0
CUB,2025-02-01,0.0,0.0
CYP,2025-02-01,0.0,0.0
CZE,2025-02-01,0.0,0.0
DEU,2025-02-01,0.0,0.0
DJI,2025-02-01,0.0,0.0
DNK,2025-02-01,0.0,0.0
DOM,2025-02-01,0.0,0.0
DZA,2025-02-01,0.0,0.0
ECU,2025-02-01,0.0,0.018654394995072293
EGY,2025-02-01,0.0,0.0
ERI,2025-02-01,0.0,0.0
ESP,2025-02-01,0.0,0.0
EST,2025-02-01,0.0,0.0
ETH,2025-02-01,0.0,0.5446075663995612
FIN,2025-02-01,0.0,0.0
FJI,2025-02-01,0.0,0.0
FRA,2025-02-01,0.0,0.0
GAB,2025-02-01,0.0,0.0
GBR,2025-02-01,0.0,0.0
GEO,2025-02-01,0.0,0.0
GHA,2025-02-01,0.0,0.0
GIN,2025-02-01,0.0,0.0
GMB,2025-02-01,0.0,0.0
GNB,2025-02-01,0.0,0.0
GNQ,2025-02-01,0.0,0.0
GRC,2025-02-01,0.0,0.0
GRD,2025-02-01,0.0,0.0
GTM,2025-02-01,0.0,0.0
GUY,2025-02-01,0.0,0.0
HND,2025-02-01,0.0,0.0
HRV,2025-02-01,0.0,0.0
HTI,2025-02-01,1.0,0.9441545997699667
HUN,2025-02-01,0.0,0.0
IDN,2025-02-01,0.0,0.019531291352305673
IND,2025-02-01,0.0,0.0
IRL,2025-02-01,0.0,0.0
IRN,2025-02-01,0.0,0.005
IRQ,2025-02-01,0.0,0.07383275097839465
ISL,2025-02-01,0.0,0.0
ISR,2025-02-01,0.0,0.009501226470770192
ITA,2025-02-01,0.0,0.0
JAM,2025-02-01,0.0,0.0
JOR,2025-02-01,0.0,0.0
JPN,2025-02-01,0.0,0.0
KAZ,2025-02-01,0.0,0.0
KEN,2025-02-01,0.0,0.01863822219231435
KGZ,2025-02-01,0.0,0.0
KHM,2025-02-01,0.0,0.0
KOR,2025-02-01,0.0,0.0
KWT,2025-02-01,0.0,0.0
LAO,2025-02-01,0.0,0.0
LBN,2025-02-01,0.0,0.6536412880048839
LBR,2025-02-01,0.0,0.0
LBY,2025-02-01,0.0,0.0
LKA,2025-02-01,0.0,0.0
LSO,2025-02-01,0.0,0.0
LTU,2025-02-01,0.0,0.0
LUX,2025-02-01,0.0,0.0
LVA,2025-02-01,0.0,0.0
MAR,2025-02-01,0.0,0.0
MDA,2025-02-01,0.0,0.0
MDG,2025-02-01,0.0,0.0
MDV,2025-02-01,0.0,0.0
MEX,2025-02-01,0.0,0.02930858926693436
MKD,2025-02-01,0.0,0.0
MLI,2025-02-01,0.0,0.8893388648465926
MLT,2025-02-01,0.0,0.0
MMR,2025-02-01,0.0,0.5161785734883283
MNE,2025-02-01,0.0,0.0
MNG,2025-02-01,0.0,0.0
MOZ,2025-02-01,0.0,0.7878335429599518
MRT,2025-02-01,0.0,0.0
MUS,2025-02-01,0.0,0.0
MWI,2025-02-01,0.0,0.0
MYS,2025-02-01,0.0,0.0
NAM,2025-02-01,0.0,0.0
NER,2025-02-01,0.0,0.8115366730205819
NGA,2025-02-01,0.0,0.22905721845891133
NIC,2025-02-01,0.0,0.0
NLD,2025-02-01,0.0,0.0
NOR,2025-02-01,0.0,0.0
NPL,2025-02-01,0.0,0.0
NZL,2025-02-01,0.0,0.0
OMN,2025-02-01,0.0,0.0
PAK,2025-02-01,0.0,0.019067501512973654
PAN,2025-02-01,0.0,0.0
PER,2025-02-01,0.0,0.0
PHL,2025-02-01,0.0,0.023618365759436762
PNG,2025-02-01,0.0,0.009263724246932408
POL,2025-02-01,0.0,0.0
PRK,2025-02-01,0.0,0.0
PRT,2025-02-01,0.0,0.0
PRY,2025-02-01,0.0,0.0
PSE,2025-02-01,1.0,0.1897656020267907
QAT,2025-02-01,0.0,0.0
ROU,2025-02-01,0.0,0.0
RUS,2025-02-01,0.0,0.2332737654308268
RWA,2025-02-01,0.0,0.0
SAU,2025-02-01,0.0,0.0
SEN,2025-02-01,0.0,0.0
SGP,2025-02-01,0.0,0.0
SLB,2025-02-01,0.0,0.0
SLE,2025-02-01,0.0,0.0
SLV,2025-02-01,0.0,0.0
SRB,2025-02-01,0.0,0.0
STP,2025-02-01,0.0,0.0
SVK,2025-02-01,0.0,0.0
SVN,2025-02-01,0.0,0.0
SWE,2025-02-01,0.0,0.0
SWZ,2025-02-01,0.0,0.0
SYC,2025-02-01,0.0,0.0
SYR,2025-02-01,0.0,0.5521680306682931
TCD,2025-02-01,0.0,0.035409369576636325
TGO,2025-02-01,0.0,0.0
THA,2025-02-01,0.0,0.0
TJK,2025-02-01,0.0,0.0
TKM,2025-02-01,0.0,0.0
TLS,2025-02-01,0.0,0.0
TON,2025-02-01,0.0,0.0
TTO,2025-02-01,0.0,0.0
TUN,2025-02-01,0.0,0.0
TUR,2025-02-01,0.0,0.00356425058798375
TZA,2025-02-01,0.0,0.0
UGA,2025-02-01,0.0,0.01827808116934679
UKR,2025-02-01,0.0,0.2411774473467651
URY,2025-02-01,0.0,0.0
USA,2025-02-01,0.0,0.0
UZB,2025-02-01,0.0,0.0
VEN,2025-02-01,0.0,0.006243690321305451
VNM,2025-02-01,0.0,0.0
VUT,2025-02-01,0.0,0.0
WSM,2025-02-01,0.0,0.0
YEM,2025-02-01,0.0,0.027643460106917338
ZAF,2025-02-01,0.0,0.0
ZMB,2025-02-01,0.0,0.0
ZWE,2025-02-01,0.0,0.0
AFG,2025-03-01,0.0,0.3456473465914934
AGO,2025-03-01,0.0,0.0
ALB,2025-03-01,0.0,0.0
ARE,2025-03-01,0.0,0.0
ARG,2025-03-01,0.0,0.0
ARM,2025-03-01,0.0,0.0
AUS,2025-03-01,0.0,0.0
AUT,2025-03-01,0.0,0.0
AZE,2025-03-01,0.0,0.0
BDI,2025-03-01,0.0,0.0
BEL,2025-03-01,0.0,0.0
BEN,2025-03-01,0.0,0.0044850839258227596
BGD,2025-03-01,0.0,0.0
BGR,2025-03-01,0.0,0.0
BHR,2025-03-01,0.0,0.0
BHS,2025-03-01,0.0,0.0
BIH,2025-03-01,0.0,0.0
BLR,2025-03-01,0.0,0.0
BLZ,2025-03-01,0.0,0.0
BOL,2025-03-01,0.0,0.0
BRA,2025-03-01,0.0,0.0
BRB,2025-03-01,0.0,0.0
BRN,2025-03-01,0.0,0.0
BTN,2025-03-01,0.0,0.0
BWA,2025-03-01,0.0,0.0
CAF,2025-03-01,0.0,0.5326107505641852
CAN,2025-03-01,0.0,0.0
CHE,2025-03-01,0.0,0.0
CHL,2025-03-01,0.0,0.0
CHN,2025-03-01,0.0,0.0
CIV,2025-03-01,0.0,0.0
CMR,2025-03-01,0.0,0.6617852625069147
COL,2025-03-01,0.0,0.3216354955366188
COM,2025-03-01,0.0,0.0
CRI,2025-03-01,0.0,0.0
CUB,2025-03-01,0.0,0.0
CYP,2025-03-01,0.0,0.0
CZE,2025-03-01,0.0,0.0
DEU,2025-03-01,0.0,0.0
DJI,2025-03-01,0.0,0.0
DNK,2025-03-01,0.0,0.0
DOM,2025-03-01,0.0,0.0
DZA,2025-03-01,0.0,0.0
ECU,2025-03-01,0.0,0.03207478964770623
EGY,2025-03-01,0.0,0.0
ERI,2025-03-01,0.0,0.0
ESP,2025-03-01,0.0,0.0
EST,2025-03-01,0.0,0.0
ETH,2025-03-01,1.0,0.8652576124008285
FIN,2025-03-01,0.0,0.0
FJI,2025-03-01,0.0,0.0
FRA,2025-03-01,0.0,0.0
GAB,2025-03-01,0.0,0.0
GBR,2025-03-01,0.0,0.0
GEO,2025-03-01,0.0,0.0
GHA,2025-03-01,0.0,0.005
GIN,2025-03-01,0.0,0.0
GMB,2025-03-01,0.0,0.0
GNB,2025-03-01,0.0,0.0
GNQ,2025-03-01,0.0,0.0
GRC,2025-03-01,0.0,0.0
GRD,2025-03-01,0.0,0.0
GTM,2025-03-01,0.0,0.008173119199250565
GUY,2025-03-01,0.0,0.0
HND,2025-03-01,0.0,0.0
HRV,2025-03-01,0.0,0.0
HUN,2025-03-01,0.0,0.0
IDN,2025-03-01,0.0,0.04541702547253399
IND,2025-03-01,1.0,0.0
IRL,2025-03-01,0.0,0.0
IRN,2025-03-01,0.0,0.004929906542056075
IRQ,2025-03-01,0.0,0.08532573500155324
ISL,2025-03-01,0.0,0.0
ISR,2025-03-01,0.0,0.02
ITA,2025-03-01,0.0,0.0
JAM,2025-03-01,0.0,0.0
JOR,2025-03-01,0.0,0.0
JPN,2025-03-01,0.0,0.0
KAZ,2025-03-01,0.0,0.0
KEN,2025-03-01,0.0,0.0
KGZ,2025-03-01,0.0,0.0
KHM,2025-03-01,0.0,0.0
KOR,2025-03-01,0.0,0.0
KWT,2025-03-01,0.0,0.0
LAO,2025-03-01,0.0,0.0
LBN,2025-03-01,0.0,0.6531448772241412
LBR,2025-03-01,0.0,0.0
LBY,2025-03-01,0.0,0.0
LKA,2025-03-01,0.0,0.0
LSO,2025-03-01,0.0,0.0
LTU,2025-03-01,0.0,0.0
LUX,2025-03-01,0.0,0.0
LVA,2025-03-01,0.0,0.0
MAR,2025-03-01,0.0,0.004518201284796574
MDA,2025-03-01,0.0,0.0
MDG,2025-03-01,0.0,0.0
MDV,2025-03-01,0.0,0.0
MEX,2025-03-01,0.0,0.0238791899865834
MKD,2025-03-01,0.0,0.0
MLI,2025-03-01,0.0,0.9067178563820132
MLT,2025-03-01,0.0,0.0
MMR,2025-03-01,0.0,0.34653040676944463
MNE,2025-03-01,0.0,0.0
MNG,2025-03-01,0.0,0.0
MOZ,2025-03-01,0.0,0.43484129332262955
MRT,2025-03-01,0.0,0.0
MUS,2025-03-01,0.0,0.0
MWI,2025-03-01,0.0,0.0
MYS,2025-03-01,0.0,0.0
NAM,2025-03-01,0.0,0.0
NER,2025-03-01,0.0,0.6833291439552857
NGA,2025-03-01,1.0,0.5399259732290658
NIC,2025-03-01,0.0,0.0
NLD,2025-03-01,0.0,0.0
NOR,2025-03-01,0.0,0.0
NPL,2025-03-01,0.0,0.0
NZL,2025-03-01,0.0,0.0
OMN,2025-03-01,0.0,0.0
PAK,2025-03-01,0.0,0.40295451011279787
PAN,2025-03-01,0.0,0.0
PER,2025-03-01,0.0,0.0
PHL,2025-03-01,0.0,0.3642891639330765
PNG,2025-03-01,0.0,0.02925494166318112
POL,2025-03-01,0.0,0.0
PRK,2025-03-01,0.0,0.0
PRT,2025-03-01,0.0,0.0
PRY,2025-03-01,0.0,0.0
QAT,2025-03-01,0.0,0.0
ROU,2025-03-01,0.0,0.0
RUS,2025-03-01,0.0,0.07851578772022678
RWA,2025-03-01,0.0,0.0
SAU,2025-03-01,0.0,0.0
SEN,2025-03-01,0.0,0.0
SGP,2025-03-01,0.0,0.0
SLB,2025-03-01,0.0,0.0
SLE,2025-03-01,0.0,0.0
SLV,2025-03-01,0.0,0.0
SRB,2025-03-01,0.0,0.005
STP,2025-03-01,0.0,0.0
SVK,2025-03-01,0.0,0.0
SVN,2025-03-01,0.0,0.0
SWE,2025-03-01,0.0,0.0
SWZ,2025-03-01,0.0,0.0
SYC,2025-03-01,0.0,0.0
SYR,2025-03-01,0.0,0.3815944146686005
TCD,2025-03-01,0.0,0.03348923719241041
TGO,2025-03-01,0.0,0.0
THA,2025-03-01,0.0,0.0
TJK,2025-03-01,0.0,0.0
TKM,2025-03-01,0.0,0.0
TLS,2025-03-01,0.0,0.0
TON,2025-03-01,0.0,0.0
TTO,2025-03-01,0.0,0.0
TUN,2025-03-01,0.0,0.0
TUR,2025-03-01,0.0,0.0
TZA,2025-03-01,0.0,0.0
UGA,2025-03-01,0.0,0.021826016547038883
UKR,2025-03-01,0.0,0.31241219327297665
URY,2025-03-01,0.0,0.0
USA,2025-03-01,0.0,0.0
UZB,2025-03-01,0.0,0.005
VEN,2025-03-01,0.0,0.0
VNM,2025-03-01,0.0,0.0
VUT,2025-03-01,0.0,0.0
WSM,2025-03-01,0.0,0.0
YEM,2025-03-01,0.0,0.039477099186657434
ZAF,2025-03-01,0.0,0.0
ZMB,2025-03-01,0.0,0.0
ZWE,2025-03-01,0.0,0.0
AFG,2025-04-01,0.0,0.38907247311637994
AGO,2025-04-01,0.0,0.0
ALB,2025-04-01,0.0,0.0
ARE,2025-04-01,0.0,0.0
ARG,2025-04-01,0.0,0.0
ARM,2025-04-01,0.0,0.0
AUS,2025-04-01,0.0,0.0
AUT,2025-04-01,0.0,0.0
AZE,2025-04-01,0.0,0.0
BDI,2025-04-01,0.0,0.0
BEL,2025-04-01,0.0,0.0
BEN,2025-04-01,0.0,0.009403495042996347
BGD,2025-04-01,0.0,0.0
BGR,2025-04-01,0.0,0.0
BHR,2025-04-01,0.0,0.0
BHS,2025-04-01,0.0,0.0
BIH,2025-04-01,0.0,0.0
BLR,2025-04-01,0.0,0.0
BLZ,2025-04-01,0.0,0.0
BOL,2025-04-01,0.0,0.0
BRA,2025-04-01,0.0,0.004756638287644363
BRB,2025-04-01,0.0,0.0
BRN,2025-04-01,0.0,0.0
BTN,2025-04-01,0.0,0.0
BWA,2025-04-01,0.0,0.0
CAF,2025-04-01,0.0,0.630304180303656
CAN,2025-04-01,0.0,0.0
CHE,2025-04-01,0.0,0.0
CHL,2025-04-01,0.0,0.0
CHN,2025-04-01,0.0,0.0
CIV,2025-04-01,0.0,0.0
CMR,2025-04-01,0.0,0.5676142225691251
COL,2025-04-01,0.0,0.2871350491548458
COM,2025-04-01,0.0,0.0
CRI,2025-04-01,0.0,0.0
CUB,2025-04-01,0.0,0.0
CYP,2025-04-01,0.0,0.0
CZE,2025-04-01,0.0,0.0
DEU,2025-04-01,0.0,0.0
DJI,2025-04-01,0.0,0.0
DNK,2025-04-01,0.0,0.0
DOM,2025-04-01,0.0,0.0
DZA,2025-04-01,0.0,0.0
ECU,2025-04-01,0.0,0.035012015741775204
EGY,2025-04-01,0.0,0.0
ERI,2025-04-01,0.0,0.0
ESP,2025-04-01,0.0,0.0
EST,2025-04-01,0.0,0.0
ETH,2025-04-01,1.0,0.8898546284902601
FIN,2025-04-01,0.0,0.0
FJI,2025-04-01,0.0,0.0
FRA,2025-04-01,0.0,0.0
GAB,2025-04-01,0.0,0.0
GBR,2025-04-01,0.0,0.0
GEO,2025-04-01,0.0,0.0
GHA,2025-04-01,0.0,0.005
GIN,2025-04-01,0.0,0.0
GMB,2025-04-01,0.0,0.0
GNB,2025-04-01,0.0,0.0
GNQ,2025-04-01,0.0,0.0
GRC,2025-04-01,0.0,0.0
GRD,2025-04-01,0.0,0.0
GTM,2025-04-01,0.0,0.0
GUY,2025-04-01,0.0,0.0
HND,2025-04-01,0.0,0.004452206453293525
HRV,2025-04-01,0.0,0.0
HUN,2025-04-01,0.0,0.0
IDN,2025-04-01,0.0,0.03418723196152438
IND,2025-04-01,1.0,0.005
IRL,2025-04-01,0.0,0.0
IRN,2025-04-01,1.0,0.009721812894801283
IRQ,2025-04-01,0.0,0.029686050984935698
ISL,2025-04-01,0.0,0.0
ISR,2025-04-01,0.0,0.0
ITA,2025-04-01,0.0,0.0
JAM,2025-04-01,0.0,0.0
JOR,2025-04-01,0.0,0.0
JPN,2025-04-01,0.0,0.0
KAZ,2025-04-01,0.0,0.0
KEN,2025-04-01,0.0,0.011299540890898454
KGZ,2025-04-01,0.0,0.0
KHM,2025-04-01,0.0,0.0
KOR,2025-04-01,0.0,0.0
KWT,2025-04-01,0.0,0.0
LAO,2025-04-01,0.0,0.0
LBN,2025-04-01,0.0,0.5259878209749941
LBR,2025-04-01,0.0,0.0
LBY,2025-04-01,0.0,0.0
LKA,2025-04-01,0.0,0.0
LSO,2025-04-01,0.0,0.0
LTU,2025-04-01,0.0,0.0
LUX,2025-04-01,0.0,0.0
LVA,2025-04-01,0.0,0.0
MAR,2025-04-01,0.0,0.004803396802483409
MDA,2025-04-01,0.0,0.0
MDG,2025-04-01,0.0,0.0
MDV,2025-04-01,0.0,0.0
MEX,2025-04-01,0.0,0.01
MKD,2025-04-01,0.0,0.0
MLI,2025-04-01,0.0,0.7116366551368251
MLT,2025-04-01,0.0,0.0
MMR,2025-04-01,0.0,0.5673261545267889
MNE,2025-04-01,0.0,0.0
MNG,2025-04-01,0.0,0.0
MOZ,2025-04-01,0.0,0.8396438796231551
MRT,2025-04-01,0.0,0.0
MUS,2025-04-01,0.0,0.0
MWI,2025-04-01,0.0,0.0
MYS,2025-04-01,0.0,0.0
NAM,2025-04-01,0.0,0.0
NER,2025-04-01,1.0,0.8576673338158385
NGA,2025-04-01,1.0,0.6695123749306844
NIC,2025-04-01,0.0,0.0
NLD,2025-04-01,0.0,0.0
NOR,2025-04-01,0.0,0.0
NPL,2025-04-01,0.0,0.0
NZL,2025-04-01,0.0,0.0
OMN,2025-04-01,0.0,0.0
PAK,2025-04-01,0.0,0.16560470642342406
PAN,2025-04-01,0.0,0.0
PER,2025-04-01,0.0,0.0
PHL,2025-04-01,0.0,0.31682674990978116
PNG,2025-04-01,0.0,0.005
POL,2025-04-01,0.0,0.0
PRK,2025-04-01,0.0,0.0
PRT,2025-04-01,0.0,0.0
PRY,2025-04-01,0.0,0.0
QAT,2025-04-01,0.0,0.0
ROU,2025-04-01,0.0,0.0
RUS,2025-04-01,0.0,0.08116127942196666
RWA,2025-04-01,0.0,0.0
SAU,2025-04-01,0.0,0.0
SEN,2025-04-01,0.0,0.0
SGP,2025-04-01,0.0,0.0
SLB,2025-04-01,0.0,0.0
SLE,2025-04-01,0.0,0.0
SLV,2025-04-01,0.0,0.0
SOM,2025-04-01,1.0,0.7797792069652256
SRB,2025-04-01,0.0,0.0
STP,2025-04-01,0.0,0.0
SVK,2025-04-01,0.0,0.0
SVN,2025-04-01,0.0,0.0
SWE,2025-04-01,0.0,0.0
SWZ,2025-04-01,0.0,0.0
SYC,2025-04-01,0.0,0.0
SYR,2025-04-01,0.0,0.40052883060448174
TCD,2025-04-01,0.0,0.01372780325987444
TGO,2025-04-01,0.0,0.0
THA,2025-04-01,0.0,0.0
TJK,2025-04-01,0.0,0.0
TKM,2025-04-01,0.0,0.0
TLS,2025-04-01,0.0,0.0
TON,2025-04-01,0.0,0.0
TTO,2025-04-01,0.0,0.0
TUN,2025-04-01,0.0,0.0
TUR,2025-04-01,0.0,0.0
TZA,2025-04-01,0.0,0.0
UGA,2025-04-01,0.0,0.03303696141022699
UKR,2025-04-01,0.0,0.17844321591564136
URY,2025-04-01,0.0,0.0
USA,2025-04-01,0.0,0.0
UZB,2025-04-01,0.0,0.0
VEN,2025-04-01,0.0,0.0
VNM,2025-04-01,0.0,0.0
VUT,2025-04-01,0.0,0.0
WSM,2025-04-01,0.0,0.0
YEM,2025-04-01,0.0,0.03242526852255896
ZAF,2025-04-01,0.0,0.0
ZMB,2025-04-01,0.0,0.0
ZWE,2025-04-01,0.0,0.0
AFG,2025-05-01,0.0,0.3816190488842963
AGO,2025-05-01,0.0,0.005
ALB,2025-05-01,0.0,0.0
ARE,2025-05-01,0.0,0.0
ARG,2025-05-01,0.0,0.0
ARM,2025-05-01,0.0,0.0
AUS,2025-05-01,0.0,0.0
AUT,2025-05-01,0.0,0.0
AZE,2025-05-01,0.0,0.0
BDI,2025-05-01,0.0,0.0
BEL,2025-05-01,0.0,0.0
BEN,2025-05-01,0.0,0.004709347713815591
BGD,2025-05-01,0.0,0.0
BGR,2025-05-01,0.0,0.0
BHR,2025-05-01,0.0,0.0
BHS,2025-05-01,0.0,0.0
BIH,2025-05-01,0.0,0.0
BLR,2025-05-01,0.0,0.0
BLZ,2025-05-01,0.0,0.0
BOL,2025-05-01,0.0,0.0
BRA,2025-05-01,0.0,0.0
BRB,2025-05-01,0.0,0.0
BRN,2025-05-01,0.0,0.0
BTN,2025-05-01,0.0,0.0
BWA,2025-05-01,0.0,0.0
CAF,2025-05-01,0.0,0.48267322841566823
CAN,2025-05-01,0.0,0.0
CHE,2025-05-01,0.0,0.0
CHL,2025-05-01,0.0,0.0
CHN,2025-05-01,0.0,0.0
CIV,2025-05-01,0.0,0.0
CMR,2025-05-01,0.0,0.4364025085261906
COL,2025-05-01,0.0,0.1997044924892211
COM,2025-05-01,0.0,0.0
CRI,2025-05-01,0.0,0.0
CUB,2025-05-01,0.0,0.0
CYP,2025-05-01,0.0,0.0045033435837360265
CZE,2025-05-01,0.0,0.0
DEU,2025-05-01,0.0,0.0
DJI,2025-05-01,0.0,0.0
DNK,2025-05-01,0.0,0.0
DOM,2025-05-01,0.0,0.0
DZA,2025-05-01,0.0,0.0
ECU,2025-05-01,0.0,0.04304946477030998
EGY,2025-05-01,0.0,0.0
ERI,2025-05-01,0.0,0.0
ESP,2025-05-01,0.0,0.0
EST,2025-05-01,0.0,0.0
ETH,2025-05-01,1.0,0.9252314196706004
FIN,2025-05-01,0.0,0.0
FJI,2025-05-01,0.0,0.0
FRA,2025-05-01,0.0,0.0
GAB,2025-05-01,0.0,0.0
GBR,2025-05-01,0.0,0.0
GEO,2025-05-01,0.0,0.0
GHA,2025-05-01,0.0,0.0
GIN,2025-05-01,0.0,0.0
GMB,2025-05-01,0.0,0.0
GNB,2025-05-01,0.0,0.0
GNQ,2025-05-01,0.0,0.0
GRC,2025-05-01,0.0,0.0
GRD,2025-05-01,0.0,0.0
GTM,2025-05-01,0.0,0.0
GUY,2025-05-01,0.0,0.0
HND,2025-05-01,0.0,0.004931404340234473
HRV,2025-05-01,0.0,0.0
HUN,2025-05-01,0.0,0.0
IDN,2025-05-01,0.0,0.024107088430230593
IND,2025-05-01,0.0,0.4349764204867537
IRL,2025-05-01,0.0,0.0
IRN,2025-05-01,1.0,0.0
IRQ,2025-05-01,0.0,0.044156968802977516
ISL,2025-05-01,0.0,0.0
ISR,2025-05-01,0.0,0.019883548591996612
ITA,2025-05-01,0.0,0.0
JAM,2025-05-01,0.0,0.0
JOR,2025-05-01,0.0,0.0
JPN,2025-05-01,0.0,0.0
KAZ,2025-05-01,0.0,0.0
KEN,2025-05-01,0.0,0.031138964149778982
KGZ,2025-05-01,0.0,0.0
KHM,2025-05-01,1.0,0.0
KOR,2025-05-01,0.0,0.0
KWT,2025-05-01,0.0,0.0
LAO,2025-05-01,0.0,0.0
LBN,2025-05-01,0.0,0.4116802905467967
LBR,2025-05-01,0.0,0.0
LBY,2025-05-01,0.0,0.029058864079483812
LKA,2025-05-01,0.0,0.0
LSO,2025-05-01,0.0,0.0
LTU,2025-05-01,0.0,0.0
LUX,2025-05-01,0.0,0.0
LVA,2025-05-01,0.0,0.0
MAR,2025-05-01,0.0,0.004874088683830525
MDA,2025-05-01,0.0,0.0
MDG,2025-05-01,0.0,0.0
MDV,2025-05-01,0.0,0.0
MEX,2025-05-01,0.0,0.014491286145458084
MKD,2025-05-01,0.0,0.0
MLI,2025-05-01,0.0,0.9074593377918331
MLT,2025-05-01,0.0,0.0
MMR,2025-05-01,0.0,0.3844587750644971
MNE,2025-05-01,0.0,0.0
MNG,2025-05-01,0.0,0.0
MOZ,2025-05-01,1.0,0.4786718949570768
MRT,2025-05-01,0.0,0.0
MUS,2025-05-01,0.0,0.0
MWI,2025-05-01,0.0,0.0
MYS,2025-05-01,0.0,0.005
NAM,2025-05-01,0.0,0.0
NER,2025-05-01,1.0,0.8381673077599956
NIC,2025-05-01,0.0,0.0
NLD,2025-05-01,0.0,0.0
NOR,2025-05-01,0.0,0.0
NPL,2025-05-01,0.0,0.0
NZL,2025-05-01,0.0,0.0
OMN,2025-05-01,0.0,0.0
PAK,2025-05-01,0.0,0.6829899161281451
PAN,2025-05-01,0.0,0.0
PER,2025-05-01,0.0,0.0
PHL,2025-05-01,0.0,0.6904001034758673
PNG,2025-05-01,0.0,0.00994837619673362
POL,2025-05-01,0.0,0.0
PRK,2025-05-01,0.0,0.0
PRT,2025-05-01,0.0,0.0
PRY,2025-05-01,0.0,0.0
QAT,2025-05-01,0.0,0.0
ROU,2025-05-01,0.0,0.0
RUS,2025-05-01,0.0,0.12746742805125597
RWA,2025-05-01,0.0,0.0
SAU,2025-05-01,0.0,0.0
SEN,2025-05-01,0.0,0.0
SGP,2025-05-01,0.0,0.0
SLB,2025-05-01,0.0,0.0
SLE,2025-05-01,0.0,0.0
SLV,2025-05-01,0.0,0.0
SOM,2025-05-01,1.0,0.4444398630583285
SRB,2025-05-01,0.0,0.0
STP,2025-05-01,0.0,0.0
SVK,2025-05-01,0.0,0.0
SVN,2025-05-01,0.0,0.0
SWE,2025-05-01,0.0,0.0
SWZ,2025-05-01,0.0,0.0
SYC,2025-05-01,0.0,0.0
SYR,2025-05-01,0.0,0.3943944657586364
TCD,2025-05-01,0.0,0.12471220917060721
TGO,2025-05-01,0.0,0.0
THA,2025-05-01,1.0,0.0
TJK,2025-05-01,0.0,0.0
TKM,2025-05-01,0.0,0.0
TLS,2025-05-01,0.0,0.0
TON,2025-05-01,0.0,0.0
TTO,2025-05-01,0.0,0.0
TUN,2025-05-01,0.0,0.0
TUR,2025-05-01,0.0,0.0
TZA,2025-05-01,0.0,0.0
UGA,2025-05-01,0.0,0.004639262258524346
UKR,2025-05-01,0.0,0.27482850933110187
URY,2025-05-01,0.0,0.0
USA,2025-05-01,0.0,0.0
UZB,2025-05-01,0.0,0.0
VEN,2025-05-01,0.0,0.0
VNM,2025-05-01,0.0,0.0
VUT,2025-05-01,0.0,0.0
WSM,2025-05-01,0.0,0.0
YEM,2025-05-01,0.0,0.07182502903004183
ZAF,2025-05-01,0.0,0.0
ZMB,2025-05-01,0.0,0.0
ZWE,2025-05-01,0.0,0.0
AFG,2025-06-01,0.0,0.19532308702714807
AGO,2025-06-01,0.0,0.0
ALB,2025-06-01,0.0,0.0
ARE,2025-06-01,0.0,0.0
ARG,2025-06-01,0.0,0.0
ARM,2025-06-01,0.0,0.0
AUS,2025-06-01,0.0,0.0
AUT,2025-06-01,0.0,0.0
AZE,2025-06-01,0.0,0.0
BDI,2025-06-01,0.0,0.0
BEL,2025-06-01,0.0,0.0
BEN,2025-06-01,0.0,0.02028111240179443
BGD,2025-06-01,0.0,0.009669285352255448
BGR,2025-06-01,0.0,0.0
BHR,2025-06-01,0.0,0.0
BHS,2025-06-01,0.0,0.0
BIH,2025-06-01,0.0,0.0
BLR,2025-06-01,0.0,0.0
BLZ,2025-06-01,0.0,0.0
BOL,2025-06-01,0.0,0.0
BRA,2025-06-01,0.0,0.0
BRB,2025-06-01,0.0,0.0
BRN,2025-06-01,0.0,0.0
BTN,2025-06-01,0.0,0.0
BWA,2025-06-01,0.0,0.0
CAF,2025-06-01,0.0,0.6554008965479968
CAN,2025-06-01,0.0,0.0
CHE,2025-06-01,0.0,0.0
CHL,2025-06-01,0.0,0.0
CHN,2025-06-01,0.0,0.0
CIV,2025-06-01,0.0,0.0
CMR,2025-06-01,0.0,0.3528686934996962
COL,2025-06-01,0.0,0.12184391269090458
COM,2025-06-01,0.0,0.0
CRI,2025-06-01,0.0,0.0
CUB,2025-06-01,0.0,0.0
CYP,2025-06-01,0.0,0.0
CZE,2025-06-01,0.0,0.0
DEU,2025-06-01,0.0,0.0
DJI,2025-06-01,0.0,0.0
DNK,2025-06-01,0.0,0.0
DOM,2025-06-01,0.0,0.0
DZA,2025-06-01,0.0,0.0
ECU,2025-06-01,0.0,0.03589714183569298
EGY,2025-06-01,0.0,0.003386948529411764
ERI,2025-06-01,0.0,0.0
ESP,2025-06-01,0.0,0.0
EST,2025-06-01,0.0,0.0
ETH,2025-06-01,1.0,0.7942547178012782
FIN,2025-06-01,0.0,0.0
FJI,2025-06-01,0.0,0.0
FRA,2025-06-01,0.0,0.0
GAB,2025-06-01,0.0,0.0
GBR,2025-06-01,0.0,0.0
GEO,2025-06-01,0.0,0.0
GHA,2025-06-01,0.0,0.0
GIN,2025-06-01,0.0,0.0
GMB,2025-06-01,0.0,0.0
GNB,2025-06-01,0.0,0.0
GNQ,2025-06-01,0.0,0.0
GRC,2025-06-01,0.0,0.0
GRD,2025-06-01,0.0,0.0
GTM,2025-06-01,0.0,0.008198289551217668
GUY,2025-06-01,0.0,0.0
HND,2025-06-01,0.0,0.008916710636739801
HRV,2025-06-01,0.0,0.0
HUN,2025-06-01,0.0,0.0
IDN,2025-06-01,0.0,0.004431749849669272
IND,2025-06-01,0.0,0.36146217404168135
IRL,2025-06-01,0.0,0.0
IRN,2025-06-01,0.0,0.24315586259657723
IRQ,2025-06-01,0.0,0.04246515607865594
ISL,2025-06-01,0.0,0.0
ISR,2025-06-01,0.0,0.04326322150121405
ITA,2025-06-01,0.0,0.0
JAM,2025-06-01,0.0,0.0
JOR,2025-06-01,0.0,0.0
JPN,2025-06-01,0.0,0.0
KAZ,2025-06-01,0.0,0.0
KEN,2025-06-01,0.0,0.044046361916857464
KGZ,2025-06-01,0.0,0.0
KHM,2025-06-01,1.0,0.0
KOR,2025-06-01,0.0,0.0
KWT,2025-06-01,0.0,0.0
LAO,2025-06-01,0.0,0.0
LBN,2025-06-01,0.0,0.33768545955925583
LBR,2025-06-01,0.0,0.0
LBY,2025-06-01,0.0,0.01901023522324899
LKA,2025-06-01,0.0,0.0
LSO,2025-06-01,0.0,0.0
LTU,2025-06-01,0.0,0.0
LUX,2025-06-01,0.0,0.0
LVA,2025-06-01,0.0,0.0
MAR,2025-06-01,0.0,0.005
MDA,2025-06-01,0.0,0.0
MDG,2025-06-01,0.0,0.0
MDV,2025-06-01,0.0,0.0
MEX,2025-06-01,0.0,0.02218649100928276
MKD,2025-06-01,0.0,0.0
MLI,2025-06-01,0.0,0.9494030321174257
MLT,2025-06-01,0.0,0.0
MMR,2025-06-01,0.0,0.23960940936336897
MNE,2025-06-01,0.0,0.0
MNG,2025-06-01,0.0,0.0
MOZ,2025-06-01,1.0,0.6404199068295326
MRT,2025-06-01,0.0,0.0
MUS,2025-06-01,0.0,0.0
MWI,2025-06-01,0.0,0.0
MYS,2025-06-01,0.0,0.0
NAM,2025-06-01,0.0,0.0
NIC,2025-06-01,0.0,0.0
NLD,2025-06-01,0.0,0.0
NOR,2025-06-01,0.0,0.0
NPL,2025-06-01,0.0,0.0
NZL,2025-06-01,0.0,0.0
OMN,2025-06-01,0.0,0.0
PAK,2025-06-01,1.0,0.17460991665974596
PAN,2025-06-01,0.0,0.0
PER,2025-06-01,0.0,0.0
PHL,2025-06-01,0.0,0.20078129378947765
PNG,2025-06-01,0.0,0.0
POL,2025-06-01,0.0,0.0
PRK,2025-06-01,0.0,0.0
PRT,2025-06-01,0.0,0.0
PRY,2025-06-01,0.0,0.0
QAT,2025-06-01,0.0,0.0
ROU,2025-06-01,0.0,0.0
RUS,2025-06-01,0.0,0.12160055296009288
RWA,2025-06-01,0.0,0.0
SAU,2025-06-01,0.0,0.0
SEN,2025-06-01,0.0,0.0
SGP,2025-06-01,0.0,0.0
SLB,2025-06-01,0.0,0.0
SLE,2025-06-01,0.0,0.0
SLV,2025-06-01,0.0,0.0
SRB,2025-06-01,0.0,0.0
STP,2025-06-01,0.0,0.0
SVK,2025-06-01,0.0,0.0
SVN,2025-06-01,0.0,0.0
SWE,2025-06-01,0.0,0.0
SWZ,2025-06-01,0.0,0.0
SYC,2025-06-01,0.0,0.0
SYR,2025-06-01,0.0,0.254024896553638
TCD,2025-06-01,0.0,0.1792337533585831
TGO,2025-06-01,0.0,0.0
THA,2025-06-01,1.0,0.0
TJK,2025-06-01,0.0,0.0
TKM,2025-06-01,0.0,0.0
TLS,2025-06-01,0.0,0.0
TON,2025-06-01,0.0,0.0
TTO,2025-06-01,0.0,0.0
TUN,2025-06-01,0.0,0.0
TUR,2025-06-01,0.0,0.0
TZA,2025-06-01,0.0,0.0
UGA,2025-06-01,0.0,0.015155570133961498
UKR,2025-06-01,0.0,0.2193920960779144
URY,2025-06-01,0.0,0.0
USA,2025-06-01,0.0,0.0
UZB,2025-06-01,0.0,0.0
VEN,2025-06-01,0.0,0.01827141719274562
VNM,2025-06-01,0.0,0.0
VUT,2025-06-01,0.0,0.0
WSM,2025-06-01,0.0,0.0
YEM,2025-06-01,0.0,0.06936145376964184
ZAF,2025-06-01,0.0,0.0
ZMB,2025-06-01,0.0,0.0
ZWE,2025-06-01,0.0,0.0
AFG,2025-07-01,0.0,0.20465067593840014
AGO,2025-07-01,0.0,0.0
ALB,2025-07-01,0.0,0.0
ARE,2025-07-01,0.0,0.0
ARG,2025-07-01,0.0,0.0
ARM,2025-07-01,0.0,0.0
AUS,2025-07-01,0.0,0.0
AUT,2025-07-01,0.0,0.0
AZE,2025-07-01,0.0,0.005
BDI,2025-07-01,0.0,0.0
BEL,2025-07-01,0.0,0.0
BEN,2025-07-01,0.0,0.0
BGD,2025-07-01,0.0,0.0
BGR,2025-07-01,0.0,0.0
BHR,2025-07-01,0.0,0.0
BHS,2025-07-01,0.0,0.0
BIH,2025-07-01,0.0,0.0
BLR,2025-07-01,0.0,0.0
BLZ,2025-07-01,0.0,0.001521122828117955
BOL,2025-07-01,0.0,0.001521122828117955
BRA,2025-07-01,0.0,0.004807769446758617
BRB,2025-07-01,0.0,0.0
BRN,2025-07-01,0.0,0.0
BTN,2025-07-01,0.0,0.0
BWA,2025-07-01,0.0,0.0
CAF,2025-07-01,0.0,0.5217976152350932
CAN,2025-07-01,0.0,0.0
CHE,2025-07-01,0.0,0.0
CHL,2025-07-01,0.0,0.0
CHN,2025-07-01,0.0,0.0
CIV,2025-07-01,0.0,0.0
CMR,2025-07-01,0.0,0.2320418491736219
COL,2025-07-01,0.0,0.06676475510373175
COM,2025-07-01,0.0,0.0
CRI,2025-07-01,0.0,0.0
CUB,2025-07-01,0.0,0.0
CYP,2025-07-01,0.0,0.0
CZE,2025-07-01,0.0,0.0
DEU,2025-07-01,0.0,0.0
DJI,2025-07-01,0.0,0.0
DNK,2025-07-01,0.0,0.0
DOM,2025-07-01,0.0,0.0
DZA,2025-07-01,0.0,0.0
ECU,2025-07-01,0.0,0.008527262497035143
EGY,2025-07-01,0.0,0.0197900765238506
ERI,2025-07-01,0.0,0.0
ESP,2025-07-01,0.0,0.0
EST,2025-07-01,0.0,0.0
FIN,2025-07-01,0.0,0.0
FJI,2025-07-01,0.0,0.0
FRA,2025-07-01,0.0,0.0
GAB,2025-07-01,0.0,0.0
GBR,2025-07-01,0.0,0.0
GEO,2025-07-01,0.0,0.004877418910543351
GHA,2025-07-01,0.0,0.0
GIN,2025-07-01,0.0,0.0
GMB,2025-07-01,0.0,0.0
GNB,2025-07-01,0.0,0.0
GNQ,2025-07-01,0.0,0.0
GRC,2025-07-01,0.0,0.0
GRD,2025-07-01,0.0,0.0
GTM,2025-07-01,0.0,0.0045999937649219644
GUY,2025-07-01,0.0,0.0
HND,2025-07-01,0.0,0.0
HRV,2025-07-01,0.0,0.0
HTI,2025-07-01,1.0,0.7583040433413178
HUN,2025-07-01,0.0,0.0
IDN,2025-07-01,0.0,0.004530335497489361
IND,2025-07-01,0.0,0.2772924715640502
IRL,2025-07-01,0.0,0.0
IRN,2025-07-01,0.0,0.3522673376221852
IRQ,2025-07-01,0.0,0.013887961505613541
ISL,2025-07-01,0.0,0.0
ISR,2025-07-01,0.0,0.07725716147880618
ITA,2025-07-01,0.0,0.0
JAM,2025-07-01,0.0,0.0027712564072465474
JOR,2025-07-01,0.0,0.0
JPN,2025-07-01,0.0,0.009267166067519532
KAZ,2025-07-01,0.0,0.0
KEN,2025-07-01,0.0,0.08344286306874672
KGZ,2025-07-01,0.0,0.0
KHM,2025-07-01,0.0,0.059585370855409575
KOR,2025-07-01,0.0,0.0
KWT,2025-07-01,0.0,0.0
LAO,2025-07-01,0.0,0.0
LBN,2025-07-01,0.0,0.30900613131937055
LBR,2025-07-01,0.0,0.0
LBY,2025-07-01,0.0,0.02847704172205065
LKA,2025-07-01,0.0,0.0
LSO,2025-07-01,0.0,0.0
LTU,2025-07-01,0.0,0.0
LUX,2025-07-01,0.0,0.0
LVA,2025-07-01,0.0,0.0
MAR,2025-07-01,0.0,0.01360771232281024
MDA,2025-07-01,0.0,0.0
MDG,2025-07-01,0.0,0.0
MDV,2025-07-01,0.0,0.0
MEX,2025-07-01,0.0,0.0
MKD,2025-07-01,0.0,0.0
MLI,2025-07-01,0.0,0.8342841601118133
MLT,2025-07-01,0.0,0.0
MMR,2025-07-01,0.0,0.19370467321692492
MNE,2025-07-01,0.0,0.0
MNG,2025-07-01,0.0,0.0
MRT,2025-07-01,0.0,0.0
MUS,2025-07-01,0.0,0.0
MWI,2025-07-01,0.0,0.0
MYS,2025-07-01,0.0,0.0
NAM,2025-07-01,0.0,0.0
NIC,2025-07-01,0.0,0.0
NLD,2025-07-01,0.0,0.0
NOR,2025-07-01,0.0,0.0
NPL,2025-07-01,0.0,0.0
NZL,2025-07-01,0.0,0.0
OMN,2025-07-01,0.0,0.0
PAK,2025-07-01,1.0,0.41901187935498013
PAN,2025-07-01,0.0,0.0
PER,2025-07-01,0.0,0.0
PHL,2025-07-01,0.0,0.39386923908615884
PNG,2025-07-01,0.0,0.0048141908294653405
POL,2025-07-01,0.0,0.0
PRK,2025-07-01,0.0,0.001521122828117955
PRT,2025-07-01,0.0,0.0
PRY,2025-07-01,0.0,0.0
QAT,2025-07-01,0.0,0.0
ROU,2025-07-01,0.0,0.0
RUS,2025-07-01,0.0,0.125620456668875
RWA,2025-07-01,0.0,0.0
SAU,2025-07-01,0.0,0.0
SEN,2025-07-01,0.0,0.0
SGP,2025-07-01,0.0,0.0
SLB,2025-07-01,0.0,0.0
SLE,2025-07-01,0.0,0.0
SLV,2025-07-01,0.0,0.0
SRB,2025-07-01,0.0,0.0
STP,2025-07-01,0.0,0.0
SVK,2025-07-01,0.0,0.0
SVN,2025-07-01,0.0,0.0
SWE,2025-07-01,0.0,0.0
SWZ,2025-07-01,0.0,0.0
SYC,2025-07-01,0.0,0.0
SYR,2025-07-01,0.0,0.16742467850210865
TCD,2025-07-01,0.0,0.2087301885510685
TGO,2025-07-01,0.0,0.0
THA,2025-07-01,0.0,0.1262632058338959
TJK,2025-07-01,0.0,0.0
TKM,2025-07-01,0.0,0.0
TLS,2025-07-01,0.0,0.0
TON,2025-07-01,0.0,0.0
TTO,2025-07-01,0.0,0.0
TUN,2025-07-01,0.0,0.0
TUR,2025-07-01,0.0,0.005
TZA,2025-07-01,0.0,0.0
UGA,2025-07-01,0.0,0.0046297726935076505
UKR,2025-07-01,0.0,0.10333995420640824
URY,2025-07-01,0.0,0.0
USA,2025-07-01,0.0,0.014483652278969937
UZB,2025-07-01,0.0,0.0
VEN,2025-07-01,0.0,0.017854001980597854
VNM,2025-07-01,0.0,0.0
VUT,2025-07-01,0.0,0.0
WSM,2025-07-01,0.0,0.0
YEM,2025-07-01,0.0,0.03735409761656908
ZAF,2025-07-01,0.0,0.0
ZMB,2025-07-01,0.0,0.0
ZWE,2025-07-01,0.0,0.0
AFG,2025-08-01,1.0,0.09384994580541159
AGO,2025-08-01,0.0,0.0
ALB,2025-08-01,0.0,0.00551856696381319
ARE,2025-08-01,0.0,0.0
ARG,2025-08-01,0.0,0.0
ARM,2025-08-01,0.0,0.007333420987592543
AUS,2025-08-01,0.0,0.0
AUT,2025-08-01,0.0,0.0
AZE,2025-08-01,0.0,0.011515697365332913
BDI,2025-08-01,0.0,0.0021955742176724812
BEL,2025-08-01,0.0,0.0
BEN,2025-08-01,0.0,0.004322704835926086
BGD,2025-08-01,0.0,0.0
BGR,2025-08-01,0.0,0.0
BHR,2025-08-01,0.0,0.0
BHS,2025-08-01,0.0,0.0016917065546032941
BIH,2025-08-01,0.0,0.0009403263280870545
BLR,2025-08-01,0.0,0.0
BLZ,2025-08-01,0.0,0.0
BOL,2025-08-01,0.0,0.0
BRA,2025-08-01,0.0,0.0
BRB,2025-08-01,0.0,0.0016917065546032941
BRN,2025-08-01,0.0,0.0
BTN,2025-08-01,0.0,0.0
BWA,2025-08-01,0.0,0.0
CAF,2025-08-01,0.0,0.5161194219567447
CAN,2025-08-01,0.0,0.0
CHE,2025-08-01,0.0,0.0
CHL,2025-08-01,0.0,0.0
CHN,2025-08-01,0.0,0.0
CIV,2025-08-01,0.0,0.0
CMR,2025-08-01,0.0,0.239552403971138
COL,2025-08-01,0.0,0.10625434741403808
COM,2025-08-01,0.0,0.0
CRI,2025-08-01,0.0,0.0
CUB,2025-08-01,0.0,0.0
CYP,2025-08-01,0.0,0.0
CZE,2025-08-01,0.0,0.0
DEU,2025-08-01,0.0,0.0
DJI,2025-08-01,0.0,0.004963361374864063
DNK,2025-08-01,0.0,0.0
DOM,2025-08-01,0.0,0.007770536819306929
DZA,2025-08-01,0.0,0.0
ECU,2025-08-01,0.0,0.022607267937711013
EGY,2025-08-01,0.0,0.0038456583008992075
ERI,2025-08-01,0.0,0.005387010879152781
ESP,2025-08-01,0.0,0.0
EST,2025-08-01,0.0,0.0
FIN,2025-08-01,0.0,0.0
FJI,2025-08-01,0.0,0.0
FRA,2025-08-01,0.0,0.000997854824555293
GAB,2025-08-01,0.0,0.0
GBR,2025-08-01,0.0,0.0
GEO,2025-08-01,0.0,0.008478932427286015
GHA,2025-08-01,0.0,0.036982145188741045
GIN,2025-08-01,0.0,0.0027705368193069293
GMB,2025-08-01,0.0,0.0
GNB,2025-08-01,0.0,0.006644573536635929
GNQ,2025-08-01,0.0,0.0
GRC,2025-08-01,0.0,0.0
GRD,2025-08-01,0.0,0.0
GTM,2025-08-01,0.0,0.0
GUY,2025-08-01,0.0,0.0009658478049832743
HND,2025-08-01,0.0,0.009336069171758636
HRV,2025-08-01,0.0,0.0
HTI,2025-08-01,1.0,0.8203571638684787
HUN,2025-08-01,0.0,0.0
IDN,2025-08-01,0.0,0.008267017081468285
IND,2025-08-01,0.0,0.20877013530824456
IRL,2025-08-01,0.0,0.0
IRN,2025-08-01,0.0,0.32117493692895943
IRQ,2025-08-01,0.0,0.019393015549475996
ISL,2025-08-01,0.0,0.0016917065546032941
ISR,2025-08-01,0.0,0.05722639073590963
ITA,2025-08-01,0.0,0.0
JAM,2025-08-01,0.0,0.0
JOR,2025-08-01,0.0,0.0020251894153567756
JPN,2025-08-01,0.0,0.0
KAZ,2025-08-01,0.0,0.0
KEN,2025-08-01,0.0,0.21374609400625968
KGZ,2025-08-01,0.0,0.0
KHM,2025-08-01,0.0,0.11756143104322643
KOR,2025-08-01,0.0,0.0
KWT,2025-08-01,0.0,0.0
LAO,2025-08-01,0.0,0.0
LBN,2025-08-01,0.0,0.2804063959693777
LBR,2025-08-01,0.0,0.0
LBY,2025-08-01,0.0,0.028499568903135087
LKA,2025-08-01,0.0,0.0
LSO,2025-08-01,0.0,0.0019068089863713796
LTU,2025-08-01,0.0,0.0
LUX,2025-08-01,0.0,0.0
LVA,2025-08-01,0.0,0.0
MAR,2025-08-01,0.0,0.0
MDA,2025-08-01,0.0,0.0
MDG,2025-08-01,0.0,0.0
MDV,2025-08-01,0.0,0.0
MEX,2025-08-01,0.0,0.006929899367376622
MKD,2025-08-01,0.0,0.0
MLI,2025-08-01,0.0,0.717263669598697
MLT,2025-08-01,0.0,0.0016917065546032941
MMR,2025-08-01,0.0,0.0813973415673174
MNE,2025-08-01,0.0,0.0
MNG,2025-08-01,0.0,0.0016917065546032941
MRT,2025-08-01,0.0,0.000997854824555293
MUS,2025-08-01,0.0,0.0
MWI,2025-08-01,0.0,0.0
MYS,2025-08-01,0.0,0.0
NAM,2025-08-01,0.0,0.0
NER,2025-08-01,0.0,0.6470107997593655
NIC,2025-08-01,0.0,0.0
NLD,2025-08-01,0.0,0.000997854824555293
NOR,2025-08-01,0.0,0.0
NPL,2025-08-01,0.0,0.0
NZL,2025-08-01,0.0,0.0
OMN,2025-08-01,0.0,0.0
PAK,2025-08-01,1.0,0.813030026791658
PAN,2025-08-01,0.0,0.0
PER,2025-08-01,0.0,0.0
PHL,2025-08-01,0.0,0.5445688370239469
PNG,2025-08-01,0.0,0.0
POL,2025-08-01,0.0,0.0
PRK,2025-08-01,0.0,0.0009658478049832743
PRT,2025-08-01,0.0,0.0
PRY,2025-08-01,0.0,0.0
QAT,2025-08-01,0.0,0.0
ROU,2025-08-01,0.0,0.0
RUS,2025-08-01,0.0,0.0730159868021807
RWA,2025-08-01,0.0,0.0020251894153567756
SAU,2025-08-01,0.0,0.0009658478049832743
SEN,2025-08-01,0.0,0.0
SGP,2025-08-01,0.0,0.0
SLB,2025-08-01,0.0,0.0016948936623067097
SLE,2025-08-01,0.0,0.0
SLV,2025-08-01,0.0,0.0
SRB,2025-08-01,0.0,0.0
STP,2025-08-01,0.0,0.0016917065546032941
SVK,2025-08-01,0.0,0.0
SVN,2025-08-01,0.0,0.0007258587496200198
SWE,2025-08-01,0.0,0.0
SWZ,2025-08-01,0.0,0.0009658478049832743
SYC,2025-08-01,0.0,0.0
SYR,2025-08-01,1.0,0.14434271588893166
TCD,2025-08-01,0.0,0.13211800250506567
TGO,2025-08-01,0.0,0.0019561295379590237
THA,2025-08-01,0.0,0.08272300363441451
TJK,2025-08-01,0.0,0.0
TKM,2025-08-01,0.0,0.0
TLS,2025-08-01,0.0,0.0
TON,2025-08-01,0.0,0.0
TTO,2025-08-01,0.0,0.0
TUN,2025-08-01,0.0,0.0049638603653820446
TUR,2025-08-01,0.0,0.003942487616951014
TZA,2025-08-01,0.0,0.0
UGA,2025-08-01,0.0,0.02186914217084699
UKR,2025-08-01,0.0,0.18591651981011073
URY,2025-08-01,0.0,0.0016917065546032941
USA,2025-08-01,0.0,0.0
UZB,2025-08-01,0.0,0.0
VEN,2025-08-01,0.0,0.019755508257813637
VNM,2025-08-01,0.0,0.0
VUT,2025-08-01,0.0,0.0
WSM,2025-08-01,0.0,0.0
YEM,2025-08-01,0.0,0.06120975126987352
ZAF,2025-08-01,0.0,0.0
ZMB,2025-08-01,0.0,0.0
ZWE,2025-08-01,0.0,0.018856769848299804
AFG,2025-09-01,1.0,0.05598254375715166
AGO,2025-09-01,0.0,0.003338017138118494
ALB,2025-09-01,0.0,0.003062056372811331
ARE,2025-09-01,0.0,0.0
ARG,2025-09-01,0.0,0.0
ARM,2025-09-01,0.0,0.0010279589317720743
AUS,2025-09-01,0.0,0.0
AUT,2025-09-01,0.0,0.0
AZE,2025-09-01,0.0,0.005727945958238084
BDI,2025-09-01,0.0,0.005
BEL,2025-09-01,0.0,0.0
BEN,2025-09-01,0.0,0.0
BFA,2025-09-01,0.0,0.8120887806460101
BGD,2025-09-01,0.0,0.012532144013315948
BGR,2025-09-01,0.0,0.0
BHR,2025-09-01,0.0,0.0
BHS,2025-09-01,0.0,0.0
BIH,2025-09-01,0.0,0.0008344850620781813
BLR,2025-09-01,0.0,0.0
BLZ,2025-09-01,0.0,0.0
BOL,2025-09-01,0.0,0.0
BRA,2025-09-01,0.0,0.0
BRB,2025-09-01,0.0,0.0
BRN,2025-09-01,0.0,0.0
BTN,2025-09-01,0.0,0.0
BWA,2025-09-01,0.0,0.0
CAF,2025-09-01,0.0,0.5195945587969072
CAN,2025-09-01,0.0,0.0
CHE,2025-09-01,0.0,0.0
CHL,2025-09-01,0.0,0.0
CHN,2025-09-01,0.0,0.0
CIV,2025-09-01,0.0,0.0
CMR,2025-09-01,0.0,0.2892824991997502
COL,2025-09-01,0.0,0.1499243896419494
COM,2025-09-01,0.0,0.0
CRI,2025-09-01,0.0,0.0
CUB,2025-09-01,0.0,0.0
CYP,2025-09-01,0.0,0.0
CZE,2025-09-01,0.0,0.0
DEU,2025-09-01,0.0,0.0
DJI,2025-09-01,0.0,0.0
DNK,2025-09-01,0.0,0.0
DOM,2025-09-01,0.0,0.0
DZA,2025-09-01,0.0,0.0
ECU,2025-09-01,0.0,0.006007949061277268
EGY,2025-09-01,0.0,0.018816274468148403
ERI,2025-09-01,0.0,0.001295435447247503
ESP,2025-09-01,0.0,0.0
EST,2025-09-01,0.0,0.0
FIN,2025-09-01,0.0,0.0
FJI,2025-09-01,0.0,0.0
FRA,2025-09-01,0.0,0.0
GAB,2025-09-01,0.0,0.0008344850620781813
GBR,2025-09-01,0.0,0.0
GEO,2025-09-01,0.0,0.0009339873156646403
GHA,2025-09-01,0.0,0.023915546099442533
GIN,2025-09-01,0.0,0.0
GMB,2025-09-01,0.0,0.009330434879448053
GNB,2025-09-01,0.0,0.011367893103990747
GNQ,2025-09-01,0.0,0.0
GRC,2025-09-01,0.0,0.0
GRD,2025-09-01,0.0,0.0
GTM,2025-09-01,0.0,0.0
GUY,2025-09-01,0.0,0.0008344850620781813
HND,2025-09-01,0.0,0.003942914671310407
HRV,2025-09-01,0.0,0.0
HUN,2025-09-01,0.0,0.0
IDN,2025-09-01,0.0,0.01222111523251893
IND,2025-09-01,0.0,0.1460800917022148
IRL,2025-09-01,0.0,0.0
IRN,2025-09-01,0.0,0.10905922601222506
IRQ,2025-09-01,0.0,0.013952810009238452
ISL,2025-09-01,0.0,0.0
ISR,2025-09-01,0.0,0.06283190542820301
ITA,2025-09-01,0.0,0.0
JAM,2025-09-01,0.0,0.0
JOR,2025-09-01,0.0,0.0
JPN,2025-09-01,0.0,0.0
KAZ,2025-09-01,0.0,0.004984092589726393
KEN,2025-09-01,0.0,0.21701598356151186
KGZ,2025-09-01,0.0,0.0
KHM,2025-09-01,0.0,0.046783810889276196
KOR,2025-09-01,0.0,0.0
KWT,2025-09-01,0.0,0.0
LAO,2025-09-01,0.0,0.0
LBN,2025-09-01,0.0,0.0735869900541565
LBR,2025-09-01,0.0,0.0
LBY,2025-09-01,0.0,0.014140308496911376
LKA,2025-09-01,0.0,0.0
LSO,2025-09-01,0.0,0.0
LTU,2025-09-01,0.0,0.0
LUX,2025-09-01,0.0,0.0
LVA,2025-09-01,0.0,0.0
MAR,2025-09-01,0.0,0.0
MDA,2025-09-01,0.0,0.0008344850620781813
MDG,2025-09-01,0.0,0.0
MDV,2025-09-01,0.0,0.0
MEX,2025-09-01,0.0,0.0
MKD,2025-09-01,0.0,0.0
MLI,2025-09-01,0.0,0.6303859534042773
MLT,2025-09-01,0.0,0.0
MMR,2025-09-01,0.0,0.12325238723641348
MNE,2025-09-01,0.0,0.0
MNG,2025-09-01,0.0,0.0014912503198260276
MRT,2025-09-01,0.0,0.0017684723777428215
MUS,2025-09-01,0.0,0.0
MWI,2025-09-01,0.0,0.0
MYS,2025-09-01,0.0,0.0
NAM,2025-09-01,0.0,0.0
NER,2025-09-01,0.0,0.7750711659292723
NGA,2025-09-01,0.0,0.5577068074881626
NIC,2025-09-01,0.0,0.0010279589317720743
NLD,2025-09-01,0.0,0.0
NOR,2025-09-01,0.0,0.0
NPL,2025-09-01,0.0,0.0
NZL,2025-09-01,0.0,0.0
OMN,2025-09-01,0.0,0.0
PAK,2025-09-01,1.0,0.6571428285084084
PAN,2025-09-01,0.0,0.0008344850620781813
PER,2025-09-01,0.0,0.003993166067319751
PHL,2025-09-01,0.0,0.30533312315441874
PNG,2025-09-01,0.0,0.009460949312144147
POL,2025-09-01,0.0,0.0
PRK,2025-09-01,0.0,0.0008344850620781813
PRT,2025-09-01,0.0,0.0
PRY,2025-09-01,0.0,0.0008344850620781813
QAT,2025-09-01,0.0,0.0
ROU,2025-09-01,0.0,0.0
RUS,2025-09-01,0.0,0.050330832735599816
RWA,2025-09-01,0.0,0.0
SAU,2025-09-01,0.0,0.0
SEN,2025-09-01,0.0,0.0010279589317720743
SGP,2025-09-01,0.0,0.0
SLB,2025-09-01,0.0,0.0
SLE,2025-09-01,0.0,0.001295435447247503
SLV,2025-09-01,0.0,0.0
SRB,2025-09-01,0.0,0.0
STP,2025-09-01,0.0,0.0
SVK,2025-09-01,0.0,0.0
SVN,2025-09-01,0.0,0.0
SWE,2025-09-01,0.0,0.0
SWZ,2025-09-01,0.0,0.0
SYC,2025-09-01,0.0,0.0
SYR,2025-09-01,1.0,0.6312193704222497
TCD,2025-09-01,0.0,0.04169032699207448
TGO,2025-09-01,0.0,0.0
THA,2025-09-01,0.0,0.10988390879626357
TJK,2025-09-01,0.0,0.0010279589317720743
TKM,2025-09-01,0.0,0.0
TLS,2025-09-01,0.0,0.0017684723777428215
TON,2025-09-01,0.0,0.0
TTO,2025-09-01,0.0,0.0
TUN,2025-09-01,0.0,0.0008344850620781813
TUR,2025-09-01,0.0,0.0014760827934645344
TZA,2025-09-01,0.0,0.0
UGA,2025-09-01,0.0,0.004869451258442825
UKR,2025-09-01,0.0,0.17237878542437582
URY,2025-09-01,0.0,0.0
USA,2025-09-01,0.0,0.0
UZB,2025-09-01,0.0,0.0
VEN,2025-09-01,0.0,0.0
VNM,2025-09-01,0.0,0.0
VUT,2025-09-01,0.0,0.0010279589317720743
WSM,2025-09-01,0.0,0.0
YEM,2025-09-01,0.0,0.028103999048938663
ZAF,2025-09-01,0.0,0.0
ZMB,2025-09-01,0.0,0.0
ZWE,2025-09-01,0.0,0.0
AFG,2025-10-01,0.0,0.8107765873314253
AGO,2025-10-01,0.0,0.0
ALB,2025-10-01,0.0,0.0
ARE,2025-10-01,0.0,0.0
ARG,2025-10-01,0.0,0.0
ARM,2025-10-01,0.0,0.004740170470167721
AUS,2025-10-01,0.0,0.0
AUT,2025-10-01,0.0,0.0
AZE,2025-10-01,0.0,0.026545464227662657
BDI,2025-10-01,0.0,0.0
BEL,2025-10-01,0.0,0.0
BEN,2025-10-01,0.0,0.004569749964138036
BFA,2025-10-01,0.0,0.9124083161706754
BGD,2025-10-01,0.0,0.013026681515624645
BGR,2025-10-01,0.0,0.0
BHR,2025-10-01,0.0,0.0
BHS,2025-10-01,0.0,0.0008256518897478123
BIH,2025-10-01,0.0,0.0
BLR,2025-10-01,0.0,0.0
BLZ,2025-10-01,0.0,0.0
BOL,2025-10-01,0.0,0.0
BRA,2025-10-01,0.0,0.0
BRB,2025-10-01,0.0,0.0
BRN,2025-10-01,0.0,0.0
BTN,2025-10-01,0.0,0.0
BWA,2025-10-01,0.0,0.0
CAF,2025-10-01,0.0,0.42787227777785747
CAN,2025-10-01,0.0,0.0
CHE,2025-10-01,0.0,0.0
CHL,2025-10-01,0.0,0.0
CHN,2025-10-01,0.0,0.0
CIV,2025-10-01,0.0,0.011017151617417604
CMR,2025-10-01,0.0,0.21270062666971865
COL,2025-10-01,0.0,0.14379403176609779
COM,2025-10-01,0.0,0.0
CRI,2025-10-01,0.0,0.0
CUB,2025-10-01,0.0,0.0
CYP,2025-10-01,0.0,0.0
CZE,2025-10-01,0.0,0.0
DEU,2025-10-01,0.0,0.0
DJI,2025-10-01,0.0,0.0
DNK,2025-10-01,0.0,0.0
DOM,2025-10-01,0.0,0.0
DZA,2025-10-01,0.0,0.01
ECU,2025-10-01,0.0,0.012573582718595832
EGY,2025-10-01,0.0,0.013380179515565627
ERI,2025-10-01,0.0,0.0
ESP,2025-10-01,0.0,0.0
EST,2025-10-01,0.0,0.0
FIN,2025-10-01,0.0,0.0
FJI,2025-10-01,0.0,0.0
FRA,2025-10-01,0.0,0.0
GAB,2025-10-01,0.0,0.0
GBR,2025-10-01,0.0,0.0
GEO,2025-10-01,0.0,0.0
GHA,2025-10-01,0.0,0.024478056577063104
GIN,2025-10-01,0.0,0.0
GMB,2025-10-01,0.0,0.0
GNB,2025-10-01,0.0,0.012207141877798864
GNQ,2025-10-01,0.0,0.0
GRC,2025-10-01,0.0,0.004585967328034049
GRD,2025-10-01,0.0,0.0
GTM,2025-10-01,0.0,0.0
GUY,2025-10-01,0.0,0.0
HND,2025-10-01,0.0,0.0
HRV,2025-10-01,0.0,0.0
HUN,2025-10-01,0.0,0.0
IDN,2025-10-01,0.0,0.0
IND,2025-10-01,0.0,0.15542906831173875
IRL,2025-10-01,0.0,0.0
IRN,2025-10-01,0.0,0.10335710095152319
IRQ,2025-10-01,0.0,0.0
ISL,2025-10-01,0.0,0.0
ISR,2025-10-01,0.0,0.0829997383459634
ITA,2025-10-01,0.0,0.0
JAM,2025-10-01,0.0,0.0
JOR,2025-10-01,0.0,0.0
JPN,2025-10-01,0.0,0.0
KAZ,2025-10-01,0.0,0.0
KEN,2025-10-01,0.0,0.25727092027784626
KGZ,2025-10-01,0.0,0.0
KHM,2025-10-01,1.0,0.127364866239511
KOR,2025-10-01,0.0,0.0
KWT,2025-10-01,0.0,0.0
LAO,2025-10-01,0.0,0.0
LBN,2025-10-01,0.0,0.08721478193354075
LBR,2025-10-01,0.0,0.0
LBY,2025-10-01,0.0,0.009517262638717635
LKA,2025-10-01,0.0,0.0
LSO,2025-10-01,0.0,0.006989275366444685
LTU,2025-10-01,0.0,0.0
LUX,2025-10-01,0.0,0.0
LVA,2025-10-01,0.0,0.0
MAR,2025-10-01,0.0,0.0
MDA,2025-10-01,0.0,0.0
MDG,2025-10-01,0.0,0.0
MDV,2025-10-01,0.0,0.0
MEX,2025-10-01,0.0,0.00953932095708147
MKD,2025-10-01,0.0,0.0
MLI,2025-10-01,0.0,0.9453329846328874
MLT,2025-10-01,0.0,0.0
MMR,2025-10-01,1.0,0.1848850726226508
MNE,2025-10-01,0.0,0.0
MNG,2025-10-01,0.0,0.0
MRT,2025-10-01,0.0,0.003138170292958711
MUS,2025-10-01,0.0,0.0
MWI,2025-10-01,0.0,0.0
MYS,2025-10-01,0.0,0.0
NAM,2025-10-01,0.0,0.006870251643086004
NER,2025-10-01,0.0,0.8837873440395899
NGA,2025-10-01,0.0,0.5786774209488792
NIC,2025-10-01,0.0,0.008118149478014846
NLD,2025-10-01,0.0,0.0
NOR,2025-10-01,0.0,0.0
NPL,2025-10-01,0.0,0.0
NZL,2025-10-01,0.0,0.0
OMN,2025-10-01,0.0,0.0
PAN,2025-10-01,0.0,0.0
PER,2025-10-01,0.0,0.0
PHL,2025-10-01,0.0,0.1314772118098446
PNG,2025-10-01,0.0,0.0
POL,2025-10-01,0.0,0.0
PRK,2025-10-01,0.0,0.004754704737183647
PRT,2025-10-01,0.0,0.0
PRY,2025-10-01,0.0,0.0
QAT,2025-10-01,0.0,0.0
ROU,2025-10-01,0.0,0.0
RUS,2025-10-01,0.0,0.07635615592473237
RWA,2025-10-01,0.0,0.0
SAU,2025-10-01,0.0,0.0
SEN,2025-10-01,0.0,0.0
SGP,2025-10-01,0.0,0.0
SLB,2025-10-01,0.0,0.001898481629268807
SLE,2025-10-01,0.0,0.004428795938104448
SLV,2025-10-01,0.0,0.0
SRB,2025-10-01,0.0,0.0
STP,2025-10-01,0.0,0.0
SVK,2025-10-01,0.0,0.0
SVN,2025-10-01,0.0,0.0
SWE,2025-10-01,0.0,0.0
SWZ,2025-10-01,0.0,0.0
SYC,2025-10-01,0.0,0.0
TCD,2025-10-01,0.0,0.08446529787001479
TGO,2025-10-01,0.0,0.0
THA,2025-10-01,1.0,0.1584490663061976
TJK,2025-10-01,0.0,0.0
TKM,2025-10-01,0.0,0.0
TLS,2025-10-01,0.0,0.0
TON,2025-10-01,0.0,0.0
TTO,2025-10-01,0.0,0.0
TUN,2025-10-01,0.0,0.0
TUR,2025-10-01,0.0,0.01
TZA,2025-10-01,0.0,0.005
UGA,2025-10-01,0.0,0.0030637675099310056
UKR,2025-10-01,0.0,0.6534790997957254
URY,2025-10-01,0.0,0.0
USA,2025-10-01,0.0,0.014366823228326027
UZB,2025-10-01,0.0,0.0
VEN,2025-10-01,0.0,0.04183425030207697
VNM,2025-10-01,0.0,0.0
VUT,2025-10-01,0.0,0.0
WSM,2025-10-01,0.0,0.0
YEM,2025-10-01,0.0,0.10685746236494559
ZAF,2025-10-01,0.0,0.0
ZMB,2025-10-01,0.0,0.0
ZWE,2025-10-01,0.0,0.0
AFG,2025-11-01,0.0,0.8481841613860388
AGO,2025-11-01,0.0,0.0
ALB,2025-11-01,0.0,0.0
ARE,2025-11-01,0.0,0.0
ARG,2025-11-01,0.0,0.0
ARM,2025-11-01,0.0,0.0
AUS,2025-11-01,0.0,0.0
AUT,2025-11-01,0.0,0.0
AZE,2025-11-01,0.0,0.050078153924159444
BDI,2025-11-01,0.0,0.0
BEL,2025-11-01,0.0,0.0
BEN,2025-11-01,0.0,0.003460604362243707
BFA,2025-11-01,0.0,0.9298132789394823
BGD,2025-11-01,0.0,0.0047771788887312865
BGR,2025-11-01,0.0,0.0
BHR,2025-11-01,0.0,0.0
BHS,2025-11-01,0.0,0.0
BIH,2025-11-01,0.0,0.0
BLR,2025-11-01,0.0,0.0
BLZ,2025-11-01,0.0,0.0
BOL,2025-11-01,0.0,0.0
BRA,2025-11-01,0.0,0.0
BRB,2025-11-01,0.0,0.0
BRN,2025-11-01,0.0,0.0
BTN,2025-11-01,0.0,0.0
BWA,2025-11-01,0.0,0.0
CAF,2025-11-01,0.0,0.3929248040108778
CAN,2025-11-01,0.0,0.0
CHE,2025-11-01,0.0,0.0
CHL,2025-11-01,0.0,0.0
CHN,2025-11-01,0.0,0.0
CIV,2025-11-01,0.0,0.0
CMR,2025-11-01,0.0,0.15007869087402212
COL,2025-11-01,0.0,0.23772305809708943
COM,2025-11-01,0.0,0.00032074230231460916
CRI,2025-11-01,0.0,0.0
CUB,2025-11-01,0.0,0.0
CYP,2025-11-01,0.0,0.0
CZE,2025-11-01,0.0,0.0
DEU,2025-11-01,0.0,0.0
DJI,2025-11-01,0.0,0.00032074230231460916
DNK,2025-11-01,0.0,0.0
DOM,2025-11-01,0.0,0.002153736592739007
DZA,2025-11-01,0.0,0.002153736592739007
ECU,2025-11-01,0.0,0.037155960993800335
EGY,2025-11-01,0.0,0.011277635498865074
ERI,2025-11-01,0.0,0.00032074230231460916
ESP,2025-11-01,0.0,0.0
EST,2025-11-01,0.0,0.0
FIN,2025-11-01,0.0,0.0
FJI,2025-11-01,0.0,0.005676693364505528
FRA,2025-11-01,0.0,0.0
GAB,2025-11-01,0.0,0.00032074230231460916
GBR,2025-11-01,0.0,0.0
GEO,2025-11-01,0.0,0.003042291110654898
GHA,2025-11-01,0.0,0.024142084199655307
GIN,2025-11-01,0.0,0.0
GMB,2025-11-01,0.0,0.0029643928785757167
GNB,2025-11-01,0.0,0.008521988386145825
GNQ,2025-11-01,0.0,0.00032074230231460916
GRC,2025-11-01,0.0,0.0
GRD,2025-11-01,0.0,0.0
GTM,2025-11-01,0.0,0.0
GUY,2025-11-01,0.0,0.0
HND,2025-11-01,0.0,0.0
HRV,2025-11-01,0.0,0.0
HUN,2025-11-01,0.0,0.0
IDN,2025-11-01,0.0,0.012304880704264786
IND,2025-11-01,0.0,0.028330232969209557
IRL,2025-11-01,0.0,0.0
IRN,2025-11-01,0.0,0.07723996165575954
IRQ,2025-11-01,0.0,0.058702205221252315
ISL,2025-11-01,0.0,0.0
ISR,2025-11-01,0.0,0.07201556962864769
ITA,2025-11-01,0.0,0.0
JAM,2025-11-01,0.0,0.0
JOR,2025-11-01,0.0,0.0
JPN,2025-11-01,0.0,0.0
KAZ,2025-11-01,0.0,0.0
KEN,2025-11-01,0.0,0.17213748011032526
KGZ,2025-11-01,0.0,0.0
KHM,2025-11-01,1.0,0.13376480013088712
KOR,2025-11-01,0.0,0.0
KWT,2025-11-01,0.0,0.0
LAO,2025-11-01,0.0,0.0
LBN,2025-11-01,0.0,0.10321732087755381
LBR,2025-11-01,0.0,0.0
LBY,2025-11-01,0.0,0.033077856481388224
LKA,2025-11-01,0.0,0.0
LSO,2025-11-01,0.0,0.011110526155982639
LTU,2025-11-01,0.0,0.0
LUX,2025-11-01,0.0,0.0
LVA,2025-11-01,0.0,0.0
MAR,2025-11-01,0.0,0.002304880704264787
MDA,2025-11-01,0.0,0.0
MDG,2025-11-01,0.0,0.0
MDV,2025-11-01,0.0,0.0
MEX,2025-11-01,0.0,0.0
MKD,2025-11-01,0.0,0.0
MLI,2025-11-01,0.0,0.9181996548989682
MLT,2025-11-01,0.0,0.0
MMR,2025-11-01,1.0,0.6856379784086262
MNE,2025-11-01,0.0,0.0
MNG,2025-11-01,0.0,0.0034400389990250253
MRT,2025-11-01,0.0,0.003042291110654898
MUS,2025-11-01,0.0,0.0
MWI,2025-11-01,0.0,0.0
MYS,2025-11-01,0.0,0.0
NAM,2025-11-01,0.0,0.0
NER,2025-11-01,0.0,0.7818071507129717
NGA,2025-11-01,1.0,0.6718131852584678
NIC,2025-11-01,0.0,0.0
NLD,2025-11-01,0.0,0.0
NOR,2025-11-01,0.0,0.0
NPL,2025-11-01,0.0,0.014232307077169134
NZL,2025-11-01,0.0,0.0
OMN,2025-11-01,0.0,0.0
PAK,2025-11-01,0.0,0.9020169511209173
PAN,2025-11-01,0.0,0.0
PER,2025-11-01,0.0,0.002304880704264787
PHL,2025-11-01,0.0,0.08975894763819993
PNG,2025-11-01,0.0,0.0
POL,2025-11-01,0.0,0.0
PRK,2025-11-01,0.0,0.0
PRT,2025-11-01,0.0,0.0
PRY,2025-11-01,0.0,0.0
QAT,2025-11-01,0.0,0.0
ROU,2025-11-01,0.0,0.0
RUS,2025-11-01,0.0,0.07329656958424909
RWA,2025-11-01,0.0,0.0
SAU,2025-11-01,0.0,0.0
SEN,2025-11-01,0.0,0.0
SGP,2025-11-01,0.0,0.0
SLB,2025-11-01,0.0,0.00032074230231460916
SLE,2025-11-01,0.0,0.00032074230231460916
SLV,2025-11-01,0.0,0.0
SOM,2025-11-01,0.0,0.7105478053111198
SRB,2025-11-01,0.0,0.0
STP,2025-11-01,0.0,0.0031584892791679136
SVK,2025-11-01,0.0,0.0
SVN,2025-11-01,0.0,0.0
SWE,2025-11-01,0.0,0.0
SWZ,2025-11-01,0.0,0.0
SYC,2025-11-01,0.0,0.0
TCD,2025-11-01,0.0,0.04274326108100711
TGO,2025-11-01,0.0,0.003460604362243707
THA,2025-11-01,1.0,0.05135886632747275
TJK,2025-11-01,0.0,0.0
TKM,2025-11-01,0.0,0.00032074230231460916
TLS,2025-11-01,0.0,0.0031584892791679136
TON,2025-11-01,0.0,0.0
TTO,2025-11-01,0.0,0.0
TUN,2025-11-01,0.0,0.0
TUR,2025-11-01,0.0,0.0
TZA,2025-11-01,0.0,0.0
UGA,2025-11-01,0.0,0.01585135232732205
UKR,2025-11-01,0.0,0.5816102663142686
URY,2025-11-01,0.0,0.0
USA,2025-11-01,0.0,0.0
UZB,2025-11-01,0.0,0.0
VEN,2025-11-01,0.0,0.027299891781748922
VNM,2025-11-01,0.0,0.0
VUT,2025-11-01,0.0,0.0
WSM,2025-11-01,0.0,0.0
YEM,2025-11-01,0.0,0.058472709185963555
ZAF,2025-11-01,0.0,0.0
ZMB,2025-11-01,0.0,0.0
ZWE,2025-11-01,0.0,0.0
AFG,2025-12-01,0.0,0.844193091361054
AGO,2025-12-01,0.0,0.0008336115376911289
ALB,2025-12-01,0.0,0.0
ARE,2025-12-01,0.0,0.0
ARG,2025-12-01,0.0,0.0
ARM,2025-12-01,0.0,0.0
AUS,2025-12-01,0.0,0.0
AUT,2025-12-01,0.0,0.0
AZE,2025-12-01,0.0,0.019075233938481807
BDI,2025-12-01,0.0,0.013777839769467764
BEL,2025-12-01,0.0,0.0
BEN,2025-12-01,0.0,0.0
BFA,2025-12-01,0.0,0.7940984684264987
BGD,2025-12-01,0.0,0.005
BGR,2025-12-01,0.0,0.0
BHR,2025-12-01,0.0,0.0
BHS,2025-12-01,0.0,0.0
BIH,2025-12-01,0.0,0.0
BLR,2025-12-01,0.0,0.0
BLZ,2025-12-01,0.0,0.0
BOL,2025-12-01,0.0,0.0
BRA,2025-12-01,0.0,0.013996268795379739
BRB,2025-12-01,0.0,0.0
BRN,2025-12-01,0.0,0.0
BTN,2025-12-01,0.0,0.0
BWA,2025-12-01,0.0,0.0
CAF,2025-12-01,0.0,0.3469972452797046
CAN,2025-12-01,0.0,0.0
CHE,2025-12-01,0.0,0.0
CHL,2025-12-01,0.0,0.0
CHN,2025-12-01,0.0,0.0
CIV,2025-12-01,0.0,0.0
CMR,2025-12-01,0.0,0.15968261986490878
COL,2025-12-01,0.0,0.4280624368099002
COM,2025-12-01,0.0,0.0057693695926427
CRI,2025-12-01,0.0,0.0006383087502236765
CUB,2025-12-01,0.0,0.0
CYP,2025-12-01,0.0,0.0
CZE,2025-12-01,0.0,0.0
DEU,2025-12-01,0.0,0.005
DJI,2025-12-01,0.0,0.0
DNK,2025-12-01,0.0,0.0
DOM,2025-12-01,0.0,0.0
DZA,2025-12-01,0.0,0.0
ECU,2025-12-01,0.0,0.013940955142981612
EGY,2025-12-01,0.0,0.002849155636695575
ERI,2025-12-01,0.0,0.000926049547544876
ESP,2025-12-01,0.0,0.0
EST,2025-12-01,0.0,0.0
ETH,2025-12-01,0.0,0.9172205472289758
FIN,2025-12-01,0.0,0.0
FJI,2025-12-01,0.0,0.0
FRA,2025-12-01,0.0,0.0
GAB,2025-12-01,0.0,0.005459468464106949
GBR,2025-12-01,0.0,0.0
GEO,2025-12-01,0.0,0.0026616212759153694
GHA,2025-12-01,0.0,0.06560173821421895
GIN,2025-12-01,0.0,0.0
GMB,2025-12-01,0.0,0.003288122201738215
GNB,2025-12-01,0.0,0.002573196322420127
GNQ,2025-12-01,0.0,0.0
GRC,2025-12-01,0.0,0.007616303436714167
GRD,2025-12-01,0.0,0.0
GTM,2025-12-01,0.0,0.0035083364556013513
GUY,2025-12-01,0.0,0.0008336115376911289
HND,2025-12-01,0.0,0.0
HRV,2025-12-01,0.0,0.0
HTI,2025-12-01,0.0,0.8560305842305318
HUN,2025-12-01,0.0,0.0
IDN,2025-12-01,0.0,0.014270113085256088
IND,2025-12-01,0.0,0.10992950698329786
IRL,2025-12-01,0.0,0.0
IRN,2025-12-01,1.0,0.05845829426602016
IRQ,2025-12-01,0.0,0.027961986627495054
ISL,2025-12-01,0.0,0.0
ISR,2025-12-01,0.0,0.004914709355727595
ITA,2025-12-01,0.0,0.0
JAM,2025-12-01,0.0,0.0
JOR,2025-12-01,0.0,0.0
JPN,2025-12-01,0.0,0.0
KAZ,2025-12-01,0.0,0.0
KEN,2025-12-01,0.0,0.09548090510056044
KGZ,2025-12-01,0.0,0.0
KHM,2025-12-01,0.0,0.14282878963653853
KOR,2025-12-01,0.0,0.0
KWT,2025-12-01,0.0,0.0
LAO,2025-12-01,0.0,0.0
LBN,2025-12-01,0.0,0.047825488455544185
LBR,2025-12-01,0.0,0.0
LBY,2025-12-01,0.0,0.0182034361609273
LKA,2025-12-01,0.0,0.0
LSO,2025-12-01,0.0,0.003288122201738215
LTU,2025-12-01,0.0,0.0
LUX,2025-12-01,0.0,0.0028920546675932383
LVA,2025-12-01,0.0,0.0
MAR,2025-12-01,0.0,0.0
MDA,2025-12-01,0.0,0.0
MDG,2025-12-01,0.0,0.0
MDV,2025-12-01,0.0,0.0006383087502236765
MEX,2025-12-01,0.0,0.0
MKD,2025-12-01,0.0,0.0
MLI,2025-12-01,0.0,0.7240329362449097
MLT,2025-12-01,0.0,0.0
MNE,2025-12-01,0.0,0.0
MNG,2025-12-01,0.0,0.0006383087502236765
MRT,2025-12-01,0.0,0.0039672704162694635
MUS,2025-12-01,0.0,0.0
MWI,2025-12-01,0.0,0.0008336115376911289
MYS,2025-12-01,0.0,0.0
NAM,2025-12-01,0.0,0.0
NER,2025-12-01,0.0,0.7622591414778062
NGA,2025-12-01,1.0,0.7007247474880771
NIC,2025-12-01,0.0,0.005048110579938731
NLD,2025-12-01,0.0,0.0
NOR,2025-12-01,0.0,0.0
NPL,2025-12-01,0.0,0.0
NZL,2025-12-01,0.0,0.0
OMN,2025-12-01,0.0,0.0006613868729141299
PAK,2025-12-01,0.0,0.782238042000235
PAN,2025-12-01,0.0,0.0
PER,2025-12-01,0.0,0.009497671482669372
PHL,2025-12-01,0.0,0.18512783160348206
PNG,2025-12-01,0.0,0.0
POL,2025-12-01,0.0,0.0
PRK,2025-12-01,0.0,0.000926049547544876
PRT,2025-12-01,0.0,0.0
PRY,2025-12-01,0.0,0.0
QAT,2025-12-01,0.0,0.0
ROU,2025-12-01,0.0,0.0
RUS,2025-12-01,0.0,0.08073801905359543
RWA,2025-12-01,0.0,0.0006613868729141299
SAU,2025-12-01,0.0,0.0
SEN,2025-12-01,0.0,0.0
SGP,2025-12-01,0.0,0.0
SLB,2025-12-01,0.0,0.00037266431854814347
SLE,2025-12-01,0.0,0.0
SLV,2025-12-01,0.0,0.0
SOM,2025-12-01,0.0,0.6485213951547544
SRB,2025-12-01,0.0,0.0
STP,2025-12-01,0.0,0.0
SVK,2025-12-01,0.0,0.0
SVN,2025-12-01,0.0,0.0
SWE,2025-12-01,0.0,0.0
SWZ,2025-12-01,0.0,0.0
SYC,2025-12-01,0.0,0.0
TCD,2025-12-01,0.0,0.03172670472170602
TGO,2025-12-01,0.0,0.00037266431854814347
THA,2025-12-01,0.0,0.11167187257242699
TJK,2025-12-01,0.0,0.0
TKM,2025-12-01,0.0,0.0030741913231814907
TLS,2025-12-01,0.0,0.0
TON,2025-12-01,0.0,0.0
TTO,2025-12-01,0.0,0.0
TUN,2025-12-01,0.0,0.0
TUR,2025-12-01,0.0,0.0
TZA,2025-12-01,0.0,0.0
UGA,2025-12-01,0.0,0.004138216771627441
UKR,2025-12-01,0.0,0.40929304246355747
URY,2025-12-01,0.0,0.0
USA,2025-12-01,0.0,0.0
UZB,2025-12-01,0.0,0.0
VEN,2025-12-01,0.0,0.011926635503540067
VNM,2025-12-01,0.0,0.00037266431854814347
VUT,2025-12-01,0.0,0.00037266431854814347
WSM,2025-12-01,0.0,0.0
YEM,2025-12-01,0.0,0.14439838686696133
ZAF,2025-12-01,0.0,0.0
ZMB,2025-12-01,0.0,0.0
ZWE,2025-12-01,0.0,0.0008336115376911289
AFG,2026-01-01,1.0,0.5711446591523052
AGO,2026-01-01,0.0,0.0
ALB,2026-01-01,0.0,0.0
ARE,2026-01-01,0.0,0.0
ARG,2026-01-01,0.0,0.0
ARM,2026-01-01,0.0,0.0035006055451292863
AUS,2026-01-01,0.0,0.0
AUT,2026-01-01,0.0,0.0
AZE,2026-01-01,0.0,0.02012071942862973
BDI,2026-01-01,0.0,0.0
BEL,2026-01-01,0.0,0.00045514646664984005
BEN,2026-01-01,0.0,0.0
BFA,2026-01-01,0.0,0.8666341854215693
BGD,2026-01-01,0.0,0.009756282148711538
BGR,2026-01-01,0.0,0.0
BHR,2026-01-01,0.0,0.0
BHS,2026-01-01,0.0,0.0
BIH,2026-01-01,0.0,0.0
BLR,2026-01-01,0.0,0.0
BLZ,2026-01-01,0.0,0.0
BOL,2026-01-01,0.0,0.0
BRA,2026-01-01,0.0,0.0
BRB,2026-01-01,0.0,0.0
BRN,2026-01-01,0.0,0.0
BTN,2026-01-01,0.0,0.0
BWA,2026-01-01,0.0,0.0
CAF,2026-01-01,0.0,0.23932021224165329
CAN,2026-01-01,0.0,0.0
CHE,2026-01-01,0.0,0.00045514646664984005
CHL,2026-01-01,0.0,0.0
CHN,2026-01-01,0.0,0.0
CIV,2026-01-01,0.0,0.005505118715435131
CMR,2026-01-01,0.0,0.1617996679545498
COL,2026-01-01,0.0,0.2874332757217167
COM,2026-01-01,0.0,0.006062996921164572
CRI,2026-01-01,0.0,0.003575149102239288
CUB,2026-01-01,0.0,0.0
CYP,2026-01-01,0.0,0.0
CZE,2026-01-01,0.0,0.0
DEU,2026-01-01,0.0,0.0
DJI,2026-01-01,0.0,0.014859465862173751
DNK,2026-01-01,0.0,0.00045514646664984005
DOM,2026-01-01,0.0,0.0
DZA,2026-01-01,0.0,0.0
ECU,2026-01-01,0.0,0.030754906617409438
EGY,2026-01-01,0.0,0.005
ERI,2026-01-01,0.0,0.0
ESP,2026-01-01,0.0,0.0
EST,2026-01-01,0.0,0.0
ETH,2026-01-01,0.0,0.9449062586282424
FIN,2026-01-01,0.0,0.0
FJI,2026-01-01,0.0,0.0
FRA,2026-01-01,0.0,0.0
GAB,2026-01-01,0.0,0.007882311330773759
GBR,2026-01-01,0.0,0.0
GEO,2026-01-01,0.0,0.004270568995657813
GHA,2026-01-01,0.0,0.05878228212505521
GIN,2026-01-01,0.0,0.0
GMB,2026-01-01,0.0,0.00496619043922749
GNB,2026-01-01,0.0,0.0
GNQ,2026-01-01,0.0,0.0022937224756331698
GRC,2026-01-01,0.0,0.021350623657533808
GRD,2026-01-01,0.0,0.0
GTM,2026-01-01,0.0,0.00429466640201888
GUY,2026-01-01,0.0,0.002518373183465794
HND,2026-01-01,0.0,0.004967367419894395
HRV,2026-01-01,0.0,0.0
HTI,2026-01-01,0.0,0.6879204836305074
HUN,2026-01-01,0.0,0.00045514646664984005
IDN,2026-01-01,0.0,0.025195186805096744
IND,2026-01-01,0.0,0.1071372285853419
IRL,2026-01-01,0.0,0.0
IRN,2026-01-01,1.0,0.04277654906265288
IRQ,2026-01-01,0.0,0.029442095062386202
ISL,2026-01-01,0.0,0.0
ISR,2026-01-01,0.0,0.009888343860837914
ITA,2026-01-01,0.0,0.0
JAM,2026-01-01,0.0,0.0
JOR,2026-01-01,0.0,0.0
JPN,2026-01-01,0.0,0.0
KAZ,2026-01-01,0.0,0.0
KEN,2026-01-01,0.0,0.17271944739642603
KGZ,2026-01-01,0.0,0.002120734075125084
KHM,2026-01-01,0.0,0.15082395357177117
KOR,2026-01-01,0.0,0.0
KWT,2026-01-01,0.0,0.0
LAO,2026-01-01,0.0,0.0
LBN,2026-01-01,1.0,0.06090959265389693
LBR,2026-01-01,0.0,0.0016083507661594333
LBY,2026-01-01,0.0,0.004451161066300141
LKA,2026-01-01,0.0,0.0
LSO,2026-01-01,0.0,0.0
LTU,2026-01-01,0.0,0.0
LUX,2026-01-01,0.0,0.00045514646664984005
LVA,2026-01-01,0.0,0.0
MAR,2026-01-01,0.0,0.00562133962025437
MDA,2026-01-01,0.0,0.0016083507661594333
MDG,2026-01-01,0.0,0.0
MDV,2026-01-01,0.0,0.0
MEX,2026-01-01,0.0,0.012466689405133496
MKD,2026-01-01,0.0,0.0
MLI,2026-01-01,0.0,0.43676780389832226
MLT,2026-01-01,0.0,0.0
MMR,2026-01-01,0.0,0.8622513378660295
MNE,2026-01-01,0.0,0.0
MNG,2026-01-01,0.0,0.0
MOZ,2026-01-01,0.0,0.4510377711332928
MRT,2026-01-01,0.0,0.00824444444082338
MUS,2026-01-01,0.0,0.0
MWI,2026-01-01,0.0,0.0
MYS,2026-01-01,0.0,0.0045788741761896125
NAM,2026-01-01,0.0,0.0020634972328092737
NER,2026-01-01,0.0,0.7719626767710629
NIC,2026-01-01,0.0,0.006271384539750148
NLD,2026-01-01,0.0,0.004404405296161073
NOR,2026-01-01,0.0,0.0
NPL,2026-01-01,0.0,0.0
NZL,2026-01-01,0.0,0.00045514646664984005
OMN,2026-01-01,0.0,0.0
PAK,2026-01-01,0.0,0.7399174685645771
PAN,2026-01-01,0.0,0.0035006055451292863
PER,2026-01-01,0.0,0.004563187026021985
PHL,2026-01-01,0.0,0.3239820428168844
PNG,2026-01-01,0.0,0.021353038867338813
POL,2026-01-01,0.0,0.0
PRK,2026-01-01,0.0,0.005002792720440024
PRT,2026-01-01,0.0,0.0
PRY,2026-01-01,0.0,0.0
QAT,2026-01-01,0.0,0.0
ROU,2026-01-01,0.0,0.0
RUS,2026-01-01,0.0,0.06531713802474942
RWA,2026-01-01,0.0,0.00544446718196004
SAU,2026-01-01,0.0,0.0
SEN,2026-01-01,0.0,0.013813300975020178
SGP,2026-01-01,0.0,0.0
SLB,2026-01-01,0.0,0.0022937224756331698
SLE,2026-01-01,0.0,0.0009655990207578919
SLV,2026-01-01,0.0,0.002120734075125084
SOM,2026-01-01,0.0,0.6431554054770818
SRB,2026-01-01,0.0,0.0
STP,2026-01-01,0.0,0.0
SVK,2026-01-01,0.0,0.0
SVN,2026-01-01,0.0,0.00045514646664984005
SWE,2026-01-01,0.0,0.0
SWZ,2026-01-01,0.0,0.002518373183465794
SYC,2026-01-01,0.0,0.0
SYR,2026-01-01,0.0,0.5165817065308567
TCD,2026-01-01,0.0,0.03985683624746098
TGO,2026-01-01,0.0,0.0
THA,2026-01-01,0.0,0.11752370144068722
TJK,2026-01-01,0.0,0.0
TKM,2026-01-01,0.0,0.0
TLS,2026-01-01,0.0,0.002518373183465794
TON,2026-01-01,0.0,0.0
TTO,2026-01-01,0.0,0.004691778700204446
TUN,2026-01-01,0.0,0.0
TUR,2026-01-01,0.0,0.009606587791599501
TZA,2026-01-01,0.0,0.008536213163790184
UGA,2026-01-01,0.0,0.028420644313135908
UKR,2026-01-01,0.0,0.2971315412734745
URY,2026-01-01,0.0,0.00045514646664984005
USA,2026-01-01,0.0,0.0
UZB,2026-01-01,0.0,0.0
VEN,2026-01-01,0.0,0.04688690031121421
VNM,2026-01-01,0.0,0.0
VUT,2026-01-01,0.0,0.0
WSM,2026-01-01,0.0,0.0
YEM,2026-01-01,0.0,0.17058606907976187
ZAF,2026-01-01,0.0,0.0
ZMB,2026-01-01,0.0,0.0009655990207578919
ZWE,2026-01-01,0.0,0.005
AFG,2026-02-01,1.0,0.9350776810467096
AGO,2026-02-01,0.0,0.0
ALB,2026-02-01,0.0,0.0
ARE,2026-02-01,0.0,0.0
ARG,2026-02-01,0.0,0.0
ARM,2026-02-01,0.0,0.0
AUS,2026-02-01,0.0,0.0
AUT,2026-02-01,0.0,0.0
AZE,2026-02-01,0.0,0.004128052477387698
BDI,2026-02-01,0.0,0.0
BEL,2026-02-01,0.0,0.0
BEN,2026-02-01,0.0,0.0014927279107853073
BFA,2026-02-01,0.0,0.6982063510865351
BGD,2026-02-01,0.0,0.0
BGR,2026-02-01,0.0,0.0
BHR,2026-02-01,0.0,0.005
BHS,2026-02-01,0.0,0.0
BIH,2026-02-01,0.0,0.0
BLR,2026-02-01,0.0,0.0
BLZ,2026-02-01,0.0,0.0
BOL,2026-02-01,0.0,0.0
BRA,2026-02-01,0.0,0.0
BRB,2026-02-01,0.0,0.0
BRN,2026-02-01,0.0,0.0
BTN,2026-02-01,0.0,0.0
BWA,2026-02-01,0.0,0.0
CAF,2026-02-01,0.0,0.29249722600106415
CAN,2026-02-01,0.0,0.0
CHE,2026-02-01,0.0,0.0
CHL,2026-02-01,0.0,0.0
CHN,2026-02-01,0.0,0.0
CIV,2026-02-01,0.0,0.0
CMR,2026-02-01,0.0,0.42018965032850475
COD,2026-02-01,0.0,0.43216996588582934
COL,2026-02-01,0.0,0.12952278942649662
COM,2026-02-01,0.0,0.0017352627881150474
CRI,2026-02-01,0.0,0.0
CUB,2026-02-01,0.0,0.004810567981905001
CYP,2026-02-01,0.0,0.0
CZE,2026-02-01,0.0,0.0
DEU,2026-02-01,0.0,0.0
DJI,2026-02-01,0.0,0.001928540842799936
DNK,2026-02-01,0.0,0.0
DOM,2026-02-01,0.0,0.0
DZA,2026-02-01,0.0,0.0
ECU,2026-02-01,0.0,0.04213246314334511
EGY,2026-02-01,0.0,0.0
ERI,2026-02-01,0.0,0.0
ESP,2026-02-01,0.0,0.0
EST,2026-02-01,0.0,0.0
ETH,2026-02-01,0.0,0.8372662628146209
FIN,2026-02-01,0.0,0.0
FJI,2026-02-01,0.0,0.0017352627881150474
FRA,2026-02-01,0.0,0.004735808501755091
GAB,2026-02-01,0.0,0.0
GBR,2026-02-01,0.0,0.0
GEO,2026-02-01,0.0,0.008424364388386342
GHA,2026-02-01,0.0,0.0
GIN,2026-02-01,0.0,0.0
GMB,2026-02-01,0.0,0.005769080569926741
GNB,2026-02-01,0.0,0.0
GNQ,2026-02-01,0.0,0.005603524493971072
GRC,2026-02-01,0.0,0.01441210138312822
GRD,2026-02-01,0.0,0.0
GTM,2026-02-01,0.0,0.005396716011129711
GUY,2026-02-01,0.0,0.006141302629999099
HND,2026-02-01,0.0,0.004689766816253559
HRV,2026-02-01,0.0,0.0
HTI,2026-02-01,0.0,0.5829633004522321
HUN,2026-02-01,0.0,0.0
IDN,2026-02-01,0.0,0.04373958926454047
IND,2026-02-01,0.0,0.13951757221051247
IRL,2026-02-01,0.0,0.0
IRQ,2026-02-01,0.0,0.021124771333140963
ISL,2026-02-01,0.0,0.0
ISR,2026-02-01,0.0,0.024528137336598282
ITA,2026-02-01,0.0,0.0
JAM,2026-02-01,0.0,0.0
JOR,2026-02-01,0.0,0.0
JPN,2026-02-01,0.0,0.0
KAZ,2026-02-01,0.0,0.0
KEN,2026-02-01,0.0,0.07618424737182901
KGZ,2026-02-01,0.0,0.0
KHM,2026-02-01,0.0,0.16915013828080666
KOR,2026-02-01,0.0,0.0
KWT,2026-02-01,0.0,0.0
LAO,2026-02-01,0.0,0.0
LBN,2026-02-01,1.0,0.08904166931141352
LBR,2026-02-01,0.0,0.0
LBY,2026-02-01,0.0,0.008688941189407832
LKA,2026-02-01,0.0,0.0
LSO,2026-02-01,0.0,0.001928540842799936
LTU,2026-02-01,0.0,0.0
LUX,2026-02-01,0.0,0.005063994922238193
LVA,2026-02-01,0.0,0.0
MAR,2026-02-01,0.0,0.0
MDA,2026-02-01,0.0,0.0
MDG,2026-02-01,0.0,0.0
MDV,2026-02-01,0.0,0.0
MEX,2026-02-01,0.0,0.03484113685941007
MKD,2026-02-01,0.0,0.0
MLI,2026-02-01,0.0,0.4304135318327335
MLT,2026-02-01,0.0,0.0017352627881150474
MMR,2026-02-01,0.0,0.7446951348791576
MNE,2026-02-01,0.0,0.0
MNG,2026-02-01,0.0,0.0017352627881150474
MOZ,2026-02-01,0.0,0.3999827768634765
MRT,2026-02-01,0.0,0.001928540842799936
MUS,2026-02-01,0.0,0.0
MWI,2026-02-01,0.0,0.0
MYS,2026-02-01,0.0,0.0
NAM,2026-02-01,0.0,0.006739108824704937
NER,2026-02-01,0.0,0.5197829495005377
NIC,2026-02-01,0.0,0.004524850777140831
NLD,2026-02-01,0.0,0.0
NOR,2026-02-01,0.0,0.0
NPL,2026-02-01,0.0,0.0
NZL,2026-02-01,0.0,0.0
OMN,2026-02-01,0.0,0.0
PAK,2026-02-01,0.0,0.4508839050125614
PAN,2026-02-01,0.0,0.0
PER,2026-02-01,0.0,0.004838341826036504
PHL,2026-02-01,0.0,0.16396119442390394
PNG,2026-02-01,0.0,0.0
POL,2026-02-01,0.0,0.0
PRK,2026-02-01,0.0,0.0
PRT,2026-02-01,0.0,0.0
PRY,2026-02-01,0.0,0.0
PSE,2026-02-01,0.0,0.3536146563772625
QAT,2026-02-01,0.0,0.0
ROU,2026-02-01,0.0,0.0
RUS,2026-02-01,0.0,0.09531091033018589
RWA,2026-02-01,0.0,0.001928540842799936
SAU,2026-02-01,0.0,0.0
SDN,2026-02-01,0.0,0.8892898946025835
SEN,2026-02-01,0.0,0.0
SGP,2026-02-01,0.0,0.0
SLB,2026-02-01,0.0,0.0
SLE,2026-02-01,0.0,0.0
SLV,2026-02-01,0.0,0.0
SOM,2026-02-01,0.0,0.5216093348319226
SRB,2026-02-01,0.0,0.0
SSD,2026-02-01,0.0,0.60388142309534
STP,2026-02-01,0.0,0.0
SVK,2026-02-01,0.0,0.0
SVN,2026-02-01,0.0,0.0017352627881150474
SWE,2026-02-01,0.0,0.0
SWZ,2026-02-01,0.0,0.0
SYC,2026-02-01,0.0,0.0
SYR,2026-02-01,0.0,0.7137791855686244
TCD,2026-02-01,0.0,0.15181858026536305
TGO,2026-02-01,0.0,0.0027566156615661565
THA,2026-02-01,0.0,0.16030140908665977
TJK,2026-02-01,0.0,0.0
TKM,2026-02-01,0.0,0.0
TLS,2026-02-01,0.0,0.0017352627881150474
TON,2026-02-01,0.0,0.0
TTO,2026-02-01,0.0,0.0014927279107853073
TUN,2026-02-01,0.0,0.0
TUR,2026-02-01,0.0,0.0068550507580572165
TZA,2026-02-01,0.0,0.0
UGA,2026-02-01,0.0,0.004675930789017908
UKR,2026-02-01,0.0,0.2676960828926998
URY,2026-02-01,0.0,0.0
USA,2026-02-01,0.0,0.0
UZB,2026-02-01,0.0,0.0
VEN,2026-02-01,0.0,0.028695348187523808
VNM,2026-02-01,0.0,0.0
VUT,2026-02-01,0.0,0.0
WSM,2026-02-01,0.0,0.0
YEM,2026-02-01,0.0,0.14256757292191877
ZAF,2026-02-01,0.0,0.004554909970651229
ZMB,2026-02-01,0.0,0.0
ZWE,2026-02-01,0.0,0.0
