iso3,month,y_true,y_prob
AFG,2024-03-01,0.0,0.6111637078773609
AGO,2024-03-01,0.0,0.0
ALB,2024-03-01,0.0,0.0
ARE,2024-03-01,0.0,0.0
ARG,2024-03-01,0.0,0.0
ARM,2024-03-01,0.0,0.0
AUS,2024-03-01,0.0,0.0015019426906265172
AUT,2024-03-01,0.0,0.0
AZE,2024-03-01,0.0,0.0
BDI,2024-03-01,0.0,0.037549623984134535
BEL,2024-03-01,0.0,0.0
BEN,2024-03-01,0.0,0.05464229168467772
BFA,2024-03-01,1.0,0.8058413333913664
BGD,2024-03-01,0.0,0.03160564837989146
BGR,2024-03-01,0.0,0.0
BHR,2024-03-01,0.0,0.0
BHS,2024-03-01,0.0,0.0
BIH,2024-03-01,0.0,0.0
BLR,2024-03-01,0.0,0.0
BLZ,2024-03-01,0.0,0.0
BOL,2024-03-01,0.0,0.0
BRA,2024-03-01,0.0,0.0
BRB,2024-03-01,0.0,0.0
BRN,2024-03-01,0.0,0.0
BTN,2024-03-01,0.0,0.0
BWA,2024-03-01,0.0,0.0
CAF,2024-03-01,0.0,0.7731161599998018
CAN,2024-03-01,0.0,0.0
CHE,2024-03-01,0.0,0.011586587393961963
CHL,2024-03-01,0.0,0.0
CHN,2024-03-01,0.0,0.007249867894282578
CIV,2024-03-01,0.0,0.0
CMR,2024-03-01,0.0,0.3214198341771569
COL,2024-03-01,0.0,0.05139116771686141
COM,2024-03-01,0.0,0.0
CRI,2024-03-01,0.0,0.002632811169759916
CUB,2024-03-01,0.0,0.02728093397874117
CYP,2024-03-01,0.0,0.0
CZE,2024-03-01,0.0,0.0
DEU,2024-03-01,0.0,0.0
DJI,2024-03-01,0.0,0.0
DNK,2024-03-01,0.0,0.0
DOM,2024-03-01,0.0,0.0
DZA,2024-03-01,0.0,0.0015019426906265172
ECU,2024-03-01,0.0,0.22953172403646493
EGY,2024-03-01,0.0,0.0
ERI,2024-03-01,0.0,0.0
ESP,2024-03-01,0.0,0.0
EST,2024-03-01,0.0,0.0
FIN,2024-03-01,0.0,0.0
FJI,2024-03-01,0.0,0.0
FRA,2024-03-01,0.0,0.0
GAB,2024-03-01,0.0,0.004439412660748116
GBR,2024-03-01,0.0,0.0
GEO,2024-03-01,0.0,0.00938263658111421
GHA,2024-03-01,0.0,0.0
GIN,2024-03-01,0.0,0.0
GMB,2024-03-01,0.0,0.0
GNB,2024-03-01,0.0,0.0
GNQ,2024-03-01,0.0,0.0
GRC,2024-03-01,0.0,0.0
GRD,2024-03-01,0.0,0.0
GTM,2024-03-01,0.0,0.0359899161583956
GUY,2024-03-01,0.0,0.0
HND,2024-03-01,0.0,0.25338481317754474
HRV,2024-03-01,0.0,0.0
HUN,2024-03-01,0.0,0.062012102765867175
IDN,2024-03-01,0.0,0.0
IND,2024-03-01,0.0,0.07898366707797252
IRL,2024-03-01,0.0,0.0
IRN,2024-03-01,0.0,0.0
IRQ,2024-03-01,0.0,0.2452166774293318
ISL,2024-03-01,0.0,0.0
ISR,2024-03-01,0.0,0.013853066314888333
ITA,2024-03-01,0.0,0.0
JAM,2024-03-01,0.0,0.15749164901571008
JOR,2024-03-01,0.0,0.0
JPN,2024-03-01,0.0,0.0
KAZ,2024-03-01,0.0,0.06671373230785939
KEN,2024-03-01,0.0,0.1309490805395135
KGZ,2024-03-01,0.0,0.013296741502141827
KHM,2024-03-01,0.0,0.0
KOR,2024-03-01,0.0,0.0
KWT,2024-03-01,0.0,0.0
LAO,2024-03-01,0.0,0.0
LBN,2024-03-01,0.0,0.06617646904900404
LBR,2024-03-01,0.0,0.0
LBY,2024-03-01,0.0,0.01579897492759057
LKA,2024-03-01,0.0,0.0
LSO,2024-03-01,0.0,0.0
LTU,2024-03-01,0.0,0.002275821466681384
LUX,2024-03-01,0.0,0.0
LVA,2024-03-01,0.0,0.0
MAR,2024-03-01,0.0,0.0
MDA,2024-03-01,0.0,0.0
MDG,2024-03-01,0.0,0.16986829645095927
MDV,2024-03-01,0.0,0.0
MEX,2024-03-01,0.0,0.0
MKD,2024-03-01,0.0,0.002275821466681384
MLT,2024-03-01,0.0,0.0
MNE,2024-03-01,0.0,0.0
MNG,2024-03-01,0.0,0.0
MRT,2024-03-01,0.0,0.0
MUS,2024-03-01,0.0,0.0
MWI,2024-03-01,0.0,0.0
MYS,2024-03-01,0.0,0.0
NAM,2024-03-01,0.0,0.0
NER,2024-03-01,0.0,0.8755540209856996
NIC,2024-03-01,0.0,0.0
NLD,2024-03-01,0.0,0.004996023763371407
NOR,2024-03-01,0.0,0.0
NPL,2024-03-01,0.0,0.0
NZL,2024-03-01,0.0,0.0
OMN,2024-03-01,0.0,0.0
PAK,2024-03-01,0.0,0.0
PAN,2024-03-01,0.0,0.002632811169759916
PER,2024-03-01,0.0,0.0025669225980493766
PHL,2024-03-01,0.0,0.7820926817317065
PNG,2024-03-01,0.0,0.029545838364769247
POL,2024-03-01,0.0,0.0
PRK,2024-03-01,0.0,0.0
PRT,2024-03-01,0.0,0.004222419442927363
PRY,2024-03-01,0.0,0.0
PSE,2024-03-01,0.0,0.394839194867977
QAT,2024-03-01,0.0,0.0
ROU,2024-03-01,0.0,0.0
RUS,2024-03-01,0.0,0.16932305058610642
RWA,2024-03-01,0.0,0.0
SAU,2024-03-01,0.0,0.0
SDN,2024-03-01,0.0,0.6678391298746424
SEN,2024-03-01,0.0,0.0
SGP,2024-03-01,0.0,0.0
SLB,2024-03-01,0.0,0.0
SLE,2024-03-01,0.0,0.0
SLV,2024-03-01,0.0,0.0
SRB,2024-03-01,0.0,0.00938263658111421
STP,2024-03-01,0.0,0.0
SVK,2024-03-01,0.0,0.0
SVN,2024-03-01,0.0,0.0
SWE,2024-03-01,0.0,0.0
SWZ,2024-03-01,0.0,0.0
SYC,2024-03-01,0.0,0.0
SYR,2024-03-01,0.0,0.15427642515365012
TCD,2024-03-01,0.0,0.05682535507205658
TGO,2024-03-01,0.0,0.0
THA,2024-03-01,0.0,0.008232052329541195
TJK,2024-03-01,0.0,0.0
TKM,2024-03-01,0.0,0.0
TLS,2024-03-01,0.0,0.0
TON,2024-03-01,0.0,0.0
TTO,2024-03-01,0.0,0.026040400868868
TUN,2024-03-01,0.0,0.0
TUR,2024-03-01,0.0,0.03925354863556338
TZA,2024-03-01,0.0,0.0
UGA,2024-03-01,0.0,0.003176355792933441
UKR,2024-03-01,1.0,0.21316469147173983
URY,2024-03-01,0.0,0.0
USA,2024-03-01,0.0,0.0
UZB,2024-03-01,0.0,0.0
VEN,2024-03-01,0.0,0.0
VNM,2024-03-01,0.0,0.0
VUT,2024-03-01,0.0,0.0
WSM,2024-03-01,0.0,0.0
YEM,2024-03-01,0.0,0.07853070642651282
ZAF,2024-03-01,0.0,0.0
ZMB,2024-03-01,0.0,0.0
ZWE,2024-03-01,0.0,0.0
AFG,2024-04-01,0.0,0.4347004077829466
AGO,2024-04-01,0.0,0.0
ALB,2024-04-01,0.0,0.0
ARE,2024-04-01,0.0,0.0
ARG,2024-04-01,0.0,0.0
ARM,2024-04-01,0.0,0.004138356140737892
AUS,2024-04-01,0.0,0.01093149183031405
AUT,2024-04-01,0.0,0.0
AZE,2024-04-01,0.0,0.015264961751463418
BDI,2024-04-01,0.0,0.0
BEL,2024-04-01,0.0,0.0
BEN,2024-04-01,0.0,0.13602455714035064
BFA,2024-04-01,1.0,0.785189459179703
BGD,2024-04-01,0.0,0.029147999000172196
BGR,2024-04-01,0.0,0.012757060904055217
BHR,2024-04-01,0.0,0.0
BHS,2024-04-01,0.0,0.0
BIH,2024-04-01,0.0,0.0
BLR,2024-04-01,0.0,0.0
BLZ,2024-04-01,0.0,0.0
BOL,2024-04-01,0.0,0.0
BRA,2024-04-01,0.0,0.05236385048466683
BRB,2024-04-01,0.0,0.0
BRN,2024-04-01,0.0,0.0
BTN,2024-04-01,0.0,0.0
BWA,2024-04-01,0.0,0.0
CAF,2024-04-01,0.0,0.5169714205553506
CAN,2024-04-01,0.0,0.0
CHE,2024-04-01,0.0,0.0
CHL,2024-04-01,0.0,0.0
CHN,2024-04-01,0.0,0.007150536562863252
CIV,2024-04-01,0.0,0.0
CMR,2024-04-01,0.0,0.4497120452904369
COL,2024-04-01,0.0,0.009270243121459007
COM,2024-04-01,0.0,0.0
CRI,2024-04-01,0.0,0.0
CUB,2024-04-01,0.0,0.0021024995806072774
CYP,2024-04-01,0.0,0.0
CZE,2024-04-01,0.0,0.0
DEU,2024-04-01,0.0,0.0
DJI,2024-04-01,0.0,0.0
DNK,2024-04-01,0.0,0.0
DOM,2024-04-01,0.0,0.0
DZA,2024-04-01,0.0,0.0
ECU,2024-04-01,0.0,0.21797745368028976
EGY,2024-04-01,0.0,0.0
ERI,2024-04-01,0.0,0.0
ESP,2024-04-01,0.0,0.0
EST,2024-04-01,0.0,0.0
FIN,2024-04-01,0.0,0.0
FJI,2024-04-01,0.0,0.0
FRA,2024-04-01,0.0,0.0
GAB,2024-04-01,0.0,0.0
GBR,2024-04-01,0.0,0.0
GEO,2024-04-01,0.0,0.0
GHA,2024-04-01,0.0,0.004767211867630276
GIN,2024-04-01,0.0,0.0
GMB,2024-04-01,0.0,0.0
GNB,2024-04-01,0.0,0.0
GNQ,2024-04-01,0.0,0.0
GRC,2024-04-01,0.0,0.0
GRD,2024-04-01,0.0,0.0
GTM,2024-04-01,0.0,0.0703374459728428
GUY,2024-04-01,0.0,0.0
HND,2024-04-01,0.0,0.05011116342329229
HRV,2024-04-01,0.0,0.0
HUN,2024-04-01,0.0,0.0
IDN,2024-04-01,0.0,0.015
IND,2024-04-01,0.0,0.019946325676849
IRL,2024-04-01,0.0,0.0
IRN,2024-04-01,0.0,0.02939867342976134
IRQ,2024-04-01,0.0,0.16331498622082585
ISL,2024-04-01,0.0,0.0
ISR,2024-04-01,0.0,0.025550419101323447
ITA,2024-04-01,0.0,0.0
JAM,2024-04-01,0.0,0.1163300140187046
JOR,2024-04-01,0.0,0.0
JPN,2024-04-01,0.0,0.0
KAZ,2024-04-01,0.0,0.0025719269443874398
KEN,2024-04-01,0.0,0.10502242898759576
KGZ,2024-04-01,0.0,0.12137907750089
KHM,2024-04-01,0.0,0.0
KOR,2024-04-01,0.0,0.0
KWT,2024-04-01,0.0,0.0
LAO,2024-04-01,0.0,0.0
LBN,2024-04-01,0.0,0.05237117365216579
LBR,2024-04-01,0.0,0.0
LBY,2024-04-01,0.0,0.15740132886572977
LKA,2024-04-01,0.0,0.0
LSO,2024-04-01,0.0,0.0
LTU,2024-04-01,0.0,0.0
LUX,2024-04-01,0.0,0.0
LVA,2024-04-01,0.0,0.0
MAR,2024-04-01,0.0,0.0
MDA,2024-04-01,0.0,0.0
MDG,2024-04-01,0.0,0.07998311365432069
MDV,2024-04-01,0.0,0.0
MEX,2024-04-01,0.0,0.0
MKD,2024-04-01,0.0,0.0
MLT,2024-04-01,0.0,0.0
MNE,2024-04-01,0.0,0.0
MNG,2024-04-01,0.0,0.0
MRT,2024-04-01,0.0,0.018223679053711517
MUS,2024-04-01,0.0,0.0
MWI,2024-04-01,0.0,0.0
MYS,2024-04-01,0.0,0.0
NAM,2024-04-01,0.0,0.0
NER,2024-04-01,0.0,0.8149608499386676
NGA,2024-04-01,0.0,0.7114101917362887
NIC,2024-04-01,0.0,0.004767211867630277
NLD,2024-04-01,0.0,0.0
NOR,2024-04-01,0.0,0.0
NPL,2024-04-01,0.0,0.0
NZL,2024-04-01,0.0,0.0
OMN,2024-04-01,0.0,0.0
PAK,2024-04-01,0.0,0.058511903089730276
PAN,2024-04-01,0.0,0.0
PER,2024-04-01,0.0,0.0
PHL,2024-04-01,0.0,0.24266450721337163
PNG,2024-04-01,0.0,0.018319954797228262
POL,2024-04-01,0.0,0.0
PRK,2024-04-01,0.0,0.0
PRT,2024-04-01,0.0,0.0
PRY,2024-04-01,0.0,0.0
PSE,2024-04-01,1.0,0.3164828526731723
QAT,2024-04-01,0.0,0.0
ROU,2024-04-01,0.0,0.0019347618018463021
RUS,2024-04-01,0.0,0.07322640384723506
RWA,2024-04-01,0.0,0.0
SAU,2024-04-01,0.0,0.0
SDN,2024-04-01,0.0,0.7261075363082875
SEN,2024-04-01,0.0,0.0
SGP,2024-04-01,0.0,0.0
SLB,2024-04-01,0.0,0.0
SLE,2024-04-01,0.0,0.0
SLV,2024-04-01,0.0,0.003287602958921354
SRB,2024-04-01,0.0,0.0028493650137319626
STP,2024-04-01,0.0,0.0
SVK,2024-04-01,0.0,0.0
SVN,2024-04-01,0.0,0.0
SWE,2024-04-01,0.0,0.0
SWZ,2024-04-01,0.0,0.0
SYC,2024-04-01,0.0,0.0
SYR,2024-04-01,0.0,0.11417096822744296
TCD,2024-04-01,0.0,0.0
TGO,2024-04-01,0.0,0.0
THA,2024-04-01,0.0,0.01210127555360327
TJK,2024-04-01,0.0,0.0
TKM,2024-04-01,0.0,0.0
TLS,2024-04-01,0.0,0.0
TON,2024-04-01,0.0,0.0
TTO,2024-04-01,0.0,0.0397254550146957
TUN,2024-04-01,0.0,0.0
TUR,2024-04-01,0.0,0.004170345393642271
TZA,2024-04-01,0.0,0.0
UGA,2024-04-01,0.0,0.0
UKR,2024-04-01,1.0,0.033136759167157664
URY,2024-04-01,0.0,0.0
USA,2024-04-01,0.0,0.0
UZB,2024-04-01,0.0,0.0
VEN,2024-04-01,0.0,0.06800030814460184
VNM,2024-04-01,0.0,0.0
VUT,2024-04-01,0.0,0.0
WSM,2024-04-01,0.0,0.0
YEM,2024-04-01,0.0,0.07937530385581727
ZAF,2024-04-01,0.0,0.0
ZMB,2024-04-01,0.0,0.0
ZWE,2024-04-01,0.0,0.0
AFG,2024-05-01,0.0,0.6099953160435617
AGO,2024-05-01,0.0,0.0076796921803337385
ALB,2024-05-01,0.0,0.0
ARE,2024-05-01,0.0,0.0
ARG,2024-05-01,0.0,0.0
ARM,2024-05-01,0.0,0.0
AUS,2024-05-01,0.0,0.0
AUT,2024-05-01,0.0,0.0
AZE,2024-05-01,0.0,0.0
BDI,2024-05-01,0.0,0.00887252181160406
BEL,2024-05-01,0.0,0.0
BEN,2024-05-01,0.0,0.11961234267624497
BGD,2024-05-01,0.0,0.06365307500429969
BGR,2024-05-01,0.0,0.0011139378201979043
BHR,2024-05-01,0.0,0.0
BHS,2024-05-01,0.0,0.0
BIH,2024-05-01,0.0,0.0
BLR,2024-05-01,0.0,0.0
BLZ,2024-05-01,0.0,0.0
BOL,2024-05-01,0.0,0.0
BRA,2024-05-01,0.0,0.07389889184950875
BRB,2024-05-01,0.0,0.0
BRN,2024-05-01,0.0,0.0
BTN,2024-05-01,0.0,0.0
BWA,2024-05-01,0.0,0.0
CAF,2024-05-01,0.0,0.3135057313147234
CAN,2024-05-01,0.0,0.0
CHE,2024-05-01,0.0,0.0
CHL,2024-05-01,0.0,0.0098398783568047
CHN,2024-05-01,0.0,0.0
CIV,2024-05-01,0.0,0.0
CMR,2024-05-01,0.0,0.25199979722016197
COL,2024-05-01,0.0,0.004419888615186903
COM,2024-05-01,0.0,0.0
CRI,2024-05-01,0.0,0.003108293351610693
CUB,2024-05-01,0.0,0.003931756254644539
CYP,2024-05-01,0.0,0.0
CZE,2024-05-01,0.0,0.0011139378201979043
DEU,2024-05-01,0.0,0.0
DJI,2024-05-01,0.0,0.0
DNK,2024-05-01,0.0,0.0
DOM,2024-05-01,0.0,0.0
DZA,2024-05-01,0.0,0.0
ECU,2024-05-01,0.0,0.3683745109712378
EGY,2024-05-01,0.0,0.0
ERI,2024-05-01,0.0,0.0
ESP,2024-05-01,0.0,0.0
EST,2024-05-01,0.0,0.0
FIN,2024-05-01,0.0,0.0
FJI,2024-05-01,0.0,0.0
FRA,2024-05-01,0.0,0.0
GAB,2024-05-01,0.0,0.0
GBR,2024-05-01,0.0,0.0
GEO,2024-05-01,0.0,0.0
GHA,2024-05-01,0.0,0.013672321046753392
GIN,2024-05-01,0.0,0.0
GMB,2024-05-01,0.0,0.0
GNB,2024-05-01,0.0,0.0
GNQ,2024-05-01,0.0,0.0
GRC,2024-05-01,0.0,0.0
GRD,2024-05-01,0.0,0.0
GTM,2024-05-01,0.0,0.010483558477099865
GUY,2024-05-01,0.0,0.0
HND,2024-05-01,0.0,0.3229982807541073
HRV,2024-05-01,0.0,0.06186115798891246
HTI,2024-05-01,0.0,0.6957848793683253
HUN,2024-05-01,0.0,0.0
IDN,2024-05-01,0.0,0.0036949310364895473
IND,2024-05-01,0.0,0.014526885821443602
IRL,2024-05-01,0.0,0.0
IRN,2024-05-01,0.0,0.004831958354896648
IRQ,2024-05-01,0.0,0.136548410277346
ISL,2024-05-01,0.0,0.0
ISR,2024-05-01,0.0,0.04306448274718954
ITA,2024-05-01,0.0,0.0
JAM,2024-05-01,0.0,0.08947926972901947
JOR,2024-05-01,0.0,0.0
JPN,2024-05-01,0.0,0.0
KAZ,2024-05-01,0.0,0.008079371659337427
KEN,2024-05-01,0.0,0.003129436119873815
KGZ,2024-05-01,0.0,0.0
KHM,2024-05-01,0.0,0.0
KOR,2024-05-01,0.0,0.005
KWT,2024-05-01,0.0,0.0
LAO,2024-05-01,0.0,0.0
LBN,2024-05-01,0.0,0.03139206853903651
LBR,2024-05-01,0.0,0.0
LBY,2024-05-01,0.0,0.01431291632616901
LKA,2024-05-01,0.0,0.0
LSO,2024-05-01,0.0,0.0
LTU,2024-05-01,0.0,0.0
LUX,2024-05-01,0.0,0.0
LVA,2024-05-01,0.0,0.0
MAR,2024-05-01,0.0,0.0
MDA,2024-05-01,0.0,0.0
MDG,2024-05-01,0.0,0.3962329174616309
MDV,2024-05-01,0.0,0.0
MEX,2024-05-01,0.0,0.0
MKD,2024-05-01,0.0,0.0
MLT,2024-05-01,0.0,0.0
MNE,2024-05-01,0.0,0.0
MNG,2024-05-01,0.0,0.0
MRT,2024-05-01,0.0,0.0021958980389444136
MUS,2024-05-01,0.0,0.0
MWI,2024-05-01,0.0,0.0
MYS,2024-05-01,0.0,0.0
NAM,2024-05-01,0.0,0.0
NER,2024-05-01,0.0,0.2982028803100124
NGA,2024-05-01,0.0,0.06648414358211464
NIC,2024-05-01,0.0,0.0
NLD,2024-05-01,0.0,0.0
NOR,2024-05-01,0.0,0.0
NPL,2024-05-01,0.0,0.0
NZL,2024-05-01,0.0,0.0
OMN,2024-05-01,0.0,0.0
PAK,2024-05-01,0.0,0.004419888615186903
PAN,2024-05-01,0.0,0.0
PER,2024-05-01,0.0,0.0
PHL,2024-05-01,0.0,0.7296264337863135
PNG,2024-05-01,0.0,0.0
POL,2024-05-01,0.0,0.0
PRK,2024-05-01,0.0,0.0
PRT,2024-05-01,0.0,0.0
PRY,2024-05-01,0.0,0.0
PSE,2024-05-01,1.0,0.2679686137451375
QAT,2024-05-01,0.0,0.0
ROU,2024-05-01,0.0,0.0
RUS,2024-05-01,0.0,0.05239880152308879
RWA,2024-05-01,0.0,0.0
SAU,2024-05-01,0.0,0.0
SDN,2024-05-01,0.0,0.8148493341361142
SEN,2024-05-01,0.0,0.0
SGP,2024-05-01,0.0,0.0
SLB,2024-05-01,0.0,0.0
SLE,2024-05-01,0.0,0.0
SLV,2024-05-01,0.0,0.0
SOM,2024-05-01,1.0,0.6968184448137457
SRB,2024-05-01,0.0,0.01642156188134273
SSD,2024-05-01,0.0,0.7526987215740968
STP,2024-05-01,0.0,0.0
SVK,2024-05-01,0.0,0.0
SVN,2024-05-01,0.0,0.0
SWE,2024-05-01,0.0,0.004579514197526784
SWZ,2024-05-01,0.0,0.0
SYC,2024-05-01,0.0,0.0
SYR,2024-05-01,0.0,0.09106254128753986
TCD,2024-05-01,0.0,0.012488305245248955
TGO,2024-05-01,0.0,0.0
THA,2024-05-01,0.0,0.010570540231543656
TJK,2024-05-01,0.0,0.0
TKM,2024-05-01,0.0,0.0
TLS,2024-05-01,0.0,0.0
TON,2024-05-01,0.0,0.0
TTO,2024-05-01,0.0,0.03904370135008937
TUN,2024-05-01,0.0,0.0
TUR,2024-05-01,0.0,0.004313556114179225
TZA,2024-05-01,0.0,0.0
UGA,2024-05-01,0.0,0.013672321046753392
UKR,2024-05-01,0.0,0.6494642311278515
URY,2024-05-01,0.0,0.0
USA,2024-05-01,0.0,0.0046000579626141146
UZB,2024-05-01,0.0,0.0
VEN,2024-05-01,0.0,0.023688892833939653
VNM,2024-05-01,0.0,0.0
VUT,2024-05-01,0.0,0.0
WSM,2024-05-01,0.0,0.0
YEM,2024-05-01,0.0,0.004419888615186903
ZAF,2024-05-01,0.0,0.0
ZMB,2024-05-01,0.0,0.0
ZWE,2024-05-01,0.0,0.0
AFG,2024-06-01,0.0,0.5821185095459384
AGO,2024-06-01,0.0,0.014042104467603336
ALB,2024-06-01,0.0,0.0
ARE,2024-06-01,0.0,0.0
ARG,2024-06-01,0.0,0.0
ARM,2024-06-01,0.0,0.0
AUS,2024-06-01,0.0,0.0
AUT,2024-06-01,0.0,0.0
AZE,2024-06-01,0.0,0.0
BDI,2024-06-01,0.0,0.0
BEL,2024-06-01,0.0,0.0
BEN,2024-06-01,0.0,0.0
BGD,2024-06-01,0.0,0.006017636504334797
BGR,2024-06-01,0.0,0.0
BHR,2024-06-01,0.0,0.0
BHS,2024-06-01,0.0,0.0
BIH,2024-06-01,0.0,0.0
BLR,2024-06-01,0.0,0.0
BLZ,2024-06-01,0.0,0.0
BOL,2024-06-01,0.0,0.005
BRA,2024-06-01,0.0,0.048809515905301276
BRB,2024-06-01,0.0,0.0
BRN,2024-06-01,0.0,0.0
BTN,2024-06-01,0.0,0.0
BWA,2024-06-01,0.0,0.0
CAF,2024-06-01,0.0,0.4141203734124126
CAN,2024-06-01,0.0,0.0
CHE,2024-06-01,0.0,0.026511318467872726
CHL,2024-06-01,0.0,0.0
CHN,2024-06-01,0.0,0.0
CIV,2024-06-01,0.0,0.0
CMR,2024-06-01,0.0,0.4067166676173336
COL,2024-06-01,0.0,0.05381910813066606
COM,2024-06-01,0.0,0.0
CRI,2024-06-01,0.0,0.0
CUB,2024-06-01,0.0,0.0
CYP,2024-06-01,0.0,0.0
CZE,2024-06-01,0.0,0.0
DEU,2024-06-01,0.0,0.0
DJI,2024-06-01,0.0,0.0
DNK,2024-06-01,0.0,0.0022555586729325915
DOM,2024-06-01,0.0,0.0
DZA,2024-06-01,0.0,0.0
ECU,2024-06-01,0.0,0.42360431773000135
EGY,2024-06-01,0.0,0.0
ERI,2024-06-01,0.0,0.0
ESP,2024-06-01,0.0,0.006197996264106566
EST,2024-06-01,0.0,0.0
FIN,2024-06-01,0.0,0.0022555586729325915
FJI,2024-06-01,0.0,0.0
FRA,2024-06-01,0.0,0.01
GAB,2024-06-01,0.0,0.0
GBR,2024-06-01,0.0,0.0
GEO,2024-06-01,0.0,0.001255784438152883
GHA,2024-06-01,0.0,0.0
GIN,2024-06-01,0.0,0.0
GMB,2024-06-01,0.0,0.005195757788848856
GNB,2024-06-01,0.0,0.0
GNQ,2024-06-01,0.0,0.0
GRC,2024-06-01,0.0,0.0
GRD,2024-06-01,0.0,0.0
GTM,2024-06-01,0.0,0.01650022628352653
GUY,2024-06-01,0.0,0.0
HND,2024-06-01,0.0,0.24474437199731203
HRV,2024-06-01,0.0,0.0
HTI,2024-06-01,0.0,0.2722494723566628
HUN,2024-06-01,0.0,0.0
IDN,2024-06-01,0.0,0.06481905368547988
IND,2024-06-01,0.0,0.02281170761563347
IRL,2024-06-01,0.0,0.004506060393750438
IRN,2024-06-01,0.0,0.012196417264639561
IRQ,2024-06-01,0.0,0.06505589945210334
ISL,2024-06-01,0.0,0.0
ISR,2024-06-01,0.0,0.029684251564331812
ITA,2024-06-01,0.0,0.0
JAM,2024-06-01,0.0,0.3148874413492401
JOR,2024-06-01,0.0,0.0029385023073057064
JPN,2024-06-01,0.0,0.0
KAZ,2024-06-01,0.0,0.001077754503560953
KEN,2024-06-01,0.0,0.023483197090610294
KGZ,2024-06-01,0.0,0.023102167433969815
KHM,2024-06-01,0.0,0.0
KOR,2024-06-01,0.0,0.0
KWT,2024-06-01,0.0,0.0
LAO,2024-06-01,0.0,0.0
LBN,2024-06-01,0.0,0.05712427716539678
LBR,2024-06-01,0.0,0.0
LBY,2024-06-01,0.0,0.09407438185057984
LKA,2024-06-01,0.0,0.0
LSO,2024-06-01,0.0,0.0
LTU,2024-06-01,0.0,0.0
LUX,2024-06-01,0.0,0.0
LVA,2024-06-01,0.0,0.0
MAR,2024-06-01,0.0,0.0
MDA,2024-06-01,0.0,0.003119361722766514
MDG,2024-06-01,0.0,0.255827112981171
MDV,2024-06-01,0.0,0.0
MEX,2024-06-01,0.0,0.015
MKD,2024-06-01,0.0,0.0
MLI,2024-06-01,0.0,0.4104739676342528
MLT,2024-06-01,0.0,0.0
MNE,2024-06-01,0.0,0.0
MNG,2024-06-01,0.0,0.0
MOZ,2024-06-01,0.0,0.1852919033554956
MRT,2024-06-01,0.0,0.0
MUS,2024-06-01,0.0,0.0
MWI,2024-06-01,0.0,0.0
MYS,2024-06-01,0.0,0.001255784438152883
NAM,2024-06-01,0.0,0.0
NER,2024-06-01,0.0,0.7131783863834886
NGA,2024-06-01,0.0,0.07211308315353053
NIC,2024-06-01,0.0,0.0
NLD,2024-06-01,0.0,0.0
NOR,2024-06-01,0.0,0.0
NPL,2024-06-01,0.0,0.0
NZL,2024-06-01,0.0,0.0
OMN,2024-06-01,0.0,0.0
PAK,2024-06-01,0.0,0.004609270858715448
PAN,2024-06-01,0.0,0.0
PER,2024-06-01,0.0,0.0
PHL,2024-06-01,0.0,0.2616683269726421
PNG,2024-06-01,0.0,0.0
POL,2024-06-01,0.0,0.0
PRK,2024-06-01,0.0,0.0
PRT,2024-06-01,0.0,0.001255784438152883
PRY,2024-06-01,0.0,0.0
QAT,2024-06-01,0.0,0.0
ROU,2024-06-01,0.0,0.0
RUS,2024-06-01,1.0,0.13437156705450623
RWA,2024-06-01,0.0,0.0
SAU,2024-06-01,0.0,0.0
SDN,2024-06-01,0.0,0.820360325793203
SEN,2024-06-01,0.0,0.0
SGP,2024-06-01,0.0,0.0
SLB,2024-06-01,0.0,0.0
SLE,2024-06-01,0.0,0.0
SLV,2024-06-01,0.0,0.0
SOM,2024-06-01,1.0,0.8008507571428158
SRB,2024-06-01,0.0,0.011937028512747533
SSD,2024-06-01,0.0,0.27390561207495934
STP,2024-06-01,0.0,0.0
SVK,2024-06-01,0.0,0.0
SVN,2024-06-01,0.0,0.0
SWE,2024-06-01,0.0,0.0
SWZ,2024-06-01,0.0,0.0
SYC,2024-06-01,0.0,0.0
SYR,2024-06-01,0.0,0.03808434956532505
TCD,2024-06-01,0.0,0.10358485405596182
TGO,2024-06-01,0.0,0.0
THA,2024-06-01,0.0,0.025532327058336367
TJK,2024-06-01,0.0,0.0
TKM,2024-06-01,0.0,0.0
TLS,2024-06-01,0.0,0.0
TON,2024-06-01,0.0,0.0
TTO,2024-06-01,0.0,0.0
TUN,2024-06-01,0.0,0.0
TUR,2024-06-01,0.0,0.0032146248812915564
TZA,2024-06-01,0.0,0.004253918909980818
UGA,2024-06-01,0.0,0.0033731053652908153
UKR,2024-06-01,1.0,0.6589181499265159
URY,2024-06-01,0.0,0.0
USA,2024-06-01,0.0,0.0
UZB,2024-06-01,0.0,0.0
VEN,2024-06-01,0.0,0.09014053576283869
VNM,2024-06-01,0.0,0.0
VUT,2024-06-01,0.0,0.0
WSM,2024-06-01,0.0,0.0
YEM,2024-06-01,0.0,0.01663962682647564
ZAF,2024-06-01,0.0,0.0
ZMB,2024-06-01,0.0,0.0
ZWE,2024-06-01,0.0,0.0
AFG,2024-07-01,0.0,0.5711012027918669
AGO,2024-07-01,0.0,0.0
ALB,2024-07-01,0.0,0.0
ARE,2024-07-01,0.0,0.0
ARG,2024-07-01,0.0,0.0
ARM,2024-07-01,0.0,0.0
AUS,2024-07-01,0.0,0.0
AUT,2024-07-01,0.0,0.0012081625841384009
AZE,2024-07-01,0.0,0.0
BDI,2024-07-01,0.0,0.031836364035580815
BEL,2024-07-01,0.0,0.003139546089721967
BEN,2024-07-01,0.0,0.1419909069601512
BGD,2024-07-01,0.0,0.01141239187388826
BGR,2024-07-01,0.0,0.0
BHR,2024-07-01,0.0,0.0
BHS,2024-07-01,0.0,0.0
BIH,2024-07-01,0.0,0.0
BLR,2024-07-01,0.0,0.0
BLZ,2024-07-01,0.0,0.0
BOL,2024-07-01,0.0,0.004027631822958522
BRA,2024-07-01,0.0,0.02741476140274064
BRB,2024-07-01,0.0,0.0
BRN,2024-07-01,0.0,0.0
BTN,2024-07-01,0.0,0.0
BWA,2024-07-01,0.0,0.0
CAF,2024-07-01,0.0,0.8774238557511523
CAN,2024-07-01,0.0,0.0
CHE,2024-07-01,0.0,0.0
CHL,2024-07-01,0.0,0.0
CHN,2024-07-01,0.0,0.0
CIV,2024-07-01,0.0,0.0
CMR,2024-07-01,0.0,0.2530062102123405
COL,2024-07-01,0.0,0.06466932057050191
COM,2024-07-01,0.0,0.0
CRI,2024-07-01,0.0,0.0012081625841384009
CUB,2024-07-01,0.0,0.0
CYP,2024-07-01,0.0,0.0
CZE,2024-07-01,0.0,0.0
DEU,2024-07-01,0.0,0.0
DJI,2024-07-01,0.0,0.0
DNK,2024-07-01,0.0,0.0
DOM,2024-07-01,0.0,0.0
DZA,2024-07-01,0.0,0.0
ECU,2024-07-01,0.0,0.2804730869968151
EGY,2024-07-01,0.0,0.004418186749847427
ERI,2024-07-01,0.0,0.0
ESP,2024-07-01,0.0,0.0
EST,2024-07-01,0.0,0.0
FIN,2024-07-01,0.0,0.0012081625841384009
FJI,2024-07-01,0.0,0.0
FRA,2024-07-01,0.0,0.0
GAB,2024-07-01,0.0,0.0
GBR,2024-07-01,0.0,0.0
GEO,2024-07-01,0.0,0.0
GHA,2024-07-01,0.0,0.003118060872894327
GIN,2024-07-01,0.0,0.0
GMB,2024-07-01,0.0,0.0
GNB,2024-07-01,0.0,0.0
GNQ,2024-07-01,0.0,0.0
GRC,2024-07-01,0.0,0.04755858402139811
GRD,2024-07-01,0.0,0.0
GTM,2024-07-01,0.0,0.03826019129618272
GUY,2024-07-01,0.0,0.0
HND,2024-07-01,0.0,0.20403887526538025
HRV,2024-07-01,0.0,0.004418186749847427
HTI,2024-07-01,0.0,0.20550259016602218
HUN,2024-07-01,0.0,0.0
IDN,2024-07-01,0.0,0.004819305328689862
IND,2024-07-01,0.0,0.0736436530777984
IRL,2024-07-01,0.0,0.0
IRN,2024-07-01,0.0,0.0
IRQ,2024-07-01,0.0,0.13571429531688894
ISL,2024-07-01,0.0,0.0
ISR,2024-07-01,0.0,0.0144774445933635
ITA,2024-07-01,0.0,0.0
JAM,2024-07-01,0.0,0.3072337003574772
JOR,2024-07-01,0.0,0.003670704225352113
JPN,2024-07-01,0.0,0.0
KAZ,2024-07-01,0.0,0.0
KEN,2024-07-01,0.0,0.03790087973119931
KGZ,2024-07-01,0.0,0.0
KHM,2024-07-01,0.0,0.0
KOR,2024-07-01,0.0,0.0
KWT,2024-07-01,0.0,0.0
LAO,2024-07-01,0.0,0.0
LBN,2024-07-01,1.0,0.03614958994778918
LBR,2024-07-01,0.0,0.0
LBY,2024-07-01,0.0,0.1209866218391455
LKA,2024-07-01,0.0,0.0
LSO,2024-07-01,0.0,0.0
LTU,2024-07-01,0.0,0.0
LUX,2024-07-01,0.0,0.0
LVA,2024-07-01,0.0,0.0
MAR,2024-07-01,0.0,0.0
MDA,2024-07-01,0.0,0.0
MDG,2024-07-01,0.0,0.1465008308035304
MDV,2024-07-01,0.0,0.0
MEX,2024-07-01,0.0,0.0
MKD,2024-07-01,0.0,0.0
MLI,2024-07-01,0.0,0.7725867029624577
MLT,2024-07-01,0.0,0.0
MNE,2024-07-01,0.0,0.0
MNG,2024-07-01,0.0,0.0
MOZ,2024-07-01,0.0,0.15225222220149096
MRT,2024-07-01,0.0,0.0
MUS,2024-07-01,0.0,0.0
MWI,2024-07-01,0.0,0.0
MYS,2024-07-01,0.0,0.0012081625841384009
NAM,2024-07-01,0.0,0.0
NER,2024-07-01,0.0,0.7660383597539127
NGA,2024-07-01,0.0,0.08525828016845276
NIC,2024-07-01,0.0,0.0
NLD,2024-07-01,0.0,0.0
NOR,2024-07-01,0.0,0.0
NPL,2024-07-01,0.0,0.0
NZL,2024-07-01,0.0,0.0
OMN,2024-07-01,0.0,0.0
PAK,2024-07-01,0.0,0.009318009030918714
PAN,2024-07-01,0.0,0.0012081625841384009
PER,2024-07-01,0.0,0.0049190291042240765
PHL,2024-07-01,0.0,0.4846160432330641
PNG,2024-07-01,0.0,0.04901639840781341
POL,2024-07-01,0.0,0.0
PRK,2024-07-01,0.0,0.004204158668193769
PRT,2024-07-01,0.0,0.0
PRY,2024-07-01,0.0,0.0
QAT,2024-07-01,0.0,0.0
ROU,2024-07-01,0.0,0.0
RUS,2024-07-01,1.0,0.05224147358057528
RWA,2024-07-01,0.0,0.0
SAU,2024-07-01,0.0,0.0
SDN,2024-07-01,0.0,0.541900658013248
SEN,2024-07-01,0.0,0.0
SGP,2024-07-01,0.0,0.0
SLB,2024-07-01,0.0,0.0
SLE,2024-07-01,0.0,0.0
SLV,2024-07-01,0.0,0.0
SRB,2024-07-01,0.0,0.0034225455691548018
SSD,2024-07-01,0.0,0.8713997047747398
STP,2024-07-01,0.0,0.0
SVK,2024-07-01,0.0,0.0
SVN,2024-07-01,0.0,0.0
SWE,2024-07-01,0.0,0.0
SWZ,2024-07-01,0.0,0.0
SYC,2024-07-01,0.0,0.0
SYR,2024-07-01,0.0,0.06818604625434874
TCD,2024-07-01,0.0,0.08086826421185993
TGO,2024-07-01,0.0,0.014050674127613459
THA,2024-07-01,0.0,0.009050833273231154
TJK,2024-07-01,0.0,0.0
TKM,2024-07-01,0.0,0.0
TLS,2024-07-01,0.0,0.0
TON,2024-07-01,0.0,0.0
TTO,2024-07-01,0.0,0.05144603560721716
TUN,2024-07-01,0.0,0.0
TUR,2024-07-01,0.0,0.00488213343723774
TZA,2024-07-01,0.0,0.0037616188441775894
UGA,2024-07-01,0.0,0.10022429188917979
UKR,2024-07-01,1.0,0.41806738182787884
URY,2024-07-01,0.0,0.0
USA,2024-07-01,0.0,0.0
UZB,2024-07-01,0.0,0.002098457277206996
VEN,2024-07-01,0.0,0.039216966427677906
VNM,2024-07-01,0.0,0.0
VUT,2024-07-01,0.0,0.0
WSM,2024-07-01,0.0,0.0
YEM,2024-07-01,0.0,0.057334939384129334
ZAF,2024-07-01,0.0,0.0
ZMB,2024-07-01,0.0,0.0
ZWE,2024-07-01,0.0,0.0
AFG,2024-08-01,0.0,0.6168842687428959
AGO,2024-08-01,0.0,0.0
ALB,2024-08-01,0.0,0.0
ARE,2024-08-01,0.0,0.0
ARG,2024-08-01,0.0,0.0
ARM,2024-08-01,0.0,0.0
AUS,2024-08-01,0.0,0.0
AUT,2024-08-01,0.0,0.0
AZE,2024-08-01,0.0,0.0
BDI,2024-08-01,0.0,0.03131213744440718
BEL,2024-08-01,0.0,0.0
BEN,2024-08-01,0.0,0.028131082235775047
BGD,2024-08-01,0.0,0.005
BGR,2024-08-01,0.0,0.0
BHR,2024-08-01,0.0,0.0
BHS,2024-08-01,0.0,0.0
BIH,2024-08-01,0.0,0.0
BLR,2024-08-01,0.0,0.0
BLZ,2024-08-01,0.0,0.0
BOL,2024-08-01,0.0,0.0
BRA,2024-08-01,0.0,0.05515518640147552
BRB,2024-08-01,0.0,0.0
BRN,2024-08-01,0.0,0.0
BTN,2024-08-01,0.0,0.0
BWA,2024-08-01,0.0,0.0
CAF,2024-08-01,0.0,0.8347636644450634
CAN,2024-08-01,0.0,0.0
CHE,2024-08-01,0.0,0.0
CHL,2024-08-01,0.0,0.0
CHN,2024-08-01,0.0,0.0011608006613547251
CIV,2024-08-01,0.0,0.0
CMR,2024-08-01,0.0,0.1505645054826787
COL,2024-08-01,0.0,0.030792714198656763
COM,2024-08-01,0.0,0.0
CRI,2024-08-01,0.0,0.0035759956651314003
CUB,2024-08-01,0.0,0.0
CYP,2024-08-01,0.0,0.0
CZE,2024-08-01,0.0,0.0
DEU,2024-08-01,0.0,0.0
DJI,2024-08-01,0.0,0.0
DNK,2024-08-01,0.0,0.0
DOM,2024-08-01,0.0,0.0
DZA,2024-08-01,0.0,0.0
ECU,2024-08-01,0.0,0.34174389892687096
EGY,2024-08-01,0.0,0.0
ERI,2024-08-01,0.0,0.0
ESP,2024-08-01,0.0,0.0
EST,2024-08-01,0.0,0.0
FIN,2024-08-01,0.0,0.001790860492252586
FJI,2024-08-01,0.0,0.0
FRA,2024-08-01,0.0,0.0
GAB,2024-08-01,0.0,0.0
GBR,2024-08-01,0.0,0.0
GEO,2024-08-01,0.0,0.0
GHA,2024-08-01,0.0,0.0
GIN,2024-08-01,0.0,0.0
GMB,2024-08-01,0.0,0.0
GNB,2024-08-01,0.0,0.0
GNQ,2024-08-01,0.0,0.0
GRC,2024-08-01,0.0,0.0
GRD,2024-08-01,0.0,0.0
GTM,2024-08-01,0.0,0.016288677713821434
GUY,2024-08-01,0.0,0.0
HND,2024-08-01,0.0,0.2189859913358548
HRV,2024-08-01,0.0,0.004443010704427641
HTI,2024-08-01,0.0,0.21698986786512842
HUN,2024-08-01,0.0,0.0
IDN,2024-08-01,0.0,0.0029610768367919287
IND,2024-08-01,0.0,0.08160094810176216
IRL,2024-08-01,0.0,0.0
IRN,2024-08-01,0.0,0.014838195795614106
IRQ,2024-08-01,0.0,0.08419424997547949
ISL,2024-08-01,0.0,0.0
ISR,2024-08-01,0.0,0.009048284490607302
ITA,2024-08-01,0.0,0.0
JAM,2024-08-01,0.0,0.2956875992559141
JOR,2024-08-01,0.0,0.0
JPN,2024-08-01,0.0,0.0
KAZ,2024-08-01,0.0,0.0011608006613547251
KEN,2024-08-01,0.0,0.017931271198007744
KGZ,2024-08-01,0.0,0.0
KHM,2024-08-01,0.0,0.0
KOR,2024-08-01,0.0,0.0
KWT,2024-08-01,0.0,0.0
LAO,2024-08-01,0.0,0.0
LBN,2024-08-01,1.0,0.11703404514823595
LBR,2024-08-01,0.0,0.0
LBY,2024-08-01,0.0,0.1351788960859901
LKA,2024-08-01,0.0,0.0
LSO,2024-08-01,0.0,0.0
LTU,2024-08-01,0.0,0.0
LUX,2024-08-01,0.0,0.0
LVA,2024-08-01,0.0,0.0
MAR,2024-08-01,0.0,0.0
MDA,2024-08-01,0.0,0.0
MDG,2024-08-01,0.0,0.3981469942585803
MDV,2024-08-01,0.0,0.0
MEX,2024-08-01,0.0,0.005
MKD,2024-08-01,0.0,0.0
MLI,2024-08-01,0.0,0.37742709156800364
MLT,2024-08-01,0.0,0.0
MNE,2024-08-01,0.0,0.0
MNG,2024-08-01,0.0,0.0
MOZ,2024-08-01,0.0,0.08847023224908701
MRT,2024-08-01,0.0,0.0
MUS,2024-08-01,0.0,0.0
MWI,2024-08-01,0.0,0.0
MYS,2024-08-01,0.0,0.0
NAM,2024-08-01,0.0,0.0
NER,2024-08-01,0.0,0.27469977921713656
NGA,2024-08-01,0.0,0.002032428936589576
NIC,2024-08-01,0.0,0.0
NLD,2024-08-01,0.0,0.0
NOR,2024-08-01,0.0,0.013943866357466085
NPL,2024-08-01,0.0,0.0
NZL,2024-08-01,0.0,0.0
OMN,2024-08-01,0.0,0.0
PAK,2024-08-01,0.0,0.01760686378943648
PAN,2024-08-01,0.0,0.0
PER,2024-08-01,0.0,0.0
PHL,2024-08-01,0.0,0.1883530633633162
PNG,2024-08-01,0.0,0.0
POL,2024-08-01,0.0,0.0
PRK,2024-08-01,0.0,0.0
PRT,2024-08-01,0.0,0.0
PRY,2024-08-01,0.0,0.0
QAT,2024-08-01,0.0,0.0
ROU,2024-08-01,0.0,0.0
RWA,2024-08-01,0.0,0.0
SAU,2024-08-01,0.0,0.0
SDN,2024-08-01,1.0,0.7377072779017219
SEN,2024-08-01,0.0,0.0
SGP,2024-08-01,0.0,0.0
SLB,2024-08-01,0.0,0.0
SLE,2024-08-01,0.0,0.0
SLV,2024-08-01,0.0,0.0
SRB,2024-08-01,0.0,0.0
SSD,2024-08-01,0.0,0.8286278372655247
STP,2024-08-01,0.0,0.0
SVK,2024-08-01,0.0,0.0
SVN,2024-08-01,0.0,0.0
SWE,2024-08-01,0.0,0.0
SWZ,2024-08-01,0.0,0.0
SYC,2024-08-01,0.0,0.0
SYR,2024-08-01,0.0,0.4815492535770951
TCD,2024-08-01,0.0,0.014001693204487355
TGO,2024-08-01,0.0,0.0
THA,2024-08-01,0.0,0.004490830526351605
TJK,2024-08-01,0.0,0.0
TKM,2024-08-01,0.0,0.0
TLS,2024-08-01,0.0,0.0
TON,2024-08-01,0.0,0.0
TTO,2024-08-01,0.0,0.06789059060681212
TUN,2024-08-01,0.0,0.0
TUR,2024-08-01,0.0,0.005
TZA,2024-08-01,0.0,0.0
UGA,2024-08-01,0.0,0.0
URY,2024-08-01,0.0,0.0
USA,2024-08-01,0.0,0.0
UZB,2024-08-01,0.0,0.0
VEN,2024-08-01,0.0,0.08647894211784057
VNM,2024-08-01,0.0,0.0
VUT,2024-08-01,0.0,0.0
WSM,2024-08-01,0.0,0.0
YEM,2024-08-01,0.0,0.051415035164386946
ZAF,2024-08-01,0.0,0.0
ZMB,2024-08-01,0.0,0.0
ZWE,2024-08-01,0.0,0.0
AFG,2024-09-01,0.0,0.47895160381359553
AGO,2024-09-01,0.0,0.0
ALB,2024-09-01,0.0,0.0
ARE,2024-09-01,0.0,0.0
ARG,2024-09-01,0.0,0.0
ARM,2024-09-01,0.0,0.000472774606139069
AUS,2024-09-01,0.0,0.0
AUT,2024-09-01,0.0,0.0
AZE,2024-09-01,0.0,0.01
BDI,2024-09-01,0.0,0.0054390171107635225
BEL,2024-09-01,0.0,0.0
BEN,2024-09-01,0.0,0.05616614294211406
BGD,2024-09-01,0.0,0.022043632563967675
BGR,2024-09-01,0.0,0.000472774606139069
BHR,2024-09-01,0.0,0.0
BHS,2024-09-01,0.0,0.0
BIH,2024-09-01,0.0,0.00845375320171905
BLR,2024-09-01,0.0,0.0015219421101774044
BLZ,2024-09-01,0.0,0.0
BOL,2024-09-01,0.0,0.0
BRA,2024-09-01,0.0,0.045437792389321566
BRB,2024-09-01,0.0,0.0
BRN,2024-09-01,0.0,0.0
BTN,2024-09-01,0.0,0.0
BWA,2024-09-01,0.0,0.0
CAF,2024-09-01,0.0,0.23230534990487015
CAN,2024-09-01,0.0,0.0
CHE,2024-09-01,0.0,0.0
CHL,2024-09-01,0.0,0.0
CHN,2024-09-01,0.0,0.0
CIV,2024-09-01,0.0,0.0
CMR,2024-09-01,0.0,0.23853631713635404
COL,2024-09-01,0.0,0.00413502309346939
COM,2024-09-01,0.0,0.0
CRI,2024-09-01,0.0,0.0
CUB,2024-09-01,0.0,0.0
CYP,2024-09-01,0.0,0.017757633890721266
CZE,2024-09-01,0.0,0.0
DEU,2024-09-01,0.0,0.0
DJI,2024-09-01,0.0,0.0
DNK,2024-09-01,0.0,0.0
DOM,2024-09-01,0.0,0.0
DZA,2024-09-01,0.0,0.0
ECU,2024-09-01,0.0,0.3690006256268131
EGY,2024-09-01,0.0,0.003512192558335085
ERI,2024-09-01,0.0,0.0
ESP,2024-09-01,0.0,0.0
EST,2024-09-01,0.0,0.0
FIN,2024-09-01,0.0,0.000472774606139069
FJI,2024-09-01,0.0,0.0
FRA,2024-09-01,0.0,0.0
GAB,2024-09-01,0.0,0.0
GBR,2024-09-01,0.0,0.000472774606139069
GEO,2024-09-01,0.0,0.006547810159036695
GHA,2024-09-01,0.0,0.0
GIN,2024-09-01,0.0,0.0
GMB,2024-09-01,0.0,0.0
GNB,2024-09-01,0.0,0.0
GNQ,2024-09-01,0.0,0.0
GRC,2024-09-01,0.0,0.005
GRD,2024-09-01,0.0,0.0
GTM,2024-09-01,0.0,0.08628001792645769
GUY,2024-09-01,0.0,0.0
HND,2024-09-01,0.0,0.22038661048599362
HRV,2024-09-01,0.0,0.01329707888209335
HTI,2024-09-01,0.0,0.2771937998831987
HUN,2024-09-01,0.0,0.0035680726107848366
IDN,2024-09-01,0.0,0.0
IND,2024-09-01,0.0,0.03758094031682095
IRL,2024-09-01,0.0,0.017200589770265968
IRN,2024-09-01,0.0,0.005337110477827122
IRQ,2024-09-01,0.0,0.07621994349327282
ISL,2024-09-01,0.0,0.0
ISR,2024-09-01,0.0,0.02
ITA,2024-09-01,0.0,0.0
JAM,2024-09-01,0.0,0.19557359213451309
JOR,2024-09-01,0.0,0.0
JPN,2024-09-01,0.0,0.000472774606139069
KAZ,2024-09-01,0.0,0.018798824647672838
KEN,2024-09-01,0.0,0.011632094136070869
KGZ,2024-09-01,0.0,0.003512192558335085
KHM,2024-09-01,0.0,0.0
KOR,2024-09-01,0.0,0.000472774606139069
KWT,2024-09-01,0.0,0.0
LAO,2024-09-01,0.0,0.0
LBR,2024-09-01,0.0,0.0
LBY,2024-09-01,0.0,0.07370569721332426
LKA,2024-09-01,0.0,0.0
LSO,2024-09-01,0.0,0.0
LTU,2024-09-01,0.0,0.0
LUX,2024-09-01,0.0,0.0
LVA,2024-09-01,0.0,0.0
MAR,2024-09-01,0.0,0.0
MDA,2024-09-01,0.0,0.0
MDG,2024-09-01,0.0,0.28504294447592615
MDV,2024-09-01,0.0,0.0
MEX,2024-09-01,0.0,0.0
MKD,2024-09-01,0.0,0.0
MLI,2024-09-01,0.0,0.3753406137445595
MLT,2024-09-01,0.0,0.0
MNE,2024-09-01,0.0,0.013953963801620815
MNG,2024-09-01,0.0,0.0
MOZ,2024-09-01,0.0,0.22556327644920238
MRT,2024-09-01,0.0,0.0
MUS,2024-09-01,0.0,0.0
MWI,2024-09-01,0.0,0.0
MYS,2024-09-01,0.0,0.0019947167163164733
NAM,2024-09-01,0.0,0.0
NER,2024-09-01,0.0,0.2104116992445097
NGA,2024-09-01,0.0,0.26991014098867255
NIC,2024-09-01,0.0,0.0
NLD,2024-09-01,0.0,0.005337110477827122
NOR,2024-09-01,0.0,0.0
NPL,2024-09-01,0.0,0.0
NZL,2024-09-01,0.0,0.000472774606139069
OMN,2024-09-01,0.0,0.0
PAK,2024-09-01,0.0,0.00413502309346939
PAN,2024-09-01,0.0,0.0019947167163164733
PER,2024-09-01,0.0,0.0
PHL,2024-09-01,0.0,0.3271905479276792
PNG,2024-09-01,0.0,0.045657174472850406
POL,2024-09-01,0.0,0.0
PRK,2024-09-01,0.0,0.0
PRT,2024-09-01,0.0,0.0
PRY,2024-09-01,0.0,0.0
PSE,2024-09-01,0.0,0.3433821625271027
QAT,2024-09-01,0.0,0.0
ROU,2024-09-01,0.0,0.0
RWA,2024-09-01,0.0,0.0
SAU,2024-09-01,0.0,0.0
SDN,2024-09-01,1.0,0.6988759597616473
SEN,2024-09-01,0.0,0.0
SGP,2024-09-01,0.0,0.0
SLB,2024-09-01,0.0,0.0
SLE,2024-09-01,0.0,0.0
SLV,2024-09-01,0.0,0.0
SOM,2024-09-01,0.0,0.29586339840398707
SRB,2024-09-01,0.0,0.0024043612356172317
SSD,2024-09-01,0.0,0.319125174640381
STP,2024-09-01,0.0,0.0
SVK,2024-09-01,0.0,0.0019947167163164733
SVN,2024-09-01,0.0,0.0
SWE,2024-09-01,0.0,0.000472774606139069
SWZ,2024-09-01,0.0,0.0
SYC,2024-09-01,0.0,0.0
SYR,2024-09-01,1.0,0.2496892229870343
TCD,2024-09-01,0.0,0.009574994865709787
TGO,2024-09-01,0.0,0.0
THA,2024-09-01,0.0,0.0
TJK,2024-09-01,0.0,0.0
TKM,2024-09-01,0.0,0.0
TLS,2024-09-01,0.0,0.0
TON,2024-09-01,0.0,0.0
TTO,2024-09-01,0.0,0.013839430653820862
TUN,2024-09-01,0.0,0.000472774606139069
TUR,2024-09-01,0.0,0.004595642681192691
TZA,2024-09-01,0.0,0.0
UGA,2024-09-01,0.0,0.003257140072131786
URY,2024-09-01,0.0,0.0
USA,2024-09-01,0.0,0.0
UZB,2024-09-01,0.0,0.0
VEN,2024-09-01,0.0,0.029036517096142415
VNM,2024-09-01,0.0,0.0
VUT,2024-09-01,0.0,0.0
WSM,2024-09-01,0.0,0.0
YEM,2024-09-01,0.0,0.03918985924125814
ZAF,2024-09-01,0.0,0.0
ZMB,2024-09-01,0.0,0.0
ZWE,2024-09-01,0.0,0.0
AFG,2024-10-01,0.0,0.48872924905829335
AGO,2024-10-01,0.0,0.0
ALB,2024-10-01,0.0,0.0
ARE,2024-10-01,0.0,0.0
ARG,2024-10-01,0.0,0.0
ARM,2024-10-01,0.0,0.0012743436169812053
AUS,2024-10-01,0.0,0.0
AUT,2024-10-01,0.0,0.0012743436169812053
AZE,2024-10-01,0.0,0.0
BDI,2024-10-01,0.0,0.004930186144922048
BEL,2024-10-01,0.0,0.0
BEN,2024-10-01,0.0,0.021443121651810906
BGD,2024-10-01,0.0,0.019107764295823143
BGR,2024-10-01,0.0,0.002911822535078407
BHR,2024-10-01,0.0,0.0
BHS,2024-10-01,0.0,0.0
BIH,2024-10-01,0.0,0.0
BLR,2024-10-01,0.0,0.0
BLZ,2024-10-01,0.0,0.0
BOL,2024-10-01,0.0,0.0
BRA,2024-10-01,0.0,0.01833882327878623
BRB,2024-10-01,0.0,0.0
BRN,2024-10-01,0.0,0.0
BTN,2024-10-01,0.0,0.0
BWA,2024-10-01,0.0,0.0
CAF,2024-10-01,0.0,0.2588145488125455
CAN,2024-10-01,0.0,0.0
CHE,2024-10-01,0.0,0.0012743436169812053
CHL,2024-10-01,0.0,0.0004347686395969779
CHN,2024-10-01,0.0,0.0004347686395969779
CIV,2024-10-01,0.0,0.0004347686395969779
CMR,2024-10-01,0.0,0.17311053911148414
COL,2024-10-01,0.0,0.0049230903560982
COM,2024-10-01,0.0,0.0
CRI,2024-10-01,0.0,0.007333037993275628
CUB,2024-10-01,0.0,0.028145394137194718
CYP,2024-10-01,0.0,0.014890848633800781
CZE,2024-10-01,0.0,0.0
DEU,2024-10-01,0.0,0.0
DJI,2024-10-01,0.0,0.0
DNK,2024-10-01,0.0,0.0
DOM,2024-10-01,0.0,0.0004347686395969779
DZA,2024-10-01,0.0,0.002834965928390639
ECU,2024-10-01,0.0,0.4333531784025706
EGY,2024-10-01,0.0,0.0
ERI,2024-10-01,0.0,0.0
ESP,2024-10-01,0.0,0.0
EST,2024-10-01,0.0,0.0
ETH,2024-10-01,0.0,0.8020539882547045
FIN,2024-10-01,0.0,0.0
FJI,2024-10-01,0.0,0.0
FRA,2024-10-01,0.0,0.0
GAB,2024-10-01,0.0,0.0
GBR,2024-10-01,0.0,0.006507507288227157
GEO,2024-10-01,0.0,0.0014425516491482463
GHA,2024-10-01,0.0,0.07041167939997306
GIN,2024-10-01,0.0,0.0004347686395969779
GMB,2024-10-01,0.0,0.0
GNB,2024-10-01,0.0,0.0
GNQ,2024-10-01,0.0,0.0
GRC,2024-10-01,0.0,0.005
GRD,2024-10-01,0.0,0.0
GTM,2024-10-01,0.0,0.08599488134949984
GUY,2024-10-01,0.0,0.0
HND,2024-10-01,0.0,0.22120004562628626
HRV,2024-10-01,0.0,0.0012743436169812053
HTI,2024-10-01,1.0,0.6349160511329524
HUN,2024-10-01,0.0,0.0
IDN,2024-10-01,0.0,0.0
IND,2024-10-01,0.0,0.008523428187888408
IRL,2024-10-01,0.0,0.0
IRN,2024-10-01,0.0,0.008292680288949437
IRQ,2024-10-01,0.0,0.100693003417584
ISL,2024-10-01,0.0,0.0
ISR,2024-10-01,0.0,0.21883445358364156
ITA,2024-10-01,0.0,0.0
JAM,2024-10-01,0.0,0.287854537300714
JOR,2024-10-01,0.0,0.0
JPN,2024-10-01,0.0,0.0
KAZ,2024-10-01,0.0,0.002911822535078407
KEN,2024-10-01,0.0,0.05116407554767104
KGZ,2024-10-01,0.0,0.0
KHM,2024-10-01,0.0,0.0
KOR,2024-10-01,0.0,0.0
KWT,2024-10-01,0.0,0.0
LAO,2024-10-01,0.0,0.0
LBR,2024-10-01,0.0,0.0
LBY,2024-10-01,0.0,0.025439276202937913
LKA,2024-10-01,0.0,0.0
LSO,2024-10-01,0.0,0.0
LTU,2024-10-01,0.0,0.0
LUX,2024-10-01,0.0,0.0
LVA,2024-10-01,0.0,0.0
MAR,2024-10-01,0.0,0.0
MDA,2024-10-01,0.0,0.0
MDG,2024-10-01,0.0,0.09615919588171729
MDV,2024-10-01,0.0,0.0
MEX,2024-10-01,0.0,0.0
MKD,2024-10-01,0.0,0.005097186271725666
MLI,2024-10-01,0.0,0.49150922796917196
MLT,2024-10-01,0.0,0.0
MNE,2024-10-01,0.0,0.0
MNG,2024-10-01,0.0,0.0
MOZ,2024-10-01,0.0,0.1497446871312526
MRT,2024-10-01,0.0,0.0
MUS,2024-10-01,0.0,0.0
MWI,2024-10-01,0.0,0.0
MYS,2024-10-01,0.0,0.0
NAM,2024-10-01,0.0,0.0
NER,2024-10-01,0.0,0.271408219613517
NGA,2024-10-01,0.0,0.31739793112648945
NIC,2024-10-01,0.0,0.0
NLD,2024-10-01,0.0,0.0
NOR,2024-10-01,0.0,0.0
NPL,2024-10-01,0.0,0.0004347686395969779
NZL,2024-10-01,0.0,0.0012743436169812053
OMN,2024-10-01,0.0,0.0
PAK,2024-10-01,0.0,0.0
PAN,2024-10-01,0.0,0.0
PER,2024-10-01,0.0,0.004844309828335247
PHL,2024-10-01,0.0,0.4031112633102468
PNG,2024-10-01,0.0,0.004103768271655219
POL,2024-10-01,0.0,0.0
PRK,2024-10-01,0.0,0.0
PRT,2024-10-01,0.0,0.0
PRY,2024-10-01,0.0,0.0
PSE,2024-10-01,0.0,0.472489936189328
QAT,2024-10-01,0.0,0.0
ROU,2024-10-01,0.0,0.011800454322889778
RUS,2024-10-01,0.0,0.7335941092562025
RWA,2024-10-01,0.0,0.0
SAU,2024-10-01,0.0,0.0
SEN,2024-10-01,0.0,0.0
SGP,2024-10-01,0.0,0.0
SLB,2024-10-01,0.0,0.0
SLE,2024-10-01,0.0,0.0
SLV,2024-10-01,0.0,0.0
SOM,2024-10-01,0.0,0.5639623244971529
SRB,2024-10-01,0.0,0.0
SSD,2024-10-01,1.0,0.6288704397730167
STP,2024-10-01,0.0,0.0
SVK,2024-10-01,0.0,0.0
SVN,2024-10-01,0.0,0.0
SWE,2024-10-01,0.0,0.0
SWZ,2024-10-01,0.0,0.0
SYC,2024-10-01,0.0,0.0
SYR,2024-10-01,1.0,0.6081735515478295
TCD,2024-10-01,0.0,0.40410198663847324
TGO,2024-10-01,0.0,0.0
THA,2024-10-01,0.0,0.006554932074941337
TJK,2024-10-01,0.0,0.0
TKM,2024-10-01,0.0,0.0
TLS,2024-10-01,0.0,0.0
TON,2024-10-01,0.0,0.0
TTO,2024-10-01,0.0,0.015418917948243419
TUN,2024-10-01,0.0,0.0
TUR,2024-10-01,0.0,0.0
TZA,2024-10-01,0.0,0.0
UGA,2024-10-01,0.0,0.0
URY,2024-10-01,0.0,0.0
USA,2024-10-01,0.0,0.005
UZB,2024-10-01,0.0,0.0
VEN,2024-10-01,0.0,0.14808453710137323
VNM,2024-10-01,0.0,0.0
VUT,2024-10-01,0.0,0.0
WSM,2024-10-01,0.0,0.0
YEM,2024-10-01,0.0,0.03574977761910725
ZAF,2024-10-01,0.0,0.0004347686395969779
ZMB,2024-10-01,0.0,0.0
ZWE,2024-10-01,0.0,0.0
AFG,2024-11-01,0.0,0.4617276507059503
AGO,2024-11-01,0.0,0.0
ALB,2024-11-01,0.0,0.0
ARE,2024-11-01,0.0,0.0
ARG,2024-11-01,0.0,0.0007393115805152904
ARM,2024-11-01,0.0,0.0015515561998822069
AUS,2024-11-01,0.0,0.0007393115805152904
AUT,2024-11-01,0.0,0.0037403144282965985
AZE,2024-11-01,0.0,0.0
BDI,2024-11-01,0.0,0.06181689163052683
BEL,2024-11-01,0.0,0.0
BEN,2024-11-01,0.0,0.009340912455371234
BGD,2024-11-01,0.0,0.0
BGR,2024-11-01,0.0,0.0
BHR,2024-11-01,0.0,0.0007393115805152904
BHS,2024-11-01,0.0,0.0
BIH,2024-11-01,0.0,0.00788514320434535
BLR,2024-11-01,0.0,0.0
BLZ,2024-11-01,0.0,0.0
BOL,2024-11-01,0.0,0.009575573805719757
BRA,2024-11-01,0.0,0.030993268847804005
BRB,2024-11-01,0.0,0.0
BRN,2024-11-01,0.0,0.0
BTN,2024-11-01,0.0,0.0
BWA,2024-11-01,0.0,0.0
CAF,2024-11-01,0.0,0.43355787156405123
CAN,2024-11-01,0.0,0.0
CHE,2024-11-01,0.0,0.0
CHL,2024-11-01,0.0,0.0
CHN,2024-11-01,0.0,0.0
CIV,2024-11-01,0.0,0.0
CMR,2024-11-01,0.0,0.328449392918613
COL,2024-11-01,1.0,0.003255001663260945
COM,2024-11-01,0.0,0.0
CRI,2024-11-01,0.0,0.0
CUB,2024-11-01,0.0,0.0
CYP,2024-11-01,0.0,0.034806702636849506
CZE,2024-11-01,0.0,0.0007393115805152904
DEU,2024-11-01,0.0,0.0
DJI,2024-11-01,0.0,0.0
DNK,2024-11-01,0.0,0.0
DOM,2024-11-01,0.0,0.0
DZA,2024-11-01,0.0,0.0
ECU,2024-11-01,0.0,0.4551357752252445
EGY,2024-11-01,0.0,0.0
ERI,2024-11-01,0.0,0.0
ESP,2024-11-01,0.0,0.0
EST,2024-11-01,0.0,0.0
ETH,2024-11-01,0.0,0.49426534176468906
FIN,2024-11-01,0.0,0.0
FJI,2024-11-01,0.0,0.0
FRA,2024-11-01,0.0,0.0
GAB,2024-11-01,0.0,0.0
GBR,2024-11-01,0.0,0.0
GEO,2024-11-01,0.0,0.0007393115805152904
GHA,2024-11-01,0.0,0.02951251755599254
GIN,2024-11-01,0.0,0.0
GMB,2024-11-01,0.0,0.0
GNB,2024-11-01,0.0,0.0
GNQ,2024-11-01,0.0,0.0
GRC,2024-11-01,0.0,0.011900413400194076
GRD,2024-11-01,0.0,0.0
GTM,2024-11-01,0.0,0.07475976036813081
GUY,2024-11-01,0.0,0.0
HND,2024-11-01,0.0,0.13151257021076712
HRV,2024-11-01,0.0,0.0
HTI,2024-11-01,1.0,0.7067793088911231
HUN,2024-11-01,0.0,0.0
IDN,2024-11-01,0.0,0.0
IND,2024-11-01,0.0,0.04717793679937472
IRL,2024-11-01,0.0,0.0
IRN,2024-11-01,0.0,0.007127971070810364
IRQ,2024-11-01,0.0,0.28495427992717715
ISL,2024-11-01,0.0,0.0
ISR,2024-11-01,0.0,0.06640198095356292
ITA,2024-11-01,0.0,0.0
JAM,2024-11-01,0.0,0.2982952310019734
JOR,2024-11-01,0.0,0.0015515561998822069
JPN,2024-11-01,0.0,0.0
KAZ,2024-11-01,0.0,0.0
KEN,2024-11-01,0.0,0.05252703803779042
KGZ,2024-11-01,0.0,0.0
KHM,2024-11-01,0.0,0.0
KOR,2024-11-01,0.0,0.0
KWT,2024-11-01,0.0,0.0
LAO,2024-11-01,0.0,0.0
LBN,2024-11-01,1.0,0.34597237543138376
LBR,2024-11-01,0.0,0.0
LBY,2024-11-01,0.0,0.2549068638087913
LKA,2024-11-01,0.0,0.0
LSO,2024-11-01,0.0,0.0
LTU,2024-11-01,0.0,0.0
LUX,2024-11-01,0.0,0.0
LVA,2024-11-01,0.0,0.0
MAR,2024-11-01,0.0,0.0
MDA,2024-11-01,0.0,0.0
MDG,2024-11-01,0.0,0.02353344152917318
MDV,2024-11-01,0.0,0.0
MEX,2024-11-01,0.0,0.005
MKD,2024-11-01,0.0,0.0
MLI,2024-11-01,0.0,0.49416018455121546
MLT,2024-11-01,0.0,0.0
MNE,2024-11-01,0.0,0.0036238823342680253
MNG,2024-11-01,0.0,0.0
MOZ,2024-11-01,0.0,0.4668272579993707
MRT,2024-11-01,0.0,0.0
MUS,2024-11-01,0.0,0.0
MWI,2024-11-01,0.0,0.0
MYS,2024-11-01,0.0,0.0
NAM,2024-11-01,0.0,0.0
NER,2024-11-01,0.0,0.5789229451613211
NGA,2024-11-01,0.0,0.14186194491091142
NIC,2024-11-01,0.0,0.0
NLD,2024-11-01,0.0,0.0
NOR,2024-11-01,0.0,0.0
NPL,2024-11-01,0.0,0.0
NZL,2024-11-01,0.0,0.0015515561998822069
OMN,2024-11-01,0.0,0.0
PAK,2024-11-01,0.0,0.012066582458385966
PAN,2024-11-01,0.0,0.0
PER,2024-11-01,0.0,0.0
PHL,2024-11-01,0.0,0.035173052368836256
PNG,2024-11-01,0.0,0.008673731494710875
POL,2024-11-01,0.0,0.0
PRK,2024-11-01,0.0,0.0
PRT,2024-11-01,0.0,0.0
PRY,2024-11-01,0.0,0.0
PSE,2024-11-01,0.0,0.6260885264166509
QAT,2024-11-01,0.0,0.0
ROU,2024-11-01,0.0,0.0
RUS,2024-11-01,0.0,0.584941802278133
RWA,2024-11-01,0.0,0.0
SAU,2024-11-01,0.0,0.0
SEN,2024-11-01,0.0,0.0
SGP,2024-11-01,0.0,0.0
SLB,2024-11-01,0.0,0.0
SLE,2024-11-01,0.0,0.0
SLV,2024-11-01,0.0,0.013661034198859693
SOM,2024-11-01,1.0,0.6875402071751375
SRB,2024-11-01,0.0,0.0
SSD,2024-11-01,1.0,0.4993472846130175
STP,2024-11-01,0.0,0.0
SVK,2024-11-01,0.0,0.0
SVN,2024-11-01,0.0,0.0
SWE,2024-11-01,0.0,0.0
SWZ,2024-11-01,0.0,0.0
SYC,2024-11-01,0.0,0.0
TCD,2024-11-01,0.0,0.13398956954765778
TGO,2024-11-01,0.0,0.0
THA,2024-11-01,0.0,0.01188667006072288
TJK,2024-11-01,0.0,0.0
TKM,2024-11-01,0.0,0.0
TLS,2024-11-01,0.0,0.0
TON,2024-11-01,0.0,0.0
TTO,2024-11-01,0.0,0.008774939026754842
TUN,2024-11-01,0.0,0.0007393115805152904
TUR,2024-11-01,0.0,0.0
TZA,2024-11-01,0.0,0.005
UGA,2024-11-01,0.0,0.0
UKR,2024-11-01,0.0,0.571191497181372
URY,2024-11-01,0.0,0.0
USA,2024-11-01,0.0,0.0
UZB,2024-11-01,0.0,0.0
VEN,2024-11-01,0.0,0.07265726143140533
VNM,2024-11-01,0.0,0.0
VUT,2024-11-01,0.0,0.0
WSM,2024-11-01,0.0,0.0
YEM,2024-11-01,0.0,0.028093816554854198
ZAF,2024-11-01,0.0,0.0
ZMB,2024-11-01,0.0,0.0
ZWE,2024-11-01,0.0,0.0
AFG,2024-12-01,0.0,0.3441776890299026
AGO,2024-12-01,0.0,0.0
ALB,2024-12-01,0.0,0.0
ARE,2024-12-01,0.0,0.0
ARG,2024-12-01,0.0,0.0
ARM,2024-12-01,0.0,0.0
AUS,2024-12-01,0.0,0.0013893230732235186
AUT,2024-12-01,0.0,0.0015878796207228264
AZE,2024-12-01,0.0,0.0
BDI,2024-12-01,0.0,0.00842865248369651
BEL,2024-12-01,0.0,0.0
BEN,2024-12-01,0.0,0.06184203941779253
BGD,2024-12-01,0.0,0.0015225984978257956
BGR,2024-12-01,0.0,0.0
BHR,2024-12-01,0.0,0.006076079975998144
BHS,2024-12-01,0.0,0.0007089391987238454
BIH,2024-12-01,0.0,0.009770174347393882
BLR,2024-12-01,0.0,0.0012961301177790224
BLZ,2024-12-01,0.0,0.0
BOL,2024-12-01,0.0,0.006076079975998144
BRA,2024-12-01,0.0,0.018083257939494897
BRB,2024-12-01,0.0,0.0
BRN,2024-12-01,0.0,0.0
BTN,2024-12-01,0.0,0.0
BWA,2024-12-01,0.0,0.0
CAF,2024-12-01,0.0,0.24443093146560707
CAN,2024-12-01,0.0,0.0
CHE,2024-12-01,0.0,0.0007089391987238454
CHL,2024-12-01,0.0,0.0
CHN,2024-12-01,0.0,0.001443472829481575
CIV,2024-12-01,0.0,0.0012961301177790224
CMR,2024-12-01,0.0,0.19177715265642128
COL,2024-12-01,1.0,0.0888300999791687
COM,2024-12-01,0.0,0.0
CRI,2024-12-01,0.0,0.0
CUB,2024-12-01,0.0,0.0
CYP,2024-12-01,0.0,0.014792586535899783
CZE,2024-12-01,0.0,0.0
DEU,2024-12-01,0.0,0.0
DJI,2024-12-01,0.0,0.0
DNK,2024-12-01,0.0,0.0015878796207228264
DOM,2024-12-01,0.0,0.0
DZA,2024-12-01,0.0,0.0
ECU,2024-12-01,0.0,0.336788614503693
EGY,2024-12-01,0.0,0.0
ERI,2024-12-01,0.0,0.0
ESP,2024-12-01,0.0,0.0007089391987238454
EST,2024-12-01,0.0,0.0
ETH,2024-12-01,0.0,0.5748094986220846
FIN,2024-12-01,0.0,0.0015878796207228264
FJI,2024-12-01,0.0,0.0
FRA,2024-12-01,0.0,0.0
GAB,2024-12-01,0.0,0.0
GBR,2024-12-01,0.0,0.0
GEO,2024-12-01,0.0,0.0
GHA,2024-12-01,0.0,0.013581570310298156
GIN,2024-12-01,0.0,0.0012961301177790224
GMB,2024-12-01,0.0,0.0
GNB,2024-12-01,0.0,0.0
GNQ,2024-12-01,0.0,0.0
GRC,2024-12-01,0.0,0.008130779954854088
GRD,2024-12-01,0.0,0.0
GTM,2024-12-01,0.0,0.004000761720102486
GUY,2024-12-01,0.0,0.0
HND,2024-12-01,0.0,0.011291708398942451
HRV,2024-12-01,0.0,0.0013893230732235186
HUN,2024-12-01,0.0,0.0
IDN,2024-12-01,0.0,0.0
IND,2024-12-01,0.0,0.045306001783355476
IRL,2024-12-01,0.0,0.0
IRN,2024-12-01,0.0,0.095
IRQ,2024-12-01,0.0,0.2939927512167627
ISL,2024-12-01,0.0,0.0
ISR,2024-12-01,0.0,0.035016190316557755
ITA,2024-12-01,0.0,0.0
JAM,2024-12-01,0.0,0.1455082343115366
JOR,2024-12-01,0.0,0.0
JPN,2024-12-01,0.0,0.0
KAZ,2024-12-01,0.0,0.0013893230732235186
KEN,2024-12-01,0.0,0.04072019920000423
KGZ,2024-12-01,0.0,0.0
KHM,2024-12-01,0.0,0.0
KOR,2024-12-01,0.0,0.0
KWT,2024-12-01,0.0,0.0
LAO,2024-12-01,0.0,0.0
LBN,2024-12-01,1.0,0.2103319434694523
LBR,2024-12-01,0.0,0.0
LBY,2024-12-01,0.0,0.0
LKA,2024-12-01,0.0,0.0022688003141566886
LSO,2024-12-01,0.0,0.0
LTU,2024-12-01,0.0,0.0
LUX,2024-12-01,0.0,0.0
LVA,2024-12-01,0.0,0.0
MAR,2024-12-01,0.0,0.0
MDA,2024-12-01,0.0,0.0
MDG,2024-12-01,0.0,0.04801803905649892
MDV,2024-12-01,0.0,0.0
MEX,2024-12-01,0.0,0.014826669258804364
MKD,2024-12-01,0.0,0.0
MLI,2024-12-01,0.0,0.27169663934675437
MLT,2024-12-01,0.0,0.0
MMR,2024-12-01,0.0,0.3677657006894832
MNE,2024-12-01,0.0,0.0
MNG,2024-12-01,0.0,0.0
MOZ,2024-12-01,0.0,0.11075010229480274
MRT,2024-12-01,0.0,0.0
MUS,2024-12-01,0.0,0.0
MWI,2024-12-01,0.0,0.0
MYS,2024-12-01,0.0,0.0
NAM,2024-12-01,0.0,0.0
NER,2024-12-01,0.0,0.14579561630004176
NGA,2024-12-01,0.0,0.23584611991269686
NIC,2024-12-01,0.0,0.0
NLD,2024-12-01,0.0,0.0
NOR,2024-12-01,0.0,0.0
NPL,2024-12-01,0.0,0.0
NZL,2024-12-01,0.0,0.0
OMN,2024-12-01,0.0,0.0
PAK,2024-12-01,0.0,0.04855274447561652
PAN,2024-12-01,0.0,0.002645733155070137
PER,2024-12-01,0.0,0.0
PHL,2024-12-01,0.0,0.10998813144683836
PNG,2024-12-01,0.0,0.0
POL,2024-12-01,0.0,0.0
PRK,2024-12-01,0.0,0.0
PRT,2024-12-01,0.0,0.0007089391987238454
PRY,2024-12-01,0.0,0.0010635066728025752
PSE,2024-12-01,0.0,0.4273443511190534
QAT,2024-12-01,0.0,0.0
ROU,2024-12-01,0.0,0.0015878796207228264
RUS,2024-12-01,0.0,0.48416317747001403
RWA,2024-12-01,0.0,0.0
SAU,2024-12-01,0.0,0.0
SEN,2024-12-01,0.0,0.0
SGP,2024-12-01,0.0,0.0
SLB,2024-12-01,0.0,0.0
SLE,2024-12-01,0.0,0.0
SLV,2024-12-01,0.0,0.0
SOM,2024-12-01,1.0,0.9333751851763777
SRB,2024-12-01,0.0,0.0013893230732235186
STP,2024-12-01,0.0,0.0
SVK,2024-12-01,0.0,0.0
SVN,2024-12-01,0.0,0.0
SWE,2024-12-01,0.0,0.0
SWZ,2024-12-01,0.0,0.0
SYC,2024-12-01,0.0,0.0
SYR,2024-12-01,0.0,0.24768766607000736
TCD,2024-12-01,0.0,0.05798528710856345
TGO,2024-12-01,0.0,0.0
THA,2024-12-01,0.0,0.02344612787362101
TJK,2024-12-01,0.0,0.0
TKM,2024-12-01,0.0,0.0
TLS,2024-12-01,0.0,0.0
TON,2024-12-01,0.0,0.0
TTO,2024-12-01,0.0,0.041608569454281145
TUN,2024-12-01,0.0,0.0
TUR,2024-12-01,0.0,0.0
TZA,2024-12-01,0.0,0.0
UGA,2024-12-01,0.0,0.013664275617493617
UKR,2024-12-01,0.0,0.1848902204152322
URY,2024-12-01,0.0,0.0
USA,2024-12-01,0.0,0.0
UZB,2024-12-01,0.0,0.0
VEN,2024-12-01,0.0,0.09569292920157393
VNM,2024-12-01,0.0,0.0
VUT,2024-12-01,0.0,0.0
WSM,2024-12-01,0.0,0.0
YEM,2024-12-01,0.0,0.10563257551205874
ZAF,2024-12-01,0.0,0.0
ZMB,2024-12-01,0.0,0.0
ZWE,2024-12-01,0.0,0.0
AFG,2025-01-01,0.0,0.5590974684363915
AGO,2025-01-01,0.0,0.0
ALB,2025-01-01,0.0,0.0
ARE,2025-01-01,0.0,0.008890304649182572
ARG,2025-01-01,0.0,0.0
ARM,2025-01-01,0.0,0.0
AUS,2025-01-01,0.0,0.0
AUT,2025-01-01,0.0,0.0
AZE,2025-01-01,0.0,0.0
BDI,2025-01-01,0.0,0.0
BEL,2025-01-01,0.0,0.0
BEN,2025-01-01,0.0,0.20313063894372804
BGD,2025-01-01,0.0,0.005302494549694339
BGR,2025-01-01,0.0,0.0
BHR,2025-01-01,0.0,0.0
BHS,2025-01-01,0.0,0.0
BIH,2025-01-01,0.0,0.004869196574821611
BLR,2025-01-01,0.0,0.0
BLZ,2025-01-01,0.0,0.0
BOL,2025-01-01,0.0,0.0
BRA,2025-01-01,0.0,0.07036501418815315
BRB,2025-01-01,0.0,0.0
BRN,2025-01-01,0.0,0.0
BTN,2025-01-01,0.0,0.0
BWA,2025-01-01,0.0,0.0
CAF,2025-01-01,0.0,0.8788242140540004
CAN,2025-01-01,0.0,0.0
CHE,2025-01-01,0.0,0.0
CHL,2025-01-01,0.0,0.0
CHN,2025-01-01,0.0,0.0
CIV,2025-01-01,0.0,0.0
CMR,2025-01-01,0.0,0.19022850989287768
COM,2025-01-01,0.0,0.0
CRI,2025-01-01,0.0,0.0
CUB,2025-01-01,0.0,0.0
CYP,2025-01-01,0.0,0.0021138260371787536
CZE,2025-01-01,0.0,0.0
DEU,2025-01-01,0.0,0.0
DJI,2025-01-01,0.0,0.0
DNK,2025-01-01,0.0,0.004183910787763134
DOM,2025-01-01,0.0,0.0
DZA,2025-01-01,0.0,0.015587212367768626
ECU,2025-01-01,0.0,0.21242034297523638
EGY,2025-01-01,0.0,0.0
ERI,2025-01-01,0.0,0.0
ESP,2025-01-01,0.0,0.0
EST,2025-01-01,0.0,0.0
ETH,2025-01-01,0.0,0.8374605015887773
FIN,2025-01-01,0.0,0.0
FJI,2025-01-01,0.0,0.0
FRA,2025-01-01,0.0,0.0
GAB,2025-01-01,0.0,0.0
GBR,2025-01-01,0.0,0.0
GEO,2025-01-01,0.0,0.0
GHA,2025-01-01,0.0,0.03948716768704623
GIN,2025-01-01,0.0,0.0
GMB,2025-01-01,0.0,0.0
GNB,2025-01-01,0.0,0.0
GNQ,2025-01-01,0.0,0.0
GRC,2025-01-01,0.0,0.0
GRD,2025-01-01,0.0,0.0
GTM,2025-01-01,0.0,0.0542407110467387
GUY,2025-01-01,0.0,0.0
HND,2025-01-01,0.0,0.14171456052359965
HRV,2025-01-01,0.0,0.0
HTI,2025-01-01,1.0,0.18605699045990925
HUN,2025-01-01,0.0,0.0
IDN,2025-01-01,0.0,0.0
IND,2025-01-01,0.0,0.052154014327712224
IRL,2025-01-01,0.0,0.0
IRN,2025-01-01,0.0,0.0045320069762935225
IRQ,2025-01-01,0.0,0.32625344722724614
ISL,2025-01-01,0.0,0.0
ISR,2025-01-01,0.0,0.04690847801600951
ITA,2025-01-01,0.0,0.0
JAM,2025-01-01,0.0,0.22407046673185999
JOR,2025-01-01,0.0,0.0
JPN,2025-01-01,0.0,0.0
KAZ,2025-01-01,0.0,0.0
KEN,2025-01-01,0.0,0.12445756961646445
KGZ,2025-01-01,0.0,0.006322384662842371
KHM,2025-01-01,0.0,0.0
KOR,2025-01-01,0.0,0.0
KWT,2025-01-01,0.0,0.0
LAO,2025-01-01,0.0,0.0
LBN,2025-01-01,0.0,0.34890932145579656
LBR,2025-01-01,0.0,0.0
LBY,2025-01-01,0.0,0.063781776832517
LKA,2025-01-01,0.0,0.004555696243628456
LSO,2025-01-01,0.0,0.0
LTU,2025-01-01,0.0,0.0
LUX,2025-01-01,0.0,0.0
LVA,2025-01-01,0.0,0.0
MAR,2025-01-01,0.0,0.0
MDA,2025-01-01,0.0,0.0
MDG,2025-01-01,0.0,0.12748126298530438
MDV,2025-01-01,0.0,0.0
MEX,2025-01-01,0.0,0.019892102956267674
MKD,2025-01-01,0.0,0.0
MLI,2025-01-01,0.0,0.7765179287211791
MLT,2025-01-01,0.0,0.0
MMR,2025-01-01,0.0,0.22484752916262746
MNE,2025-01-01,0.0,0.0
MNG,2025-01-01,0.0,0.0
MOZ,2025-01-01,0.0,0.13301571938982848
MRT,2025-01-01,0.0,0.0
MUS,2025-01-01,0.0,0.0
MWI,2025-01-01,0.0,0.0
MYS,2025-01-01,0.0,0.0
NAM,2025-01-01,0.0,0.0
NER,2025-01-01,0.0,0.7064669585126062
NGA,2025-01-01,0.0,0.11455751799990603
NIC,2025-01-01,0.0,0.0
NLD,2025-01-01,0.0,0.0
NOR,2025-01-01,0.0,0.0
NPL,2025-01-01,0.0,0.004555696243628456
NZL,2025-01-01,0.0,0.0
OMN,2025-01-01,0.0,0.0
PAK,2025-01-01,0.0,0.028523555783981486
PAN,2025-01-01,0.0,0.0
PER,2025-01-01,0.0,0.06732884355125755
PHL,2025-01-01,0.0,0.21645459211098605
PNG,2025-01-01,0.0,0.0
POL,2025-01-01,0.0,0.0
PRK,2025-01-01,0.0,0.0
PRT,2025-01-01,0.0,0.0
PRY,2025-01-01,0.0,0.002340929565246406
PSE,2025-01-01,1.0,0.38767406111728414
QAT,2025-01-01,0.0,0.0
ROU,2025-01-01,0.0,0.0
RUS,2025-01-01,0.0,0.47814253693053993
RWA,2025-01-01,0.0,0.0
SAU,2025-01-01,0.0,0.0
SEN,2025-01-01,0.0,0.0
SGP,2025-01-01,0.0,0.0
SLB,2025-01-01,0.0,0.0
SLE,2025-01-01,0.0,0.0
SLV,2025-01-01,0.0,0.0
SRB,2025-01-01,0.0,0.0
STP,2025-01-01,0.0,0.0
SVK,2025-01-01,0.0,0.0
SVN,2025-01-01,0.0,0.0
SWE,2025-01-01,0.0,0.0
SWZ,2025-01-01,0.0,0.0
SYC,2025-01-01,0.0,0.0
SYR,2025-01-01,0.0,0.3316401730986357
TCD,2025-01-01,0.0,0.1194962409419146
TGO,2025-01-01,0.0,0.0
THA,2025-01-01,0.0,0.0
TJK,2025-01-01,0.0,0.0
TKM,2025-01-01,0.0,0.0
TLS,2025-01-01,0.0,0.0
TON,2025-01-01,0.0,0.0
TTO,2025-01-01,0.0,0.0043662659899867074
TUN,2025-01-01,0.0,0.0
TUR,2025-01-01,0.0,0.0
TZA,2025-01-01,0.0,0.0
UGA,2025-01-01,0.0,0.02257018530240767
UKR,2025-01-01,0.0,0.0804758320673348
URY,2025-01-01,0.0,0.0
USA,2025-01-01,0.0,0.0
UZB,2025-01-01,0.0,0.0
VEN,2025-01-01,0.0,0.04746107295247452
VNM,2025-01-01,0.0,0.0
VUT,2025-01-01,0.0,0.0
WSM,2025-01-01,0.0,0.0
YEM,2025-01-01,0.0,0.07388238326717589
ZAF,2025-01-01,0.0,0.0
ZMB,2025-01-01,0.0,0.0
ZWE,2025-01-01,0.0,0.0
AFG,2025-02-01,0.0,0.29149825062834167
AGO,2025-02-01,0.0,0.0
ALB,2025-02-01,0.0,0.0
ARE,2025-02-01,0.0,0.0
ARG,2025-02-01,0.0,0.0
ARM,2025-02-01,0.0,0.0
AUS,2025-02-01,0.0,0.0
AUT,2025-02-01,0.0,0.02663066035851195
AZE,2025-02-01,0.0,0.0
BDI,2025-02-01,0.0,0.014832561938469912
BEL,2025-02-01,0.0,0.001927671589921809
BEN,2025-02-01,0.0,0.13497248660961247
BGD,2025-02-01,0.0,0.0
BGR,2025-02-01,0.0,0.005475141474864228
BHR,2025-02-01,0.0,0.0
BHS,2025-02-01,0.0,0.0
BIH,2025-02-01,0.0,0.006633647580033437
BLR,2025-02-01,0.0,0.0
BLZ,2025-02-01,0.0,0.0
BOL,2025-02-01,0.0,0.0
BRA,2025-02-01,0.0,0.06473734780897343
BRB,2025-02-01,0.0,0.0
BRN,2025-02-01,0.0,0.0
BTN,2025-02-01,0.0,0.0
BWA,2025-02-01,0.0,0.0
CAF,2025-02-01,0.0,0.7174652371807455
CAN,2025-02-01,0.0,0.0
CHE,2025-02-01,0.0,0.002984494159292682
CHL,2025-02-01,0.0,0.0
CHN,2025-02-01,0.0,0.0
CIV,2025-02-01,0.0,0.0
CMR,2025-02-01,0.0,0.21530952938899922
COL,2025-02-01,0.0,0.27181001299473045
COM,2025-02-01,0.0,0.0
CRI,2025-02-01,0.0,0.00795488441982092
CUB,2025-02-01,0.0,0.0011027584493041754
CYP,2025-02-01,0.0,0.0
CZE,2025-02-01,0.0,0.0
DEU,2025-02-01,0.0,0.0
DJI,2025-02-01,0.0,0.0
DNK,2025-02-01,0.0,0.0
DOM,2025-02-01,0.0,0.0
DZA,2025-02-01,0.0,0.0
ECU,2025-02-01,0.0,0.371776191053808
EGY,2025-02-01,0.0,0.0
ERI,2025-02-01,0.0,0.0
ESP,2025-02-01,0.0,0.0
EST,2025-02-01,0.0,0.0
ETH,2025-02-01,0.0,0.44431217721236316
FIN,2025-02-01,0.0,0.0006264447934496784
FJI,2025-02-01,0.0,0.0
FRA,2025-02-01,0.0,0.0
GAB,2025-02-01,0.0,0.0006264447934496784
GBR,2025-02-01,0.0,0.0
GEO,2025-02-01,0.0,0.0
GHA,2025-02-01,0.0,0.01114461479560085
GIN,2025-02-01,0.0,0.0
GMB,2025-02-01,0.0,0.0
GNB,2025-02-01,0.0,0.0
GNQ,2025-02-01,0.0,0.0
GRC,2025-02-01,0.0,0.0
GRD,2025-02-01,0.0,0.0
GTM,2025-02-01,0.0,0.026236256391988916
GUY,2025-02-01,0.0,0.0
HND,2025-02-01,0.0,0.34002205564200966
HRV,2025-02-01,0.0,0.000752150514852321
HTI,2025-02-01,1.0,0.8240250882960659
HUN,2025-02-01,0.0,0.0006264447934496784
IDN,2025-02-01,0.0,0.0
IND,2025-02-01,0.0,0.022494935804206806
IRL,2025-02-01,0.0,0.0006264447934496784
IRN,2025-02-01,0.0,0.0
IRQ,2025-02-01,0.0,0.3388158045743614
ISL,2025-02-01,0.0,0.0
ISR,2025-02-01,0.0,0.0
ITA,2025-02-01,0.0,0.0
JAM,2025-02-01,0.0,0.16425819869948222
JOR,2025-02-01,0.0,0.0023580493658430035
JPN,2025-02-01,0.0,0.0
KAZ,2025-02-01,0.0,0.0
KEN,2025-02-01,0.0,0.10023068565848814
KGZ,2025-02-01,0.0,0.0006264447934496784
KHM,2025-02-01,0.0,0.0
KOR,2025-02-01,0.0,0.0
KWT,2025-02-01,0.0,0.0
LAO,2025-02-01,0.0,0.0
LBN,2025-02-01,0.0,0.34669700641494905
LBR,2025-02-01,0.0,0.0
LBY,2025-02-01,0.0,0.2749245379302808
LKA,2025-02-01,0.0,0.0
LSO,2025-02-01,0.0,0.0
LTU,2025-02-01,0.0,0.0006264447934496784
LUX,2025-02-01,0.0,0.0006264447934496784
LVA,2025-02-01,0.0,0.0
MAR,2025-02-01,0.0,0.0
MDA,2025-02-01,0.0,0.0
MDG,2025-02-01,0.0,0.032095979903050374
MDV,2025-02-01,0.0,0.0006264447934496784
MEX,2025-02-01,0.0,0.02
MKD,2025-02-01,0.0,0.0006264447934496784
MLI,2025-02-01,0.0,0.8162159989796711
MLT,2025-02-01,0.0,0.0006264447934496784
MMR,2025-02-01,0.0,0.24168518377988035
MNE,2025-02-01,0.0,0.0
MNG,2025-02-01,0.0,0.0006264447934496784
MOZ,2025-02-01,0.0,0.4250218638593899
MRT,2025-02-01,0.0,0.0006264447934496784
MUS,2025-02-01,0.0,0.0006264447934496784
MWI,2025-02-01,0.0,0.0
MYS,2025-02-01,0.0,0.0
NAM,2025-02-01,0.0,0.0
NER,2025-02-01,0.0,0.7737847733377489
NGA,2025-02-01,0.0,0.15564511560576763
NIC,2025-02-01,0.0,0.0
NLD,2025-02-01,0.0,0.0
NOR,2025-02-01,0.0,0.0
NPL,2025-02-01,0.0,0.0
NZL,2025-02-01,0.0,0.0006264447934496784
OMN,2025-02-01,0.0,0.0
PAK,2025-02-01,0.0,0.09693697898687298
PAN,2025-02-01,0.0,0.000752150514852321
PER,2025-02-01,0.0,0.0
PHL,2025-02-01,0.0,0.2435346406086018
PNG,2025-02-01,0.0,0.0
POL,2025-02-01,0.0,0.0
PRK,2025-02-01,0.0,0.0
PRT,2025-02-01,0.0,0.000752150514852321
PRY,2025-02-01,0.0,0.0
PSE,2025-02-01,1.0,0.10722159909407476
QAT,2025-02-01,0.0,0.0
ROU,2025-02-01,0.0,0.0
RUS,2025-02-01,0.0,0.6458816725533509
RWA,2025-02-01,0.0,0.0
SAU,2025-02-01,0.0,0.0
SEN,2025-02-01,0.0,0.005860918540625232
SGP,2025-02-01,0.0,0.0
SLB,2025-02-01,0.0,0.0
SLE,2025-02-01,0.0,0.0
SLV,2025-02-01,0.0,0.0006264447934496784
SRB,2025-02-01,0.0,0.0
STP,2025-02-01,0.0,0.0
SVK,2025-02-01,0.0,0.0
SVN,2025-02-01,0.0,0.0006264447934496784
SWE,2025-02-01,0.0,0.0
SWZ,2025-02-01,0.0,0.0
SYC,2025-02-01,0.0,0.0
SYR,2025-02-01,0.0,0.42271109278848384
TCD,2025-02-01,0.0,0.0
TGO,2025-02-01,0.0,0.0
THA,2025-02-01,0.0,0.0
TJK,2025-02-01,0.0,0.0
TKM,2025-02-01,0.0,0.0
TLS,2025-02-01,0.0,0.0
TON,2025-02-01,0.0,0.0
TTO,2025-02-01,0.0,0.0
TUN,2025-02-01,0.0,0.0
TUR,2025-02-01,0.0,0.0
TZA,2025-02-01,0.0,0.0
UGA,2025-02-01,0.0,0.034049523763617424
UKR,2025-02-01,0.0,0.07819376804964712
URY,2025-02-01,0.0,0.0006264447934496784
USA,2025-02-01,0.0,0.0
UZB,2025-02-01,0.0,0.0
VEN,2025-02-01,0.0,0.12250457270404828
VNM,2025-02-01,0.0,0.0
VUT,2025-02-01,0.0,0.0
WSM,2025-02-01,0.0,0.0
YEM,2025-02-01,0.0,0.02275191811452001
ZAF,2025-02-01,0.0,0.0
ZMB,2025-02-01,0.0,0.0
ZWE,2025-02-01,0.0,0.0
AFG,2025-03-01,0.0,0.5092474920829297
AGO,2025-03-01,0.0,0.075936802659911
ALB,2025-03-01,0.0,0.0
ARE,2025-03-01,0.0,0.0
ARG,2025-03-01,0.0,0.0
ARM,2025-03-01,0.0,0.008885273386093637
AUS,2025-03-01,0.0,0.0
AUT,2025-03-01,0.0,0.0
AZE,2025-03-01,0.0,0.0
BDI,2025-03-01,0.0,0.17205960615848778
BEL,2025-03-01,0.0,0.005
BEN,2025-03-01,0.0,0.0821574803157117
BGD,2025-03-01,0.0,0.0034045174781264414
BGR,2025-03-01,0.0,0.0
BHR,2025-03-01,0.0,0.0
BHS,2025-03-01,0.0,0.0
BIH,2025-03-01,0.0,0.0
BLR,2025-03-01,0.0,0.0
BLZ,2025-03-01,0.0,0.0
BOL,2025-03-01,0.0,0.0
BRA,2025-03-01,0.0,0.0
BRB,2025-03-01,0.0,0.0
BRN,2025-03-01,0.0,0.0
BTN,2025-03-01,0.0,0.0
BWA,2025-03-01,0.0,0.0
CAF,2025-03-01,0.0,0.3371463965515312
CAN,2025-03-01,0.0,0.0
CHE,2025-03-01,0.0,0.0
CHL,2025-03-01,0.0,0.014529063169839871
CHN,2025-03-01,0.0,0.0
CIV,2025-03-01,0.0,0.0
CMR,2025-03-01,0.0,0.37105037902307764
COL,2025-03-01,0.0,0.013217659971222562
COM,2025-03-01,0.0,0.0
CRI,2025-03-01,0.0,0.049668578032236475
CUB,2025-03-01,0.0,0.0
CYP,2025-03-01,0.0,0.0
CZE,2025-03-01,0.0,0.003932344408560946
DEU,2025-03-01,0.0,0.0
DJI,2025-03-01,0.0,0.0
DNK,2025-03-01,0.0,0.0
DOM,2025-03-01,0.0,0.0
DZA,2025-03-01,0.0,0.0
ECU,2025-03-01,0.0,0.2799586473498979
EGY,2025-03-01,0.0,0.0013052799883716676
ERI,2025-03-01,0.0,0.0
ESP,2025-03-01,0.0,0.0
EST,2025-03-01,0.0,0.0
ETH,2025-03-01,1.0,0.9061567032320335
FIN,2025-03-01,0.0,0.0
FJI,2025-03-01,0.0,0.0
FRA,2025-03-01,0.0,0.0
GAB,2025-03-01,0.0,0.0
GBR,2025-03-01,0.0,0.0
GEO,2025-03-01,0.0,0.0027381179250676514
GHA,2025-03-01,0.0,0.3445359622375312
GIN,2025-03-01,0.0,0.0
GMB,2025-03-01,0.0,0.0
GNB,2025-03-01,0.0,0.0
GNQ,2025-03-01,0.0,0.0
GRC,2025-03-01,0.0,0.0
GRD,2025-03-01,0.0,0.0
GTM,2025-03-01,0.0,0.02844494330103992
GUY,2025-03-01,0.0,0.0
HND,2025-03-01,0.0,0.19614130647513978
HRV,2025-03-01,0.0,0.0
HUN,2025-03-01,0.0,0.0
IDN,2025-03-01,0.0,0.007978379386828629
IND,2025-03-01,1.0,0.0159786184516156
IRL,2025-03-01,0.0,0.0
IRN,2025-03-01,0.0,0.004779137839276209
IRQ,2025-03-01,0.0,0.41176541610281303
ISL,2025-03-01,0.0,0.0
ISR,2025-03-01,0.0,0.07835000461584946
ITA,2025-03-01,0.0,0.0
JAM,2025-03-01,0.0,0.07989702811390359
JOR,2025-03-01,0.0,0.0
JPN,2025-03-01,0.0,0.0
KAZ,2025-03-01,0.0,0.004493791636693459
KEN,2025-03-01,0.0,0.11472769251231928
KGZ,2025-03-01,0.0,0.000514863973855461
KHM,2025-03-01,0.0,0.0
KOR,2025-03-01,0.0,0.0
KWT,2025-03-01,0.0,0.0
LAO,2025-03-01,0.0,0.0
LBN,2025-03-01,0.0,0.4223071010607031
LBR,2025-03-01,0.0,0.0
LBY,2025-03-01,0.0,0.06946918262454782
LKA,2025-03-01,0.0,0.0
LSO,2025-03-01,0.0,0.0
LTU,2025-03-01,0.0,0.0
LUX,2025-03-01,0.0,0.0
LVA,2025-03-01,0.0,0.0
MAR,2025-03-01,0.0,0.0019621981863869762
MDA,2025-03-01,0.0,0.003932344408560946
MDG,2025-03-01,0.0,0.02227024673367923
MDV,2025-03-01,0.0,0.0
MEX,2025-03-01,0.0,0.015
MKD,2025-03-01,0.0,0.0
MLI,2025-03-01,0.0,0.8025666261560205
MLT,2025-03-01,0.0,0.0
MMR,2025-03-01,0.0,0.38732724719786515
MNE,2025-03-01,0.0,0.0
MNG,2025-03-01,0.0,0.0
MOZ,2025-03-01,0.0,0.2104853554746246
MRT,2025-03-01,0.0,0.0
MUS,2025-03-01,0.0,0.0
MWI,2025-03-01,0.0,0.019767925154191946
MYS,2025-03-01,0.0,0.0013132014769860708
NAM,2025-03-01,0.0,0.0
NER,2025-03-01,0.0,0.47278210452678393
NGA,2025-03-01,1.0,0.6464316680565366
NIC,2025-03-01,0.0,0.0
NLD,2025-03-01,0.0,0.0
NOR,2025-03-01,0.0,0.0
NPL,2025-03-01,0.0,0.0
NZL,2025-03-01,0.0,0.0
OMN,2025-03-01,0.0,0.0
PAK,2025-03-01,0.0,0.5407810014248188
PAN,2025-03-01,0.0,0.0
PER,2025-03-01,0.0,0.0
PHL,2025-03-01,0.0,0.3422668412101231
PNG,2025-03-01,0.0,0.0045964068178328335
POL,2025-03-01,0.0,0.0
PRK,2025-03-01,0.0,0.0
PRT,2025-03-01,0.0,0.0
PRY,2025-03-01,0.0,0.0
QAT,2025-03-01,0.0,0.0
ROU,2025-03-01,0.0,0.0
RUS,2025-03-01,0.0,0.3293322055370338
RWA,2025-03-01,0.0,0.0
SAU,2025-03-01,0.0,0.0
SEN,2025-03-01,0.0,0.0
SGP,2025-03-01,0.0,0.0
SLB,2025-03-01,0.0,0.0
SLE,2025-03-01,0.0,0.002271117855336366
SLV,2025-03-01,0.0,0.003932344408560946
SRB,2025-03-01,0.0,0.0033148763381321503
STP,2025-03-01,0.0,0.0
SVK,2025-03-01,0.0,0.0
SVN,2025-03-01,0.0,0.0
SWE,2025-03-01,0.0,0.0
SWZ,2025-03-01,0.0,0.0
SYC,2025-03-01,0.0,0.0
SYR,2025-03-01,0.0,0.21029230581987846
TCD,2025-03-01,0.0,0.024255696803497023
TGO,2025-03-01,0.0,0.0
THA,2025-03-01,0.0,0.00427663850498623
TJK,2025-03-01,0.0,0.0
TKM,2025-03-01,0.0,0.0
TLS,2025-03-01,0.0,0.0
TON,2025-03-01,0.0,0.0
TTO,2025-03-01,0.0,0.13470447259078022
TUN,2025-03-01,0.0,0.0
TUR,2025-03-01,0.0,0.0
TZA,2025-03-01,0.0,0.005009235780404017
UGA,2025-03-01,0.0,0.0492716230422436
UKR,2025-03-01,0.0,0.0951961772837603
URY,2025-03-01,0.0,0.0
USA,2025-03-01,0.0,0.005
UZB,2025-03-01,0.0,0.0018280654508415317
VEN,2025-03-01,0.0,0.13022425146471794
VNM,2025-03-01,0.0,0.0
VUT,2025-03-01,0.0,0.0
WSM,2025-03-01,0.0,0.0
YEM,2025-03-01,0.0,0.02267291118762089
ZAF,2025-03-01,0.0,0.0
ZMB,2025-03-01,0.0,0.0
ZWE,2025-03-01,0.0,0.0
AFG,2025-04-01,0.0,0.5108430800883693
AGO,2025-04-01,0.0,0.0
ALB,2025-04-01,0.0,0.0
ARE,2025-04-01,0.0,0.0
ARG,2025-04-01,0.0,0.0
ARM,2025-04-01,0.0,0.009430523049416847
AUS,2025-04-01,0.0,0.0
AUT,2025-04-01,0.0,0.0
AZE,2025-04-01,0.0,0.0
BDI,2025-04-01,0.0,0.0016865443070283308
BEL,2025-04-01,0.0,0.0005906228415877821
BEN,2025-04-01,0.0,0.26070906417025047
BGD,2025-04-01,0.0,0.0
BGR,2025-04-01,0.0,0.0
BHR,2025-04-01,0.0,0.003883645218392625
BHS,2025-04-01,0.0,0.0
BIH,2025-04-01,0.0,0.0
BLR,2025-04-01,0.0,0.0
BLZ,2025-04-01,0.0,0.0
BOL,2025-04-01,0.0,0.0
BRA,2025-04-01,0.0,0.045575303018702745
BRB,2025-04-01,0.0,0.0
BRN,2025-04-01,0.0,0.0
BTN,2025-04-01,0.0,0.0
BWA,2025-04-01,0.0,0.0
CAF,2025-04-01,0.0,0.273088336057281
CAN,2025-04-01,0.0,0.0
CHE,2025-04-01,0.0,0.0
CHL,2025-04-01,0.0,0.0
CHN,2025-04-01,0.0,0.004383631867800496
CIV,2025-04-01,0.0,0.0
CMR,2025-04-01,0.0,0.3106707447499846
COL,2025-04-01,0.0,0.22025027290463575
COM,2025-04-01,0.0,0.0
CRI,2025-04-01,0.0,0.0
CUB,2025-04-01,0.0,0.0
CYP,2025-04-01,0.0,0.0
CZE,2025-04-01,0.0,0.0005906228415877821
DEU,2025-04-01,0.0,0.0
DJI,2025-04-01,0.0,0.0
DNK,2025-04-01,0.0,0.0
DOM,2025-04-01,0.0,0.009131149245463557
DZA,2025-04-01,0.0,0.005
ECU,2025-04-01,0.0,0.2809376649141156
EGY,2025-04-01,0.0,0.0
ERI,2025-04-01,0.0,0.0
ESP,2025-04-01,0.0,0.0
EST,2025-04-01,0.0,0.0
ETH,2025-04-01,1.0,0.9161999133468046
FIN,2025-04-01,0.0,0.0
FJI,2025-04-01,0.0,0.0
FRA,2025-04-01,0.0,0.00911822148013474
GAB,2025-04-01,0.0,0.0
GBR,2025-04-01,0.0,0.0
GEO,2025-04-01,0.0,0.009840283903735099
GHA,2025-04-01,0.0,0.10522405135405064
GIN,2025-04-01,0.0,0.0
GMB,2025-04-01,0.0,0.0
GNB,2025-04-01,0.0,0.0
GNQ,2025-04-01,0.0,0.0
GRC,2025-04-01,0.0,0.004383631867800496
GRD,2025-04-01,0.0,0.0
GTM,2025-04-01,0.0,0.012722552458016815
GUY,2025-04-01,0.0,0.0
HND,2025-04-01,0.0,0.19585093983829516
HRV,2025-04-01,0.0,0.0
HUN,2025-04-01,0.0,0.005045143632803827
IDN,2025-04-01,0.0,0.0
IND,2025-04-01,1.0,0.04231557003539937
IRL,2025-04-01,0.0,0.0020847554854438524
IRN,2025-04-01,1.0,0.0
IRQ,2025-04-01,0.0,0.2560908656087837
ISL,2025-04-01,0.0,0.0
ISR,2025-04-01,0.0,0.0
ITA,2025-04-01,0.0,0.0
JAM,2025-04-01,0.0,0.2615214992986413
JOR,2025-04-01,0.0,0.0
JPN,2025-04-01,0.0,0.0
KAZ,2025-04-01,0.0,0.0
KEN,2025-04-01,0.0,0.216445712355595
KGZ,2025-04-01,0.0,0.0
KHM,2025-04-01,0.0,0.0
KOR,2025-04-01,0.0,0.0
KWT,2025-04-01,0.0,0.0
LAO,2025-04-01,0.0,0.0
LBN,2025-04-01,0.0,0.3056933948859326
LBR,2025-04-01,0.0,0.0
LBY,2025-04-01,0.0,0.2716995405570427
LKA,2025-04-01,0.0,0.0
LSO,2025-04-01,0.0,0.0
LTU,2025-04-01,0.0,0.0
LUX,2025-04-01,0.0,0.0
LVA,2025-04-01,0.0,0.0
MAR,2025-04-01,0.0,0.0
MDA,2025-04-01,0.0,0.0005906228415877821
MDG,2025-04-01,0.0,0.011273506685341017
MDV,2025-04-01,0.0,0.0
MEX,2025-04-01,0.0,0.0
MKD,2025-04-01,0.0,0.0
MLI,2025-04-01,0.0,0.6013269041921774
MLT,2025-04-01,0.0,0.0
MMR,2025-04-01,0.0,0.8457294761414502
MNE,2025-04-01,0.0,0.0
MNG,2025-04-01,0.0,0.0
MOZ,2025-04-01,0.0,0.756653759017881
MRT,2025-04-01,0.0,0.0
MUS,2025-04-01,0.0,0.0
MWI,2025-04-01,0.0,0.0
MYS,2025-04-01,0.0,0.0005906228415877821
NAM,2025-04-01,0.0,0.0
NER,2025-04-01,1.0,0.7923485611702371
NGA,2025-04-01,1.0,0.22211605578672594
NIC,2025-04-01,0.0,0.0
NLD,2025-04-01,0.0,0.0
NOR,2025-04-01,0.0,0.0039051834690673735
NPL,2025-04-01,0.0,0.0
NZL,2025-04-01,0.0,0.0
OMN,2025-04-01,0.0,0.0
PAK,2025-04-01,0.0,0.03179685939002481
PAN,2025-04-01,0.0,0.0
PER,2025-04-01,0.0,0.0
PHL,2025-04-01,0.0,0.3769386602562513
PNG,2025-04-01,0.0,0.0
POL,2025-04-01,0.0,0.0
PRK,2025-04-01,0.0,0.0
PRT,2025-04-01,0.0,0.0005906228415877821
PRY,2025-04-01,0.0,0.0
QAT,2025-04-01,0.0,0.0
ROU,2025-04-01,0.0,0.0
RUS,2025-04-01,0.0,0.5461316936749742
RWA,2025-04-01,0.0,0.0
SAU,2025-04-01,0.0,0.0
SEN,2025-04-01,0.0,0.0
SGP,2025-04-01,0.0,0.0
SLB,2025-04-01,0.0,0.0
SLE,2025-04-01,0.0,0.0
SLV,2025-04-01,0.0,0.0
SOM,2025-04-01,1.0,0.5824155989618486
SRB,2025-04-01,0.0,0.005
STP,2025-04-01,0.0,0.0
SVK,2025-04-01,0.0,0.0
SVN,2025-04-01,0.0,0.0
SWE,2025-04-01,0.0,0.0005906228415877821
SWZ,2025-04-01,0.0,0.0
SYC,2025-04-01,0.0,0.0
SYR,2025-04-01,0.0,0.233575505854226
TCD,2025-04-01,0.0,0.0
TGO,2025-04-01,0.0,0.0
THA,2025-04-01,0.0,0.0
TJK,2025-04-01,0.0,0.0
TKM,2025-04-01,0.0,0.0
TLS,2025-04-01,0.0,0.0
TON,2025-04-01,0.0,0.0
TTO,2025-04-01,0.0,0.03364215981958662
TUN,2025-04-01,0.0,0.0
TUR,2025-04-01,0.0,0.0
TZA,2025-04-01,0.0,0.0
UGA,2025-04-01,0.0,0.05267881790446063
UKR,2025-04-01,0.0,0.13614334909714737
URY,2025-04-01,0.0,0.0
USA,2025-04-01,0.0,0.009303688791521108
UZB,2025-04-01,0.0,0.0
VEN,2025-04-01,0.0,0.12226797007361771
VNM,2025-04-01,0.0,0.0
VUT,2025-04-01,0.0,0.0
WSM,2025-04-01,0.0,0.0
YEM,2025-04-01,0.0,0.07151267705624598
ZAF,2025-04-01,0.0,0.0
ZMB,2025-04-01,0.0,0.0
ZWE,2025-04-01,0.0,0.0
AFG,2025-05-01,0.0,0.29939735442027055
AGO,2025-05-01,0.0,0.02864837000065289
ALB,2025-05-01,0.0,0.0
ARE,2025-05-01,0.0,0.0
ARG,2025-05-01,0.0,0.0
ARM,2025-05-01,0.0,0.0
AUS,2025-05-01,0.0,0.0
AUT,2025-05-01,0.0,0.0010347302860762148
AZE,2025-05-01,0.0,0.0
BDI,2025-05-01,0.0,0.07665518250914517
BEL,2025-05-01,0.0,0.0
BEN,2025-05-01,0.0,0.24936065807039795
BGD,2025-05-01,0.0,0.004893293063425105
BGR,2025-05-01,0.0,0.0
BHR,2025-05-01,0.0,0.0
BHS,2025-05-01,0.0,0.0
BIH,2025-05-01,0.0,0.0
BLR,2025-05-01,0.0,0.0
BLZ,2025-05-01,0.0,0.0
BOL,2025-05-01,0.0,0.0
BRA,2025-05-01,0.0,0.008061792505088886
BRB,2025-05-01,0.0,0.0
BRN,2025-05-01,0.0,0.0
BTN,2025-05-01,0.0,0.0
BWA,2025-05-01,0.0,0.0
CAF,2025-05-01,0.0,0.16624670238415928
CAN,2025-05-01,0.0,0.0
CHE,2025-05-01,0.0,0.0
CHL,2025-05-01,0.0,0.0
CHN,2025-05-01,0.0,0.0
CIV,2025-05-01,0.0,0.0
CMR,2025-05-01,0.0,0.13657370902700172
COL,2025-05-01,0.0,0.041620421145094524
COM,2025-05-01,0.0,0.0
CRI,2025-05-01,0.0,0.0
CUB,2025-05-01,0.0,0.0
CYP,2025-05-01,0.0,0.0010347302860762148
CZE,2025-05-01,0.0,0.0037160603585234754
DEU,2025-05-01,0.0,0.0
DJI,2025-05-01,0.0,0.0
DNK,2025-05-01,0.0,0.0
DOM,2025-05-01,0.0,0.004942517144009681
DZA,2025-05-01,0.0,0.0
ECU,2025-05-01,0.0,0.23990613401888722
EGY,2025-05-01,0.0,0.0010347302860762148
ERI,2025-05-01,0.0,0.0
ESP,2025-05-01,0.0,0.0
EST,2025-05-01,0.0,0.0
ETH,2025-05-01,1.0,0.7184029908098342
FIN,2025-05-01,0.0,0.0010347302860762148
FJI,2025-05-01,0.0,0.0
FRA,2025-05-01,0.0,0.0
GAB,2025-05-01,0.0,0.0
GBR,2025-05-01,0.0,0.004158464566929132
GEO,2025-05-01,0.0,0.0057621455650953115
GHA,2025-05-01,0.0,0.0
GIN,2025-05-01,0.0,0.0
GMB,2025-05-01,0.0,0.0
GNB,2025-05-01,0.0,0.0
GNQ,2025-05-01,0.0,0.0
GRC,2025-05-01,0.0,0.004332375690607732
GRD,2025-05-01,0.0,0.0
GTM,2025-05-01,0.0,0.2581790601883286
GUY,2025-05-01,0.0,0.0
HND,2025-05-01,0.0,0.13702760722788213
HRV,2025-05-01,0.0,0.0
HUN,2025-05-01,0.0,0.0
IDN,2025-05-01,0.0,0.00922623905536573
IND,2025-05-01,0.0,0.15765947525570556
IRL,2025-05-01,0.0,0.003091899527177628
IRN,2025-05-01,1.0,0.0
IRQ,2025-05-01,0.0,0.21931099044006655
ISL,2025-05-01,0.0,0.0
ISR,2025-05-01,0.0,0.03479549902152642
ITA,2025-05-01,0.0,0.0
JAM,2025-05-01,0.0,0.0638962341758168
JOR,2025-05-01,0.0,0.0
JPN,2025-05-01,0.0,0.0
KAZ,2025-05-01,0.0,0.040325184398495126
KEN,2025-05-01,0.0,0.10952445014003352
KGZ,2025-05-01,0.0,0.0
KHM,2025-05-01,1.0,0.0
KOR,2025-05-01,0.0,0.0
KWT,2025-05-01,0.0,0.0
LAO,2025-05-01,0.0,0.0
LBN,2025-05-01,0.0,0.3125909032331314
LBR,2025-05-01,0.0,0.0
LBY,2025-05-01,0.0,0.19700222966909892
LKA,2025-05-01,0.0,0.0
LSO,2025-05-01,0.0,0.0
LTU,2025-05-01,0.0,0.0
LUX,2025-05-01,0.0,0.0
LVA,2025-05-01,0.0,0.0
MAR,2025-05-01,0.0,0.0
MDA,2025-05-01,0.0,0.0
MDG,2025-05-01,0.0,0.07978614987867287
MDV,2025-05-01,0.0,0.0
MEX,2025-05-01,0.0,0.01464438422870129
MKD,2025-05-01,0.0,0.0010347302860762148
MLI,2025-05-01,0.0,0.6493922611680644
MLT,2025-05-01,0.0,0.0
MMR,2025-05-01,0.0,0.47075557808160506
MNE,2025-05-01,0.0,0.0
MNG,2025-05-01,0.0,0.0
MOZ,2025-05-01,1.0,0.19561707530891354
MRT,2025-05-01,0.0,0.003091899527177628
MUS,2025-05-01,0.0,0.0
MWI,2025-05-01,0.0,0.0
MYS,2025-05-01,0.0,0.0
NAM,2025-05-01,0.0,0.0
NER,2025-05-01,1.0,0.4108065358188528
NIC,2025-05-01,0.0,0.0
NLD,2025-05-01,0.0,0.0
NOR,2025-05-01,0.0,0.0
NPL,2025-05-01,0.0,0.0
NZL,2025-05-01,0.0,0.0
OMN,2025-05-01,0.0,0.0
PAK,2025-05-01,0.0,0.4135054878576728
PAN,2025-05-01,0.0,0.0
PER,2025-05-01,0.0,0.0
PHL,2025-05-01,0.0,0.5476400998604113
PNG,2025-05-01,0.0,0.0
POL,2025-05-01,0.0,0.0
PRK,2025-05-01,0.0,0.0
PRT,2025-05-01,0.0,0.0
PRY,2025-05-01,0.0,0.0026813300724472604
QAT,2025-05-01,0.0,0.0
ROU,2025-05-01,0.0,0.0
RUS,2025-05-01,0.0,0.45691247979683036
RWA,2025-05-01,0.0,0.0
SAU,2025-05-01,0.0,0.0
SEN,2025-05-01,0.0,0.0010347302860762148
SGP,2025-05-01,0.0,0.0
SLB,2025-05-01,0.0,0.0
SLE,2025-05-01,0.0,0.0
SLV,2025-05-01,0.0,0.0011619801792403619
SOM,2025-05-01,1.0,0.37006738587992855
SRB,2025-05-01,0.0,0.0
STP,2025-05-01,0.0,0.0
SVK,2025-05-01,0.0,0.003091899527177628
SVN,2025-05-01,0.0,0.0
SWE,2025-05-01,0.0,0.0
SWZ,2025-05-01,0.0,0.0
SYC,2025-05-01,0.0,0.0
SYR,2025-05-01,0.0,0.2559404827319193
TCD,2025-05-01,0.0,0.1314970535718927
TGO,2025-05-01,0.0,0.0
THA,2025-05-01,1.0,0.0011619801792403619
TJK,2025-05-01,0.0,0.0
TKM,2025-05-01,0.0,0.0
TLS,2025-05-01,0.0,0.0
TON,2025-05-01,0.0,0.0
TTO,2025-05-01,0.0,0.0026664127744076556
TUN,2025-05-01,0.0,0.0020871305680947127
TUR,2025-05-01,0.0,0.0
TZA,2025-05-01,0.0,0.0
UGA,2025-05-01,0.0,0.0038736958583623143
UKR,2025-05-01,0.0,0.47463944448856416
URY,2025-05-01,0.0,0.0
USA,2025-05-01,0.0,0.02249916334018174
UZB,2025-05-01,0.0,0.0018373697233260856
VEN,2025-05-01,0.0,0.1019723217963987
VNM,2025-05-01,0.0,0.0
VUT,2025-05-01,0.0,0.0
WSM,2025-05-01,0.0,0.0
YEM,2025-05-01,0.0,0.11795418876796081
ZAF,2025-05-01,0.0,0.0
ZMB,2025-05-01,0.0,0.0
ZWE,2025-05-01,0.0,0.0
AFG,2025-06-01,0.0,0.37916240757389835
AGO,2025-06-01,0.0,0.0
ALB,2025-06-01,0.0,0.0
ARE,2025-06-01,0.0,0.0
ARG,2025-06-01,0.0,0.0
ARM,2025-06-01,0.0,0.004615360735129765
AUS,2025-06-01,0.0,0.0
AUT,2025-06-01,0.0,0.0
AZE,2025-06-01,0.0,0.0
BDI,2025-06-01,0.0,0.006747760713266513
BEL,2025-06-01,0.0,0.0
BEN,2025-06-01,0.0,0.22242953123827244
BGD,2025-06-01,0.0,0.0
BGR,2025-06-01,0.0,0.0
BHR,2025-06-01,0.0,0.0
BHS,2025-06-01,0.0,0.0
BIH,2025-06-01,0.0,0.0
BLR,2025-06-01,0.0,0.0
BLZ,2025-06-01,0.0,0.0
BOL,2025-06-01,0.0,0.0
BRA,2025-06-01,0.0,0.013969138372409094
BRB,2025-06-01,0.0,0.0
BRN,2025-06-01,0.0,0.0
BTN,2025-06-01,0.0,0.0
BWA,2025-06-01,0.0,0.0
CAF,2025-06-01,0.0,0.7984338893038323
CAN,2025-06-01,0.0,0.003456718361273221
CHE,2025-06-01,0.0,0.0
CHL,2025-06-01,0.0,0.0
CHN,2025-06-01,0.0,0.0
CIV,2025-06-01,0.0,0.0
CMR,2025-06-01,0.0,0.25185926499859257
COL,2025-06-01,0.0,0.1353233002341528
COM,2025-06-01,0.0,0.0
CRI,2025-06-01,0.0,0.0
CUB,2025-06-01,0.0,0.0
CYP,2025-06-01,0.0,0.002379519518558235
CZE,2025-06-01,0.0,0.005823165985863275
DEU,2025-06-01,0.0,0.004872381426811043
DJI,2025-06-01,0.0,0.0
DNK,2025-06-01,0.0,0.0
DOM,2025-06-01,0.0,0.0
DZA,2025-06-01,0.0,0.0
ECU,2025-06-01,0.0,0.2653233289280934
EGY,2025-06-01,0.0,0.0
ERI,2025-06-01,0.0,0.0
ESP,2025-06-01,0.0,0.0
EST,2025-06-01,0.0,0.0
ETH,2025-06-01,1.0,0.5838346586869528
FIN,2025-06-01,0.0,0.0
FJI,2025-06-01,0.0,0.0
FRA,2025-06-01,0.0,0.0
GAB,2025-06-01,0.0,0.0
GBR,2025-06-01,0.0,0.0
GEO,2025-06-01,0.0,0.0
GHA,2025-06-01,0.0,0.014490852552930944
GIN,2025-06-01,0.0,0.0
GMB,2025-06-01,0.0,0.0
GNB,2025-06-01,0.0,0.0
GNQ,2025-06-01,0.0,0.0
GRC,2025-06-01,0.0,0.0
GRD,2025-06-01,0.0,0.0
GTM,2025-06-01,0.0,0.12524636951062132
GUY,2025-06-01,0.0,0.0
HND,2025-06-01,0.0,0.18093734872631675
HRV,2025-06-01,0.0,0.0
HUN,2025-06-01,0.0,0.0
IDN,2025-06-01,0.0,0.004384652456330677
IND,2025-06-01,0.0,0.10028582387002613
IRL,2025-06-01,0.0,0.0
IRN,2025-06-01,0.0,0.2277103669300943
IRQ,2025-06-01,0.0,0.2278903752521212
ISL,2025-06-01,0.0,0.0
ISR,2025-06-01,0.0,0.1125813401103149
ITA,2025-06-01,0.0,0.0
JAM,2025-06-01,0.0,0.01223352755015656
JOR,2025-06-01,0.0,0.0
JPN,2025-06-01,0.0,0.0
KAZ,2025-06-01,0.0,0.022051053098602436
KEN,2025-06-01,0.0,0.07652861057393817
KGZ,2025-06-01,0.0,0.0
KHM,2025-06-01,1.0,0.0
KOR,2025-06-01,0.0,0.0
KWT,2025-06-01,0.0,0.0
LAO,2025-06-01,0.0,0.0
LBN,2025-06-01,0.0,0.3380341127033724
LBR,2025-06-01,0.0,0.003711209521172703
LBY,2025-06-01,0.0,0.05273663159789204
LKA,2025-06-01,0.0,0.0
LSO,2025-06-01,0.0,0.0
LTU,2025-06-01,0.0,0.0
LUX,2025-06-01,0.0,0.0
LVA,2025-06-01,0.0,0.0
MAR,2025-06-01,0.0,0.0
MDA,2025-06-01,0.0,0.0
MDG,2025-06-01,0.0,0.06484452878742822
MDV,2025-06-01,0.0,0.0
MEX,2025-06-01,0.0,0.015
MKD,2025-06-01,0.0,0.0
MLI,2025-06-01,0.0,0.831285598787366
MLT,2025-06-01,0.0,0.0
MMR,2025-06-01,0.0,0.3229904262631167
MNE,2025-06-01,0.0,0.0
MNG,2025-06-01,0.0,0.0
MOZ,2025-06-01,1.0,0.36270075202457586
MRT,2025-06-01,0.0,0.0
MUS,2025-06-01,0.0,0.0
MWI,2025-06-01,0.0,0.0034710029884198745
MYS,2025-06-01,0.0,0.0
NAM,2025-06-01,0.0,0.0
NIC,2025-06-01,0.0,0.0
NLD,2025-06-01,0.0,0.0
NOR,2025-06-01,0.0,0.0
NPL,2025-06-01,0.0,0.0
NZL,2025-06-01,0.0,0.0
OMN,2025-06-01,0.0,0.0
PAK,2025-06-01,1.0,0.04451407407594453
PAN,2025-06-01,0.0,0.0
PER,2025-06-01,0.0,0.0
PHL,2025-06-01,0.0,0.085422970685788
PNG,2025-06-01,0.0,0.0
POL,2025-06-01,0.0,0.0
PRK,2025-06-01,0.0,0.0
PRT,2025-06-01,0.0,0.0
PRY,2025-06-01,0.0,0.0
QAT,2025-06-01,0.0,0.0
ROU,2025-06-01,0.0,0.0
RUS,2025-06-01,0.0,0.4298777723044889
RWA,2025-06-01,0.0,0.0
SAU,2025-06-01,0.0,0.0
SEN,2025-06-01,0.0,0.0012407053502132177
SGP,2025-06-01,0.0,0.0
SLB,2025-06-01,0.0,0.0
SLE,2025-06-01,0.0,0.0
SLV,2025-06-01,0.0,0.0
SRB,2025-06-01,0.0,0.005
STP,2025-06-01,0.0,0.0
SVK,2025-06-01,0.0,0.0
SVN,2025-06-01,0.0,0.0012407053502132177
SWE,2025-06-01,0.0,0.0
SWZ,2025-06-01,0.0,0.0
SYC,2025-06-01,0.0,0.0
SYR,2025-06-01,0.0,0.29434976003220237
TCD,2025-06-01,0.0,0.2022154604703681
TGO,2025-06-01,0.0,0.0
THA,2025-06-01,1.0,0.0
TJK,2025-06-01,0.0,0.0
TKM,2025-06-01,0.0,0.0
TLS,2025-06-01,0.0,0.0
TON,2025-06-01,0.0,0.0
TTO,2025-06-01,0.0,0.004661542359431988
TUN,2025-06-01,0.0,0.0
TUR,2025-06-01,0.0,0.0
TZA,2025-06-01,0.0,0.0
UGA,2025-06-01,0.0,0.0012407053502132177
UKR,2025-06-01,0.0,0.12059925546157522
URY,2025-06-01,0.0,0.0
USA,2025-06-01,0.0,0.0
UZB,2025-06-01,0.0,0.0024705041709594854
VEN,2025-06-01,0.0,0.19007113722404959
VNM,2025-06-01,0.0,0.0
VUT,2025-06-01,0.0,0.0
WSM,2025-06-01,0.0,0.0
YEM,2025-06-01,0.0,0.07580208746105677
ZAF,2025-06-01,0.0,0.0
ZMB,2025-06-01,0.0,0.0
ZWE,2025-06-01,0.0,0.0
AFG,2025-07-01,0.0,0.3540175852657443
AGO,2025-07-01,0.0,0.004268389662027832
ALB,2025-07-01,0.0,0.006715210478640612
ARE,2025-07-01,0.0,0.0
ARG,2025-07-01,0.0,0.0002582045088290209
ARM,2025-07-01,0.0,0.0010856552111372802
AUS,2025-07-01,0.0,0.0008516840559633394
AUT,2025-07-01,0.0,0.0021032318294114867
AZE,2025-07-01,0.0,0.0
BDI,2025-07-01,0.0,0.001947720380498171
BEL,2025-07-01,0.0,0.0008516840559633394
BEN,2025-07-01,0.0,0.0
BGD,2025-07-01,0.0,0.009083449562555473
BGR,2025-07-01,0.0,0.006927625868329437
BHR,2025-07-01,0.0,0.0
BHS,2025-07-01,0.0,0.0
BIH,2025-07-01,0.0,0.0
BLR,2025-07-01,0.0,0.0
BLZ,2025-07-01,0.0,0.003612393039130851
BOL,2025-07-01,0.0,0.0002582045088290209
BRA,2025-07-01,0.0,0.008659143296696871
BRB,2025-07-01,0.0,0.0
BRN,2025-07-01,0.0,0.0
BTN,2025-07-01,0.0,0.0
BWA,2025-07-01,0.0,0.0
CAF,2025-07-01,0.0,0.45779954685487895
CAN,2025-07-01,0.0,0.0008516840559633394
CHE,2025-07-01,0.0,0.0
CHL,2025-07-01,0.0,0.0002582045088290209
CHN,2025-07-01,0.0,0.0002582045088290209
CIV,2025-07-01,0.0,0.0
CMR,2025-07-01,0.0,0.2695333648571003
COL,2025-07-01,0.0,0.12346533932047292
COM,2025-07-01,0.0,0.0
CRI,2025-07-01,0.0,0.02390742327480038
CUB,2025-07-01,0.0,0.0
CYP,2025-07-01,0.0,0.0
CZE,2025-07-01,0.0,0.0
DEU,2025-07-01,0.0,0.0
DJI,2025-07-01,0.0,0.0
DNK,2025-07-01,0.0,0.0021032318294114867
DOM,2025-07-01,0.0,0.001801649524083529
DZA,2025-07-01,0.0,0.0
ECU,2025-07-01,0.0,0.3239628566063043
EGY,2025-07-01,0.0,0.0036833089138001165
ERI,2025-07-01,0.0,0.0
ESP,2025-07-01,0.0,0.0
EST,2025-07-01,0.0,0.0
FIN,2025-07-01,0.0,0.0
FJI,2025-07-01,0.0,0.0
FRA,2025-07-01,0.0,0.0
GAB,2025-07-01,0.0,0.0
GBR,2025-07-01,0.0,0.0002582045088290209
GEO,2025-07-01,0.0,0.0002582045088290209
GHA,2025-07-01,0.0,0.12111467366481903
GIN,2025-07-01,0.0,0.005084988097219667
GMB,2025-07-01,0.0,0.0
GNB,2025-07-01,0.0,0.0
GNQ,2025-07-01,0.0,0.0
GRC,2025-07-01,0.0,0.0
GRD,2025-07-01,0.0,0.0
GTM,2025-07-01,0.0,0.06398811329823002
GUY,2025-07-01,0.0,0.0
HND,2025-07-01,0.0,0.04212680585180794
HRV,2025-07-01,0.0,0.004549015039449519
HTI,2025-07-01,1.0,0.8658225323221304
HUN,2025-07-01,0.0,0.0
IDN,2025-07-01,0.0,0.0
IND,2025-07-01,0.0,0.10511942936718958
IRL,2025-07-01,0.0,0.011327036703368525
IRN,2025-07-01,0.0,0.052078231411654165
IRQ,2025-07-01,0.0,0.027797026205061467
ISL,2025-07-01,0.0,0.026381169049782736
ISR,2025-07-01,0.0,0.03
ITA,2025-07-01,0.0,0.0
JAM,2025-07-01,0.0,0.06180258821814795
JOR,2025-07-01,0.0,0.0
JPN,2025-07-01,0.0,0.007064532425052962
KAZ,2025-07-01,0.0,0.0023384939276045098
KEN,2025-07-01,0.0,0.1301248717250024
KGZ,2025-07-01,0.0,0.0015173471885702317
KHM,2025-07-01,0.0,0.085
KOR,2025-07-01,0.0,0.0009256774451711403
KWT,2025-07-01,0.0,0.0
LAO,2025-07-01,0.0,0.0
LBN,2025-07-01,0.0,0.28609718139739515
LBR,2025-07-01,0.0,0.0015274032769997975
LBY,2025-07-01,0.0,0.2145259331385124
LKA,2025-07-01,0.0,0.0002582045088290209
LSO,2025-07-01,0.0,0.0
LTU,2025-07-01,0.0,0.0
LUX,2025-07-01,0.0,0.0
LVA,2025-07-01,0.0,0.0
MAR,2025-07-01,0.0,0.014239179743837382
MDA,2025-07-01,0.0,0.0014552193391012527
MDG,2025-07-01,0.0,0.08233458245228109
MDV,2025-07-01,0.0,0.0
MEX,2025-07-01,0.0,0.0
MKD,2025-07-01,0.0,0.0011017520709625383
MLI,2025-07-01,0.0,0.32478415600506494
MLT,2025-07-01,0.0,0.0
MMR,2025-07-01,0.0,0.44877707086499746
MNE,2025-07-01,0.0,0.005203766141630472
MNG,2025-07-01,0.0,0.0
MRT,2025-07-01,0.0,0.0011970148302722318
MUS,2025-07-01,0.0,0.005203766141630472
MWI,2025-07-01,0.0,0.0003144708043706638
MYS,2025-07-01,0.0,0.0113619570132806
NAM,2025-07-01,0.0,0.0015173471885702317
NIC,2025-07-01,0.0,0.0
NLD,2025-07-01,0.0,0.0011970148302722318
NOR,2025-07-01,0.0,0.0019336632457694614
NPL,2025-07-01,0.0,0.0002582045088290209
NZL,2025-07-01,0.0,0.026381169049782736
OMN,2025-07-01,0.0,0.0
PAK,2025-07-01,1.0,0.376743755389983
PAN,2025-07-01,0.0,0.0
PER,2025-07-01,0.0,0.0002582045088290209
PHL,2025-07-01,0.0,0.6949380703694849
PNG,2025-07-01,0.0,0.004024432043358575
POL,2025-07-01,0.0,0.0
PRK,2025-07-01,0.0,0.002200511207432091
PRT,2025-07-01,0.0,0.0030590826870794965
PRY,2025-07-01,0.0,0.0
QAT,2025-07-01,0.0,0.0
ROU,2025-07-01,0.0,0.004059754148162313
RUS,2025-07-01,0.0,0.4293109670795064
RWA,2025-07-01,0.0,0.0
SAU,2025-07-01,0.0,0.0
SEN,2025-07-01,0.0,0.0
SGP,2025-07-01,0.0,0.0
SLB,2025-07-01,0.0,0.0
SLE,2025-07-01,0.0,0.0
SLV,2025-07-01,0.0,0.0049019168227033266
SRB,2025-07-01,0.0,0.0
STP,2025-07-01,0.0,0.0
SVK,2025-07-01,0.0,0.011327036703368525
SVN,2025-07-01,0.0,0.005203766141630472
SWE,2025-07-01,0.0,0.00171770382589738
SWZ,2025-07-01,0.0,0.0
SYC,2025-07-01,0.0,0.0
SYR,2025-07-01,0.0,0.257584696573322
TCD,2025-07-01,0.0,0.23659655949136987
TGO,2025-07-01,0.0,0.0
THA,2025-07-01,0.0,0.4480360020033828
TJK,2025-07-01,0.0,0.0
TKM,2025-07-01,0.0,0.0
TLS,2025-07-01,0.0,0.0
TON,2025-07-01,0.0,0.0
TTO,2025-07-01,0.0,0.04532923745529991
TUN,2025-07-01,0.0,0.0020486988862355713
TUR,2025-07-01,0.0,0.0
TZA,2025-07-01,0.0,0.004160622335418873
UGA,2025-07-01,0.0,0.01246067600730191
UKR,2025-07-01,0.0,0.07790618390623998
URY,2025-07-01,0.0,0.0
USA,2025-07-01,0.0,0.07842885989972176
UZB,2025-07-01,0.0,0.0024647824324915946
VEN,2025-07-01,0.0,0.15167793131263912
VNM,2025-07-01,0.0,0.0
VUT,2025-07-01,0.0,0.0
WSM,2025-07-01,0.0,0.0
YEM,2025-07-01,0.0,0.13865070865216134
ZAF,2025-07-01,0.0,0.0014552193391012527
ZMB,2025-07-01,0.0,0.0
ZWE,2025-07-01,0.0,0.005187807201640815
AFG,2025-08-01,1.0,0.44663871268827654
AGO,2025-08-01,0.0,0.021644122508865948
ALB,2025-08-01,0.0,0.15083832396092942
ARE,2025-08-01,0.0,0.006350785661889411
ARG,2025-08-01,0.0,0.0010116254357205754
ARM,2025-08-01,0.0,0.014983674195121295
AUS,2025-08-01,0.0,0.0010116254357205754
AUT,2025-08-01,0.0,0.007984560308701014
AZE,2025-08-01,0.0,0.0047523048004167396
BDI,2025-08-01,0.0,0.0008245318564961236
BEL,2025-08-01,0.0,0.003687136369133568
BEN,2025-08-01,0.0,0.00119226623489533
BGD,2025-08-01,0.0,0.0020443950388665325
BGR,2025-08-01,0.0,0.0014513057356773198
BHR,2025-08-01,0.0,0.013841225429697974
BHS,2025-08-01,0.0,0.01728619588912978
BIH,2025-08-01,0.0,0.008933362418150636
BLR,2025-08-01,0.0,0.001781331277404509
BLZ,2025-08-01,0.0,0.0025289229680014124
BOL,2025-08-01,0.0,0.004350478263359872
BRA,2025-08-01,0.0,0.0040615475108283046
BRB,2025-08-01,0.0,0.15083832396092942
BRN,2025-08-01,0.0,0.0008352469542839959
BTN,2025-08-01,0.0,0.0008352469542839959
BWA,2025-08-01,0.0,0.0051315174854290905
CAF,2025-08-01,0.0,0.27029455029787797
CAN,2025-08-01,0.0,0.000811111991674605
CHE,2025-08-01,0.0,0.0019299055259470303
CHL,2025-08-01,0.0,0.0017146759374223974
CHN,2025-08-01,0.0,0.0035921870935704315
CIV,2025-08-01,0.0,0.0001222489755582494
CMR,2025-08-01,0.0,0.06494400775793546
COL,2025-08-01,0.0,0.1352491233578794
COM,2025-08-01,0.0,0.004914009339968697
CRI,2025-08-01,0.0,0.00702717629868559
CUB,2025-08-01,0.0,0.0002282190436006433
CYP,2025-08-01,0.0,0.00010597006804239388
CZE,2025-08-01,0.0,0.0035616658397300237
DEU,2025-08-01,0.0,0.009969088351705865
DJI,2025-08-01,0.0,0.0008352469542839959
DNK,2025-08-01,0.0,0.007984560308701014
DOM,2025-08-01,0.0,0.006891426376066667
DZA,2025-08-01,0.0,0.002389213054820382
ECU,2025-08-01,0.0,0.2286889295658282
EGY,2025-08-01,0.0,0.005138137513196509
ERI,2025-08-01,0.0,0.0019196146974600047
ESP,2025-08-01,0.0,0.009089763525460967
EST,2025-08-01,0.0,0.0016596306445060827
FIN,2025-08-01,0.0,0.006120097284289702
FJI,2025-08-01,0.0,0.0008352469542839959
FRA,2025-08-01,0.0,0.0017146759374223974
GAB,2025-08-01,0.0,0.008937934698683495
GBR,2025-08-01,0.0,0.0018206460054647914
GEO,2025-08-01,0.0,0.003908818738441817
GHA,2025-08-01,0.0,0.33534880728389
GIN,2025-08-01,0.0,0.0022429510853799505
GMB,2025-08-01,0.0,0.020588581246012847
GNB,2025-08-01,0.0,0.006350785661889411
GNQ,2025-08-01,0.0,0.0008352469542839959
GRC,2025-08-01,0.0,0.0018206460054647914
GRD,2025-08-01,0.0,0.0008352469542839959
GTM,2025-08-01,0.0,0.12200434626235118
GUY,2025-08-01,0.0,0.0
HND,2025-08-01,0.0,0.09690644267138239
HRV,2025-08-01,0.0,0.029713831586800143
HTI,2025-08-01,1.0,0.4983790285771517
HUN,2025-08-01,0.0,0.0023662409932878412
IDN,2025-08-01,0.0,0.01905499155355104
IND,2025-08-01,0.0,0.1310394553350757
IRL,2025-08-01,0.0,0.006315813204390298
IRN,2025-08-01,0.0,0.02670632844733845
IRQ,2025-08-01,0.0,0.1593128624413747
ISL,2025-08-01,0.0,0.03200317775463715
ISR,2025-08-01,0.0,0.025930492489368625
ITA,2025-08-01,0.0,0.00010597006804239388
JAM,2025-08-01,0.0,0.035379588325624475
JOR,2025-08-01,0.0,0.009015814697675283
JPN,2025-08-01,0.0,0.0012756884567220312
KAZ,2025-08-01,0.0,0.0014019434262192842
KEN,2025-08-01,0.0,0.1511767489932789
KGZ,2025-08-01,0.0,0.002272532310940245
KHM,2025-08-01,0.0,0.03200317775463715
KOR,2025-08-01,0.0,0.0005453854812963849
KWT,2025-08-01,0.0,0.0008352469542839959
LAO,2025-08-01,0.0,0.0008352469542839959
LBN,2025-08-01,0.0,0.2864674857278045
LBR,2025-08-01,0.0,0.00029786625451353827
LBY,2025-08-01,0.0,0.324481568501562
LKA,2025-08-01,0.0,0.003146828520528652
LSO,2025-08-01,0.0,0.0008352469542839959
LTU,2025-08-01,0.0,0.007984560308701014
LUX,2025-08-01,0.0,0.15083832396092942
LVA,2025-08-01,0.0,0.007984560308701014
MAR,2025-08-01,0.0,0.003813767824864429
MDA,2025-08-01,0.0,0.0003016859881429885
MDG,2025-08-01,0.0,0.019445506758301104
MDV,2025-08-01,0.0,0.007984560308701014
MEX,2025-08-01,0.0,0.0
MKD,2025-08-01,0.0,0.018275089054787187
MLI,2025-08-01,0.0,0.3202989769483683
MLT,2025-08-01,0.0,0.03200317775463715
MMR,2025-08-01,0.0,0.24363710187952103
MNE,2025-08-01,0.0,0.00719945029330743
MNG,2025-08-01,0.0,0.03200317775463715
MRT,2025-08-01,0.0,0.004084436017397106
MUS,2025-08-01,0.0,0.01101173967941193
MWI,2025-08-01,0.0,0.0018965823142904259
MYS,2025-08-01,0.0,0.0013612643283527808
NAM,2025-08-01,0.0,0.01101173967941193
NER,2025-08-01,0.0,0.31825499757129033
NIC,2025-08-01,0.0,0.0005450116242358145
NLD,2025-08-01,0.0,0.0005705465330898199
NOR,2025-08-01,0.0,0.0010840961920823582
NPL,2025-08-01,0.0,0.0
NZL,2025-08-01,0.0,0.013670770244163279
OMN,2025-08-01,0.0,0.0008352469542839959
PAK,2025-08-01,1.0,0.4818748423012783
PAN,2025-08-01,0.0,0.0076002352984496195
PER,2025-08-01,0.0,0.0
PHL,2025-08-01,0.0,0.33226226450371754
PNG,2025-08-01,0.0,0.027785283920026594
POL,2025-08-01,0.0,0.0
PRK,2025-08-01,0.0,0.0005450116242358145
PRT,2025-08-01,0.0,0.007984560308701014
PRY,2025-08-01,0.0,0.0010116254357205754
QAT,2025-08-01,0.0,0.0008352469542839959
ROU,2025-08-01,0.0,0.001674668770063803
RUS,2025-08-01,0.0,0.3486130868081629
RWA,2025-08-01,0.0,0.006376581730429266
SAU,2025-08-01,0.0,0.006350785661889411
SEN,2025-08-01,0.0,0.0013509402662996895
SGP,2025-08-01,0.0,0.0008352469542839959
SLB,2025-08-01,0.0,0.0008352469542839959
SLE,2025-08-01,0.0,0.0
SLV,2025-08-01,0.0,0.0038208608402534056
SRB,2025-08-01,0.0,0.0
STP,2025-08-01,0.0,0.15083832396092942
SVK,2025-08-01,0.0,0.002791159330307035
SVN,2025-08-01,0.0,0.018572976820429025
SWE,2025-08-01,0.0,0.0010116254357205754
SWZ,2025-08-01,0.0,0.01328148216468345
SYC,2025-08-01,0.0,0.0008352469542839959
SYR,2025-08-01,1.0,0.18109168831416717
TCD,2025-08-01,0.0,0.021946974806531107
TGO,2025-08-01,0.0,0.0
THA,2025-08-01,0.0,0.033888008854852915
TJK,2025-08-01,0.0,0.0008352469542839959
TKM,2025-08-01,0.0,0.0008352469542839959
TLS,2025-08-01,0.0,0.0008352469542839959
TON,2025-08-01,0.0,0.0008352469542839959
TTO,2025-08-01,0.0,0.06019639266569517
TUN,2025-08-01,0.0,0.004665503000871993
TUR,2025-08-01,0.0,0.0
TZA,2025-08-01,0.0,0.0035863396797317436
UGA,2025-08-01,0.0,0.003681942645047807
UKR,2025-08-01,0.0,0.1708564428382223
URY,2025-08-01,0.0,0.03200317775463715
USA,2025-08-01,0.0,0.0
UZB,2025-08-01,0.0,0.004475752907149399
VEN,2025-08-01,0.0,0.13354176293900855
VNM,2025-08-01,0.0,0.0008352469542839959
VUT,2025-08-01,0.0,0.0008352469542839959
WSM,2025-08-01,0.0,0.006350785661889411
YEM,2025-08-01,0.0,0.1121946537363569
ZAF,2025-08-01,0.0,0.0
ZMB,2025-08-01,0.0,0.0009536485245851581
ZWE,2025-08-01,0.0,0.007778046338711122
AFG,2025-09-01,1.0,0.45292140430711236
AGO,2025-09-01,0.0,0.0
ALB,2025-09-01,0.0,0.012215137784112628
ARE,2025-09-01,0.0,0.00038381526444534146
ARG,2025-09-01,0.0,0.010164066527552253
ARM,2025-09-01,0.0,0.008837339682787358
AUS,2025-09-01,0.0,0.004212512553145804
AUT,2025-09-01,0.0,0.00558123315878708
AZE,2025-09-01,0.0,0.0020200603037157407
BDI,2025-09-01,0.0,0.005796257216898598
BEL,2025-09-01,0.0,0.00042064382039488875
BEN,2025-09-01,0.0,0.0008455396475770946
BFA,2025-09-01,0.0,0.5634899670047424
BGD,2025-09-01,0.0,0.005582801085425911
BGR,2025-09-01,0.0,0.0012312283741170529
BHR,2025-09-01,0.0,0.0007263966476356726
BHS,2025-09-01,0.0,0.12490024268915038
BIH,2025-09-01,0.0,0.002942075363809972
BLR,2025-09-01,0.0,0.0
BLZ,2025-09-01,0.0,0.005356655812357853
BOL,2025-09-01,0.0,0.0
BRA,2025-09-01,0.0,0.0
BRB,2025-09-01,0.0,0.12490024268915038
BRN,2025-09-01,0.0,0.00038381526444534146
BTN,2025-09-01,0.0,0.00038381526444534146
BWA,2025-09-01,0.0,0.004314787469443371
CAF,2025-09-01,0.0,0.44960307114857945
CAN,2025-09-01,0.0,0.00022488810516941568
CHE,2025-09-01,0.0,0.0019660555019605018
CHL,2025-09-01,0.0,0.0
CHN,2025-09-01,0.0,0.01851189597341085
CIV,2025-09-01,0.0,0.005494323072678045
CMR,2025-09-01,0.0,0.14895754135583938
COL,2025-09-01,0.0,0.14690864241843712
COM,2025-09-01,0.0,0.0005909098661720777
CRI,2025-09-01,0.0,0.00832360652843303
CUB,2025-09-01,0.0,0.02018872010989506
CYP,2025-09-01,0.0,0.002942075363809972
CZE,2025-09-01,0.0,0.002942075363809972
DEU,2025-09-01,0.0,0.007351010821658697
DJI,2025-09-01,0.0,0.00038381526444534146
DNK,2025-09-01,0.0,0.0035535886868066635
DOM,2025-09-01,0.0,0.0
DZA,2025-09-01,0.0,0.0
ECU,2025-09-01,0.0,0.20517240760468294
EGY,2025-09-01,0.0,0.014614943239106996
ERI,2025-09-01,0.0,0.0061584618553236666
ESP,2025-09-01,0.0,0.00042064382039488875
EST,2025-09-01,0.0,0.0061584618553236666
FIN,2025-09-01,0.0,0.004555716529275674
FJI,2025-09-01,0.0,0.00038381526444534146
FRA,2025-09-01,0.0,0.0
GAB,2025-09-01,0.0,0.0039074254437247765
GBR,2025-09-01,0.0,0.00019575571522547307
GEO,2025-09-01,0.0,0.00019575571522547307
GHA,2025-09-01,0.0,0.0
GIN,2025-09-01,0.0,0.002441073870665978
GMB,2025-09-01,0.0,0.016386820937744077
GNB,2025-09-01,0.0,0.12490024268915038
GNQ,2025-09-01,0.0,0.00038381526444534146
GRC,2025-09-01,0.0,0.0
GRD,2025-09-01,0.0,0.00038381526444534146
GTM,2025-09-01,0.0,0.07887388450627551
GUY,2025-09-01,0.0,0.0074765911687754896
HND,2025-09-01,0.0,0.07961478125594351
HRV,2025-09-01,0.0,0.0018886261568280844
HUN,2025-09-01,0.0,0.01495471624163643
IDN,2025-09-01,0.0,0.004044195111672988
IND,2025-09-01,0.0,0.10945025040537815
IRL,2025-09-01,0.0,0.014906731116146004
IRN,2025-09-01,0.0,0.04635565120280799
IRQ,2025-09-01,0.0,0.09371096672399361
ISL,2025-09-01,0.0,0.008837339682787358
ISR,2025-09-01,0.0,0.05
ITA,2025-09-01,0.0,0.00019575571522547307
JAM,2025-09-01,0.0,0.2606313853472544
JOR,2025-09-01,0.0,0.003992809112754497
JPN,2025-09-01,0.0,0.004361900690121485
KAZ,2025-09-01,0.0,0.009763012593833364
KEN,2025-09-01,0.0,0.03475776864477459
KGZ,2025-09-01,0.0,0.007853388148607539
KHM,2025-09-01,0.0,0.0074765911687754896
KOR,2025-09-01,0.0,0.00014488336676674323
KWT,2025-09-01,0.0,0.00038381526444534146
LAO,2025-09-01,0.0,0.00038381526444534146
LBN,2025-09-01,0.0,0.24846589518189333
LBR,2025-09-01,0.0,0.012915037412188753
LBY,2025-09-01,0.0,0.24781724537509628
LKA,2025-09-01,0.0,0.006151223717290703
LSO,2025-09-01,0.0,0.00038381526444534146
LTU,2025-09-01,0.0,0.0038950193011490324
LUX,2025-09-01,0.0,0.009498036910914
LVA,2025-09-01,0.0,0.00038381526444534146
MAR,2025-09-01,0.0,0.0
MDA,2025-09-01,0.0,0.002120416627972004
MDG,2025-09-01,0.0,0.030997698557162123
MDV,2025-09-01,0.0,0.008837339682787358
MEX,2025-09-01,0.0,0.0048375307957430995
MKD,2025-09-01,0.0,0.005930252339879402
MLI,2025-09-01,0.0,0.5770677435754833
MLT,2025-09-01,0.0,0.009498036910914
MMR,2025-09-01,0.0,0.30937919540786624
MNE,2025-09-01,0.0,0.005930252339879402
MNG,2025-09-01,0.0,0.022832482562353422
MRT,2025-09-01,0.0,0.018510548088122775
MUS,2025-09-01,0.0,0.0038950193011490324
MWI,2025-09-01,0.0,0.0008315462264968391
MYS,2025-09-01,0.0,0.011328199057138841
NAM,2025-09-01,0.0,0.009498036910914
NER,2025-09-01,0.0,0.442164773407047
NGA,2025-09-01,0.0,0.08652781187124198
NIC,2025-09-01,0.0,0.0
NLD,2025-09-01,0.0,0.00019575571522547307
NOR,2025-09-01,0.0,0.0008939621410147427
NPL,2025-09-01,0.0,0.014168340360352557
NZL,2025-09-01,0.0,0.009498036910914
OMN,2025-09-01,0.0,0.00038381526444534146
PAK,2025-09-01,1.0,0.25169127451043977
PAN,2025-09-01,0.0,0.008837339682787358
PER,2025-09-01,0.0,0.0
PHL,2025-09-01,0.0,0.009920861559254592
PNG,2025-09-01,0.0,0.013851466542959821
POL,2025-09-01,0.0,0.0021261227164892814
PRK,2025-09-01,0.0,0.0006689074053773507
PRT,2025-09-01,0.0,0.0045542835564570516
PRY,2025-09-01,0.0,0.004361900690121485
QAT,2025-09-01,0.0,0.0068583023085677375
ROU,2025-09-01,0.0,0.0010117083625461635
RUS,2025-09-01,0.0,0.3882284852097279
RWA,2025-09-01,0.0,0.0020200603037157407
SAU,2025-09-01,0.0,0.0207325588177611
SEN,2025-09-01,0.0,0.001512733109804584
SGP,2025-09-01,0.0,0.00038381526444534146
SLB,2025-09-01,0.0,0.00038381526444534146
SLE,2025-09-01,0.0,0.0061584618553236666
SLV,2025-09-01,0.0,0.0016955183432894843
SRB,2025-09-01,0.0,0.0
STP,2025-09-01,0.0,0.00038381526444534146
SVK,2025-09-01,0.0,0.0012312283741170529
SVN,2025-09-01,0.0,0.007491280090617124
SWE,2025-09-01,0.0,0.001038845507781486
SWZ,2025-09-01,0.0,0.011314814232573406
SYC,2025-09-01,0.0,0.0061584618553236666
SYR,2025-09-01,1.0,0.3305223141156192
TCD,2025-09-01,0.0,0.008983846885745035
TGO,2025-09-01,0.0,0.0001363099290975212
THA,2025-09-01,0.0,0.1662433465177893
TJK,2025-09-01,0.0,0.00038381526444534146
TKM,2025-09-01,0.0,0.00038381526444534146
TLS,2025-09-01,0.0,0.0032726870732474583
TON,2025-09-01,0.0,0.00038381526444534146
TTO,2025-09-01,0.0,0.025245764428374496
TUN,2025-09-01,0.0,0.00042064382039488875
TUR,2025-09-01,0.0,0.0
TZA,2025-09-01,0.0,0.0008315462264968391
UGA,2025-09-01,0.0,0.0
UKR,2025-09-01,0.0,0.3201952244653221
URY,2025-09-01,0.0,0.007491280090617124
USA,2025-09-01,0.0,0.0
UZB,2025-09-01,0.0,0.004555716529275674
VEN,2025-09-01,0.0,0.12327538328371317
VNM,2025-09-01,0.0,0.00038381526444534146
VUT,2025-09-01,0.0,0.00038381526444534146
WSM,2025-09-01,0.0,0.00038381526444534146
YEM,2025-09-01,0.0,0.09651645241148253
ZAF,2025-09-01,0.0,0.0
ZMB,2025-09-01,0.0,0.0
ZWE,2025-09-01,0.0,0.0015377759083443523
AFG,2025-10-01,0.0,0.5999102776973286
AGO,2025-10-01,0.0,0.0010673758541216258
ALB,2025-10-01,0.0,0.0042871198135170634
ARE,2025-10-01,0.0,0.0008657286335133705
ARG,2025-10-01,0.0,0.0015815972930001223
ARM,2025-10-01,0.0,0.0014482278464723578
AUS,2025-10-01,0.0,0.005008088955913688
AUT,2025-10-01,0.0,0.013174611190476722
AZE,2025-10-01,0.0,0.001760313390676237
BDI,2025-10-01,0.0,0.0
BEL,2025-10-01,0.0,0.0
BEN,2025-10-01,0.0,0.002144007730982631
BFA,2025-10-01,0.0,0.5633939599043072
BGD,2025-10-01,0.0,0.013707142729427161
BGR,2025-10-01,0.0,0.0012712054605042078
BHR,2025-10-01,0.0,0.0003666425672067858
BHS,2025-10-01,0.0,0.018977599324797385
BIH,2025-10-01,0.0,0.0056465023335550354
BLR,2025-10-01,0.0,0.007372543220049382
BLZ,2025-10-01,0.0,0.0010740928911806803
BOL,2025-10-01,0.0,0.0
BRA,2025-10-01,0.0,0.0
BRB,2025-10-01,0.0,0.018977599324797385
BRN,2025-10-01,0.0,0.0008657286335133705
BTN,2025-10-01,0.0,0.0008657286335133705
BWA,2025-10-01,0.0,0.011251728267728973
CAF,2025-10-01,0.0,0.3882060366456529
CAN,2025-10-01,0.0,0.0
CHE,2025-10-01,0.0,0.0007299805721113402
CHL,2025-10-01,0.0,0.0007762648444769038
CHN,2025-10-01,0.0,0.0
CIV,2025-10-01,0.0,0.025265869314372868
CMR,2025-10-01,0.0,0.08657079265311556
COL,2025-10-01,0.0,0.171433369918285
COM,2025-10-01,0.0,0.011364593923049187
CRI,2025-10-01,0.0,0.009578586309036151
CUB,2025-10-01,0.0,0.0019281426227022351
CYP,2025-10-01,0.0,0.0007583491324876446
CZE,2025-10-01,0.0,0.0018995594187150992
DEU,2025-10-01,0.0,0.0
DJI,2025-10-01,0.0,0.007372543220049382
DNK,2025-10-01,0.0,0.003204671840212949
DOM,2025-10-01,0.0,0.0068254456160241695
DZA,2025-10-01,0.0,0.006187121259961515
ECU,2025-10-01,0.0,0.18989571212978404
EGY,2025-10-01,0.0,0.0015934602903291343
ERI,2025-10-01,0.0,0.0008657286335133705
ESP,2025-10-01,0.0,0.0
EST,2025-10-01,0.0,0.00997798206765989
FIN,2025-10-01,0.0,0.0012712054605042078
FJI,2025-10-01,0.0,0.0008657286335133705
FRA,2025-10-01,0.0,0.0
GAB,2025-10-01,0.0,0.00502954662046987
GBR,2025-10-01,0.0,0.0
GEO,2025-10-01,0.0,0.0
GHA,2025-10-01,0.0,0.06481069791267674
GIN,2025-10-01,0.0,0.0
GMB,2025-10-01,0.0,0.0008657286335133705
GNB,2025-10-01,0.0,0.006609276220792579
GNQ,2025-10-01,0.0,0.0008657286335133705
GRC,2025-10-01,0.0,0.0
GRD,2025-10-01,0.0,0.0008657286335133705
GTM,2025-10-01,0.0,0.18467347222980446
GUY,2025-10-01,0.0,0.017563531263728074
HND,2025-10-01,0.0,0.15308955502048874
HRV,2025-10-01,0.0,0.0018995594187150992
HUN,2025-10-01,0.0,0.008488885367039612
IDN,2025-10-01,0.0,0.011607341330993568
IND,2025-10-01,0.0,0.09443641993548287
IRL,2025-10-01,0.0,0.02028589967462364
IRN,2025-10-01,0.0,0.047050264667770285
IRQ,2025-10-01,0.0,0.1799835121340467
ISL,2025-10-01,0.0,0.009578586309036151
ISR,2025-10-01,0.0,0.0
ITA,2025-10-01,0.0,0.0
JAM,2025-10-01,0.0,0.07509813502266362
JOR,2025-10-01,0.0,0.00022122871896054934
JPN,2025-10-01,0.0,0.0003666425672067858
KAZ,2025-10-01,0.0,0.0013174897328697716
KEN,2025-10-01,0.0,0.13617829888977945
KGZ,2025-10-01,0.0,0.009516309325520495
KHM,2025-10-01,1.0,0.017423211808974732
KOR,2025-10-01,0.0,0.0
KWT,2025-10-01,0.0,0.0008657286335133705
LAO,2025-10-01,0.0,0.0008657286335133705
LBN,2025-10-01,0.0,0.3663255468924838
LBR,2025-10-01,0.0,0.002345820801159716
LBY,2025-10-01,0.0,0.09181732978630987
LKA,2025-10-01,0.0,0.003467175538383251
LSO,2025-10-01,0.0,0.13773199406293274
LTU,2025-10-01,0.0,0.0019281426227022351
LUX,2025-10-01,0.0,0.018977599324797385
LVA,2025-10-01,0.0,0.002254266417067321
MAR,2025-10-01,0.0,0.0
MDA,2025-10-01,0.0,0.006014525903234959
MDG,2025-10-01,0.0,0.045457431373908556
MDV,2025-10-01,0.0,0.009578586309036151
MEX,2025-10-01,0.0,0.01935312343742319
MKD,2025-10-01,0.0,0.009917272227922581
MLI,2025-10-01,0.0,0.884718576408254
MLT,2025-10-01,0.0,0.005924882752168138
MMR,2025-10-01,1.0,0.6711668460850043
MNE,2025-10-01,0.0,0.0
MNG,2025-10-01,0.0,0.018977599324797385
MRT,2025-10-01,0.0,0.0035182198029639665
MUS,2025-10-01,0.0,0.009856620824863218
MWI,2025-10-01,0.0,0.0037087861968671545
MYS,2025-10-01,0.0,0.0005412248883928676
NAM,2025-10-01,0.0,0.2935420978433027
NER,2025-10-01,0.0,0.8623416678339146
NGA,2025-10-01,0.0,0.08309805695909361
NIC,2025-10-01,0.0,0.0008657286335133705
NLD,2025-10-01,0.0,0.0007299805721113402
NOR,2025-10-01,0.0,0.0035571392414057235
NPL,2025-10-01,0.0,0.0
NZL,2025-10-01,0.0,0.008177612878559316
OMN,2025-10-01,0.0,0.0008657286335133705
PAN,2025-10-01,0.0,0.009578586309036151
PER,2025-10-01,0.0,0.0007762648444769038
PHL,2025-10-01,0.0,0.039728194079132376
PNG,2025-10-01,0.0,0.002771269376384028
POL,2025-10-01,0.0,0.0005412248883928676
PRK,2025-10-01,0.0,0.0008461471351610766
PRT,2025-10-01,0.0,0.005288164567743054
PRY,2025-10-01,0.0,0.0375365879993302
QAT,2025-10-01,0.0,0.007372543220049382
ROU,2025-10-01,0.0,0.0005412248883928676
RUS,2025-10-01,0.0,0.4349709269832713
RWA,2025-10-01,0.0,0.0008657286335133705
SAU,2025-10-01,0.0,0.0008657286335133705
SEN,2025-10-01,0.0,0.0
SGP,2025-10-01,0.0,0.007372543220049382
SLB,2025-10-01,0.0,0.0008657286335133705
SLE,2025-10-01,0.0,0.00997798206765989
SLV,2025-10-01,0.0,0.0012953216101412295
SRB,2025-10-01,0.0,0.0050510782104998785
STP,2025-10-01,0.0,0.0008657286335133705
SVK,2025-10-01,0.0,0.0012579807621452676
SVN,2025-10-01,0.0,0.024393498230457906
SWE,2025-10-01,0.0,0.0012712054605042078
SWZ,2025-10-01,0.0,0.009856620824863218
SYC,2025-10-01,0.0,0.007372543220049382
TCD,2025-10-01,0.0,0.0
TGO,2025-10-01,0.0,0.010481587480968991
THA,2025-10-01,1.0,0.18004462300317986
TJK,2025-10-01,0.0,0.005302309514057513
TKM,2025-10-01,0.0,0.01057860555533627
TLS,2025-10-01,0.0,0.018977599324797385
TON,2025-10-01,0.0,0.0008657286335133705
TTO,2025-10-01,0.0,0.08723461686383799
TUN,2025-10-01,0.0,0.0007299805721113402
TUR,2025-10-01,0.0,0.0007762648444769038
TZA,2025-10-01,0.0,0.08125331339047573
UGA,2025-10-01,0.0,0.004292645109048318
UKR,2025-10-01,0.0,0.3022430007030226
URY,2025-10-01,0.0,0.009578586309036151
USA,2025-10-01,0.0,0.09218854238070798
UZB,2025-10-01,0.0,0.009578586309036151
VEN,2025-10-01,0.0,0.2796737958562406
VNM,2025-10-01,0.0,0.0008657286335133705
VUT,2025-10-01,0.0,0.0008657286335133705
WSM,2025-10-01,0.0,0.0008657286335133705
YEM,2025-10-01,0.0,0.18935336490267896
ZAF,2025-10-01,0.0,0.0
ZMB,2025-10-01,0.0,0.0001443446262834122
ZWE,2025-10-01,0.0,0.0043117810787564135
AFG,2025-11-01,0.0,0.6919456736564346
AGO,2025-11-01,0.0,0.00033747057380542503
ALB,2025-11-01,0.0,0.005741347712255626
ARE,2025-11-01,0.0,0.01640273778875179
ARG,2025-11-01,0.0,0.0
ARM,2025-11-01,0.0,0.005741347712255626
AUS,2025-11-01,0.0,0.0037241098586323212
AUT,2025-11-01,0.0,0.02714937758971628
AZE,2025-11-01,0.0,0.0031474087909881877
BDI,2025-11-01,0.0,0.0031255978954081638
BEL,2025-11-01,0.0,0.0
BEN,2025-11-01,0.0,0.00033747057380542503
BFA,2025-11-01,0.0,0.8144626152969765
BGD,2025-11-01,0.0,0.0033525341454350432
BGR,2025-11-01,0.0,0.0
BHR,2025-11-01,0.0,0.0010964219298368212
BHS,2025-11-01,0.0,0.028129896182437587
BIH,2025-11-01,0.0,0.01016584103678157
BLR,2025-11-01,0.0,0.004241813129776069
BLZ,2025-11-01,0.0,0.0005395080827266102
BOL,2025-11-01,0.0,0.0
BRA,2025-11-01,0.0,0.032737684455564395
BRB,2025-11-01,0.0,0.0006197689409613289
BRN,2025-11-01,0.0,0.0006197689409613289
BTN,2025-11-01,0.0,0.006463478080774045
BWA,2025-11-01,0.0,0.0006197689409613289
CAF,2025-11-01,0.0,0.12347495108572142
CAN,2025-11-01,0.0,0.000698220057520899
CHE,2025-11-01,0.0,0.0027415518009406056
CHL,2025-11-01,0.0,0.02109091923141249
CHN,2025-11-01,0.0,0.001099465795487999
CIV,2025-11-01,0.0,0.0005217410235602083
CMR,2025-11-01,0.0,0.13951046517880408
COL,2025-11-01,0.0,0.2624077931273776
COM,2025-11-01,0.0,0.028129896182437587
CRI,2025-11-01,0.0,0.002485680714622625
CUB,2025-11-01,0.0,0.009473979938230855
CYP,2025-11-01,0.0,0.009995042670156436
CZE,2025-11-01,0.0,0.01405791801401443
DEU,2025-11-01,0.0,0.0
DJI,2025-11-01,0.0,0.0006197689409613289
DNK,2025-11-01,0.0,0.0028606449296080237
DOM,2025-11-01,0.0,0.0
DZA,2025-11-01,0.0,0.00033747057380542503
ECU,2025-11-01,0.0,0.38769376589747095
EGY,2025-11-01,0.0,0.0
ERI,2025-11-01,0.0,0.0017778499393870345
ESP,2025-11-01,0.0,0.0
EST,2025-11-01,0.0,0.011699574296364933
FIN,2025-11-01,0.0,0.015759441242056277
FJI,2025-11-01,0.0,0.028129896182437587
FRA,2025-11-01,0.0,0.004657025775032661
GAB,2025-11-01,0.0,0.028129896182437587
GBR,2025-11-01,0.0,0.000698220057520899
GEO,2025-11-01,0.0,0.013556341695473434
GHA,2025-11-01,0.0,0.009583546959646002
GIN,2025-11-01,0.0,0.0021820340505613756
GMB,2025-11-01,0.0,0.0006197689409613289
GNB,2025-11-01,0.0,0.0021375598089656595
GNQ,2025-11-01,0.0,0.0006197689409613289
GRC,2025-11-01,0.0,0.008948992963063491
GRD,2025-11-01,0.0,0.0006197689409613289
GTM,2025-11-01,0.0,0.26313588076396044
GUY,2025-11-01,0.0,0.028129896182437587
HND,2025-11-01,0.0,0.008213641378070385
HRV,2025-11-01,0.0,0.002890387073633284
HUN,2025-11-01,0.0,0.011310261342087034
IDN,2025-11-01,0.0,0.004249425122817954
IND,2025-11-01,0.0,0.11664526424362108
IRL,2025-11-01,0.0,0.006291932295896955
IRN,2025-11-01,0.0,0.0369921840574525
IRQ,2025-11-01,0.0,0.2504369499996039
ISL,2025-11-01,0.0,0.1436996645965996
ISR,2025-11-01,0.0,0.0
ITA,2025-11-01,0.0,0.001099465795487999
JAM,2025-11-01,0.0,0.013547490711025005
JOR,2025-11-01,0.0,0.008702450970548961
JPN,2025-11-01,0.0,0.0037241098586323212
KAZ,2025-11-01,0.0,0.009073348597565695
KEN,2025-11-01,0.0,0.15429438151543443
KGZ,2025-11-01,0.0,0.00033747057380542503
KHM,2025-11-01,1.0,0.012552211145121218
KOR,2025-11-01,0.0,0.0012220490488176585
KWT,2025-11-01,0.0,0.0006197689409613289
LAO,2025-11-01,0.0,0.0006197689409613289
LBN,2025-11-01,0.0,0.36084725086879266
LBR,2025-11-01,0.0,0.002412192003431056
LBY,2025-11-01,0.0,0.11934932683448343
LKA,2025-11-01,0.0,0.0
LSO,2025-11-01,0.0,0.01640273778875179
LTU,2025-11-01,0.0,0.004235666387780589
LUX,2025-11-01,0.0,0.24302336030442273
LVA,2025-11-01,0.0,0.017718832255395417
MAR,2025-11-01,0.0,0.008853353415249588
MDA,2025-11-01,0.0,0.0026141409229163003
MDG,2025-11-01,0.0,0.017561305816976305
MDV,2025-11-01,0.0,0.008346928838951604
MEX,2025-11-01,0.0,0.0
MKD,2025-11-01,0.0,0.0007920341182722302
MLI,2025-11-01,0.0,0.8373228833201648
MLT,2025-11-01,0.0,0.028129896182437587
MMR,2025-11-01,1.0,0.5837797695602395
MNE,2025-11-01,0.0,0.0061054328155265535
MNG,2025-11-01,0.0,0.028129896182437587
MRT,2025-11-01,0.0,0.01629507807031398
MUS,2025-11-01,0.0,0.004987057174309937
MWI,2025-11-01,0.0,0.004480832310483827
MYS,2025-11-01,0.0,0.002313195079500871
NAM,2025-11-01,0.0,0.009570678337746169
NER,2025-11-01,0.0,0.4714896595330151
NGA,2025-11-01,1.0,0.4271482008426434
NIC,2025-11-01,0.0,0.0005441472736201352
NLD,2025-11-01,0.0,0.0
NOR,2025-11-01,0.0,0.0028838919090205663
NPL,2025-11-01,0.0,0.002854960648412319
NZL,2025-11-01,0.0,0.028129896182437587
OMN,2025-11-01,0.0,0.0006197689409613289
PAK,2025-11-01,0.0,0.7340137083736082
PAN,2025-11-01,0.0,0.009570678337746169
PER,2025-11-01,0.0,0.0
PHL,2025-11-01,0.0,0.058534493292973847
PNG,2025-11-01,0.0,0.005759467274540669
POL,2025-11-01,0.0,0.0012725782631980325
PRK,2025-11-01,0.0,0.0005685017953555789
PRT,2025-11-01,0.0,0.010203552465455196
PRY,2025-11-01,0.0,0.0037241098586323212
QAT,2025-11-01,0.0,0.002644512918308231
ROU,2025-11-01,0.0,0.009569924435127535
RUS,2025-11-01,0.0,0.3979038213654726
RWA,2025-11-01,0.0,0.0006197689409613289
SAU,2025-11-01,0.0,0.0006197689409613289
SEN,2025-11-01,0.0,0.004987057174309937
SGP,2025-11-01,0.0,0.0006197689409613289
SLB,2025-11-01,0.0,0.0006197689409613289
SLE,2025-11-01,0.0,0.0006197689409613289
SLV,2025-11-01,0.0,0.006783711350178943
SOM,2025-11-01,0.0,0.9526252494385559
SRB,2025-11-01,0.0,0.010221425866310065
STP,2025-11-01,0.0,0.1436996645965996
SVK,2025-11-01,0.0,0.007039265202795056
SVN,2025-11-01,0.0,0.002003956484980833
SWE,2025-11-01,0.0,0.000698220057520899
SWZ,2025-11-01,0.0,0.011588777543773741
SYC,2025-11-01,0.0,0.0006197689409613289
TCD,2025-11-01,0.0,0.030182543822553295
TGO,2025-11-01,0.0,0.0015711732395723244
THA,2025-11-01,1.0,0.019200971295872397
TJK,2025-11-01,0.0,0.0026025569279277527
TKM,2025-11-01,0.0,0.0026025569279277527
TLS,2025-11-01,0.0,0.1436996645965996
TON,2025-11-01,0.0,0.005420735025342329
TTO,2025-11-01,0.0,0.020119962180320364
TUN,2025-11-01,0.0,0.0021958877253248203
TUR,2025-11-01,0.0,0.0
TZA,2025-11-01,0.0,0.0
UGA,2025-11-01,0.0,0.06324759832619596
UKR,2025-11-01,0.0,0.20693574460377942
URY,2025-11-01,0.0,0.013679547842333223
USA,2025-11-01,0.0,0.004657025775032661
UZB,2025-11-01,0.0,0.009570678337746169
VEN,2025-11-01,0.0,0.25180435349102465
VNM,2025-11-01,0.0,0.0006197689409613289
VUT,2025-11-01,0.0,0.0006197689409613289
WSM,2025-11-01,0.0,0.0006197689409613289
YEM,2025-11-01,0.0,0.15691021288468135
ZAF,2025-11-01,0.0,0.001454904725680457
ZMB,2025-11-01,0.0,0.0005685017953555789
ZWE,2025-11-01,0.0,0.008049195267537943
AFG,2025-12-01,0.0,0.5246747422692442
AGO,2025-12-01,0.0,0.0
ALB,2025-12-01,0.0,0.013565223693560606
ARE,2025-12-01,0.0,0.0011084186168994253
ARG,2025-12-01,0.0,0.000187270149551758
ARM,2025-12-01,0.0,0.009675636816699446
AUS,2025-12-01,0.0,0.008569541498710023
AUT,2025-12-01,0.0,0.004534597018715295
AZE,2025-12-01,0.0,0.007299772740943282
BDI,2025-12-01,0.0,0.05027524921716576
BEL,2025-12-01,0.0,0.000187270149551758
BEN,2025-12-01,0.0,0.011054844416279715
BFA,2025-12-01,0.0,0.564840966335227
BGD,2025-12-01,0.0,0.02163042074024622
BGR,2025-12-01,0.0,0.003366160624024498
BHR,2025-12-01,0.0,0.0030395303429961796
BHS,2025-12-01,0.0,0.1092397417551558
BIH,2025-12-01,0.0,0.013738402131708148
BLR,2025-12-01,0.0,0.002005257095691624
BLZ,2025-12-01,0.0,0.0038433724924255754
BOL,2025-12-01,0.0,0.000187270149551758
BRA,2025-12-01,0.0,0.0
BRB,2025-12-01,0.0,0.0011084186168994253
BRN,2025-12-01,0.0,0.0011084186168994253
BTN,2025-12-01,0.0,0.0011084186168994253
BWA,2025-12-01,0.0,0.0011084186168994253
CAF,2025-12-01,0.0,0.22840628563804988
CAN,2025-12-01,0.0,0.0004427601369755712
CHE,2025-12-01,0.0,0.022137196617959872
CHL,2025-12-01,0.0,0.0014295571657223385
CHN,2025-12-01,0.0,0.03517083147931338
CIV,2025-12-01,0.0,0.0006647646540448407
CMR,2025-12-01,0.0,0.24968867049669466
COL,2025-12-01,0.0,0.5189423891183208
COM,2025-12-01,0.0,0.0015642000504285775
CRI,2025-12-01,0.0,0.022819626455555707
CUB,2025-12-01,0.0,0.015044074913078485
CYP,2025-12-01,0.0,0.0038036704865609438
CZE,2025-12-01,0.0,0.006830098895895651
DEU,2025-12-01,0.0,9.212297946853782e-05
DJI,2025-12-01,0.0,0.0011084186168994253
DNK,2025-12-01,0.0,0.009675636816699446
DOM,2025-12-01,0.0,0.0035595723556540683
DZA,2025-12-01,0.0,0.013565223693560606
ECU,2025-12-01,0.0,0.36293246591217027
EGY,2025-12-01,0.0,0.0012063243363445522
ERI,2025-12-01,0.0,0.0020005771914747106
ESP,2025-12-01,0.0,9.212297946853782e-05
EST,2025-12-01,0.0,0.024478523054876206
ETH,2025-12-01,0.0,0.8993925004574613
FIN,2025-12-01,0.0,0.009675636816699446
FJI,2025-12-01,0.0,0.1092397417551558
FRA,2025-12-01,0.0,9.212297946853782e-05
GAB,2025-12-01,0.0,0.03255387495453899
GBR,2025-12-01,0.0,0.0021174606480252977
GEO,2025-12-01,0.0,0.005306481551223212
GHA,2025-12-01,0.0,0.052075088823213794
GIN,2025-12-01,0.0,0.0008728593717529936
GMB,2025-12-01,0.0,0.0011084186168994253
GNB,2025-12-01,0.0,0.005381936830576753
GNQ,2025-12-01,0.0,0.0011084186168994253
GRC,2025-12-01,0.0,0.014361003336982592
GRD,2025-12-01,0.0,0.1092397417551558
GTM,2025-12-01,0.0,0.3029739824965111
GUY,2025-12-01,0.0,0.022819626455555707
HND,2025-12-01,0.0,0.019610498997523148
HRV,2025-12-01,0.0,0.0026540655015585895
HTI,2025-12-01,0.0,0.5951162476653711
HUN,2025-12-01,0.0,0.004534597018715295
IDN,2025-12-01,0.0,0.014713998150810044
IND,2025-12-01,0.0,0.1372121941345462
IRL,2025-12-01,0.0,0.013738402131708148
IRN,2025-12-01,1.0,0.0489151619716768
IRQ,2025-12-01,0.0,0.19614186298921793
ISL,2025-12-01,0.0,0.1092397417551558
ISR,2025-12-01,0.0,9.212297946853782e-05
ITA,2025-12-01,0.0,0.0031106706366006848
JAM,2025-12-01,0.0,0.028153621537186237
JOR,2025-12-01,0.0,0.0011084186168994253
JPN,2025-12-01,0.0,0.0039050127243256114
KAZ,2025-12-01,0.0,0.0034962345644886745
KEN,2025-12-01,0.0,0.13529400968170063
KGZ,2025-12-01,0.0,0.034310554990940434
KHM,2025-12-01,0.0,0.060279881547514395
KOR,2025-12-01,0.0,0.0027353477816170852
KWT,2025-12-01,0.0,0.0011084186168994253
LAO,2025-12-01,0.0,0.0011084186168994253
LBN,2025-12-01,0.0,0.18654240686892096
LBR,2025-12-01,0.0,0.00497120283420061
LBY,2025-12-01,0.0,0.08773074543016048
LKA,2025-12-01,0.0,9.212297946853782e-05
LSO,2025-12-01,0.0,0.0011084186168994253
LTU,2025-12-01,0.0,0.003086602843164063
LUX,2025-12-01,0.0,0.27530217535076174
LVA,2025-12-01,0.0,0.022819626455555707
MAR,2025-12-01,0.0,0.0006108653411715168
MDA,2025-12-01,0.0,0.004534597018715295
MDG,2025-12-01,0.0,0.04684123507126072
MDV,2025-12-01,0.0,0.05184522928778005
MEX,2025-12-01,0.0,0.0031830782210437525
MKD,2025-12-01,0.0,0.018737593121277114
MLI,2025-12-01,0.0,0.28106206814373363
MLT,2025-12-01,0.0,0.022819626455555707
MNE,2025-12-01,0.0,0.016592037132950842
MNG,2025-12-01,0.0,0.1092397417551558
MRT,2025-12-01,0.0,0.018294456066195203
MUS,2025-12-01,0.0,0.0023047097608628973
MWI,2025-12-01,0.0,0.002168806902612596
MYS,2025-12-01,0.0,0.022821840295961536
NAM,2025-12-01,0.0,0.011854372627800031
NER,2025-12-01,0.0,0.25579859813411454
NGA,2025-12-01,1.0,0.41545976170915205
NIC,2025-12-01,0.0,0.004069412344398069
NLD,2025-12-01,0.0,0.000187270149551758
NOR,2025-12-01,0.0,0.022137196617959872
NPL,2025-12-01,0.0,0.008859739129181638
NZL,2025-12-01,0.0,0.011854372627800031
OMN,2025-12-01,0.0,0.010769862965395997
PAK,2025-12-01,0.0,0.2913420105037424
PAN,2025-12-01,0.0,0.004534597018715295
PER,2025-12-01,0.0,0.004509397348907223
PHL,2025-12-01,0.0,0.20687360466620855
PNG,2025-12-01,0.0,0.0008728593717529936
POL,2025-12-01,0.0,0.000187270149551758
PRK,2025-12-01,0.0,0.0020005771914747106
PRT,2025-12-01,0.0,0.00331041935588351
PRY,2025-12-01,0.0,0.014496416221288505
QAT,2025-12-01,0.0,0.0011084186168994253
ROU,2025-12-01,0.0,0.000187270149551758
RUS,2025-12-01,0.0,0.3979547253236845
RWA,2025-12-01,0.0,0.0020005771914747106
SAU,2025-12-01,0.0,0.010769862965395997
SEN,2025-12-01,0.0,0.010731844014191291
SGP,2025-12-01,0.0,0.0011084186168994253
SLB,2025-12-01,0.0,0.0011084186168994253
SLE,2025-12-01,0.0,0.0011084186168994253
SLV,2025-12-01,0.0,0.03804572253933173
SOM,2025-12-01,0.0,0.376738073724707
SRB,2025-12-01,0.0,0.0021174606480252977
STP,2025-12-01,0.0,0.1092397417551558
SVK,2025-12-01,0.0,0.003086602843164063
SVN,2025-12-01,0.0,0.1092397417551558
SWE,2025-12-01,0.0,0.00331041935588351
SWZ,2025-12-01,0.0,0.022819626455555707
SYC,2025-12-01,0.0,0.0011084186168994253
TCD,2025-12-01,0.0,0.004668387188008201
TGO,2025-12-01,0.0,0.1092397417551558
THA,2025-12-01,0.0,0.179715976412682
TJK,2025-12-01,0.0,0.004172325237881985
TKM,2025-12-01,0.0,0.008475017093141402
TLS,2025-12-01,0.0,0.1092397417551558
TON,2025-12-01,0.0,0.0011084186168994253
TTO,2025-12-01,0.0,0.0011854467818988232
TUN,2025-12-01,0.0,0.005024355653406143
TUR,2025-12-01,0.0,0.033036399674951936
TZA,2025-12-01,0.0,0.006868675198814728
UGA,2025-12-01,0.0,0.001474471708120483
UKR,2025-12-01,0.0,0.13327473348984983
URY,2025-12-01,0.0,0.013565223693560606
USA,2025-12-01,0.0,9.212297946853782e-05
UZB,2025-12-01,0.0,0.005451127238383815
VEN,2025-12-01,0.0,0.14028862745568138
VNM,2025-12-01,0.0,0.0011084186168994253
VUT,2025-12-01,0.0,0.0011084186168994253
WSM,2025-12-01,0.0,0.0011084186168994253
YEM,2025-12-01,0.0,0.1978850686044792
ZAF,2025-12-01,0.0,9.212297946853782e-05
ZMB,2025-12-01,0.0,0.0011084186168994253
ZWE,2025-12-01,0.0,0.003207823510667412
AFG,2026-01-01,1.0,0.6588106346304091
AGO,2026-01-01,0.0,0.0013405437201758968
ALB,2026-01-01,0.0,0.006056958505720114
ARE,2026-01-01,0.0,0.00018226378047271285
ARG,2026-01-01,0.0,0.0
ARM,2026-01-01,0.0,0.0037330263029515015
AUS,2026-01-01,0.0,0.0
AUT,2026-01-01,0.0,0.006415913460055462
AZE,2026-01-01,0.0,0.0479515352352496
BDI,2026-01-01,0.0,0.0
BEL,2026-01-01,0.0,0.00045988567489156027
BEN,2026-01-01,0.0,0.004215696871599853
BFA,2026-01-01,0.0,0.713884511981742
BGD,2026-01-01,0.0,0.0
BGR,2026-01-01,0.0,0.008443834527317527
BHR,2026-01-01,0.0,0.0
BHS,2026-01-01,0.0,0.00018226378047271285
BIH,2026-01-01,0.0,0.0038190433158813548
BLR,2026-01-01,0.0,0.02086958185430963
BLZ,2026-01-01,0.0,0.0032681820982373645
BOL,2026-01-01,0.0,0.0
BRA,2026-01-01,0.0,0.02312581054122284
BRB,2026-01-01,0.0,0.00018226378047271285
BRN,2026-01-01,0.0,0.00018226378047271285
BTN,2026-01-01,0.0,0.00018226378047271285
BWA,2026-01-01,0.0,0.0025352400971591603
CAF,2026-01-01,0.0,0.28430735242701777
CAN,2026-01-01,0.0,0.001317665489522317
CHE,2026-01-01,0.0,0.004626512937450626
CHL,2026-01-01,0.0,0.0
CHN,2026-01-01,0.0,0.0
CIV,2026-01-01,0.0,0.06838141592481004
CMR,2026-01-01,0.0,0.21182534399315678
COL,2026-01-01,0.0,0.41878617198004603
COM,2026-01-01,0.0,0.08761321709312553
CRI,2026-01-01,0.0,0.03461879542675986
CUB,2026-01-01,0.0,0.018201626243247226
CYP,2026-01-01,0.0,0.0010868940411828387
CZE,2026-01-01,0.0,0.010963460813042319
DEU,2026-01-01,0.0,0.0
DJI,2026-01-01,0.0,0.008708874665389044
DNK,2026-01-01,0.0,0.00267390461259608
DOM,2026-01-01,0.0,0.007324933366260758
DZA,2026-01-01,0.0,0.006365803591714871
ECU,2026-01-01,0.0,0.4859093212245517
EGY,2026-01-01,0.0,0.0003026808333648411
ERI,2026-01-01,0.0,0.00018226378047271285
ESP,2026-01-01,0.0,0.0
EST,2026-01-01,0.0,0.08761321709312553
ETH,2026-01-01,0.0,0.789063159971097
FIN,2026-01-01,0.0,0.0049791275075418
FJI,2026-01-01,0.0,0.00018226378047271285
FRA,2026-01-01,0.0,0.0
GAB,2026-01-01,0.0,0.006671960611220697
GBR,2026-01-01,0.0,0.0
GEO,2026-01-01,0.0,0.0011897136599153812
GHA,2026-01-01,0.0,0.01669424120032288
GIN,2026-01-01,0.0,0.0016340786182619444
GMB,2026-01-01,0.0,0.045872545822375974
GNB,2026-01-01,0.0,0.07508150899625228
GNQ,2026-01-01,0.0,0.02346800562958035
GRC,2026-01-01,0.0,0.0
GRD,2026-01-01,0.0,0.00018226378047271285
GTM,2026-01-01,0.0,0.0709268874868759
GUY,2026-01-01,0.0,0.03461879542675986
HND,2026-01-01,0.0,0.007358896491011399
HRV,2026-01-01,0.0,0.021971980438387793
HTI,2026-01-01,0.0,0.326103226101051
HUN,2026-01-01,0.0,0.013128496739674367
IDN,2026-01-01,0.0,0.0
IND,2026-01-01,0.0,0.10974181609501259
IRL,2026-01-01,0.0,0.012818614768017733
IRN,2026-01-01,1.0,0.004663436076686792
IRQ,2026-01-01,0.0,0.04813881148410129
ISL,2026-01-01,0.0,0.03461879542675986
ISR,2026-01-01,0.0,0.0
ITA,2026-01-01,0.0,0.0
JAM,2026-01-01,0.0,0.08198455530443516
JOR,2026-01-01,0.0,0.02086958185430963
JPN,2026-01-01,0.0,0.00267390461259608
KAZ,2026-01-01,0.0,0.00197109063204506
KEN,2026-01-01,0.0,0.11234453301422255
KGZ,2026-01-01,0.0,0.01382842759106858
KHM,2026-01-01,0.0,0.03799003058461033
KOR,2026-01-01,0.0,0.0018530665306044436
KWT,2026-01-01,0.0,0.00018226378047271285
LAO,2026-01-01,0.0,0.00018226378047271285
LBN,2026-01-01,1.0,0.17938803830080155
LBR,2026-01-01,0.0,0.00967556718850831
LBY,2026-01-01,0.0,0.07713740234416436
LKA,2026-01-01,0.0,0.0
LSO,2026-01-01,0.0,0.00018226378047271285
LTU,2026-01-01,0.0,0.014618298159174727
LUX,2026-01-01,0.0,0.051738558993048134
LVA,2026-01-01,0.0,0.08761321709312553
MAR,2026-01-01,0.0,0.0010868940411828387
MDA,2026-01-01,0.0,0.01058320840746573
MDG,2026-01-01,0.0,0.0003348671825977824
MDV,2026-01-01,0.0,0.00018226378047271285
MEX,2026-01-01,0.0,0.004426864112568744
MKD,2026-01-01,0.0,0.00267390461259608
MLI,2026-01-01,0.0,0.34388370000920404
MLT,2026-01-01,0.0,0.03461879542675986
MMR,2026-01-01,0.0,0.73103016392521
MNE,2026-01-01,0.0,0.0026425479753384375
MNG,2026-01-01,0.0,0.03461879542675986
MOZ,2026-01-01,0.0,0.1488974864830326
MRT,2026-01-01,0.0,0.008210248927152617
MUS,2026-01-01,0.0,0.009022183839564574
MWI,2026-01-01,0.0,0.004412945761580083
MYS,2026-01-01,0.0,0.002843054122709876
NAM,2026-01-01,0.0,0.023139264567095637
NER,2026-01-01,0.0,0.7641646845972092
NIC,2026-01-01,0.0,0.0026773768405084653
NLD,2026-01-01,0.0,0.00045988567489156027
NOR,2026-01-01,0.0,0.00267390461259608
NPL,2026-01-01,0.0,0.0
NZL,2026-01-01,0.0,0.012818614768017733
OMN,2026-01-01,0.0,0.00018226378047271285
PAK,2026-01-01,0.0,0.3405989327987629
PAN,2026-01-01,0.0,0.014618298159174727
PER,2026-01-01,0.0,0.0
PHL,2026-01-01,0.0,0.5193579279220868
PNG,2026-01-01,0.0,0.008962657463597604
POL,2026-01-01,0.0,0.0009355886926532211
PRK,2026-01-01,0.0,0.0006946596712188835
PRT,2026-01-01,0.0,0.012687602382656456
PRY,2026-01-01,0.0,0.00267390461259608
QAT,2026-01-01,0.0,0.00018226378047271285
ROU,2026-01-01,0.0,0.0009355886926532211
RUS,2026-01-01,0.0,0.3062529698212184
RWA,2026-01-01,0.0,0.14565484319488017
SAU,2026-01-01,0.0,0.00018226378047271285
SEN,2026-01-01,0.0,0.011892049157512647
SGP,2026-01-01,0.0,0.00018226378047271285
SLB,2026-01-01,0.0,0.00018226378047271285
SLE,2026-01-01,0.0,0.011381022426608814
SLV,2026-01-01,0.0,0.007233166739103718
SOM,2026-01-01,0.0,0.6928440489812796
SRB,2026-01-01,0.0,0.0007604101983761342
STP,2026-01-01,0.0,0.00018226378047271285
SVK,2026-01-01,0.0,0.012818614768017733
SVN,2026-01-01,0.0,0.012818614768017733
SWE,2026-01-01,0.0,0.001992127911839678
SWZ,2026-01-01,0.0,0.14565484319488017
SYC,2026-01-01,0.0,0.00018226378047271285
SYR,2026-01-01,0.0,0.48881522831855767
TCD,2026-01-01,0.0,0.19393967080858526
TGO,2026-01-01,0.0,0.02346800562958035
THA,2026-01-01,0.0,0.01160163072746911
TJK,2026-01-01,0.0,0.0014368262182640576
TKM,2026-01-01,0.0,0.00018226378047271285
TLS,2026-01-01,0.0,0.14565484319488017
TON,2026-01-01,0.0,0.00018226378047271285
TTO,2026-01-01,0.0,0.05573641117563647
TUN,2026-01-01,0.0,0.008326818964689097
TUR,2026-01-01,0.0,0.0
TZA,2026-01-01,0.0,0.004902947218430313
UGA,2026-01-01,0.0,0.04602081910096274
UKR,2026-01-01,0.0,0.08851516879845814
URY,2026-01-01,0.0,0.03461879542675986
USA,2026-01-01,0.0,0.0
UZB,2026-01-01,0.0,0.014618298159174727
VEN,2026-01-01,0.0,0.173604483033164
VNM,2026-01-01,0.0,0.00018226378047271285
VUT,2026-01-01,0.0,0.00018226378047271285
WSM,2026-01-01,0.0,0.00018226378047271285
YEM,2026-01-01,0.0,0.24909848632018788
ZAF,2026-01-01,0.0,0.0
ZMB,2026-01-01,0.0,0.015352409881823499
ZWE,2026-01-01,0.0,0.005508041399913776
AFG,2026-02-01,1.0,0.6956981706280934
AGO,2026-02-01,0.0,0.0007234082514242786
ALB,2026-02-01,0.0,0.0007609381817418801
ARE,2026-02-01,0.0,0.005455264572879116
ARG,2026-02-01,0.0,0.00012802412174835043
ARM,2026-02-01,0.0,0.0077485758883940135
AUS,2026-02-01,0.0,0.0
AUT,2026-02-01,0.0,0.02184518776388428
AZE,2026-02-01,0.0,0.017111890948227383
BDI,2026-02-01,0.0,0.00015799641365623433
BEL,2026-02-01,0.0,0.0023957093698635844
BEN,2026-02-01,0.0,0.008439818525278413
BFA,2026-02-01,0.0,0.5176422423917149
BGD,2026-02-01,0.0,0.004404752101242144
BGR,2026-02-01,0.0,0.0033321040996759665
BHR,2026-02-01,0.0,0.00012802412174835043
BHS,2026-02-01,0.0,0.00026160267043851817
BIH,2026-02-01,0.0,0.013658935129490212
BLR,2026-02-01,0.0,0.023209986401243957
BLZ,2026-02-01,0.0,0.0027357972887812635
BOL,2026-02-01,0.0,0.0
BRA,2026-02-01,0.0,0.014014418381308293
BRB,2026-02-01,0.0,0.00026160267043851817
BRN,2026-02-01,0.0,0.00026160267043851817
BTN,2026-02-01,0.0,0.00026160267043851817
BWA,2026-02-01,0.0,0.1448566358832374
CAF,2026-02-01,0.0,0.2069381390526604
CAN,2026-02-01,0.0,0.004288239794624743
CHE,2026-02-01,0.0,0.003937412963353949
CHL,2026-02-01,0.0,0.012190297832026332
CHN,2026-02-01,0.0,0.01931988919635267
CIV,2026-02-01,0.0,0.0020622124007046595
CMR,2026-02-01,0.0,0.3157532335394042
COD,2026-02-01,0.0,0.39731944776104783
COL,2026-02-01,0.0,0.2432890122782359
COM,2026-02-01,0.0,0.1448566358832374
CRI,2026-02-01,0.0,0.020419443120492674
CUB,2026-02-01,0.0,0.008794722201401654
CYP,2026-02-01,0.0,0.003837367912401308
CZE,2026-02-01,0.0,0.005070700792049038
DEU,2026-02-01,0.0,0.0
DJI,2026-02-01,0.0,0.00026160267043851817
DNK,2026-02-01,0.0,0.0033321040996759665
DOM,2026-02-01,0.0,0.0007609381817418801
DZA,2026-02-01,0.0,0.003211207185170283
ECU,2026-02-01,0.0,0.4991684357749435
EGY,2026-02-01,0.0,0.005001569362294023
ERI,2026-02-01,0.0,0.023209986401243957
ESP,2026-02-01,0.0,0.00012802412174835043
EST,2026-02-01,0.0,0.03049032812177601
ETH,2026-02-01,0.0,0.7707346587789011
FIN,2026-02-01,0.0,0.019035671763718703
FJI,2026-02-01,0.0,0.1448566358832374
FRA,2026-02-01,0.0,0.009404850740612501
GAB,2026-02-01,0.0,0.016527760189067802
GBR,2026-02-01,0.0,0.00012802412174835043
GEO,2026-02-01,0.0,0.005624438506716185
GHA,2026-02-01,0.0,0.0014517894963563898
GIN,2026-02-01,0.0,0.0022322622100096295
GMB,2026-02-01,0.0,0.00026160267043851817
GNB,2026-02-01,0.0,0.3376573831241969
GNQ,2026-02-01,0.0,0.1448566358832374
GRC,2026-02-01,0.0,0.07043354528135988
GRD,2026-02-01,0.0,0.00026160267043851817
GTM,2026-02-01,0.0,0.1904613061451032
GUY,2026-02-01,0.0,0.1448566358832374
HND,2026-02-01,0.0,0.05917616902565441
HRV,2026-02-01,0.0,0.021558831825700318
HTI,2026-02-01,0.0,0.609036149247584
HUN,2026-02-01,0.0,0.00401087733288907
IDN,2026-02-01,0.0,0.02428637286078207
IND,2026-02-01,0.0,0.0643591462937433
IRL,2026-02-01,0.0,0.006275404971104317
IRQ,2026-02-01,0.0,0.2381062446077715
ISL,2026-02-01,0.0,0.047964229169201754
ISR,2026-02-01,0.0,0.024350619763809287
ITA,2026-02-01,0.0,0.0
JAM,2026-02-01,0.0,0.11439332944448584
JOR,2026-02-01,0.0,0.001999797547701484
JPN,2026-02-01,0.0,0.0030738687266817343
KAZ,2026-02-01,0.0,0.003246545985071223
KEN,2026-02-01,0.0,0.09179426775111248
KGZ,2026-02-01,0.0,0.008667811565827603
KHM,2026-02-01,0.0,0.3376573831241969
KOR,2026-02-01,0.0,0.001872917047882226
KWT,2026-02-01,0.0,0.005455264572879116
LAO,2026-02-01,0.0,0.005256228182815426
LBN,2026-02-01,1.0,0.3563531728439516
LBR,2026-02-01,0.0,0.004565844915901115
LBY,2026-02-01,0.0,0.12280239096334113
LKA,2026-02-01,0.0,0.0038947958160663056
LSO,2026-02-01,0.0,0.00026160267043851817
LTU,2026-02-01,0.0,0.010170126117373739
LUX,2026-02-01,0.0,0.041894032863015795
LVA,2026-02-01,0.0,0.25286313297021495
MAR,2026-02-01,0.0,0.0010105946400774158
MDA,2026-02-01,0.0,0.0172892086791002
MDG,2026-02-01,0.0,0.0613520464100175
MDV,2026-02-01,0.0,0.018970106991087473
MEX,2026-02-01,0.0,0.010232238019528779
MKD,2026-02-01,0.0,0.010170126117373739
MLI,2026-02-01,0.0,0.33505519844016696
MLT,2026-02-01,0.0,0.041894032863015795
MMR,2026-02-01,0.0,0.5508722912414384
MNE,2026-02-01,0.0,0.0029233678914432747
MNG,2026-02-01,0.0,0.041894032863015795
MOZ,2026-02-01,0.0,0.3003389003955421
MRT,2026-02-01,0.0,0.002538720619450779
MUS,2026-02-01,0.0,0.002858111402676928
MWI,2026-02-01,0.0,0.0009380056337730678
MYS,2026-02-01,0.0,0.004503231957124432
NAM,2026-02-01,0.0,0.25286313297021495
NER,2026-02-01,0.0,0.4470466708625075
NIC,2026-02-01,0.0,0.006591352056111107
NLD,2026-02-01,0.0,0.00012802412174835043
NOR,2026-02-01,0.0,0.0033321040996759665
NPL,2026-02-01,0.0,0.0
NZL,2026-02-01,0.0,0.03700681080863614
OMN,2026-02-01,0.0,0.00026160267043851817
PAK,2026-02-01,0.0,0.45455196507445966
PAN,2026-02-01,0.0,0.010170126117373739
PER,2026-02-01,0.0,0.0
PHL,2026-02-01,0.0,0.0843032784582794
PNG,2026-02-01,0.0,0.0004964097213698325
POL,2026-02-01,0.0,0.004778543426008942
PRK,2026-02-01,0.0,0.00026160267043851817
PRT,2026-02-01,0.0,0.0033321040996759665
PRY,2026-02-01,0.0,0.0023957093698635844
PSE,2026-02-01,0.0,0.22371965286101825
QAT,2026-02-01,0.0,0.03245987501980571
ROU,2026-02-01,0.0,0.0010105946400774158
RUS,2026-02-01,0.0,0.329620189911337
RWA,2026-02-01,0.0,0.023209986401243957
SAU,2026-02-01,0.0,0.006591352056111107
SDN,2026-02-01,0.0,0.8147691400326786
SEN,2026-02-01,0.0,0.0021837447905589244
SGP,2026-02-01,0.0,0.00026160267043851817
SLB,2026-02-01,0.0,0.00026160267043851817
SLE,2026-02-01,0.0,0.0023838585325801783
SLV,2026-02-01,0.0,0.0012697674413631357
SOM,2026-02-01,0.0,0.8714413892369721
SRB,2026-02-01,0.0,0.0
SSD,2026-02-01,0.0,0.7525737256838602
STP,2026-02-01,0.0,0.00026160267043851817
SVK,2026-02-01,0.0,0.013605194093159308
SVN,2026-02-01,0.0,0.03700681080863614
SWE,2026-02-01,0.0,0.003669463239902011
SWZ,2026-02-01,0.0,0.03700681080863614
SYC,2026-02-01,0.0,0.00026160267043851817
SYR,2026-02-01,0.0,0.3890629167323761
TCD,2026-02-01,0.0,0.3727447499958596
TGO,2026-02-01,0.0,0.023209986401243957
THA,2026-02-01,0.0,0.33008832899822615
TJK,2026-02-01,0.0,0.00026160267043851817
TKM,2026-02-01,0.0,0.011308997737544211
TLS,2026-02-01,0.0,0.1448566358832374
TON,2026-02-01,0.0,0.00026160267043851817
TTO,2026-02-01,0.0,0.027701636529092456
TUN,2026-02-01,0.0,0.0029233678914432747
TUR,2026-02-01,0.0,0.002224926764390675
TZA,2026-02-01,0.0,0.0004964097213698325
UGA,2026-02-01,0.0,0.08975343645387955
UKR,2026-02-01,0.0,0.1264580940034756
URY,2026-02-01,0.0,0.041894032863015795
USA,2026-02-01,0.0,0.0
UZB,2026-02-01,0.0,0.009342811928478412
VEN,2026-02-01,0.0,0.1270297147944702
VNM,2026-02-01,0.0,0.00026160267043851817
VUT,2026-02-01,0.0,0.00026160267043851817
WSM,2026-02-01,0.0,0.00026160267043851817
YEM,2026-02-01,0.0,0.21006357565338812
ZAF,2026-02-01,0.0,0.0
ZMB,2026-02-01,0.0,0.003599469570783373
ZWE,2026-02-01,0.0,0.0008134989283570462
