iso3,month,y_true,y_prob
AFG,2024-03-01,0.0,0.08944025228097327
AGO,2024-03-01,0.0,0.0
ALB,2024-03-01,0.0,0.0
ARE,2024-03-01,0.0,0.0
ARG,2024-03-01,0.0,0.0
ARM,2024-03-01,0.0,0.0
AUS,2024-03-01,0.0,0.0
AUT,2024-03-01,0.0,0.0
AZE,2024-03-01,0.0,0.0
BDI,2024-03-01,0.0,0.0049018438362700666
BEL,2024-03-01,0.0,0.0
BEN,2024-03-01,0.0,0.0
BFA,2024-03-01,1.0,0.7728349779030139
BGD,2024-03-01,0.0,0.0034077715910437157
BGR,2024-03-01,0.0,0.0
BHR,2024-03-01,0.0,0.0
BHS,2024-03-01,0.0,0.0
BIH,2024-03-01,0.0,0.0
BLR,2024-03-01,0.0,0.0
BLZ,2024-03-01,0.0,0.0
BOL,2024-03-01,0.0,0.0
BRA,2024-03-01,0.0,0.011508346467099678
BRB,2024-03-01,0.0,0.0
BRN,2024-03-01,0.0,0.0
BTN,2024-03-01,0.0,0.0
BWA,2024-03-01,0.0,0.0
CAF,2024-03-01,0.0,0.8218188182864
CAN,2024-03-01,0.0,0.0
CHE,2024-03-01,0.0,0.0
CHL,2024-03-01,0.0,0.004736538778198584
CHN,2024-03-01,0.0,0.0
CIV,2024-03-01,0.0,0.0
CMR,2024-03-01,0.0,0.6271771639800499
COL,2024-03-01,0.0,0.03175838219567964
COM,2024-03-01,0.0,0.0
CRI,2024-03-01,0.0,0.0
CUB,2024-03-01,0.0,0.015
CYP,2024-03-01,0.0,0.004619696142356988
CZE,2024-03-01,0.0,0.0
DEU,2024-03-01,0.0,0.0
DJI,2024-03-01,0.0,0.0
DNK,2024-03-01,0.0,0.0
DOM,2024-03-01,0.0,0.0
DZA,2024-03-01,0.0,0.0
ECU,2024-03-01,0.0,0.012163894469442361
EGY,2024-03-01,0.0,0.0
ERI,2024-03-01,0.0,0.0
ESP,2024-03-01,0.0,0.0
EST,2024-03-01,0.0,0.0
FIN,2024-03-01,0.0,0.0
FJI,2024-03-01,0.0,0.0
FRA,2024-03-01,0.0,0.0
GAB,2024-03-01,0.0,0.0
GBR,2024-03-01,0.0,0.0
GEO,2024-03-01,0.0,0.0
GHA,2024-03-01,0.0,0.0
GIN,2024-03-01,0.0,0.0
GMB,2024-03-01,0.0,0.0
GNB,2024-03-01,0.0,0.0
GNQ,2024-03-01,0.0,0.0
GRC,2024-03-01,0.0,0.0
GRD,2024-03-01,0.0,0.0
GTM,2024-03-01,0.0,0.0
GUY,2024-03-01,0.0,0.0
HND,2024-03-01,0.0,0.010380972340588965
HRV,2024-03-01,0.0,0.0
HUN,2024-03-01,0.0,0.0
IDN,2024-03-01,0.0,0.01744911729826353
IND,2024-03-01,0.0,0.00971995843132965
IRL,2024-03-01,0.0,0.0
IRN,2024-03-01,0.0,0.005
IRQ,2024-03-01,0.0,0.05468473908225858
ISL,2024-03-01,0.0,0.0
ISR,2024-03-01,0.0,0.06199343115409899
ITA,2024-03-01,0.0,0.0
JAM,2024-03-01,0.0,0.006600100127941259
JOR,2024-03-01,0.0,0.005
JPN,2024-03-01,0.0,0.0
KAZ,2024-03-01,0.0,0.005
KEN,2024-03-01,0.0,0.26394901784532754
KGZ,2024-03-01,0.0,0.004891174970243156
KHM,2024-03-01,0.0,0.0
KOR,2024-03-01,0.0,0.0
KWT,2024-03-01,0.0,0.0
LAO,2024-03-01,0.0,0.0
LBN,2024-03-01,0.0,0.24618682837884623
LBR,2024-03-01,0.0,0.0
LBY,2024-03-01,0.0,0.0038124585818422813
LKA,2024-03-01,0.0,0.0
LSO,2024-03-01,0.0,0.0
LTU,2024-03-01,0.0,0.0
LUX,2024-03-01,0.0,0.0
LVA,2024-03-01,0.0,0.0
MAR,2024-03-01,0.0,0.0
MDA,2024-03-01,0.0,0.0
MDG,2024-03-01,0.0,0.001600100127941259
MDV,2024-03-01,0.0,0.0
MEX,2024-03-01,0.0,0.011571386895825299
MKD,2024-03-01,0.0,0.0
MLT,2024-03-01,0.0,0.0
MNE,2024-03-01,0.0,0.0
MNG,2024-03-01,0.0,0.0
MRT,2024-03-01,0.0,0.0
MUS,2024-03-01,0.0,0.0
MWI,2024-03-01,0.0,0.0
MYS,2024-03-01,0.0,0.0
NAM,2024-03-01,0.0,0.0
NER,2024-03-01,0.0,0.6348439803041184
NIC,2024-03-01,0.0,0.0
NLD,2024-03-01,0.0,0.0
NOR,2024-03-01,0.0,0.0
NPL,2024-03-01,0.0,0.0
NZL,2024-03-01,0.0,0.0
OMN,2024-03-01,0.0,0.0
PAK,2024-03-01,0.0,0.026610550301043784
PAN,2024-03-01,0.0,0.004944988825855252
PER,2024-03-01,0.0,0.0
PHL,2024-03-01,0.0,0.8333340143845027
PNG,2024-03-01,0.0,0.04276779049131165
POL,2024-03-01,0.0,0.0
PRK,2024-03-01,0.0,0.0
PRT,2024-03-01,0.0,0.0
PRY,2024-03-01,0.0,0.0
PSE,2024-03-01,0.0,0.34097455684291406
QAT,2024-03-01,0.0,0.0
ROU,2024-03-01,0.0,0.0
RUS,2024-03-01,0.0,0.06688901295158518
RWA,2024-03-01,0.0,0.0
SAU,2024-03-01,0.0,0.0
SDN,2024-03-01,0.0,0.8025195339351776
SEN,2024-03-01,0.0,0.0
SGP,2024-03-01,0.0,0.0
SLB,2024-03-01,0.0,0.0
SLE,2024-03-01,0.0,0.0
SLV,2024-03-01,0.0,0.0
SRB,2024-03-01,0.0,0.0
STP,2024-03-01,0.0,0.0
SVK,2024-03-01,0.0,0.0
SVN,2024-03-01,0.0,0.0
SWE,2024-03-01,0.0,0.0
SWZ,2024-03-01,0.0,0.0
SYC,2024-03-01,0.0,0.0
SYR,2024-03-01,0.0,0.4400814101244229
TCD,2024-03-01,0.0,0.29989132868417046
TGO,2024-03-01,0.0,0.0
THA,2024-03-01,0.0,0.0038124585818422813
TJK,2024-03-01,0.0,0.0
TKM,2024-03-01,0.0,0.0
TLS,2024-03-01,0.0,0.0
TON,2024-03-01,0.0,0.0
TTO,2024-03-01,0.0,0.001600100127941259
TUN,2024-03-01,0.0,0.0
TUR,2024-03-01,0.0,0.0
TZA,2024-03-01,0.0,0.0
UGA,2024-03-01,0.0,0.0
UKR,2024-03-01,1.0,0.2510516496280736
URY,2024-03-01,0.0,0.0
USA,2024-03-01,0.0,0.0
UZB,2024-03-01,0.0,0.0
VEN,2024-03-01,0.0,0.0
VNM,2024-03-01,0.0,0.0
VUT,2024-03-01,0.0,0.0
WSM,2024-03-01,0.0,0.0
YEM,2024-03-01,0.0,0.02883672837211249
ZAF,2024-03-01,0.0,0.004756589608757483
ZMB,2024-03-01,0.0,0.0
ZWE,2024-03-01,0.0,0.0
AFG,2024-04-01,0.0,0.03681945293671708
AGO,2024-04-01,0.0,0.0
ALB,2024-04-01,0.0,0.0
ARE,2024-04-01,0.0,0.0
ARG,2024-04-01,0.0,0.0
ARM,2024-04-01,0.0,0.0
AUS,2024-04-01,0.0,0.0
AUT,2024-04-01,0.0,0.0
AZE,2024-04-01,0.0,0.0
BDI,2024-04-01,0.0,0.0
BEL,2024-04-01,0.0,0.0
BEN,2024-04-01,0.0,0.0
BFA,2024-04-01,1.0,0.8430936320510318
BGD,2024-04-01,0.0,0.012616000818592958
BGR,2024-04-01,0.0,0.0
BHR,2024-04-01,0.0,0.0
BHS,2024-04-01,0.0,0.0
BIH,2024-04-01,0.0,0.0
BLR,2024-04-01,0.0,0.0
BLZ,2024-04-01,0.0,0.0
BOL,2024-04-01,0.0,0.0
BRA,2024-04-01,0.0,0.022812434485628016
BRB,2024-04-01,0.0,0.0
BRN,2024-04-01,0.0,0.0
BTN,2024-04-01,0.0,0.0
BWA,2024-04-01,0.0,0.0
CAF,2024-04-01,0.0,0.7052216000407462
CAN,2024-04-01,0.0,0.0
CHE,2024-04-01,0.0,0.0
CHL,2024-04-01,0.0,0.0
CHN,2024-04-01,0.0,0.0
CIV,2024-04-01,0.0,0.0
CMR,2024-04-01,0.0,0.7285425115365273
COL,2024-04-01,0.0,0.025363157549424312
COM,2024-04-01,0.0,0.0
CRI,2024-04-01,0.0,0.0
CUB,2024-04-01,0.0,0.0
CYP,2024-04-01,0.0,0.0
CZE,2024-04-01,0.0,0.0
DEU,2024-04-01,0.0,0.005
DJI,2024-04-01,0.0,0.0
DNK,2024-04-01,0.0,0.0
DOM,2024-04-01,0.0,0.0
DZA,2024-04-01,0.0,0.0
ECU,2024-04-01,0.0,0.012603776095156831
EGY,2024-04-01,0.0,0.0
ERI,2024-04-01,0.0,0.0
ESP,2024-04-01,0.0,0.0
EST,2024-04-01,0.0,0.0
FIN,2024-04-01,0.0,0.0
FJI,2024-04-01,0.0,0.0
FRA,2024-04-01,0.0,0.0
GAB,2024-04-01,0.0,0.0
GBR,2024-04-01,0.0,0.0
GEO,2024-04-01,0.0,0.0
GHA,2024-04-01,0.0,0.0
GIN,2024-04-01,0.0,0.0
GMB,2024-04-01,0.0,0.0
GNB,2024-04-01,0.0,0.0
GNQ,2024-04-01,0.0,0.0
GRC,2024-04-01,0.0,0.0
GRD,2024-04-01,0.0,0.0
GTM,2024-04-01,0.0,0.0
GUY,2024-04-01,0.0,0.0
HND,2024-04-01,0.0,0.0
HRV,2024-04-01,0.0,0.0
HUN,2024-04-01,0.0,0.0
IDN,2024-04-01,0.0,0.03299615923814117
IND,2024-04-01,0.0,0.0
IRL,2024-04-01,0.0,0.0
IRN,2024-04-01,0.0,0.00987584016809331
IRQ,2024-04-01,0.0,0.04159569800394554
ISL,2024-04-01,0.0,0.0
ISR,2024-04-01,0.0,0.13986823166479775
ITA,2024-04-01,0.0,0.0
JAM,2024-04-01,0.0,0.0
JOR,2024-04-01,0.0,0.0
JPN,2024-04-01,0.0,0.0
KAZ,2024-04-01,0.0,0.0
KEN,2024-04-01,0.0,0.22005575367211916
KGZ,2024-04-01,0.0,0.0
KHM,2024-04-01,0.0,0.0
KOR,2024-04-01,0.0,0.0
KWT,2024-04-01,0.0,0.0
LAO,2024-04-01,0.0,0.0
LBN,2024-04-01,0.0,0.11269455014891165
LBR,2024-04-01,0.0,0.0
LBY,2024-04-01,0.0,0.0020329976654238817
LKA,2024-04-01,0.0,0.0
LSO,2024-04-01,0.0,0.0
LTU,2024-04-01,0.0,0.0
LUX,2024-04-01,0.0,0.0
LVA,2024-04-01,0.0,0.0
MAR,2024-04-01,0.0,0.0
MDA,2024-04-01,0.0,0.0
MDG,2024-04-01,0.0,0.00407039207478722
MDV,2024-04-01,0.0,0.0
MEX,2024-04-01,0.0,0.0
MKD,2024-04-01,0.0,0.0
MLT,2024-04-01,0.0,0.0
MNE,2024-04-01,0.0,0.0
MNG,2024-04-01,0.0,0.0
MRT,2024-04-01,0.0,0.0
MUS,2024-04-01,0.0,0.0
MWI,2024-04-01,0.0,0.0
MYS,2024-04-01,0.0,0.0
NAM,2024-04-01,0.0,0.0
NER,2024-04-01,0.0,0.8814762837197618
NGA,2024-04-01,0.0,0.8486080885740175
NIC,2024-04-01,0.0,0.0
NLD,2024-04-01,0.0,0.0
NOR,2024-04-01,0.0,0.0
NPL,2024-04-01,0.0,0.0
NZL,2024-04-01,0.0,0.0
OMN,2024-04-01,0.0,0.0
PAK,2024-04-01,0.0,0.014061308097724944
PAN,2024-04-01,0.0,0.0
PER,2024-04-01,0.0,0.0
PHL,2024-04-01,0.0,0.6990709087773185
PNG,2024-04-01,0.0,0.06004777990820154
POL,2024-04-01,0.0,0.0
PRK,2024-04-01,0.0,0.0
PRT,2024-04-01,0.0,0.0
PRY,2024-04-01,0.0,0.0
PSE,2024-04-01,1.0,0.16796960122966087
QAT,2024-04-01,0.0,0.0
ROU,2024-04-01,0.0,0.0
RUS,2024-04-01,0.0,0.028356033522565088
RWA,2024-04-01,0.0,0.0
SAU,2024-04-01,0.0,0.0
SDN,2024-04-01,0.0,0.6321836562233388
SEN,2024-04-01,0.0,0.0
SGP,2024-04-01,0.0,0.0
SLB,2024-04-01,0.0,0.0
SLE,2024-04-01,0.0,0.0
SLV,2024-04-01,0.0,0.0
SRB,2024-04-01,0.0,0.0
STP,2024-04-01,0.0,0.0
SVK,2024-04-01,0.0,0.0
SVN,2024-04-01,0.0,0.0
SWE,2024-04-01,0.0,0.0
SWZ,2024-04-01,0.0,0.0
SYC,2024-04-01,0.0,0.0
SYR,2024-04-01,0.0,0.20451995458017677
TCD,2024-04-01,0.0,0.028671390124474613
TGO,2024-04-01,0.0,0.0
THA,2024-04-01,0.0,0.007032997665423881
TJK,2024-04-01,0.0,0.0
TKM,2024-04-01,0.0,0.0
TLS,2024-04-01,0.0,0.0
TON,2024-04-01,0.0,0.0
TTO,2024-04-01,0.0,0.0
TUN,2024-04-01,0.0,0.0
TUR,2024-04-01,0.0,0.014955831139046971
TZA,2024-04-01,0.0,0.0
UGA,2024-04-01,0.0,0.0
UKR,2024-04-01,1.0,0.16103303277270833
URY,2024-04-01,0.0,0.0
USA,2024-04-01,0.0,0.0
UZB,2024-04-01,0.0,0.0
VEN,2024-04-01,0.0,0.0
VNM,2024-04-01,0.0,0.0
VUT,2024-04-01,0.0,0.0
WSM,2024-04-01,0.0,0.0
YEM,2024-04-01,0.0,0.02995385488039334
ZAF,2024-04-01,0.0,0.004223613725206309
ZMB,2024-04-01,0.0,0.0
ZWE,2024-04-01,0.0,0.0
AFG,2024-05-01,0.0,0.1329689303948652
AGO,2024-05-01,0.0,0.0
ALB,2024-05-01,0.0,0.0
ARE,2024-05-01,0.0,0.0
ARG,2024-05-01,0.0,0.0
ARM,2024-05-01,0.0,0.0
AUS,2024-05-01,0.0,0.0
AUT,2024-05-01,0.0,0.0
AZE,2024-05-01,0.0,0.0
BDI,2024-05-01,0.0,0.0
BEL,2024-05-01,0.0,0.0
BEN,2024-05-01,0.0,0.0
BGD,2024-05-01,0.0,0.009208972247703381
BGR,2024-05-01,0.0,0.0
BHR,2024-05-01,0.0,0.0
BHS,2024-05-01,0.0,0.0
BIH,2024-05-01,0.0,0.0
BLR,2024-05-01,0.0,0.0
BLZ,2024-05-01,0.0,0.0
BOL,2024-05-01,0.0,0.0
BRA,2024-05-01,0.0,0.018099320461941692
BRB,2024-05-01,0.0,0.0
BRN,2024-05-01,0.0,0.0
BTN,2024-05-01,0.0,0.0
BWA,2024-05-01,0.0,0.0
CAF,2024-05-01,0.0,0.5647002783971599
CAN,2024-05-01,0.0,0.0
CHE,2024-05-01,0.0,0.0
CHL,2024-05-01,0.0,0.0
CHN,2024-05-01,0.0,0.0
CIV,2024-05-01,0.0,0.0
CMR,2024-05-01,0.0,0.6841543423491474
COL,2024-05-01,0.0,0.01677174085261036
COM,2024-05-01,0.0,0.0
CRI,2024-05-01,0.0,0.0
CUB,2024-05-01,0.0,0.0019184877764087946
CYP,2024-05-01,0.0,0.0
CZE,2024-05-01,0.0,0.0
DEU,2024-05-01,0.0,0.0
DJI,2024-05-01,0.0,0.0
DNK,2024-05-01,0.0,0.0
DOM,2024-05-01,0.0,0.0
DZA,2024-05-01,0.0,0.0
ECU,2024-05-01,0.0,0.05139661929634856
EGY,2024-05-01,0.0,0.0
ERI,2024-05-01,0.0,0.0
ESP,2024-05-01,0.0,0.0
EST,2024-05-01,0.0,0.0
FIN,2024-05-01,0.0,0.0
FJI,2024-05-01,0.0,0.0
FRA,2024-05-01,0.0,0.0
GAB,2024-05-01,0.0,0.0
GBR,2024-05-01,0.0,0.0
GEO,2024-05-01,0.0,0.0
GHA,2024-05-01,0.0,0.0
GIN,2024-05-01,0.0,0.0
GMB,2024-05-01,0.0,0.0
GNB,2024-05-01,0.0,0.005
GNQ,2024-05-01,0.0,0.0
GRC,2024-05-01,0.0,0.0
GRD,2024-05-01,0.0,0.0
GTM,2024-05-01,0.0,0.0
GUY,2024-05-01,0.0,0.0
HND,2024-05-01,0.0,0.0
HRV,2024-05-01,0.0,0.0
HTI,2024-05-01,0.0,0.8462750247325017
HUN,2024-05-01,0.0,0.0
IDN,2024-05-01,0.0,0.04909638343745387
IND,2024-05-01,0.0,0.0
IRL,2024-05-01,0.0,0.0
IRN,2024-05-01,0.0,0.0
IRQ,2024-05-01,0.0,0.07374265903810995
ISL,2024-05-01,0.0,0.0
ISR,2024-05-01,0.0,0.06888489188884692
ITA,2024-05-01,0.0,0.0
JAM,2024-05-01,0.0,0.0
JOR,2024-05-01,0.0,0.0
JPN,2024-05-01,0.0,0.0
KAZ,2024-05-01,0.0,0.0
KEN,2024-05-01,0.0,0.09521042198486183
KGZ,2024-05-01,0.0,0.011918487776408795
KHM,2024-05-01,0.0,0.0
KOR,2024-05-01,0.0,0.0
KWT,2024-05-01,0.0,0.0
LAO,2024-05-01,0.0,0.0
LBN,2024-05-01,0.0,0.06642104872496685
LBR,2024-05-01,0.0,0.0
LBY,2024-05-01,0.0,0.004551538461538463
LKA,2024-05-01,0.0,0.0
LSO,2024-05-01,0.0,0.0
LTU,2024-05-01,0.0,0.0
LUX,2024-05-01,0.0,0.0
LVA,2024-05-01,0.0,0.0
MAR,2024-05-01,0.0,0.0
MDA,2024-05-01,0.0,0.0
MDG,2024-05-01,0.0,0.0
MDV,2024-05-01,0.0,0.0
MEX,2024-05-01,0.0,0.0
MKD,2024-05-01,0.0,0.0
MLT,2024-05-01,0.0,0.0
MNE,2024-05-01,0.0,0.0
MNG,2024-05-01,0.0,0.0
MRT,2024-05-01,0.0,0.0
MUS,2024-05-01,0.0,0.0
MWI,2024-05-01,0.0,0.0
MYS,2024-05-01,0.0,0.0
NAM,2024-05-01,0.0,0.0
NER,2024-05-01,0.0,0.6550510397914502
NGA,2024-05-01,0.0,0.4639295399614048
NIC,2024-05-01,0.0,0.0
NLD,2024-05-01,0.0,0.0
NOR,2024-05-01,0.0,0.0
NPL,2024-05-01,0.0,0.0
NZL,2024-05-01,0.0,0.0
OMN,2024-05-01,0.0,0.0
PAK,2024-05-01,0.0,0.0034178604436229227
PAN,2024-05-01,0.0,0.0
PER,2024-05-01,0.0,0.0
PHL,2024-05-01,0.0,0.8298430298040752
PNG,2024-05-01,0.0,0.028751115970441235
POL,2024-05-01,0.0,0.0
PRK,2024-05-01,0.0,0.0
PRT,2024-05-01,0.0,0.0
PRY,2024-05-01,0.0,0.0
PSE,2024-05-01,1.0,0.14032036094383865
QAT,2024-05-01,0.0,0.0
ROU,2024-05-01,0.0,0.0
RUS,2024-05-01,0.0,0.06302862925120835
RWA,2024-05-01,0.0,0.0
SAU,2024-05-01,0.0,0.0
SDN,2024-05-01,0.0,0.6796609280182043
SEN,2024-05-01,0.0,0.0
SGP,2024-05-01,0.0,0.0
SLB,2024-05-01,0.0,0.0
SLE,2024-05-01,0.0,0.0
SLV,2024-05-01,0.0,0.0
SOM,2024-05-01,1.0,0.9242628455139555
SRB,2024-05-01,0.0,0.0
SSD,2024-05-01,0.0,0.8387500781995944
STP,2024-05-01,0.0,0.0
SVK,2024-05-01,0.0,0.0
SVN,2024-05-01,0.0,0.0
SWE,2024-05-01,0.0,0.0
SWZ,2024-05-01,0.0,0.0
SYC,2024-05-01,0.0,0.0
SYR,2024-05-01,0.0,0.08319694933719834
TCD,2024-05-01,0.0,0.009376771771424678
TGO,2024-05-01,0.0,0.0
THA,2024-05-01,0.0,0.0
TJK,2024-05-01,0.0,0.0
TKM,2024-05-01,0.0,0.0
TLS,2024-05-01,0.0,0.0
TON,2024-05-01,0.0,0.0
TTO,2024-05-01,0.0,0.0
TUN,2024-05-01,0.0,0.0
TUR,2024-05-01,0.0,0.0
TZA,2024-05-01,0.0,0.0
UGA,2024-05-01,0.0,0.004514430832279706
UKR,2024-05-01,0.0,0.37193377289916085
URY,2024-05-01,0.0,0.0
USA,2024-05-01,0.0,0.0
UZB,2024-05-01,0.0,0.0
VEN,2024-05-01,0.0,0.004984115905754374
VNM,2024-05-01,0.0,0.0
VUT,2024-05-01,0.0,0.0
WSM,2024-05-01,0.0,0.0
YEM,2024-05-01,0.0,0.004798086279597787
ZAF,2024-05-01,0.0,0.0
ZMB,2024-05-01,0.0,0.0
ZWE,2024-05-01,0.0,0.0
AFG,2024-06-01,0.0,0.0733941047306748
AGO,2024-06-01,0.0,0.0
ALB,2024-06-01,0.0,0.0
ARE,2024-06-01,0.0,0.0
ARG,2024-06-01,0.0,0.0
ARM,2024-06-01,0.0,0.0
AUS,2024-06-01,0.0,0.0
AUT,2024-06-01,0.0,0.0
AZE,2024-06-01,0.0,0.0
BDI,2024-06-01,0.0,0.0
BEL,2024-06-01,0.0,0.0
BEN,2024-06-01,0.0,0.0
BGD,2024-06-01,0.0,0.0
BGR,2024-06-01,0.0,0.0
BHR,2024-06-01,0.0,0.0
BHS,2024-06-01,0.0,0.0
BIH,2024-06-01,0.0,0.0
BLR,2024-06-01,0.0,0.0
BLZ,2024-06-01,0.0,0.0
BOL,2024-06-01,0.0,0.0038460798769151838
BRA,2024-06-01,0.0,0.03533084452517107
BRB,2024-06-01,0.0,0.0
BRN,2024-06-01,0.0,0.0
BTN,2024-06-01,0.0,0.0
BWA,2024-06-01,0.0,0.0
CAF,2024-06-01,0.0,0.40755863979893925
CAN,2024-06-01,0.0,0.0
CHE,2024-06-01,0.0,0.0
CHL,2024-06-01,0.0,0.0
CHN,2024-06-01,0.0,0.0
CIV,2024-06-01,0.0,0.0
CMR,2024-06-01,0.0,0.6299933306785191
COL,2024-06-01,0.0,0.07244443168527047
COM,2024-06-01,0.0,0.0
CRI,2024-06-01,0.0,0.0
CUB,2024-06-01,0.0,0.0
CYP,2024-06-01,0.0,0.0
CZE,2024-06-01,0.0,0.0
DEU,2024-06-01,0.0,0.0
DJI,2024-06-01,0.0,0.0
DNK,2024-06-01,0.0,0.0
DOM,2024-06-01,0.0,0.0
DZA,2024-06-01,0.0,0.0
ECU,2024-06-01,0.0,0.04217597208331621
EGY,2024-06-01,0.0,0.0
ERI,2024-06-01,0.0,0.0
ESP,2024-06-01,0.0,0.0
EST,2024-06-01,0.0,0.0
FIN,2024-06-01,0.0,0.0
FJI,2024-06-01,0.0,0.0
FRA,2024-06-01,0.0,0.0
GAB,2024-06-01,0.0,0.0
GBR,2024-06-01,0.0,0.0
GEO,2024-06-01,0.0,0.0
GHA,2024-06-01,0.0,0.0
GIN,2024-06-01,0.0,0.0
GMB,2024-06-01,0.0,0.0
GNB,2024-06-01,0.0,0.0
GNQ,2024-06-01,0.0,0.0
GRC,2024-06-01,0.0,0.0
GRD,2024-06-01,0.0,0.0
GTM,2024-06-01,0.0,0.0
GUY,2024-06-01,0.0,0.0
HND,2024-06-01,0.0,0.004926102307250184
HRV,2024-06-01,0.0,0.0
HTI,2024-06-01,0.0,0.5692763083528682
HUN,2024-06-01,0.0,0.0
IDN,2024-06-01,0.0,0.04799396273047789
IND,2024-06-01,0.0,0.0
IRL,2024-06-01,0.0,0.0
IRN,2024-06-01,0.0,0.008846079876915184
IRQ,2024-06-01,0.0,0.03653963927825707
ISL,2024-06-01,0.0,0.0
ISR,2024-06-01,0.0,0.06878005317798092
ITA,2024-06-01,0.0,0.0
JAM,2024-06-01,0.0,0.009773593620835743
JOR,2024-06-01,0.0,0.005
JPN,2024-06-01,0.0,0.0
KAZ,2024-06-01,0.0,0.0035873594833771773
KEN,2024-06-01,0.0,0.056862216058784394
KGZ,2024-06-01,0.0,0.0
KHM,2024-06-01,0.0,0.0
KOR,2024-06-01,0.0,0.0
KWT,2024-06-01,0.0,0.0
LAO,2024-06-01,0.0,0.0
LBN,2024-06-01,0.0,0.06023754848392465
LBR,2024-06-01,0.0,0.0
LBY,2024-06-01,0.0,0.019242960441419505
LKA,2024-06-01,0.0,0.0
LSO,2024-06-01,0.0,0.0
LTU,2024-06-01,0.0,0.0
LUX,2024-06-01,0.0,0.0
LVA,2024-06-01,0.0,0.0
MAR,2024-06-01,0.0,0.0
MDA,2024-06-01,0.0,0.0
MDG,2024-06-01,0.0,0.0
MDV,2024-06-01,0.0,0.0
MEX,2024-06-01,0.0,0.004739315901729994
MKD,2024-06-01,0.0,0.0
MLI,2024-06-01,0.0,0.6614449918513168
MLT,2024-06-01,0.0,0.0
MNE,2024-06-01,0.0,0.0
MNG,2024-06-01,0.0,0.0
MOZ,2024-06-01,0.0,0.38452369796961977
MRT,2024-06-01,0.0,0.0
MUS,2024-06-01,0.0,0.0
MWI,2024-06-01,0.0,0.0
MYS,2024-06-01,0.0,0.01
NAM,2024-06-01,0.0,0.0
NER,2024-06-01,0.0,0.8679973363331652
NGA,2024-06-01,0.0,0.3142105607624086
NIC,2024-06-01,0.0,0.0
NLD,2024-06-01,0.0,0.0
NOR,2024-06-01,0.0,0.0
NPL,2024-06-01,0.0,0.0
NZL,2024-06-01,0.0,0.0
OMN,2024-06-01,0.0,0.0
PAK,2024-06-01,0.0,0.0
PAN,2024-06-01,0.0,0.0
PER,2024-06-01,0.0,0.0
PHL,2024-06-01,0.0,0.4551412508159929
PNG,2024-06-01,0.0,0.020778340214179934
POL,2024-06-01,0.0,0.0
PRK,2024-06-01,0.0,0.0
PRT,2024-06-01,0.0,0.0
PRY,2024-06-01,0.0,0.0
QAT,2024-06-01,0.0,0.0
ROU,2024-06-01,0.0,0.0
RUS,2024-06-01,1.0,0.047541609848389496
RWA,2024-06-01,0.0,0.0
SAU,2024-06-01,0.0,0.0
SDN,2024-06-01,0.0,0.5910230539209193
SEN,2024-06-01,0.0,0.0
SGP,2024-06-01,0.0,0.0
SLB,2024-06-01,0.0,0.0
SLE,2024-06-01,0.0,0.0
SLV,2024-06-01,0.0,0.0
SOM,2024-06-01,1.0,0.8999748900945184
SRB,2024-06-01,0.0,0.0
SSD,2024-06-01,0.0,0.6945359497148275
STP,2024-06-01,0.0,0.0
SVK,2024-06-01,0.0,0.0
SVN,2024-06-01,0.0,0.0
SWE,2024-06-01,0.0,0.0
SWZ,2024-06-01,0.0,0.0
SYC,2024-06-01,0.0,0.0
SYR,2024-06-01,0.0,0.1015400737404673
TCD,2024-06-01,0.0,0.1632113603012813
TGO,2024-06-01,0.0,0.0
THA,2024-06-01,0.0,0.005
TJK,2024-06-01,0.0,0.0
TKM,2024-06-01,0.0,0.0
TLS,2024-06-01,0.0,0.0
TON,2024-06-01,0.0,0.0
TTO,2024-06-01,0.0,0.0
TUN,2024-06-01,0.0,0.0
TUR,2024-06-01,0.0,0.01
TZA,2024-06-01,0.0,0.0
UGA,2024-06-01,0.0,0.009430794313156889
UKR,2024-06-01,1.0,0.5844812324978798
URY,2024-06-01,0.0,0.0
USA,2024-06-01,0.0,0.0
UZB,2024-06-01,0.0,0.0
VEN,2024-06-01,0.0,0.0
VNM,2024-06-01,0.0,0.0
VUT,2024-06-01,0.0,0.0
WSM,2024-06-01,0.0,0.0
YEM,2024-06-01,0.0,0.0
ZAF,2024-06-01,0.0,0.0040261047545549124
ZMB,2024-06-01,0.0,0.0
ZWE,2024-06-01,0.0,0.0
AFG,2024-07-01,0.0,0.09339492202691496
AGO,2024-07-01,0.0,0.0
ALB,2024-07-01,0.0,0.0
ARE,2024-07-01,0.0,0.0
ARG,2024-07-01,0.0,0.0
ARM,2024-07-01,0.0,0.0
AUS,2024-07-01,0.0,0.0
AUT,2024-07-01,0.0,0.0
AZE,2024-07-01,0.0,0.0
BDI,2024-07-01,0.0,0.0
BEL,2024-07-01,0.0,0.0
BEN,2024-07-01,0.0,0.0
BGD,2024-07-01,0.0,0.0390142157449487
BGR,2024-07-01,0.0,0.0
BHR,2024-07-01,0.0,0.0
BHS,2024-07-01,0.0,0.0
BIH,2024-07-01,0.0,0.0
BLR,2024-07-01,0.0,0.0
BLZ,2024-07-01,0.0,0.0
BOL,2024-07-01,0.0,0.0
BRA,2024-07-01,0.0,0.009420959315424476
BRB,2024-07-01,0.0,0.0
BRN,2024-07-01,0.0,0.0
BTN,2024-07-01,0.0,0.0
BWA,2024-07-01,0.0,0.0
CAF,2024-07-01,0.0,0.8973832819358932
CAN,2024-07-01,0.0,0.0
CHE,2024-07-01,0.0,0.0
CHL,2024-07-01,0.0,0.0
CHN,2024-07-01,0.0,0.0
CIV,2024-07-01,0.0,0.0
CMR,2024-07-01,0.0,0.37478626570399776
COL,2024-07-01,0.0,0.062292340214628324
COM,2024-07-01,0.0,0.0
CRI,2024-07-01,0.0,0.0
CUB,2024-07-01,0.0,0.0
CYP,2024-07-01,0.0,0.0
CZE,2024-07-01,0.0,0.0
DEU,2024-07-01,0.0,0.0030349971313826715
DJI,2024-07-01,0.0,0.0
DNK,2024-07-01,0.0,0.0
DOM,2024-07-01,0.0,0.0
DZA,2024-07-01,0.0,0.0
ECU,2024-07-01,0.0,0.01760459564645953
EGY,2024-07-01,0.0,0.0
ERI,2024-07-01,0.0,0.0
ESP,2024-07-01,0.0,0.0
EST,2024-07-01,0.0,0.0
FIN,2024-07-01,0.0,0.0
FJI,2024-07-01,0.0,0.0
FRA,2024-07-01,0.0,0.0
GAB,2024-07-01,0.0,0.0
GBR,2024-07-01,0.0,0.0
GEO,2024-07-01,0.0,0.0
GHA,2024-07-01,0.0,0.004693479200098751
GIN,2024-07-01,0.0,0.0
GMB,2024-07-01,0.0,0.0
GNB,2024-07-01,0.0,0.0
GNQ,2024-07-01,0.0,0.0
GRC,2024-07-01,0.0,0.0
GRD,2024-07-01,0.0,0.0
GTM,2024-07-01,0.0,0.0
GUY,2024-07-01,0.0,0.0
HND,2024-07-01,0.0,0.009649584212593168
HRV,2024-07-01,0.0,0.0
HTI,2024-07-01,0.0,0.44024562043568954
HUN,2024-07-01,0.0,0.0
IDN,2024-07-01,0.0,0.03851484749657413
IND,2024-07-01,0.0,0.01
IRL,2024-07-01,0.0,0.0
IRN,2024-07-01,0.0,0.00803499713138267
IRQ,2024-07-01,0.0,0.05145553272981231
ISL,2024-07-01,0.0,0.0
ISR,2024-07-01,0.0,0.024196000923701996
ITA,2024-07-01,0.0,0.0
JAM,2024-07-01,0.0,0.0020433972087398992
JOR,2024-07-01,0.0,0.005
JPN,2024-07-01,0.0,0.0
KAZ,2024-07-01,0.0,0.005
KEN,2024-07-01,0.0,0.09725754984310804
KGZ,2024-07-01,0.0,0.0
KHM,2024-07-01,0.0,0.0
KOR,2024-07-01,0.0,0.0
KWT,2024-07-01,0.0,0.0
LAO,2024-07-01,0.0,0.0
LBN,2024-07-01,1.0,0.0649909640906967
LBR,2024-07-01,0.0,0.0
LBY,2024-07-01,0.0,0.014346728663265682
LKA,2024-07-01,0.0,0.0
LSO,2024-07-01,0.0,0.0
LTU,2024-07-01,0.0,0.0
LUX,2024-07-01,0.0,0.0
LVA,2024-07-01,0.0,0.0
MAR,2024-07-01,0.0,0.0
MDA,2024-07-01,0.0,0.0
MDG,2024-07-01,0.0,0.0020433972087398992
MDV,2024-07-01,0.0,0.0
MEX,2024-07-01,0.0,0.014573475518612686
MKD,2024-07-01,0.0,0.0
MLI,2024-07-01,0.0,0.7571116697151541
MLT,2024-07-01,0.0,0.0
MNE,2024-07-01,0.0,0.0
MNG,2024-07-01,0.0,0.0
MOZ,2024-07-01,0.0,0.43017905465095785
MRT,2024-07-01,0.0,0.0
MUS,2024-07-01,0.0,0.0
MWI,2024-07-01,0.0,0.0
MYS,2024-07-01,0.0,0.0040809686724357684
NAM,2024-07-01,0.0,0.0
NER,2024-07-01,0.0,0.8282373294730744
NGA,2024-07-01,0.0,0.19781505941261432
NIC,2024-07-01,0.0,0.0
NLD,2024-07-01,0.0,0.0
NOR,2024-07-01,0.0,0.0
NPL,2024-07-01,0.0,0.0
NZL,2024-07-01,0.0,0.0
OMN,2024-07-01,0.0,0.0
PAK,2024-07-01,0.0,0.0
PAN,2024-07-01,0.0,0.0
PER,2024-07-01,0.0,0.009824000340636614
PHL,2024-07-01,0.0,0.6090144135807664
PNG,2024-07-01,0.0,0.04228756077435165
POL,2024-07-01,0.0,0.0
PRK,2024-07-01,0.0,0.0
PRT,2024-07-01,0.0,0.0
PRY,2024-07-01,0.0,0.0
QAT,2024-07-01,0.0,0.0
ROU,2024-07-01,0.0,0.0
RUS,2024-07-01,1.0,0.06207297768595513
RWA,2024-07-01,0.0,0.0
SAU,2024-07-01,0.0,0.0
SDN,2024-07-01,0.0,0.5483334940180582
SEN,2024-07-01,0.0,0.0
SGP,2024-07-01,0.0,0.0
SLB,2024-07-01,0.0,0.0
SLE,2024-07-01,0.0,0.0
SLV,2024-07-01,0.0,0.0
SRB,2024-07-01,0.0,0.0
SSD,2024-07-01,0.0,0.8782019763247674
STP,2024-07-01,0.0,0.0
SVK,2024-07-01,0.0,0.0
SVN,2024-07-01,0.0,0.0
SWE,2024-07-01,0.0,0.0
SWZ,2024-07-01,0.0,0.0
SYC,2024-07-01,0.0,0.0
SYR,2024-07-01,0.0,0.049035235515122955
TCD,2024-07-01,0.0,0.09512917982637824
TGO,2024-07-01,0.0,0.005
THA,2024-07-01,0.0,0.0
TJK,2024-07-01,0.0,0.0
TKM,2024-07-01,0.0,0.0
TLS,2024-07-01,0.0,0.0
TON,2024-07-01,0.0,0.0
TTO,2024-07-01,0.0,0.009345551140675928
TUN,2024-07-01,0.0,0.0
TUR,2024-07-01,0.0,0.0
TZA,2024-07-01,0.0,0.0
UGA,2024-07-01,0.0,0.03789787059375719
UKR,2024-07-01,1.0,0.38159944179045996
URY,2024-07-01,0.0,0.0
USA,2024-07-01,0.0,0.0
UZB,2024-07-01,0.0,0.0
VEN,2024-07-01,0.0,0.0
VNM,2024-07-01,0.0,0.0
VUT,2024-07-01,0.0,0.0
WSM,2024-07-01,0.0,0.0
YEM,2024-07-01,0.0,0.01
ZAF,2024-07-01,0.0,0.007402741024527034
ZMB,2024-07-01,0.0,0.0
ZWE,2024-07-01,0.0,0.0
AFG,2024-08-01,0.0,0.035289171861087223
AGO,2024-08-01,0.0,0.0
ALB,2024-08-01,0.0,0.0
ARE,2024-08-01,0.0,0.0
ARG,2024-08-01,0.0,0.0
ARM,2024-08-01,0.0,0.0
AUS,2024-08-01,0.0,0.0
AUT,2024-08-01,0.0,0.0
AZE,2024-08-01,0.0,0.0
BDI,2024-08-01,0.0,0.0
BEL,2024-08-01,0.0,0.0
BEN,2024-08-01,0.0,0.0
BGD,2024-08-01,0.0,0.03954155268905893
BGR,2024-08-01,0.0,0.0
BHR,2024-08-01,0.0,0.0
BHS,2024-08-01,0.0,0.0
BIH,2024-08-01,0.0,0.0
BLR,2024-08-01,0.0,0.0
BLZ,2024-08-01,0.0,0.0
BOL,2024-08-01,0.0,0.0
BRA,2024-08-01,0.0,0.02429761362797514
BRB,2024-08-01,0.0,0.0
BRN,2024-08-01,0.0,0.0
BTN,2024-08-01,0.0,0.0
BWA,2024-08-01,0.0,0.0
CAF,2024-08-01,0.0,0.9335073900598572
CAN,2024-08-01,0.0,0.0
CHE,2024-08-01,0.0,0.0
CHL,2024-08-01,0.0,0.0
CHN,2024-08-01,0.0,0.0
CIV,2024-08-01,0.0,0.0
CMR,2024-08-01,0.0,0.15274544843044172
COL,2024-08-01,0.0,0.059262569350193715
COM,2024-08-01,0.0,0.0
CRI,2024-08-01,0.0,0.0
CUB,2024-08-01,0.0,0.0
CYP,2024-08-01,0.0,0.0
CZE,2024-08-01,0.0,0.0
DEU,2024-08-01,0.0,0.0
DJI,2024-08-01,0.0,0.0
DNK,2024-08-01,0.0,0.0
DOM,2024-08-01,0.0,0.0
DZA,2024-08-01,0.0,0.0
ECU,2024-08-01,0.0,0.07543474658437416
EGY,2024-08-01,0.0,0.0
ERI,2024-08-01,0.0,0.0
ESP,2024-08-01,0.0,0.0
EST,2024-08-01,0.0,0.0
FIN,2024-08-01,0.0,0.0
FJI,2024-08-01,0.0,0.0
FRA,2024-08-01,0.0,0.0
GAB,2024-08-01,0.0,0.0
GBR,2024-08-01,0.0,0.0
GEO,2024-08-01,0.0,0.0
GHA,2024-08-01,0.0,0.0
GIN,2024-08-01,0.0,0.0
GMB,2024-08-01,0.0,0.0
GNB,2024-08-01,0.0,0.0
GNQ,2024-08-01,0.0,0.0
GRC,2024-08-01,0.0,0.0
GRD,2024-08-01,0.0,0.0
GTM,2024-08-01,0.0,0.0
GUY,2024-08-01,0.0,0.0
HND,2024-08-01,0.0,0.0044415976511647335
HRV,2024-08-01,0.0,0.0
HTI,2024-08-01,0.0,0.31173164418525146
HUN,2024-08-01,0.0,0.0
IDN,2024-08-01,0.0,0.04767528128414354
IND,2024-08-01,0.0,0.014907174114838882
IRL,2024-08-01,0.0,0.0
IRN,2024-08-01,0.0,0.009875494071146245
IRQ,2024-08-01,0.0,0.0376200731658658
ISL,2024-08-01,0.0,0.0
ISR,2024-08-01,0.0,0.03781006711290049
ITA,2024-08-01,0.0,0.0
JAM,2024-08-01,0.0,0.0044415976511647335
JOR,2024-08-01,0.0,0.0
JPN,2024-08-01,0.0,0.0
KAZ,2024-08-01,0.0,0.0
KEN,2024-08-01,0.0,0.013010560775887654
KGZ,2024-08-01,0.0,0.0
KHM,2024-08-01,0.0,0.0
KOR,2024-08-01,0.0,0.0
KWT,2024-08-01,0.0,0.0
LAO,2024-08-01,0.0,0.0
LBN,2024-08-01,1.0,0.2965367842093591
LBR,2024-08-01,0.0,0.0
LBY,2024-08-01,0.0,0.029468354773639363
LKA,2024-08-01,0.0,0.0
LSO,2024-08-01,0.0,0.0
LTU,2024-08-01,0.0,0.0
LUX,2024-08-01,0.0,0.0
LVA,2024-08-01,0.0,0.0
MAR,2024-08-01,0.0,0.0
MDA,2024-08-01,0.0,0.0
MDG,2024-08-01,0.0,0.008701288577522337
MDV,2024-08-01,0.0,0.0
MEX,2024-08-01,0.0,0.008850891241212475
MKD,2024-08-01,0.0,0.0
MLI,2024-08-01,0.0,0.26966107178558046
MLT,2024-08-01,0.0,0.0
MNE,2024-08-01,0.0,0.0
MNG,2024-08-01,0.0,0.0
MOZ,2024-08-01,0.0,0.04761482661873442
MRT,2024-08-01,0.0,0.0
MUS,2024-08-01,0.0,0.0
MWI,2024-08-01,0.0,0.0
MYS,2024-08-01,0.0,0.0
NAM,2024-08-01,0.0,0.0
NER,2024-08-01,0.0,0.5583217198055705
NGA,2024-08-01,0.0,0.07822288312063962
NIC,2024-08-01,0.0,0.0
NLD,2024-08-01,0.0,0.0
NOR,2024-08-01,0.0,0.0
NPL,2024-08-01,0.0,0.0
NZL,2024-08-01,0.0,0.0
OMN,2024-08-01,0.0,0.0
PAK,2024-08-01,0.0,0.009257284051476865
PAN,2024-08-01,0.0,0.0
PER,2024-08-01,0.0,0.0
PHL,2024-08-01,0.0,0.2496079270326263
PNG,2024-08-01,0.0,0.0
POL,2024-08-01,0.0,0.0
PRK,2024-08-01,0.0,0.0
PRT,2024-08-01,0.0,0.0
PRY,2024-08-01,0.0,0.0
QAT,2024-08-01,0.0,0.0
ROU,2024-08-01,0.0,0.0
RWA,2024-08-01,0.0,0.0
SAU,2024-08-01,0.0,0.0
SDN,2024-08-01,1.0,0.44865066808133136
SEN,2024-08-01,0.0,0.0
SGP,2024-08-01,0.0,0.0
SLB,2024-08-01,0.0,0.0
SLE,2024-08-01,0.0,0.0
SLV,2024-08-01,0.0,0.0
SRB,2024-08-01,0.0,0.0
SSD,2024-08-01,0.0,0.8455998667874437
STP,2024-08-01,0.0,0.0
SVK,2024-08-01,0.0,0.0
SVN,2024-08-01,0.0,0.0
SWE,2024-08-01,0.0,0.0
SWZ,2024-08-01,0.0,0.0
SYC,2024-08-01,0.0,0.0
SYR,2024-08-01,0.0,0.5404466698278928
TCD,2024-08-01,0.0,0.08351679152595846
TGO,2024-08-01,0.0,0.0
THA,2024-08-01,0.0,0.0
TJK,2024-08-01,0.0,0.0
TKM,2024-08-01,0.0,0.0
TLS,2024-08-01,0.0,0.0
TON,2024-08-01,0.0,0.0
TTO,2024-08-01,0.0,0.011140841044950545
TUN,2024-08-01,0.0,0.0
TUR,2024-08-01,0.0,0.0
TZA,2024-08-01,0.0,0.0
UGA,2024-08-01,0.0,0.011339473167147625
URY,2024-08-01,0.0,0.0
USA,2024-08-01,0.0,0.005
UZB,2024-08-01,0.0,0.0
VEN,2024-08-01,0.0,0.04494360632132685
VNM,2024-08-01,0.0,0.0
VUT,2024-08-01,0.0,0.0
WSM,2024-08-01,0.0,0.0
YEM,2024-08-01,0.0,0.014099368560983727
ZAF,2024-08-01,0.0,0.0
ZMB,2024-08-01,0.0,0.0
ZWE,2024-08-01,0.0,0.0
AFG,2024-09-01,0.0,0.07367761591176693
AGO,2024-09-01,0.0,0.0
ALB,2024-09-01,0.0,0.0
ARE,2024-09-01,0.0,0.0
ARG,2024-09-01,0.0,0.00030580994872998865
ARM,2024-09-01,0.0,0.0
AUS,2024-09-01,0.0,0.00030580994872998865
AUT,2024-09-01,0.0,0.0
AZE,2024-09-01,0.0,0.0
BDI,2024-09-01,0.0,0.005
BEL,2024-09-01,0.0,0.0
BEN,2024-09-01,0.0,0.003560876500075936
BGD,2024-09-01,0.0,0.005
BGR,2024-09-01,0.0,0.0
BHR,2024-09-01,0.0,0.00030580994872998865
BHS,2024-09-01,0.0,0.0
BIH,2024-09-01,0.0,0.002357444561774027
BLR,2024-09-01,0.0,0.0
BLZ,2024-09-01,0.0,0.0
BOL,2024-09-01,0.0,0.0
BRA,2024-09-01,0.0,0.009692828331707815
BRB,2024-09-01,0.0,0.0
BRN,2024-09-01,0.0,0.0
BTN,2024-09-01,0.0,0.0
BWA,2024-09-01,0.0,0.0
CAF,2024-09-01,0.0,0.5078807576229131
CAN,2024-09-01,0.0,0.01030580994872999
CHE,2024-09-01,0.0,0.0
CHL,2024-09-01,0.0,0.0
CHN,2024-09-01,0.0,0.0
CIV,2024-09-01,0.0,0.0
CMR,2024-09-01,0.0,0.14521107769183822
COL,2024-09-01,0.0,0.002259942154736084
COM,2024-09-01,0.0,0.0
CRI,2024-09-01,0.0,0.0
CUB,2024-09-01,0.0,0.0
CYP,2024-09-01,0.0,0.0
CZE,2024-09-01,0.0,0.0
DEU,2024-09-01,0.0,0.0
DJI,2024-09-01,0.0,0.0
DNK,2024-09-01,0.0,0.0
DOM,2024-09-01,0.0,0.0
DZA,2024-09-01,0.0,0.0
ECU,2024-09-01,0.0,0.032058338884755865
EGY,2024-09-01,0.0,0.0
ERI,2024-09-01,0.0,0.0
ESP,2024-09-01,0.0,0.00030580994872998865
EST,2024-09-01,0.0,0.0
FIN,2024-09-01,0.0,0.0
FJI,2024-09-01,0.0,0.0
FRA,2024-09-01,0.0,0.0
GAB,2024-09-01,0.0,0.0
GBR,2024-09-01,0.0,0.00030580994872998865
GEO,2024-09-01,0.0,0.0
GHA,2024-09-01,0.0,0.0
GIN,2024-09-01,0.0,0.0
GMB,2024-09-01,0.0,0.0
GNB,2024-09-01,0.0,0.0
GNQ,2024-09-01,0.0,0.0
GRC,2024-09-01,0.0,0.0
GRD,2024-09-01,0.0,0.0
GTM,2024-09-01,0.0,0.0
GUY,2024-09-01,0.0,0.0
HND,2024-09-01,0.0,0.0071297365037992395
HRV,2024-09-01,0.0,0.0
HTI,2024-09-01,0.0,0.20972506638970792
HUN,2024-09-01,0.0,0.0
IDN,2024-09-01,0.0,0.03331582852859907
IND,2024-09-01,0.0,0.019817595799942186
IRL,2024-09-01,0.0,0.0
IRN,2024-09-01,0.0,0.0
IRQ,2024-09-01,0.0,0.09612847504129964
ISL,2024-09-01,0.0,0.0
ISR,2024-09-01,0.0,0.024229785727115517
ITA,2024-09-01,0.0,0.00030580994872998865
JAM,2024-09-01,0.0,0.007700657292358412
JOR,2024-09-01,0.0,0.0
JPN,2024-09-01,0.0,0.00030580994872998865
KAZ,2024-09-01,0.0,0.00030580994872998865
KEN,2024-09-01,0.0,0.004781245219519658
KGZ,2024-09-01,0.0,0.0
KHM,2024-09-01,0.0,0.0
KOR,2024-09-01,0.0,0.00030580994872998865
KWT,2024-09-01,0.0,0.0
LAO,2024-09-01,0.0,0.0
LBR,2024-09-01,0.0,0.0
LBY,2024-09-01,0.0,0.008246455719920625
LKA,2024-09-01,0.0,0.0
LSO,2024-09-01,0.0,0.0
LTU,2024-09-01,0.0,0.0
LUX,2024-09-01,0.0,0.0
LVA,2024-09-01,0.0,0.0
MAR,2024-09-01,0.0,0.00030580994872998865
MDA,2024-09-01,0.0,0.0
MDG,2024-09-01,0.0,0.004196076457064224
MDV,2024-09-01,0.0,0.0
MEX,2024-09-01,0.0,0.004629341627786418
MKD,2024-09-01,0.0,0.0
MLI,2024-09-01,0.0,0.3680253895595451
MLT,2024-09-01,0.0,0.0
MNE,2024-09-01,0.0,0.0
MNG,2024-09-01,0.0,0.0
MOZ,2024-09-01,0.0,0.15776626070364802
MRT,2024-09-01,0.0,0.0
MUS,2024-09-01,0.0,0.0
MWI,2024-09-01,0.0,0.0
MYS,2024-09-01,0.0,0.0
NAM,2024-09-01,0.0,0.0
NER,2024-09-01,0.0,0.4708578874881795
NGA,2024-09-01,0.0,0.11417485068304091
NIC,2024-09-01,0.0,0.0
NLD,2024-09-01,0.0,0.00030580994872998865
NOR,2024-09-01,0.0,0.00030580994872998865
NPL,2024-09-01,0.0,0.0
NZL,2024-09-01,0.0,0.0
OMN,2024-09-01,0.0,0.0
PAK,2024-09-01,0.0,0.009490251842306414
PAN,2024-09-01,0.0,0.0
PER,2024-09-01,0.0,0.0
PHL,2024-09-01,0.0,0.2917583741821001
PNG,2024-09-01,0.0,0.0280427094552637
POL,2024-09-01,0.0,0.00030580994872998865
PRK,2024-09-01,0.0,0.0
PRT,2024-09-01,0.0,0.00030580994872998865
PRY,2024-09-01,0.0,0.0
PSE,2024-09-01,0.0,0.36213560411338136
QAT,2024-09-01,0.0,0.0
ROU,2024-09-01,0.0,0.0
RWA,2024-09-01,0.0,0.0
SAU,2024-09-01,0.0,0.0
SDN,2024-09-01,1.0,0.4285992083072631
SEN,2024-09-01,0.0,0.0
SGP,2024-09-01,0.0,0.0
SLB,2024-09-01,0.0,0.0
SLE,2024-09-01,0.0,0.0
SLV,2024-09-01,0.0,0.005
SOM,2024-09-01,0.0,0.6495109984028876
SRB,2024-09-01,0.0,0.0
SSD,2024-09-01,0.0,0.6449286112145144
STP,2024-09-01,0.0,0.0
SVK,2024-09-01,0.0,0.0
SVN,2024-09-01,0.0,0.0
SWE,2024-09-01,0.0,0.00030580994872998865
SWZ,2024-09-01,0.0,0.0
SYC,2024-09-01,0.0,0.0
SYR,2024-09-01,1.0,0.32499831942670787
TCD,2024-09-01,0.0,0.0792823206136019
TGO,2024-09-01,0.0,0.0
THA,2024-09-01,0.0,0.002357444561774027
TJK,2024-09-01,0.0,0.0
TKM,2024-09-01,0.0,0.0
TLS,2024-09-01,0.0,0.0
TON,2024-09-01,0.0,0.0
TTO,2024-09-01,0.0,0.0
TUN,2024-09-01,0.0,0.0
TUR,2024-09-01,0.0,0.0
TZA,2024-09-01,0.0,0.0
UGA,2024-09-01,0.0,0.0
URY,2024-09-01,0.0,0.0
USA,2024-09-01,0.0,0.0
UZB,2024-09-01,0.0,0.0
VEN,2024-09-01,0.0,0.00859997696383322
VNM,2024-09-01,0.0,0.0
VUT,2024-09-01,0.0,0.0
WSM,2024-09-01,0.0,0.0
YEM,2024-09-01,0.0,0.023409701744859054
ZAF,2024-09-01,0.0,0.009267768143647166
ZMB,2024-09-01,0.0,0.0
ZWE,2024-09-01,0.0,0.005
AFG,2024-10-01,0.0,0.06951776017461944
AGO,2024-10-01,0.0,0.0
ALB,2024-10-01,0.0,0.0
ARE,2024-10-01,0.0,0.0
ARG,2024-10-01,0.0,0.0
ARM,2024-10-01,0.0,0.0
AUS,2024-10-01,0.0,0.0
AUT,2024-10-01,0.0,0.0
AZE,2024-10-01,0.0,0.0
BDI,2024-10-01,0.0,0.005
BEL,2024-10-01,0.0,0.0
BEN,2024-10-01,0.0,0.0
BGD,2024-10-01,0.0,0.03437328194392376
BGR,2024-10-01,0.0,0.0
BHR,2024-10-01,0.0,0.0
BHS,2024-10-01,0.0,0.0
BIH,2024-10-01,0.0,0.0
BLR,2024-10-01,0.0,0.0
BLZ,2024-10-01,0.0,0.0
BOL,2024-10-01,0.0,0.0
BRA,2024-10-01,0.0,0.0
BRB,2024-10-01,0.0,0.0
BRN,2024-10-01,0.0,0.0
BTN,2024-10-01,0.0,0.0
BWA,2024-10-01,0.0,0.0
CAF,2024-10-01,0.0,0.5821965003655798
CAN,2024-10-01,0.0,0.0
CHE,2024-10-01,0.0,0.0
CHL,2024-10-01,0.0,0.004255453925962893
CHN,2024-10-01,0.0,0.0
CIV,2024-10-01,0.0,0.0
CMR,2024-10-01,0.0,0.10413363444496944
COL,2024-10-01,0.0,0.012557103668678547
COM,2024-10-01,0.0,0.0
CRI,2024-10-01,0.0,0.0
CUB,2024-10-01,0.0,0.005
CYP,2024-10-01,0.0,0.0
CZE,2024-10-01,0.0,0.0
DEU,2024-10-01,0.0,0.0
DJI,2024-10-01,0.0,0.0
DNK,2024-10-01,0.0,0.0
DOM,2024-10-01,0.0,0.0
DZA,2024-10-01,0.0,0.0
ECU,2024-10-01,0.0,0.05080468679662666
EGY,2024-10-01,0.0,0.0
ERI,2024-10-01,0.0,0.0
ESP,2024-10-01,0.0,0.0
EST,2024-10-01,0.0,0.0
ETH,2024-10-01,0.0,0.8956892233249133
FIN,2024-10-01,0.0,0.0
FJI,2024-10-01,0.0,0.0
FRA,2024-10-01,0.0,0.0
GAB,2024-10-01,0.0,0.0
GBR,2024-10-01,0.0,0.0
GEO,2024-10-01,0.0,0.0
GHA,2024-10-01,0.0,0.0
GIN,2024-10-01,0.0,0.0
GMB,2024-10-01,0.0,0.0
GNB,2024-10-01,0.0,0.0
GNQ,2024-10-01,0.0,0.0
GRC,2024-10-01,0.0,0.0
GRD,2024-10-01,0.0,0.0
GTM,2024-10-01,0.0,0.0
GUY,2024-10-01,0.0,0.0
HND,2024-10-01,0.0,0.009460967736686136
HRV,2024-10-01,0.0,0.0
HTI,2024-10-01,1.0,0.5832403954985818
HUN,2024-10-01,0.0,0.0
IDN,2024-10-01,0.0,0.03846694964182719
IND,2024-10-01,0.0,0.0049904796921986004
IRL,2024-10-01,0.0,0.0
IRN,2024-10-01,0.0,0.015
IRQ,2024-10-01,0.0,0.09673431869209366
ISL,2024-10-01,0.0,0.0
ISR,2024-10-01,0.0,0.06801255419915382
ITA,2024-10-01,0.0,0.0
JAM,2024-10-01,0.0,0.004720817857719589
JOR,2024-10-01,0.0,0.0
JPN,2024-10-01,0.0,0.0
KAZ,2024-10-01,0.0,0.007873537735719003
KEN,2024-10-01,0.0,0.003965193439338925
KGZ,2024-10-01,0.0,0.0
KHM,2024-10-01,0.0,0.0
KOR,2024-10-01,0.0,0.0
KWT,2024-10-01,0.0,0.0
LAO,2024-10-01,0.0,0.0
LBR,2024-10-01,0.0,0.0
LBY,2024-10-01,0.0,0.0
LKA,2024-10-01,0.0,0.0
LSO,2024-10-01,0.0,0.0
LTU,2024-10-01,0.0,0.0
LUX,2024-10-01,0.0,0.0
LVA,2024-10-01,0.0,0.0
MAR,2024-10-01,0.0,0.0
MDA,2024-10-01,0.0,0.0
MDG,2024-10-01,0.0,0.0
MDV,2024-10-01,0.0,0.0
MEX,2024-10-01,0.0,0.0
MKD,2024-10-01,0.0,0.0
MLI,2024-10-01,0.0,0.44022721069299386
MLT,2024-10-01,0.0,0.0
MNE,2024-10-01,0.0,0.0
MNG,2024-10-01,0.0,0.0
MOZ,2024-10-01,0.0,0.22372955065743533
MRT,2024-10-01,0.0,0.0
MUS,2024-10-01,0.0,0.0
MWI,2024-10-01,0.0,0.0
MYS,2024-10-01,0.0,0.0
NAM,2024-10-01,0.0,0.0
NER,2024-10-01,0.0,0.25086049804410354
NGA,2024-10-01,0.0,0.11148405094263662
NIC,2024-10-01,0.0,0.0
NLD,2024-10-01,0.0,0.0
NOR,2024-10-01,0.0,0.0
NPL,2024-10-01,0.0,0.0
NZL,2024-10-01,0.0,0.0
OMN,2024-10-01,0.0,0.0
PAK,2024-10-01,0.0,0.0038746281895411334
PAN,2024-10-01,0.0,0.0
PER,2024-10-01,0.0,0.004255453925962893
PHL,2024-10-01,0.0,0.2100995941848699
PNG,2024-10-01,0.0,0.00898767756822036
POL,2024-10-01,0.0,0.0
PRK,2024-10-01,0.0,0.0
PRT,2024-10-01,0.0,0.0
PRY,2024-10-01,0.0,0.0
PSE,2024-10-01,0.0,0.40498775437033124
QAT,2024-10-01,0.0,0.0
ROU,2024-10-01,0.0,0.0
RUS,2024-10-01,0.0,0.6103948212178009
RWA,2024-10-01,0.0,0.0
SAU,2024-10-01,0.0,0.0
SEN,2024-10-01,0.0,0.0
SGP,2024-10-01,0.0,0.0
SLB,2024-10-01,0.0,0.0
SLE,2024-10-01,0.0,0.0
SLV,2024-10-01,0.0,0.0
SOM,2024-10-01,0.0,0.45977694169012295
SRB,2024-10-01,0.0,0.0
SSD,2024-10-01,1.0,0.7515857604772382
STP,2024-10-01,0.0,0.0
SVK,2024-10-01,0.0,0.0
SVN,2024-10-01,0.0,0.0
SWE,2024-10-01,0.0,0.0
SWZ,2024-10-01,0.0,0.0
SYC,2024-10-01,0.0,0.0
SYR,2024-10-01,1.0,0.6186830084855878
TCD,2024-10-01,0.0,0.26961541974969094
TGO,2024-10-01,0.0,0.00453302798253775
THA,2024-10-01,0.0,0.005
TJK,2024-10-01,0.0,0.0
TKM,2024-10-01,0.0,0.0
TLS,2024-10-01,0.0,0.0
TON,2024-10-01,0.0,0.0
TTO,2024-10-01,0.0,0.009971547427494995
TUN,2024-10-01,0.0,0.0
TUR,2024-10-01,0.0,0.004629101805159687
TZA,2024-10-01,0.0,0.0
UGA,2024-10-01,0.0,0.004678682227803221
URY,2024-10-01,0.0,0.0
USA,2024-10-01,0.0,0.003316867112360131
UZB,2024-10-01,0.0,0.0
VEN,2024-10-01,0.0,0.009061491753695574
VNM,2024-10-01,0.0,0.0
VUT,2024-10-01,0.0,0.0
WSM,2024-10-01,0.0,0.0
YEM,2024-10-01,0.0,0.03305715649471424
ZAF,2024-10-01,0.0,0.004255453925962893
ZMB,2024-10-01,0.0,0.0
ZWE,2024-10-01,0.0,0.0
AFG,2024-11-01,0.0,0.062118936059709674
AGO,2024-11-01,0.0,0.0
ALB,2024-11-01,0.0,0.005
ARE,2024-11-01,0.0,0.0
ARG,2024-11-01,0.0,0.0
ARM,2024-11-01,0.0,0.0
AUS,2024-11-01,0.0,0.0
AUT,2024-11-01,0.0,0.0
AZE,2024-11-01,0.0,0.0
BDI,2024-11-01,0.0,0.004860821814050369
BEL,2024-11-01,0.0,0.0
BEN,2024-11-01,0.0,0.0
BGD,2024-11-01,0.0,0.019855415670489967
BGR,2024-11-01,0.0,0.0
BHR,2024-11-01,0.0,0.0
BHS,2024-11-01,0.0,0.0
BIH,2024-11-01,0.0,0.0
BLR,2024-11-01,0.0,0.0
BLZ,2024-11-01,0.0,0.0
BOL,2024-11-01,0.0,0.0
BRA,2024-11-01,0.0,0.00955797538915522
BRB,2024-11-01,0.0,0.0
BRN,2024-11-01,0.0,0.0
BTN,2024-11-01,0.0,0.0
BWA,2024-11-01,0.0,0.0
CAF,2024-11-01,0.0,0.25666709378212565
CAN,2024-11-01,0.0,0.0
CHE,2024-11-01,0.0,0.0
CHL,2024-11-01,0.0,0.0
CHN,2024-11-01,0.0,0.0
CIV,2024-11-01,0.0,0.0
CMR,2024-11-01,0.0,0.2864495048874318
COL,2024-11-01,1.0,0.014135954599318655
COM,2024-11-01,0.0,0.0
CRI,2024-11-01,0.0,0.0
CUB,2024-11-01,0.0,0.0
CYP,2024-11-01,0.0,0.0
CZE,2024-11-01,0.0,0.0
DEU,2024-11-01,0.0,0.0
DJI,2024-11-01,0.0,0.005
DNK,2024-11-01,0.0,0.0
DOM,2024-11-01,0.0,0.0
DZA,2024-11-01,0.0,0.0
ECU,2024-11-01,0.0,0.0835066594804583
EGY,2024-11-01,0.0,0.0
ERI,2024-11-01,0.0,0.0
ESP,2024-11-01,0.0,0.0
EST,2024-11-01,0.0,0.0
ETH,2024-11-01,0.0,0.4081028995918355
FIN,2024-11-01,0.0,0.0
FJI,2024-11-01,0.0,0.0
FRA,2024-11-01,0.0,0.0
GAB,2024-11-01,0.0,0.0
GBR,2024-11-01,0.0,0.0
GEO,2024-11-01,0.0,0.0
GHA,2024-11-01,0.0,0.0
GIN,2024-11-01,0.0,0.0
GMB,2024-11-01,0.0,0.0
GNB,2024-11-01,0.0,0.0
GNQ,2024-11-01,0.0,0.0
GRC,2024-11-01,0.0,0.0
GRD,2024-11-01,0.0,0.0
GTM,2024-11-01,0.0,0.0
GUY,2024-11-01,0.0,0.0
HND,2024-11-01,0.0,0.0
HRV,2024-11-01,0.0,0.0
HTI,2024-11-01,1.0,0.884495680651626
HUN,2024-11-01,0.0,0.0
IDN,2024-11-01,0.0,0.02324486610502182
IND,2024-11-01,0.0,0.014717500003013273
IRL,2024-11-01,0.0,0.0
IRN,2024-11-01,0.0,0.0
IRQ,2024-11-01,0.0,0.11840458294632962
ISL,2024-11-01,0.0,0.0
ISR,2024-11-01,0.0,0.048141932196147465
ITA,2024-11-01,0.0,0.0
JAM,2024-11-01,0.0,0.0
JOR,2024-11-01,0.0,0.0
JPN,2024-11-01,0.0,0.0
KAZ,2024-11-01,0.0,0.0
KEN,2024-11-01,0.0,0.00814485994889248
KGZ,2024-11-01,0.0,0.0
KHM,2024-11-01,0.0,0.0
KOR,2024-11-01,0.0,0.0
KWT,2024-11-01,0.0,0.0
LAO,2024-11-01,0.0,0.0
LBN,2024-11-01,1.0,0.47431954432504775
LBR,2024-11-01,0.0,0.0
LBY,2024-11-01,0.0,0.014696984889652548
LKA,2024-11-01,0.0,0.0
LSO,2024-11-01,0.0,0.0
LTU,2024-11-01,0.0,0.0
LUX,2024-11-01,0.0,0.0
LVA,2024-11-01,0.0,0.0
MAR,2024-11-01,0.0,0.0
MDA,2024-11-01,0.0,0.0
MDG,2024-11-01,0.0,0.0
MDV,2024-11-01,0.0,0.0
MEX,2024-11-01,0.0,0.009746320538421713
MKD,2024-11-01,0.0,0.0
MLI,2024-11-01,0.0,0.22926837451471258
MLT,2024-11-01,0.0,0.0
MNE,2024-11-01,0.0,0.0
MNG,2024-11-01,0.0,0.0
MOZ,2024-11-01,0.0,0.6905654374367254
MRT,2024-11-01,0.0,0.0
MUS,2024-11-01,0.0,0.0
MWI,2024-11-01,0.0,0.0
MYS,2024-11-01,0.0,0.0
NAM,2024-11-01,0.0,0.0
NER,2024-11-01,0.0,0.6587479192695425
NGA,2024-11-01,0.0,0.04390428093448517
NIC,2024-11-01,0.0,0.0
NLD,2024-11-01,0.0,0.0
NOR,2024-11-01,0.0,0.0
NPL,2024-11-01,0.0,0.0
NZL,2024-11-01,0.0,0.0
OMN,2024-11-01,0.0,0.0
PAK,2024-11-01,0.0,0.01376977658907285
PAN,2024-11-01,0.0,0.0
PER,2024-11-01,0.0,0.0030676386233269575
PHL,2024-11-01,0.0,0.09352494414444648
PNG,2024-11-01,0.0,0.014513222447613492
POL,2024-11-01,0.0,0.0
PRK,2024-11-01,0.0,0.0
PRT,2024-11-01,0.0,0.0
PRY,2024-11-01,0.0,0.0
PSE,2024-11-01,0.0,0.5397462144707256
QAT,2024-11-01,0.0,0.0
ROU,2024-11-01,0.0,0.0
RUS,2024-11-01,0.0,0.6254657881778243
RWA,2024-11-01,0.0,0.0
SAU,2024-11-01,0.0,0.0
SEN,2024-11-01,0.0,0.0
SGP,2024-11-01,0.0,0.0
SLB,2024-11-01,0.0,0.0
SLE,2024-11-01,0.0,0.0
SLV,2024-11-01,0.0,0.0
SOM,2024-11-01,1.0,0.5858995223729822
SRB,2024-11-01,0.0,0.0
SSD,2024-11-01,1.0,0.6706953329063531
STP,2024-11-01,0.0,0.0
SVK,2024-11-01,0.0,0.0
SVN,2024-11-01,0.0,0.0
SWE,2024-11-01,0.0,0.0
SWZ,2024-11-01,0.0,0.0
SYC,2024-11-01,0.0,0.0
TCD,2024-11-01,0.0,0.14322648622639117
TGO,2024-11-01,0.0,0.0
THA,2024-11-01,0.0,0.0
TJK,2024-11-01,0.0,0.0
TKM,2024-11-01,0.0,0.0
TLS,2024-11-01,0.0,0.0
TON,2024-11-01,0.0,0.0
TTO,2024-11-01,0.0,0.0
TUN,2024-11-01,0.0,0.0
TUR,2024-11-01,0.0,0.0
TZA,2024-11-01,0.0,0.0
UGA,2024-11-01,0.0,0.0
UKR,2024-11-01,0.0,0.7207106795184646
URY,2024-11-01,0.0,0.0
USA,2024-11-01,0.0,0.0
UZB,2024-11-01,0.0,0.0
VEN,2024-11-01,0.0,0.00877107041263677
VNM,2024-11-01,0.0,0.0
VUT,2024-11-01,0.0,0.0
WSM,2024-11-01,0.0,0.0
YEM,2024-11-01,0.0,0.04289344551833115
ZAF,2024-11-01,0.0,0.01242469400697402
ZMB,2024-11-01,0.0,0.0
ZWE,2024-11-01,0.0,0.0
AFG,2024-12-01,0.0,0.084997606133748
AGO,2024-12-01,0.0,0.0
ALB,2024-12-01,0.0,0.0
ARE,2024-12-01,0.0,0.0
ARG,2024-12-01,0.0,0.0
ARM,2024-12-01,0.0,0.0
AUS,2024-12-01,0.0,0.0
AUT,2024-12-01,0.0,0.0
AZE,2024-12-01,0.0,0.0
BDI,2024-12-01,0.0,0.0
BEL,2024-12-01,0.0,0.0
BEN,2024-12-01,0.0,0.0
BGD,2024-12-01,0.0,0.02
BGR,2024-12-01,0.0,0.0
BHR,2024-12-01,0.0,0.0
BHS,2024-12-01,0.0,0.0
BIH,2024-12-01,0.0,0.0
BLR,2024-12-01,0.0,0.0
BLZ,2024-12-01,0.0,0.0
BOL,2024-12-01,0.0,0.0
BRA,2024-12-01,0.0,0.02225070931820962
BRB,2024-12-01,0.0,0.0
BRN,2024-12-01,0.0,0.0
BTN,2024-12-01,0.0,0.0
BWA,2024-12-01,0.0,0.0
CAF,2024-12-01,0.0,0.32971904791549184
CAN,2024-12-01,0.0,0.0
CHE,2024-12-01,0.0,0.0
CHL,2024-12-01,0.0,0.0
CHN,2024-12-01,0.0,0.0
CIV,2024-12-01,0.0,0.0
CMR,2024-12-01,0.0,0.11591929018711003
COL,2024-12-01,1.0,0.07711199415934526
COM,2024-12-01,0.0,0.0
CRI,2024-12-01,0.0,0.0
CUB,2024-12-01,0.0,0.0
CYP,2024-12-01,0.0,0.0
CZE,2024-12-01,0.0,0.0
DEU,2024-12-01,0.0,0.0
DJI,2024-12-01,0.0,0.0
DNK,2024-12-01,0.0,0.0
DOM,2024-12-01,0.0,0.0
DZA,2024-12-01,0.0,0.0
ECU,2024-12-01,0.0,0.06523080554133472
EGY,2024-12-01,0.0,0.0
ERI,2024-12-01,0.0,0.0
ESP,2024-12-01,0.0,0.0
EST,2024-12-01,0.0,0.0
ETH,2024-12-01,0.0,0.4117495315095119
FIN,2024-12-01,0.0,0.0
FJI,2024-12-01,0.0,0.0
FRA,2024-12-01,0.0,0.0
GAB,2024-12-01,0.0,0.0
GBR,2024-12-01,0.0,0.0
GEO,2024-12-01,0.0,0.0
GHA,2024-12-01,0.0,0.009636285836542576
GIN,2024-12-01,0.0,0.0
GMB,2024-12-01,0.0,0.0
GNB,2024-12-01,0.0,0.0
GNQ,2024-12-01,0.0,0.0
GRC,2024-12-01,0.0,0.0
GRD,2024-12-01,0.0,0.0
GTM,2024-12-01,0.0,0.0
GUY,2024-12-01,0.0,0.0
HND,2024-12-01,0.0,0.009459765383823832
HRV,2024-12-01,0.0,0.0
HUN,2024-12-01,0.0,0.0
IDN,2024-12-01,0.0,0.048616296619881184
IND,2024-12-01,0.0,0.009952388207511235
IRL,2024-12-01,0.0,0.0
IRN,2024-12-01,0.0,0.01
IRQ,2024-12-01,0.0,0.17559449664277313
ISL,2024-12-01,0.0,0.0
ISR,2024-12-01,0.0,0.042654510442867506
ITA,2024-12-01,0.0,0.0
JAM,2024-12-01,0.0,0.0
JOR,2024-12-01,0.0,0.0
JPN,2024-12-01,0.0,0.0
KAZ,2024-12-01,0.0,0.0
KEN,2024-12-01,0.0,0.006897637316029614
KGZ,2024-12-01,0.0,0.0
KHM,2024-12-01,0.0,0.0
KOR,2024-12-01,0.0,0.0
KWT,2024-12-01,0.0,0.0
LAO,2024-12-01,0.0,0.0
LBN,2024-12-01,1.0,0.27914941238349017
LBR,2024-12-01,0.0,0.0
LBY,2024-12-01,0.0,0.005
LKA,2024-12-01,0.0,0.0
LSO,2024-12-01,0.0,0.0
LTU,2024-12-01,0.0,0.0
LUX,2024-12-01,0.0,0.0
LVA,2024-12-01,0.0,0.0
MAR,2024-12-01,0.0,0.0
MDA,2024-12-01,0.0,0.0
MDG,2024-12-01,0.0,0.0
MDV,2024-12-01,0.0,0.0
MEX,2024-12-01,0.0,0.009920526793823796
MKD,2024-12-01,0.0,0.0
MLI,2024-12-01,0.0,0.12201631756003511
MLT,2024-12-01,0.0,0.0
MMR,2024-12-01,0.0,0.4799201984235611
MNE,2024-12-01,0.0,0.0
MNG,2024-12-01,0.0,0.0
MOZ,2024-12-01,0.0,0.442530340412414
MRT,2024-12-01,0.0,0.0
MUS,2024-12-01,0.0,0.0
MWI,2024-12-01,0.0,0.0
MYS,2024-12-01,0.0,0.0
NAM,2024-12-01,0.0,0.0
NER,2024-12-01,0.0,0.3740243602337224
NGA,2024-12-01,0.0,0.181099810013008
NIC,2024-12-01,0.0,0.0
NLD,2024-12-01,0.0,0.0
NOR,2024-12-01,0.0,0.0
NPL,2024-12-01,0.0,0.0
NZL,2024-12-01,0.0,0.0
OMN,2024-12-01,0.0,0.0
PAK,2024-12-01,0.0,0.04217689232464855
PAN,2024-12-01,0.0,0.0
PER,2024-12-01,0.0,0.0
PHL,2024-12-01,0.0,0.11827357638204339
PNG,2024-12-01,0.0,0.0
POL,2024-12-01,0.0,0.0
PRK,2024-12-01,0.0,0.0
PRT,2024-12-01,0.0,0.0
PRY,2024-12-01,0.0,0.0
PSE,2024-12-01,0.0,0.6417331015011912
QAT,2024-12-01,0.0,0.0
ROU,2024-12-01,0.0,0.0
RUS,2024-12-01,0.0,0.40161596299495594
RWA,2024-12-01,0.0,0.0
SAU,2024-12-01,0.0,0.0
SEN,2024-12-01,0.0,0.0
SGP,2024-12-01,0.0,0.0
SLB,2024-12-01,0.0,0.0
SLE,2024-12-01,0.0,0.0
SLV,2024-12-01,0.0,0.0
SOM,2024-12-01,1.0,0.9474341964370301
SRB,2024-12-01,0.0,0.0
STP,2024-12-01,0.0,0.0
SVK,2024-12-01,0.0,0.0
SVN,2024-12-01,0.0,0.0
SWE,2024-12-01,0.0,0.0
SWZ,2024-12-01,0.0,0.0
SYC,2024-12-01,0.0,0.0
SYR,2024-12-01,0.0,0.32775036585076445
TCD,2024-12-01,0.0,0.07496389917620329
TGO,2024-12-01,0.0,0.0
THA,2024-12-01,0.0,0.0
TJK,2024-12-01,0.0,0.0
TKM,2024-12-01,0.0,0.0
TLS,2024-12-01,0.0,0.0
TON,2024-12-01,0.0,0.0
TTO,2024-12-01,0.0,0.004459765383823833
TUN,2024-12-01,0.0,0.0
TUR,2024-12-01,0.0,0.0
TZA,2024-12-01,0.0,0.0
UGA,2024-12-01,0.0,0.0
UKR,2024-12-01,0.0,0.4537039895069752
URY,2024-12-01,0.0,0.0
USA,2024-12-01,0.0,0.0
UZB,2024-12-01,0.0,0.0
VEN,2024-12-01,0.0,0.004774429779465758
VNM,2024-12-01,0.0,0.0
VUT,2024-12-01,0.0,0.0
WSM,2024-12-01,0.0,0.0
YEM,2024-12-01,0.0,0.02862363087057557
ZAF,2024-12-01,0.0,0.0
ZMB,2024-12-01,0.0,0.0
ZWE,2024-12-01,0.0,0.0
AFG,2025-01-01,0.0,0.06919117825454929
AGO,2025-01-01,0.0,0.0
ALB,2025-01-01,0.0,0.0
ARE,2025-01-01,0.0,0.0
ARG,2025-01-01,0.0,0.0
ARM,2025-01-01,0.0,0.0
AUS,2025-01-01,0.0,0.0
AUT,2025-01-01,0.0,0.0
AZE,2025-01-01,0.0,0.0
BDI,2025-01-01,0.0,0.00443258800461167
BEL,2025-01-01,0.0,0.0
BEN,2025-01-01,0.0,0.0
BGD,2025-01-01,0.0,0.014269522921989632
BGR,2025-01-01,0.0,0.0
BHR,2025-01-01,0.0,0.0
BHS,2025-01-01,0.0,0.0
BIH,2025-01-01,0.0,0.0
BLR,2025-01-01,0.0,0.0
BLZ,2025-01-01,0.0,0.0
BOL,2025-01-01,0.0,0.0
BRA,2025-01-01,0.0,0.004644633346266446
BRB,2025-01-01,0.0,0.0
BRN,2025-01-01,0.0,0.0
BTN,2025-01-01,0.0,0.0
BWA,2025-01-01,0.0,0.0
CAF,2025-01-01,0.0,0.7654185045912896
CAN,2025-01-01,0.0,0.0
CHE,2025-01-01,0.0,0.0
CHL,2025-01-01,0.0,0.0
CHN,2025-01-01,0.0,0.0
CIV,2025-01-01,0.0,0.0
CMR,2025-01-01,0.0,0.46410493358197996
COM,2025-01-01,0.0,0.0
CRI,2025-01-01,0.0,0.0
CUB,2025-01-01,0.0,0.0
CYP,2025-01-01,0.0,0.0
CZE,2025-01-01,0.0,0.0
DEU,2025-01-01,0.0,0.0
DJI,2025-01-01,0.0,0.0
DNK,2025-01-01,0.0,0.0
DOM,2025-01-01,0.0,0.0
DZA,2025-01-01,0.0,0.0
ECU,2025-01-01,0.0,0.0536314167495516
EGY,2025-01-01,0.0,0.0
ERI,2025-01-01,0.0,0.0
ESP,2025-01-01,0.0,0.0
EST,2025-01-01,0.0,0.0
ETH,2025-01-01,0.0,0.7044782912846039
FIN,2025-01-01,0.0,0.0
FJI,2025-01-01,0.0,0.0
FRA,2025-01-01,0.0,0.0
GAB,2025-01-01,0.0,0.0
GBR,2025-01-01,0.0,0.0
GEO,2025-01-01,0.0,0.0
GHA,2025-01-01,0.0,0.0
GIN,2025-01-01,0.0,0.0
GMB,2025-01-01,0.0,0.0
GNB,2025-01-01,0.0,0.0
GNQ,2025-01-01,0.0,0.0
GRC,2025-01-01,0.0,0.0
GRD,2025-01-01,0.0,0.0
GTM,2025-01-01,0.0,0.0
GUY,2025-01-01,0.0,0.0
HND,2025-01-01,0.0,0.0
HRV,2025-01-01,0.0,0.0
HTI,2025-01-01,1.0,0.5091319811365282
HUN,2025-01-01,0.0,0.0
IDN,2025-01-01,0.0,0.03889518760316437
IND,2025-01-01,0.0,0.006642545830075339
IRL,2025-01-01,0.0,0.0
IRN,2025-01-01,0.0,0.005
IRQ,2025-01-01,0.0,0.2605172976648404
ISL,2025-01-01,0.0,0.0
ISR,2025-01-01,0.0,0.06392520277735073
ITA,2025-01-01,0.0,0.0
JAM,2025-01-01,0.0,0.0
JOR,2025-01-01,0.0,0.0
JPN,2025-01-01,0.0,0.0
KAZ,2025-01-01,0.0,0.0
KEN,2025-01-01,0.0,0.009613513117547504
KGZ,2025-01-01,0.0,0.0
KHM,2025-01-01,0.0,0.0
KOR,2025-01-01,0.0,0.0
KWT,2025-01-01,0.0,0.0
LAO,2025-01-01,0.0,0.0
LBN,2025-01-01,0.0,0.43387273980169233
LBR,2025-01-01,0.0,0.0
LBY,2025-01-01,0.0,0.01341415961210675
LKA,2025-01-01,0.0,0.0
LSO,2025-01-01,0.0,0.0
LTU,2025-01-01,0.0,0.0
LUX,2025-01-01,0.0,0.0
LVA,2025-01-01,0.0,0.0
MAR,2025-01-01,0.0,0.0
MDA,2025-01-01,0.0,0.0
MDG,2025-01-01,0.0,0.0
MDV,2025-01-01,0.0,0.0
MEX,2025-01-01,0.0,0.0241545463607654
MKD,2025-01-01,0.0,0.0
MLI,2025-01-01,0.0,0.6375950012984483
MLT,2025-01-01,0.0,0.0
MMR,2025-01-01,0.0,0.5253786392110533
MNE,2025-01-01,0.0,0.0
MNG,2025-01-01,0.0,0.0
MOZ,2025-01-01,0.0,0.49371777358647867
MRT,2025-01-01,0.0,0.0
MUS,2025-01-01,0.0,0.0
MWI,2025-01-01,0.0,0.0
MYS,2025-01-01,0.0,0.0
NAM,2025-01-01,0.0,0.0
NER,2025-01-01,0.0,0.7856348270971302
NGA,2025-01-01,0.0,0.11022387545804817
NIC,2025-01-01,0.0,0.0
NLD,2025-01-01,0.0,0.0
NOR,2025-01-01,0.0,0.0
NPL,2025-01-01,0.0,0.0
NZL,2025-01-01,0.0,0.0
OMN,2025-01-01,0.0,0.0
PAK,2025-01-01,0.0,0.03739496725536355
PAN,2025-01-01,0.0,0.0
PER,2025-01-01,0.0,0.00916588683370105
PHL,2025-01-01,0.0,0.044798076717090726
PNG,2025-01-01,0.0,0.009867004169957696
POL,2025-01-01,0.0,0.0
PRK,2025-01-01,0.0,0.0
PRT,2025-01-01,0.0,0.0
PRY,2025-01-01,0.0,0.0
PSE,2025-01-01,1.0,0.29016782401051977
QAT,2025-01-01,0.0,0.0
ROU,2025-01-01,0.0,0.0
RUS,2025-01-01,0.0,0.3195334545413653
RWA,2025-01-01,0.0,0.0
SAU,2025-01-01,0.0,0.0
SEN,2025-01-01,0.0,0.0
SGP,2025-01-01,0.0,0.0
SLB,2025-01-01,0.0,0.0
SLE,2025-01-01,0.0,0.0
SLV,2025-01-01,0.0,0.0
SRB,2025-01-01,0.0,0.0
STP,2025-01-01,0.0,0.0
SVK,2025-01-01,0.0,0.0
SVN,2025-01-01,0.0,0.0
SWE,2025-01-01,0.0,0.0
SWZ,2025-01-01,0.0,0.0
SYC,2025-01-01,0.0,0.0
SYR,2025-01-01,0.0,0.2872059889624833
TCD,2025-01-01,0.0,0.11739612155271073
TGO,2025-01-01,0.0,0.0
THA,2025-01-01,0.0,0.0
TJK,2025-01-01,0.0,0.0
TKM,2025-01-01,0.0,0.0
TLS,2025-01-01,0.0,0.0
TON,2025-01-01,0.0,0.0
TTO,2025-01-01,0.0,0.005
TUN,2025-01-01,0.0,0.0
TUR,2025-01-01,0.0,0.0
TZA,2025-01-01,0.0,0.0
UGA,2025-01-01,0.0,0.0
UKR,2025-01-01,0.0,0.35034985903830956
URY,2025-01-01,0.0,0.0
USA,2025-01-01,0.0,0.0
UZB,2025-01-01,0.0,0.0
VEN,2025-01-01,0.0,0.004896259388711237
VNM,2025-01-01,0.0,0.0
VUT,2025-01-01,0.0,0.0
WSM,2025-01-01,0.0,0.0
YEM,2025-01-01,0.0,0.02257595764909761
ZAF,2025-01-01,0.0,0.0
ZMB,2025-01-01,0.0,0.0
ZWE,2025-01-01,0.0,0.0
AFG,2025-02-01,0.0,0.24283181279218735
AGO,2025-02-01,0.0,0.0
ALB,2025-02-01,0.0,0.0
ARE,2025-02-01,0.0,0.0
ARG,2025-02-01,0.0,0.0
ARM,2025-02-01,0.0,0.0
AUS,2025-02-01,0.0,0.0
AUT,2025-02-01,0.0,0.0
AZE,2025-02-01,0.0,0.0
BDI,2025-02-01,0.0,0.0
BEL,2025-02-01,0.0,0.0
BEN,2025-02-01,0.0,0.009079661310780772
BGD,2025-02-01,0.0,0.004970555348490496
BGR,2025-02-01,0.0,0.0
BHR,2025-02-01,0.0,0.0
BHS,2025-02-01,0.0,0.0
BIH,2025-02-01,0.0,0.0
BLR,2025-02-01,0.0,0.0
BLZ,2025-02-01,0.0,0.0
BOL,2025-02-01,0.0,0.0
BRA,2025-02-01,0.0,0.022049702890877012
BRB,2025-02-01,0.0,0.0
BRN,2025-02-01,0.0,0.0
BTN,2025-02-01,0.0,0.0
BWA,2025-02-01,0.0,0.0
CAF,2025-02-01,0.0,0.8351922137523061
CAN,2025-02-01,0.0,0.0
CHE,2025-02-01,0.0,0.0
CHL,2025-02-01,0.0,0.0
CHN,2025-02-01,0.0,0.0
CIV,2025-02-01,0.0,0.0
CMR,2025-02-01,0.0,0.501523250233531
COL,2025-02-01,0.0,0.42272148264768716
COM,2025-02-01,0.0,0.0
CRI,2025-02-01,0.0,0.0
CUB,2025-02-01,0.0,0.0
CYP,2025-02-01,0.0,0.0
CZE,2025-02-01,0.0,0.0
DEU,2025-02-01,0.0,0.0
DJI,2025-02-01,0.0,0.0
DNK,2025-02-01,0.0,0.0
DOM,2025-02-01,0.0,0.0
DZA,2025-02-01,0.0,0.0
ECU,2025-02-01,0.0,0.11215079429089675
EGY,2025-02-01,0.0,0.0
ERI,2025-02-01,0.0,0.0
ESP,2025-02-01,0.0,0.0
EST,2025-02-01,0.0,0.0
ETH,2025-02-01,0.0,0.40387594270113103
FIN,2025-02-01,0.0,0.0
FJI,2025-02-01,0.0,0.0
FRA,2025-02-01,0.0,0.0
GAB,2025-02-01,0.0,0.0
GBR,2025-02-01,0.0,0.0
GEO,2025-02-01,0.0,0.0
GHA,2025-02-01,0.0,0.0
GIN,2025-02-01,0.0,0.0
GMB,2025-02-01,0.0,0.0
GNB,2025-02-01,0.0,0.0
GNQ,2025-02-01,0.0,0.0
GRC,2025-02-01,0.0,0.0
GRD,2025-02-01,0.0,0.0
GTM,2025-02-01,0.0,0.0
GUY,2025-02-01,0.0,0.0
HND,2025-02-01,0.0,0.0
HRV,2025-02-01,0.0,0.0
HTI,2025-02-01,1.0,0.901311138433573
HUN,2025-02-01,0.0,0.0
IDN,2025-02-01,0.0,0.02966728919905673
IND,2025-02-01,0.0,0.009691222913604955
IRL,2025-02-01,0.0,0.0
IRN,2025-02-01,0.0,0.01325384011063824
IRQ,2025-02-01,0.0,0.10258126863794712
ISL,2025-02-01,0.0,0.0
ISR,2025-02-01,0.0,0.023845790876119582
ITA,2025-02-01,0.0,0.0
JAM,2025-02-01,0.0,0.003338674143801322
JOR,2025-02-01,0.0,0.0
JPN,2025-02-01,0.0,0.0
KAZ,2025-02-01,0.0,0.0
KEN,2025-02-01,0.0,0.0
KGZ,2025-02-01,0.0,0.0
KHM,2025-02-01,0.0,0.0
KOR,2025-02-01,0.0,0.0
KWT,2025-02-01,0.0,0.0
LAO,2025-02-01,0.0,0.0
LBN,2025-02-01,0.0,0.5818845107646805
LBR,2025-02-01,0.0,0.0
LBY,2025-02-01,0.0,0.005
LKA,2025-02-01,0.0,0.0
LSO,2025-02-01,0.0,0.0
LTU,2025-02-01,0.0,0.0
LUX,2025-02-01,0.0,0.0
LVA,2025-02-01,0.0,0.0
MAR,2025-02-01,0.0,0.0
MDA,2025-02-01,0.0,0.0
MDG,2025-02-01,0.0,0.0
MDV,2025-02-01,0.0,0.0
MEX,2025-02-01,0.0,0.0342482468247369
MKD,2025-02-01,0.0,0.0
MLI,2025-02-01,0.0,0.8874999909507711
MLT,2025-02-01,0.0,0.0
MMR,2025-02-01,0.0,0.4105869388243725
MNE,2025-02-01,0.0,0.0
MNG,2025-02-01,0.0,0.0
MOZ,2025-02-01,0.0,0.7109105471657192
MRT,2025-02-01,0.0,0.0
MUS,2025-02-01,0.0,0.0
MWI,2025-02-01,0.0,0.0
MYS,2025-02-01,0.0,0.0
NAM,2025-02-01,0.0,0.0
NER,2025-02-01,0.0,0.8227886033671409
NGA,2025-02-01,0.0,0.1728468174364383
NIC,2025-02-01,0.0,0.0
NLD,2025-02-01,0.0,0.0
NOR,2025-02-01,0.0,0.0
NPL,2025-02-01,0.0,0.0
NZL,2025-02-01,0.0,0.0
OMN,2025-02-01,0.0,0.0
PAK,2025-02-01,0.0,0.041343612101840205
PAN,2025-02-01,0.0,0.0
PER,2025-02-01,0.0,0.0
PHL,2025-02-01,0.0,0.017948966335185085
PNG,2025-02-01,0.0,0.008189712318466432
POL,2025-02-01,0.0,0.0
PRK,2025-02-01,0.0,0.0
PRT,2025-02-01,0.0,0.0
PRY,2025-02-01,0.0,0.0
PSE,2025-02-01,1.0,0.06917712702007885
QAT,2025-02-01,0.0,0.0
ROU,2025-02-01,0.0,0.0
RUS,2025-02-01,0.0,0.3364715033050753
RWA,2025-02-01,0.0,0.0
SAU,2025-02-01,0.0,0.0
SEN,2025-02-01,0.0,0.0
SGP,2025-02-01,0.0,0.0
SLB,2025-02-01,0.0,0.0
SLE,2025-02-01,0.0,0.0
SLV,2025-02-01,0.0,0.0
SRB,2025-02-01,0.0,0.0
STP,2025-02-01,0.0,0.0
SVK,2025-02-01,0.0,0.0
SVN,2025-02-01,0.0,0.0
SWE,2025-02-01,0.0,0.0
SWZ,2025-02-01,0.0,0.0
SYC,2025-02-01,0.0,0.0
SYR,2025-02-01,0.0,0.4168724801464952
TCD,2025-02-01,0.0,0.022237274395521093
TGO,2025-02-01,0.0,0.0
THA,2025-02-01,0.0,0.0
TJK,2025-02-01,0.0,0.0
TKM,2025-02-01,0.0,0.0
TLS,2025-02-01,0.0,0.0
TON,2025-02-01,0.0,0.0
TTO,2025-02-01,0.0,0.0
TUN,2025-02-01,0.0,0.0
TUR,2025-02-01,0.0,0.0
TZA,2025-02-01,0.0,0.0
UGA,2025-02-01,0.0,0.0
UKR,2025-02-01,0.0,0.2195688719937492
URY,2025-02-01,0.0,0.0
USA,2025-02-01,0.0,0.0
UZB,2025-02-01,0.0,0.0
VEN,2025-02-01,0.0,0.002025024295432459
VNM,2025-02-01,0.0,0.0
VUT,2025-02-01,0.0,0.0
WSM,2025-02-01,0.0,0.0
YEM,2025-02-01,0.0,0.012970762368453268
ZAF,2025-02-01,0.0,0.0
ZMB,2025-02-01,0.0,0.0
ZWE,2025-02-01,0.0,0.0
AFG,2025-03-01,0.0,0.2808337351776949
AGO,2025-03-01,0.0,0.0
ALB,2025-03-01,0.0,0.0
ARE,2025-03-01,0.0,0.0
ARG,2025-03-01,0.0,0.0
ARM,2025-03-01,0.0,0.003681659557968197
AUS,2025-03-01,0.0,0.0
AUT,2025-03-01,0.0,0.0
AZE,2025-03-01,0.0,0.0
BDI,2025-03-01,0.0,0.01424979092063119
BEL,2025-03-01,0.0,0.0
BEN,2025-03-01,0.0,0.004145383104125739
BGD,2025-03-01,0.0,0.0043227862508536255
BGR,2025-03-01,0.0,0.0
BHR,2025-03-01,0.0,0.0
BHS,2025-03-01,0.0,0.0
BIH,2025-03-01,0.0,0.0
BLR,2025-03-01,0.0,0.0
BLZ,2025-03-01,0.0,0.0
BOL,2025-03-01,0.0,0.0
BRA,2025-03-01,0.0,0.00491268917345751
BRB,2025-03-01,0.0,0.0
BRN,2025-03-01,0.0,0.0
BTN,2025-03-01,0.0,0.0
BWA,2025-03-01,0.0,0.0
CAF,2025-03-01,0.0,0.6441358134072995
CAN,2025-03-01,0.0,0.0
CHE,2025-03-01,0.0,0.0
CHL,2025-03-01,0.0,0.0
CHN,2025-03-01,0.0,0.0
CIV,2025-03-01,0.0,0.0
CMR,2025-03-01,0.0,0.5984801007618917
COL,2025-03-01,0.0,0.5924425702296938
COM,2025-03-01,0.0,0.0
CRI,2025-03-01,0.0,0.0
CUB,2025-03-01,0.0,0.0
CYP,2025-03-01,0.0,0.0
CZE,2025-03-01,0.0,0.0
DEU,2025-03-01,0.0,0.0
DJI,2025-03-01,0.0,0.0
DNK,2025-03-01,0.0,0.0
DOM,2025-03-01,0.0,0.0
DZA,2025-03-01,0.0,0.0
ECU,2025-03-01,0.0,0.043756197934551634
EGY,2025-03-01,0.0,0.0
ERI,2025-03-01,0.0,0.0
ESP,2025-03-01,0.0,0.0
EST,2025-03-01,0.0,0.0
ETH,2025-03-01,1.0,0.8902910106546158
FIN,2025-03-01,0.0,0.0
FJI,2025-03-01,0.0,0.0
FRA,2025-03-01,0.0,0.0
GAB,2025-03-01,0.0,0.0
GBR,2025-03-01,0.0,0.0
GEO,2025-03-01,0.0,0.0
GHA,2025-03-01,0.0,0.00933710174717368
GIN,2025-03-01,0.0,0.0
GMB,2025-03-01,0.0,0.0
GNB,2025-03-01,0.0,0.0
GNQ,2025-03-01,0.0,0.0
GRC,2025-03-01,0.0,0.0
GRD,2025-03-01,0.0,0.0
GTM,2025-03-01,0.0,0.003681659557968197
GUY,2025-03-01,0.0,0.0
HND,2025-03-01,0.0,0.003681659557968197
HRV,2025-03-01,0.0,0.0
HUN,2025-03-01,0.0,0.0
IDN,2025-03-01,0.0,0.016534644250955813
IND,2025-03-01,1.0,0.0
IRL,2025-03-01,0.0,0.0
IRN,2025-03-01,0.0,0.004727912932138287
IRQ,2025-03-01,0.0,0.10749301623776822
ISL,2025-03-01,0.0,0.0
ISR,2025-03-01,0.0,0.06161055242998352
ITA,2025-03-01,0.0,0.0
JAM,2025-03-01,0.0,0.0
JOR,2025-03-01,0.0,0.0
JPN,2025-03-01,0.0,0.0
KAZ,2025-03-01,0.0,0.0
KEN,2025-03-01,0.0,0.009506736976359507
KGZ,2025-03-01,0.0,0.0
KHM,2025-03-01,0.0,0.0
KOR,2025-03-01,0.0,0.0
KWT,2025-03-01,0.0,0.0
LAO,2025-03-01,0.0,0.0
LBN,2025-03-01,0.0,0.6401263781759065
LBR,2025-03-01,0.0,0.0
LBY,2025-03-01,0.0,0.0
LKA,2025-03-01,0.0,0.0
LSO,2025-03-01,0.0,0.0
LTU,2025-03-01,0.0,0.0
LUX,2025-03-01,0.0,0.0
LVA,2025-03-01,0.0,0.0
MAR,2025-03-01,0.0,0.0075207616698205
MDA,2025-03-01,0.0,0.0
MDG,2025-03-01,0.0,0.0
MDV,2025-03-01,0.0,0.0
MEX,2025-03-01,0.0,0.019961987945615333
MKD,2025-03-01,0.0,0.0
MLI,2025-03-01,0.0,0.9179074331947297
MLT,2025-03-01,0.0,0.0
MMR,2025-03-01,0.0,0.2737166172773691
MNE,2025-03-01,0.0,0.0
MNG,2025-03-01,0.0,0.0
MOZ,2025-03-01,0.0,0.334978089413282
MRT,2025-03-01,0.0,0.0
MUS,2025-03-01,0.0,0.0
MWI,2025-03-01,0.0,0.0
MYS,2025-03-01,0.0,0.005
NAM,2025-03-01,0.0,0.0
NER,2025-03-01,0.0,0.7417532781453094
NGA,2025-03-01,1.0,0.5786742094548786
NIC,2025-03-01,0.0,0.0
NLD,2025-03-01,0.0,0.0
NOR,2025-03-01,0.0,0.0
NPL,2025-03-01,0.0,0.0
NZL,2025-03-01,0.0,0.0
OMN,2025-03-01,0.0,0.0
PAK,2025-03-01,0.0,0.4182394348562481
PAN,2025-03-01,0.0,0.0
PER,2025-03-01,0.0,0.0
PHL,2025-03-01,0.0,0.41998371130188494
PNG,2025-03-01,0.0,0.017873168451444627
POL,2025-03-01,0.0,0.0
PRK,2025-03-01,0.0,0.0
PRT,2025-03-01,0.0,0.0
PRY,2025-03-01,0.0,0.0
QAT,2025-03-01,0.0,0.0
ROU,2025-03-01,0.0,0.0
RUS,2025-03-01,0.0,0.0676125908742367
RWA,2025-03-01,0.0,0.0
SAU,2025-03-01,0.0,0.0
SEN,2025-03-01,0.0,0.0
SGP,2025-03-01,0.0,0.0
SLB,2025-03-01,0.0,0.0
SLE,2025-03-01,0.0,0.0
SLV,2025-03-01,0.0,0.0
SRB,2025-03-01,0.0,0.0
STP,2025-03-01,0.0,0.0
SVK,2025-03-01,0.0,0.0
SVN,2025-03-01,0.0,0.0
SWE,2025-03-01,0.0,0.0
SWZ,2025-03-01,0.0,0.0
SYC,2025-03-01,0.0,0.0
SYR,2025-03-01,0.0,0.3148114920101771
TCD,2025-03-01,0.0,0.03176059608341891
TGO,2025-03-01,0.0,0.0
THA,2025-03-01,0.0,0.0
TJK,2025-03-01,0.0,0.0
TKM,2025-03-01,0.0,0.0
TLS,2025-03-01,0.0,0.0
TON,2025-03-01,0.0,0.0
TTO,2025-03-01,0.0,0.0
TUN,2025-03-01,0.0,0.0
TUR,2025-03-01,0.0,0.0
TZA,2025-03-01,0.0,0.0
UGA,2025-03-01,0.0,0.007552996075665139
UKR,2025-03-01,0.0,0.24896455643299448
URY,2025-03-01,0.0,0.0
USA,2025-03-01,0.0,0.0
UZB,2025-03-01,0.0,0.0
VEN,2025-03-01,0.0,0.00799953131785906
VNM,2025-03-01,0.0,0.0
VUT,2025-03-01,0.0,0.0
WSM,2025-03-01,0.0,0.0
YEM,2025-03-01,0.0,0.013897635212753428
ZAF,2025-03-01,0.0,0.0
ZMB,2025-03-01,0.0,0.0
ZWE,2025-03-01,0.0,0.0
AFG,2025-04-01,0.0,0.3521724414762721
AGO,2025-04-01,0.0,0.0
ALB,2025-04-01,0.0,0.0
ARE,2025-04-01,0.0,0.0
ARG,2025-04-01,0.0,0.0
ARM,2025-04-01,0.0,0.0
AUS,2025-04-01,0.0,0.0
AUT,2025-04-01,0.0,0.0
AZE,2025-04-01,0.0,0.0
BDI,2025-04-01,0.0,0.01
BEL,2025-04-01,0.0,0.0
BEN,2025-04-01,0.0,0.019021183440203274
BGD,2025-04-01,0.0,0.0
BGR,2025-04-01,0.0,0.0
BHR,2025-04-01,0.0,0.0
BHS,2025-04-01,0.0,0.0
BIH,2025-04-01,0.0,0.0
BLR,2025-04-01,0.0,0.0
BLZ,2025-04-01,0.0,0.0
BOL,2025-04-01,0.0,0.0
BRA,2025-04-01,0.0,0.0
BRB,2025-04-01,0.0,0.0
BRN,2025-04-01,0.0,0.0
BTN,2025-04-01,0.0,0.0
BWA,2025-04-01,0.0,0.0
CAF,2025-04-01,0.0,0.5588894999845359
CAN,2025-04-01,0.0,0.0
CHE,2025-04-01,0.0,0.0
CHL,2025-04-01,0.0,0.0
CHN,2025-04-01,0.0,0.0
CIV,2025-04-01,0.0,0.0
CMR,2025-04-01,0.0,0.5037965403446146
COL,2025-04-01,0.0,0.304199063777261
COM,2025-04-01,0.0,0.0
CRI,2025-04-01,0.0,0.0
CUB,2025-04-01,0.0,0.0
CYP,2025-04-01,0.0,0.0
CZE,2025-04-01,0.0,0.0
DEU,2025-04-01,0.0,0.0
DJI,2025-04-01,0.0,0.0
DNK,2025-04-01,0.0,0.0
DOM,2025-04-01,0.0,0.01
DZA,2025-04-01,0.0,0.0
ECU,2025-04-01,0.0,0.06354941752095587
EGY,2025-04-01,0.0,0.0
ERI,2025-04-01,0.0,0.0
ESP,2025-04-01,0.0,0.0
EST,2025-04-01,0.0,0.0
ETH,2025-04-01,1.0,0.8614434338642516
FIN,2025-04-01,0.0,0.0
FJI,2025-04-01,0.0,0.0
FRA,2025-04-01,0.0,0.0
GAB,2025-04-01,0.0,0.0
GBR,2025-04-01,0.0,0.0
GEO,2025-04-01,0.0,0.0
GHA,2025-04-01,0.0,0.0044157731559230015
GIN,2025-04-01,0.0,0.0
GMB,2025-04-01,0.0,0.0
GNB,2025-04-01,0.0,0.0
GNQ,2025-04-01,0.0,0.0
GRC,2025-04-01,0.0,0.0
GRD,2025-04-01,0.0,0.0
GTM,2025-04-01,0.0,0.0023523036162818632
GUY,2025-04-01,0.0,0.0
HND,2025-04-01,0.0,0.00919191792017052
HRV,2025-04-01,0.0,0.0
HUN,2025-04-01,0.0,0.0
IDN,2025-04-01,0.0,0.056905693881218716
IND,2025-04-01,1.0,0.008241577071914136
IRL,2025-04-01,0.0,0.0
IRN,2025-04-01,1.0,0.0
IRQ,2025-04-01,0.0,0.04600686899318514
ISL,2025-04-01,0.0,0.0
ISR,2025-04-01,0.0,0.02894933188151678
ITA,2025-04-01,0.0,0.0
JAM,2025-04-01,0.0,0.0
JOR,2025-04-01,0.0,0.0
JPN,2025-04-01,0.0,0.0
KAZ,2025-04-01,0.0,0.0
KEN,2025-04-01,0.0,0.014078644310929235
KGZ,2025-04-01,0.0,0.0
KHM,2025-04-01,0.0,0.0
KOR,2025-04-01,0.0,0.0
KWT,2025-04-01,0.0,0.0
LAO,2025-04-01,0.0,0.0
LBN,2025-04-01,0.0,0.46593466114789167
LBR,2025-04-01,0.0,0.0
LBY,2025-04-01,0.0,0.01314998074179037
LKA,2025-04-01,0.0,0.0
LSO,2025-04-01,0.0,0.0
LTU,2025-04-01,0.0,0.0
LUX,2025-04-01,0.0,0.0
LVA,2025-04-01,0.0,0.0
MAR,2025-04-01,0.0,0.0
MDA,2025-04-01,0.0,0.0
MDG,2025-04-01,0.0,0.0
MDV,2025-04-01,0.0,0.0
MEX,2025-04-01,0.0,0.011889005553866985
MKD,2025-04-01,0.0,0.0
MLI,2025-04-01,0.0,0.6456498070040682
MLT,2025-04-01,0.0,0.0
MMR,2025-04-01,0.0,0.5931999988767902
MNE,2025-04-01,0.0,0.0
MNG,2025-04-01,0.0,0.0
MOZ,2025-04-01,0.0,0.8062503470996942
MRT,2025-04-01,0.0,0.0
MUS,2025-04-01,0.0,0.0
MWI,2025-04-01,0.0,0.0
MYS,2025-04-01,0.0,0.0
NAM,2025-04-01,0.0,0.0
NER,2025-04-01,1.0,0.8704466791864293
NGA,2025-04-01,1.0,0.5600668622625758
NIC,2025-04-01,0.0,0.0
NLD,2025-04-01,0.0,0.0
NOR,2025-04-01,0.0,0.0
NPL,2025-04-01,0.0,0.0
NZL,2025-04-01,0.0,0.0
OMN,2025-04-01,0.0,0.0
PAK,2025-04-01,0.0,0.18422098534763692
PAN,2025-04-01,0.0,0.0
PER,2025-04-01,0.0,0.0
PHL,2025-04-01,0.0,0.2938938762868763
PNG,2025-04-01,0.0,0.019091744045534556
POL,2025-04-01,0.0,0.0
PRK,2025-04-01,0.0,0.0
PRT,2025-04-01,0.0,0.0
PRY,2025-04-01,0.0,0.0
QAT,2025-04-01,0.0,0.0
ROU,2025-04-01,0.0,0.0
RUS,2025-04-01,0.0,0.13351886300361004
RWA,2025-04-01,0.0,0.0
SAU,2025-04-01,0.0,0.0
SEN,2025-04-01,0.0,0.0
SGP,2025-04-01,0.0,0.0
SLB,2025-04-01,0.0,0.0
SLE,2025-04-01,0.0,0.0
SLV,2025-04-01,0.0,0.0
SOM,2025-04-01,1.0,0.7894250115011122
SRB,2025-04-01,0.0,0.0
STP,2025-04-01,0.0,0.0
SVK,2025-04-01,0.0,0.0
SVN,2025-04-01,0.0,0.0
SWE,2025-04-01,0.0,0.0
SWZ,2025-04-01,0.0,0.0
SYC,2025-04-01,0.0,0.0
SYR,2025-04-01,0.0,0.2540590451591683
TCD,2025-04-01,0.0,0.032188814247134115
TGO,2025-04-01,0.0,0.0
THA,2025-04-01,0.0,0.0
TJK,2025-04-01,0.0,0.0
TKM,2025-04-01,0.0,0.0
TLS,2025-04-01,0.0,0.0
TON,2025-04-01,0.0,0.0
TTO,2025-04-01,0.0,0.0
TUN,2025-04-01,0.0,0.0
TUR,2025-04-01,0.0,0.0
TZA,2025-04-01,0.0,0.0
UGA,2025-04-01,0.0,0.01851490030308862
UKR,2025-04-01,0.0,0.2251596994830791
URY,2025-04-01,0.0,0.0
USA,2025-04-01,0.0,0.0
UZB,2025-04-01,0.0,0.0
VEN,2025-04-01,0.0,0.0051153072940897226
VNM,2025-04-01,0.0,0.0
VUT,2025-04-01,0.0,0.0
WSM,2025-04-01,0.0,0.0
YEM,2025-04-01,0.0,0.047328688719423744
ZAF,2025-04-01,0.0,0.0
ZMB,2025-04-01,0.0,0.0
ZWE,2025-04-01,0.0,0.0
AFG,2025-05-01,0.0,0.29476093573000545
AGO,2025-05-01,0.0,0.0
ALB,2025-05-01,0.0,0.0
ARE,2025-05-01,0.0,0.0
ARG,2025-05-01,0.0,0.0
ARM,2025-05-01,0.0,0.0
AUS,2025-05-01,0.0,0.0
AUT,2025-05-01,0.0,0.0
AZE,2025-05-01,0.0,0.0
BDI,2025-05-01,0.0,0.005
BEL,2025-05-01,0.0,0.0
BEN,2025-05-01,0.0,0.018530159518901367
BGD,2025-05-01,0.0,0.006151513480351534
BGR,2025-05-01,0.0,0.0
BHR,2025-05-01,0.0,0.0
BHS,2025-05-01,0.0,0.0
BIH,2025-05-01,0.0,0.0
BLR,2025-05-01,0.0,0.0
BLZ,2025-05-01,0.0,0.0
BOL,2025-05-01,0.0,0.0
BRA,2025-05-01,0.0,0.0
BRB,2025-05-01,0.0,0.0
BRN,2025-05-01,0.0,0.0
BTN,2025-05-01,0.0,0.0
BWA,2025-05-01,0.0,0.0
CAF,2025-05-01,0.0,0.4561754874810722
CAN,2025-05-01,0.0,0.0
CHE,2025-05-01,0.0,0.0
CHL,2025-05-01,0.0,0.0
CHN,2025-05-01,0.0,0.0
CIV,2025-05-01,0.0,0.0
CMR,2025-05-01,0.0,0.35376326439610656
COL,2025-05-01,0.0,0.1811237585900376
COM,2025-05-01,0.0,0.0
CRI,2025-05-01,0.0,0.0
CUB,2025-05-01,0.0,0.0
CYP,2025-05-01,0.0,0.0
CZE,2025-05-01,0.0,0.0
DEU,2025-05-01,0.0,0.0
DJI,2025-05-01,0.0,0.0
DNK,2025-05-01,0.0,0.0
DOM,2025-05-01,0.0,0.0
DZA,2025-05-01,0.0,0.0
ECU,2025-05-01,0.0,0.02702238200374487
EGY,2025-05-01,0.0,0.0
ERI,2025-05-01,0.0,0.0
ESP,2025-05-01,0.0,0.0
EST,2025-05-01,0.0,0.0
ETH,2025-05-01,1.0,0.8690556068323488
FIN,2025-05-01,0.0,0.0
FJI,2025-05-01,0.0,0.0
FRA,2025-05-01,0.0,0.0
GAB,2025-05-01,0.0,0.0
GBR,2025-05-01,0.0,0.0
GEO,2025-05-01,0.0,0.0
GHA,2025-05-01,0.0,0.00326676580978684
GIN,2025-05-01,0.0,0.0
GMB,2025-05-01,0.0,0.0
GNB,2025-05-01,0.0,0.0
GNQ,2025-05-01,0.0,0.0
GRC,2025-05-01,0.0,0.0
GRD,2025-05-01,0.0,0.0
GTM,2025-05-01,0.0,0.003180063422032263
GUY,2025-05-01,0.0,0.0
HND,2025-05-01,0.0,0.0
HRV,2025-05-01,0.0,0.0
HUN,2025-05-01,0.0,0.0
IDN,2025-05-01,0.0,0.043559432462458185
IND,2025-05-01,0.0,0.33157900685670116
IRL,2025-05-01,0.0,0.0
IRN,2025-05-01,1.0,0.0
IRQ,2025-05-01,0.0,0.04998733748780211
ISL,2025-05-01,0.0,0.0
ISR,2025-05-01,0.0,0.04418479382161789
ITA,2025-05-01,0.0,0.0
JAM,2025-05-01,0.0,0.004772398096420442
JOR,2025-05-01,0.0,0.0
JPN,2025-05-01,0.0,0.0
KAZ,2025-05-01,0.0,0.0
KEN,2025-05-01,0.0,0.034781811014644545
KGZ,2025-05-01,0.0,0.0
KHM,2025-05-01,1.0,0.0
KOR,2025-05-01,0.0,0.0
KWT,2025-05-01,0.0,0.0
LAO,2025-05-01,0.0,0.0
LBN,2025-05-01,0.0,0.3678501403401883
LBR,2025-05-01,0.0,0.0
LBY,2025-05-01,0.0,0.03136479621052924
LKA,2025-05-01,0.0,0.0
LSO,2025-05-01,0.0,0.0
LTU,2025-05-01,0.0,0.0
LUX,2025-05-01,0.0,0.0
LVA,2025-05-01,0.0,0.0
MAR,2025-05-01,0.0,0.0
MDA,2025-05-01,0.0,0.0
MDG,2025-05-01,0.0,0.0
MDV,2025-05-01,0.0,0.0
MEX,2025-05-01,0.0,0.01
MKD,2025-05-01,0.0,0.0
MLI,2025-05-01,0.0,0.8561053677727579
MLT,2025-05-01,0.0,0.0
MMR,2025-05-01,0.0,0.4667057991950125
MNE,2025-05-01,0.0,0.0
MNG,2025-05-01,0.0,0.0
MOZ,2025-05-01,1.0,0.38180690924451144
MRT,2025-05-01,0.0,0.0
MUS,2025-05-01,0.0,0.0
MWI,2025-05-01,0.0,0.0
MYS,2025-05-01,0.0,0.0
NAM,2025-05-01,0.0,0.0
NER,2025-05-01,1.0,0.7063008690160731
NIC,2025-05-01,0.0,0.0
NLD,2025-05-01,0.0,0.0
NOR,2025-05-01,0.0,0.0
NPL,2025-05-01,0.0,0.0
NZL,2025-05-01,0.0,0.0
OMN,2025-05-01,0.0,0.0
PAK,2025-05-01,0.0,0.6352652816718443
PAN,2025-05-01,0.0,0.0
PER,2025-05-01,0.0,0.0
PHL,2025-05-01,0.0,0.7937771310894419
PNG,2025-05-01,0.0,0.019271116807238895
POL,2025-05-01,0.0,0.0
PRK,2025-05-01,0.0,0.0
PRT,2025-05-01,0.0,0.0
PRY,2025-05-01,0.0,0.0
QAT,2025-05-01,0.0,0.0
ROU,2025-05-01,0.0,0.0
RUS,2025-05-01,0.0,0.14687021473312062
RWA,2025-05-01,0.0,0.0
SAU,2025-05-01,0.0,0.0
SEN,2025-05-01,0.0,0.0
SGP,2025-05-01,0.0,0.0
SLB,2025-05-01,0.0,0.0
SLE,2025-05-01,0.0,0.0
SLV,2025-05-01,0.0,0.005
SOM,2025-05-01,1.0,0.7328253926995082
SRB,2025-05-01,0.0,0.0
STP,2025-05-01,0.0,0.0
SVK,2025-05-01,0.0,0.0
SVN,2025-05-01,0.0,0.0
SWE,2025-05-01,0.0,0.0
SWZ,2025-05-01,0.0,0.0
SYC,2025-05-01,0.0,0.0
SYR,2025-05-01,0.0,0.2703522048723171
TCD,2025-05-01,0.0,0.10980740627753052
TGO,2025-05-01,0.0,0.0
THA,2025-05-01,1.0,0.0
TJK,2025-05-01,0.0,0.0
TKM,2025-05-01,0.0,0.0
TLS,2025-05-01,0.0,0.0
TON,2025-05-01,0.0,0.0
TTO,2025-05-01,0.0,0.0
TUN,2025-05-01,0.0,0.0
TUR,2025-05-01,0.0,0.0
TZA,2025-05-01,0.0,0.0
UGA,2025-05-01,0.0,0.009229448693284369
UKR,2025-05-01,0.0,0.2135555918855715
URY,2025-05-01,0.0,0.0
USA,2025-05-01,0.0,0.0
UZB,2025-05-01,0.0,0.0
VEN,2025-05-01,0.0,0.007856687221877537
VNM,2025-05-01,0.0,0.0
VUT,2025-05-01,0.0,0.0
WSM,2025-05-01,0.0,0.0
YEM,2025-05-01,0.0,0.032750186417549926
ZAF,2025-05-01,0.0,0.0
ZMB,2025-05-01,0.0,0.0
ZWE,2025-05-01,0.0,0.0
AFG,2025-06-01,0.0,0.12941060004678603
AGO,2025-06-01,0.0,0.0
ALB,2025-06-01,0.0,0.0
ARE,2025-06-01,0.0,0.0
ARG,2025-06-01,0.0,0.0
ARM,2025-06-01,0.0,0.005
AUS,2025-06-01,0.0,0.0
AUT,2025-06-01,0.0,0.0
AZE,2025-06-01,0.0,0.0
BDI,2025-06-01,0.0,0.0
BEL,2025-06-01,0.0,0.0
BEN,2025-06-01,0.0,0.09139274225666473
BGD,2025-06-01,0.0,0.0047213324791800125
BGR,2025-06-01,0.0,0.0
BHR,2025-06-01,0.0,0.0
BHS,2025-06-01,0.0,0.0
BIH,2025-06-01,0.0,0.0
BLR,2025-06-01,0.0,0.0
BLZ,2025-06-01,0.0,0.0
BOL,2025-06-01,0.0,0.00998781808337845
BRA,2025-06-01,0.0,0.005
BRB,2025-06-01,0.0,0.0
BRN,2025-06-01,0.0,0.0
BTN,2025-06-01,0.0,0.0
BWA,2025-06-01,0.0,0.0
CAF,2025-06-01,0.0,0.6401224079658475
CAN,2025-06-01,0.0,0.0
CHE,2025-06-01,0.0,0.0
CHL,2025-06-01,0.0,0.0
CHN,2025-06-01,0.0,0.0
CIV,2025-06-01,0.0,0.0
CMR,2025-06-01,0.0,0.2943692527022001
COL,2025-06-01,0.0,0.2105338661412763
COM,2025-06-01,0.0,0.0
CRI,2025-06-01,0.0,0.0
CUB,2025-06-01,0.0,0.0
CYP,2025-06-01,0.0,0.0
CZE,2025-06-01,0.0,0.0
DEU,2025-06-01,0.0,0.0
DJI,2025-06-01,0.0,0.0
DNK,2025-06-01,0.0,0.0
DOM,2025-06-01,0.0,0.0
DZA,2025-06-01,0.0,0.0
ECU,2025-06-01,0.0,0.05792113502247406
EGY,2025-06-01,0.0,0.0
ERI,2025-06-01,0.0,0.0
ESP,2025-06-01,0.0,0.0
EST,2025-06-01,0.0,0.0
ETH,2025-06-01,1.0,0.7600413239942759
FIN,2025-06-01,0.0,0.0
FJI,2025-06-01,0.0,0.0
FRA,2025-06-01,0.0,0.0
GAB,2025-06-01,0.0,0.0
GBR,2025-06-01,0.0,0.0
GEO,2025-06-01,0.0,0.0
GHA,2025-06-01,0.0,0.0
GIN,2025-06-01,0.0,0.0
GMB,2025-06-01,0.0,0.0
GNB,2025-06-01,0.0,0.0
GNQ,2025-06-01,0.0,0.0
GRC,2025-06-01,0.0,0.0
GRD,2025-06-01,0.0,0.0
GTM,2025-06-01,0.0,0.003058091286307048
GUY,2025-06-01,0.0,0.0
HND,2025-06-01,0.0,0.0013341781317885602
HRV,2025-06-01,0.0,0.0
HUN,2025-06-01,0.0,0.0
IDN,2025-06-01,0.0,0.001422230798919336
IND,2025-06-01,0.0,0.40720994547724265
IRL,2025-06-01,0.0,0.0
IRN,2025-06-01,0.0,0.17064094551290293
IRQ,2025-06-01,0.0,0.024146269490941664
ISL,2025-06-01,0.0,0.0
ISR,2025-06-01,0.0,0.10266490226797328
ITA,2025-06-01,0.0,0.0
JAM,2025-06-01,0.0,0.0
JOR,2025-06-01,0.0,0.0
JPN,2025-06-01,0.0,0.0
KAZ,2025-06-01,0.0,0.0
KEN,2025-06-01,0.0,0.06926711801346991
KGZ,2025-06-01,0.0,0.0
KHM,2025-06-01,1.0,0.0
KOR,2025-06-01,0.0,0.0
KWT,2025-06-01,0.0,0.0
LAO,2025-06-01,0.0,0.0
LBN,2025-06-01,0.0,0.2657292375509806
LBR,2025-06-01,0.0,0.0
LBY,2025-06-01,0.0,0.0369740863722306
LKA,2025-06-01,0.0,0.0
LSO,2025-06-01,0.0,0.0
LTU,2025-06-01,0.0,0.0
LUX,2025-06-01,0.0,0.0
LVA,2025-06-01,0.0,0.0
MAR,2025-06-01,0.0,0.0049878180833784515
MDA,2025-06-01,0.0,0.0
MDG,2025-06-01,0.0,0.0
MDV,2025-06-01,0.0,0.0
MEX,2025-06-01,0.0,0.00969638224631173
MKD,2025-06-01,0.0,0.0
MLI,2025-06-01,0.0,0.9299178682138147
MLT,2025-06-01,0.0,0.0
MMR,2025-06-01,0.0,0.26975364314171807
MNE,2025-06-01,0.0,0.0
MNG,2025-06-01,0.0,0.0
MOZ,2025-06-01,1.0,0.6525344322893833
MRT,2025-06-01,0.0,0.0
MUS,2025-06-01,0.0,0.0
MWI,2025-06-01,0.0,0.0
MYS,2025-06-01,0.0,0.0
NAM,2025-06-01,0.0,0.0
NIC,2025-06-01,0.0,0.0
NLD,2025-06-01,0.0,0.0
NOR,2025-06-01,0.0,0.0
NPL,2025-06-01,0.0,0.0
NZL,2025-06-01,0.0,0.0
OMN,2025-06-01,0.0,0.0
PAK,2025-06-01,1.0,0.17310099689871797
PAN,2025-06-01,0.0,0.0
PER,2025-06-01,0.0,0.0
PHL,2025-06-01,0.0,0.2365527900927877
PNG,2025-06-01,0.0,0.005
POL,2025-06-01,0.0,0.0
PRK,2025-06-01,0.0,0.0
PRT,2025-06-01,0.0,0.0
PRY,2025-06-01,0.0,0.0
QAT,2025-06-01,0.0,0.0
ROU,2025-06-01,0.0,0.0
RUS,2025-06-01,0.0,0.11182737882576975
RWA,2025-06-01,0.0,0.0
SAU,2025-06-01,0.0,0.0
SEN,2025-06-01,0.0,0.0
SGP,2025-06-01,0.0,0.0
SLB,2025-06-01,0.0,0.0
SLE,2025-06-01,0.0,0.0
SLV,2025-06-01,0.0,0.0
SRB,2025-06-01,0.0,0.0
STP,2025-06-01,0.0,0.0
SVK,2025-06-01,0.0,0.0
SVN,2025-06-01,0.0,0.0
SWE,2025-06-01,0.0,0.0
SWZ,2025-06-01,0.0,0.0
SYC,2025-06-01,0.0,0.0
SYR,2025-06-01,0.0,0.1329360566551967
TCD,2025-06-01,0.0,0.17179392661658655
TGO,2025-06-01,0.0,0.0
THA,2025-06-01,1.0,0.0
TJK,2025-06-01,0.0,0.0
TKM,2025-06-01,0.0,0.0
TLS,2025-06-01,0.0,0.0
TON,2025-06-01,0.0,0.0
TTO,2025-06-01,0.0,0.004895383593490534
TUN,2025-06-01,0.0,0.0
TUR,2025-06-01,0.0,0.0
TZA,2025-06-01,0.0,0.0
UGA,2025-06-01,0.0,0.008071103262389885
UKR,2025-06-01,0.0,0.11370736347521927
URY,2025-06-01,0.0,0.0
USA,2025-06-01,0.0,0.0
UZB,2025-06-01,0.0,0.0
VEN,2025-06-01,0.0,0.0013341781317885602
VNM,2025-06-01,0.0,0.0
VUT,2025-06-01,0.0,0.0
WSM,2025-06-01,0.0,0.0
YEM,2025-06-01,0.0,0.05915823564017986
ZAF,2025-06-01,0.0,0.0
ZMB,2025-06-01,0.0,0.0
ZWE,2025-06-01,0.0,0.0
AFG,2025-07-01,0.0,0.1401583708440763
AGO,2025-07-01,0.0,0.0
ALB,2025-07-01,0.0,0.0
ARE,2025-07-01,0.0,0.00013287119982740086
ARG,2025-07-01,0.0,0.0
ARM,2025-07-01,0.0,0.0004442862250882903
AUS,2025-07-01,0.0,0.0
AUT,2025-07-01,0.0,0.0
AZE,2025-07-01,0.0,0.0
BDI,2025-07-01,0.0,0.0004388954644886597
BEL,2025-07-01,0.0,0.0
BEN,2025-07-01,0.0,0.0
BGD,2025-07-01,0.0,0.0065493445801238035
BGR,2025-07-01,0.0,0.0
BHR,2025-07-01,0.0,0.0
BHS,2025-07-01,0.0,0.00013287119982740086
BIH,2025-07-01,0.0,0.0
BLR,2025-07-01,0.0,0.0
BLZ,2025-07-01,0.0,0.0
BOL,2025-07-01,0.0,0.0
BRA,2025-07-01,0.0,0.00910447863811597
BRB,2025-07-01,0.0,0.00013287119982740086
BRN,2025-07-01,0.0,0.00013287119982740086
BTN,2025-07-01,0.0,0.00013287119982740086
BWA,2025-07-01,0.0,0.0
CAF,2025-07-01,0.0,0.3985989942098268
CAN,2025-07-01,0.0,0.0
CHE,2025-07-01,0.0,0.0
CHL,2025-07-01,0.0,0.0
CHN,2025-07-01,0.0,0.0
CIV,2025-07-01,0.0,0.0
CMR,2025-07-01,0.0,0.12863843077285086
COL,2025-07-01,0.0,0.13266708004515904
COM,2025-07-01,0.0,0.0
CRI,2025-07-01,0.0,0.0
CUB,2025-07-01,0.0,0.0
CYP,2025-07-01,0.0,0.0
CZE,2025-07-01,0.0,0.0
DEU,2025-07-01,0.0,0.00047675944936218553
DJI,2025-07-01,0.0,0.00013287119982740086
DNK,2025-07-01,0.0,0.0004442862250882903
DOM,2025-07-01,0.0,0.0
DZA,2025-07-01,0.0,0.0
ECU,2025-07-01,0.0,0.06073738213865775
EGY,2025-07-01,0.0,0.0
ERI,2025-07-01,0.0,0.00013287119982740086
ESP,2025-07-01,0.0,0.00047675944936218553
EST,2025-07-01,0.0,0.0005771574249156912
FIN,2025-07-01,0.0,0.0
FJI,2025-07-01,0.0,0.00013287119982740086
FRA,2025-07-01,0.0,0.00047675944936218553
GAB,2025-07-01,0.0,0.0
GBR,2025-07-01,0.0,0.0
GEO,2025-07-01,0.0,0.0
GHA,2025-07-01,0.0,0.0004388954644886597
GIN,2025-07-01,0.0,0.0
GMB,2025-07-01,0.0,0.00013287119982740086
GNB,2025-07-01,0.0,0.00013287119982740086
GNQ,2025-07-01,0.0,0.00013287119982740086
GRC,2025-07-01,0.0,0.0
GRD,2025-07-01,0.0,0.00013287119982740086
GTM,2025-07-01,0.0,0.01867255533123189
GUY,2025-07-01,0.0,0.0
HND,2025-07-01,0.0,0.0004388954644886597
HRV,2025-07-01,0.0,0.005519890757405884
HTI,2025-07-01,1.0,0.7554105405851663
HUN,2025-07-01,0.0,0.0
IDN,2025-07-01,0.0,0.0053741894366849926
IND,2025-07-01,0.0,0.35248048325635695
IRL,2025-07-01,0.0,0.0
IRN,2025-07-01,0.0,0.3194089939687641
IRQ,2025-07-01,0.0,0.00047675944936218553
ISL,2025-07-01,0.0,0.0012258762440501968
ISR,2025-07-01,0.0,0.07712337309869498
ITA,2025-07-01,0.0,0.0
JAM,2025-07-01,0.0,0.0
JOR,2025-07-01,0.0,0.0005771574249156912
JPN,2025-07-01,0.0,0.00047675944936218553
KAZ,2025-07-01,0.0,0.0
KEN,2025-07-01,0.0,0.09805525968641333
KGZ,2025-07-01,0.0,0.0
KHM,2025-07-01,0.0,0.04470457635383027
KOR,2025-07-01,0.0,0.005
KWT,2025-07-01,0.0,0.00013287119982740086
LAO,2025-07-01,0.0,0.0
LBN,2025-07-01,0.0,0.3429195724284396
LBR,2025-07-01,0.0,0.0
LBY,2025-07-01,0.0,0.04105455001666234
LKA,2025-07-01,0.0,0.0
LSO,2025-07-01,0.0,0.00013287119982740086
LTU,2025-07-01,0.0,0.0
LUX,2025-07-01,0.0,0.00013287119982740086
LVA,2025-07-01,0.0,0.0
MAR,2025-07-01,0.0,0.012791161140313144
MDA,2025-07-01,0.0,0.0
MDG,2025-07-01,0.0,0.004595743300240089
MDV,2025-07-01,0.0,0.00013287119982740086
MEX,2025-07-01,0.0,0.004847707049965776
MKD,2025-07-01,0.0,0.0
MLI,2025-07-01,0.0,0.7124677420782703
MLT,2025-07-01,0.0,0.0005771574249156912
MMR,2025-07-01,0.0,0.23995762105647256
MNE,2025-07-01,0.0,0.0
MNG,2025-07-01,0.0,0.00013287119982740086
MRT,2025-07-01,0.0,0.0
MUS,2025-07-01,0.0,0.0
MWI,2025-07-01,0.0,0.0
MYS,2025-07-01,0.0,0.0
NAM,2025-07-01,0.0,0.0
NIC,2025-07-01,0.0,0.0
NLD,2025-07-01,0.0,0.0
NOR,2025-07-01,0.0,0.0
NPL,2025-07-01,0.0,0.0
NZL,2025-07-01,0.0,0.0004442862250882903
OMN,2025-07-01,0.0,0.00013287119982740086
PAK,2025-07-01,1.0,0.4278694376537501
PAN,2025-07-01,0.0,0.0
PER,2025-07-01,0.0,0.009520105233222689
PHL,2025-07-01,0.0,0.40979125204069416
PNG,2025-07-01,0.0,0.00481835499013538
POL,2025-07-01,0.0,0.0
PRK,2025-07-01,0.0,0.0
PRT,2025-07-01,0.0,0.0
PRY,2025-07-01,0.0,0.0
QAT,2025-07-01,0.0,0.00013287119982740086
ROU,2025-07-01,0.0,0.0
RUS,2025-07-01,0.0,0.1349426091835597
RWA,2025-07-01,0.0,0.0
SAU,2025-07-01,0.0,0.0
SEN,2025-07-01,0.0,0.0
SGP,2025-07-01,0.0,0.00013287119982740086
SLB,2025-07-01,0.0,0.00013287119982740086
SLE,2025-07-01,0.0,0.0
SLV,2025-07-01,0.0,0.0
SRB,2025-07-01,0.0,0.00047675944936218553
STP,2025-07-01,0.0,0.00013287119982740086
SVK,2025-07-01,0.0,0.0
SVN,2025-07-01,0.0,0.0
SWE,2025-07-01,0.0,0.0012258762440501968
SWZ,2025-07-01,0.0,0.0
SYC,2025-07-01,0.0,0.00013287119982740086
SYR,2025-07-01,0.0,0.20803917389852142
TCD,2025-07-01,0.0,0.17406747305901585
TGO,2025-07-01,0.0,0.0
THA,2025-07-01,0.0,0.3307391930417296
TJK,2025-07-01,0.0,0.0
TKM,2025-07-01,0.0,0.00013287119982740086
TLS,2025-07-01,0.0,0.00013287119982740086
TON,2025-07-01,0.0,0.00013287119982740086
TTO,2025-07-01,0.0,0.010431667929241417
TUN,2025-07-01,0.0,0.0
TUR,2025-07-01,0.0,0.00047675944936218553
TZA,2025-07-01,0.0,0.0004388954644886597
UGA,2025-07-01,0.0,0.014152877034687485
UKR,2025-07-01,0.0,0.08625191090378895
URY,2025-07-01,0.0,0.0
USA,2025-07-01,0.0,0.00047675944936218553
UZB,2025-07-01,0.0,0.0
VEN,2025-07-01,0.0,0.002033155453233738
VNM,2025-07-01,0.0,0.00013287119982740086
VUT,2025-07-01,0.0,0.00013287119982740086
WSM,2025-07-01,0.0,0.00013287119982740086
YEM,2025-07-01,0.0,0.07278156372111803
ZAF,2025-07-01,0.0,0.0
ZMB,2025-07-01,0.0,0.0
ZWE,2025-07-01,0.0,0.0
AFG,2025-08-01,1.0,0.04804525353934062
AGO,2025-08-01,0.0,0.0
ALB,2025-08-01,0.0,0.040483726320018835
ARE,2025-08-01,0.0,0.0022178148542989825
ARG,2025-08-01,0.0,0.0
ARM,2025-08-01,0.0,0.0045540368722186905
AUS,2025-08-01,0.0,0.0004164643734350034
AUT,2025-08-01,0.0,0.0018125150961021724
AZE,2025-08-01,0.0,0.005738938703939278
BDI,2025-08-01,0.0,0.009827351510168876
BEL,2025-08-01,0.0,0.0012289519680702104
BEN,2025-08-01,0.0,0.0
BGD,2025-08-01,0.0,0.0
BGR,2025-08-01,0.0,0.00017694251436955352
BHR,2025-08-01,0.0,0.0038268604092098935
BHS,2025-08-01,0.0,0.00305253781465496
BIH,2025-08-01,0.0,0.0
BLR,2025-08-01,0.0,0.004528165293086786
BLZ,2025-08-01,0.0,0.00045396358658799854
BOL,2025-08-01,0.0,0.0
BRA,2025-08-01,0.0,0.0
BRB,2025-08-01,0.0,0.05180294517558551
BRN,2025-08-01,0.0,0.0
BTN,2025-08-01,0.0,0.0
BWA,2025-08-01,0.0,0.00045396358658799854
CAF,2025-08-01,0.0,0.39428663962531263
CAN,2025-08-01,0.0,0.00017694251436955352
CHE,2025-08-01,0.0,0.00017694251436955352
CHL,2025-08-01,0.0,0.0
CHN,2025-08-01,0.0,0.0
CIV,2025-08-01,0.0,0.005
CMR,2025-08-01,0.0,0.24315332422620778
COL,2025-08-01,0.0,0.09366240643423733
COM,2025-08-01,0.0,0.0
CRI,2025-08-01,0.0,0.0
CUB,2025-08-01,0.0,0.0
CYP,2025-08-01,0.0,0.0
CZE,2025-08-01,0.0,0.0
DEU,2025-08-01,0.0,0.004936940041350793
DJI,2025-08-01,0.0,0.0
DNK,2025-08-01,0.0,0.005696328699073248
DOM,2025-08-01,0.0,0.01940273113062871
DZA,2025-08-01,0.0,0.0
ECU,2025-08-01,0.0,0.0348157151387246
EGY,2025-08-01,0.0,0.00045396358658799854
ERI,2025-08-01,0.0,0.004958215457932511
ESP,2025-08-01,0.0,0.0
EST,2025-08-01,0.0,0.00017694251436955352
FIN,2025-08-01,0.0,0.0004164643734350034
FJI,2025-08-01,0.0,0.0
FRA,2025-08-01,0.0,0.004303694803244218
GAB,2025-08-01,0.0,0.00045396358658799854
GBR,2025-08-01,0.0,0.0
GEO,2025-08-01,0.0,0.00017694251436955352
GHA,2025-08-01,0.0,0.039387227884089174
GIN,2025-08-01,0.0,0.0
GMB,2025-08-01,0.0,0.0010522006870736847
GNB,2025-08-01,0.0,0.0022178148542989825
GNQ,2025-08-01,0.0,0.0
GRC,2025-08-01,0.0,0.0
GRD,2025-08-01,0.0,0.0
GTM,2025-08-01,0.0,0.003124345778087923
GUY,2025-08-01,0.0,0.0
HND,2025-08-01,0.0,0.003124345778087923
HRV,2025-08-01,0.0,0.0005835631280319619
HTI,2025-08-01,1.0,0.7872654453114872
HUN,2025-08-01,0.0,0.0
IDN,2025-08-01,0.0,0.0
IND,2025-08-01,0.0,0.13995366766642664
IRL,2025-08-01,0.0,0.0012289519680702104
IRN,2025-08-01,0.0,0.26309689236504313
IRQ,2025-08-01,0.0,0.016330846012468748
ISL,2025-08-01,0.0,0.008164039724003862
ISR,2025-08-01,0.0,0.0957018732881547
ITA,2025-08-01,0.0,0.00017694251436955352
JAM,2025-08-01,0.0,0.0
JOR,2025-08-01,0.0,0.0
JPN,2025-08-01,0.0,0.00017694251436955352
KAZ,2025-08-01,0.0,0.0
KEN,2025-08-01,0.0,0.16240936823898686
KGZ,2025-08-01,0.0,0.0
KHM,2025-08-01,0.0,0.08328149335776455
KOR,2025-08-01,0.0,0.0
KWT,2025-08-01,0.0,0.0
LAO,2025-08-01,0.0,0.0
LBN,2025-08-01,0.0,0.3202133595840422
LBR,2025-08-01,0.0,0.0
LBY,2025-08-01,0.0,0.02087048478220245
LKA,2025-08-01,0.0,0.004303694803244218
LSO,2025-08-01,0.0,0.0
LTU,2025-08-01,0.0,0.0018125150961021724
LUX,2025-08-01,0.0,0.013121359881774639
LVA,2025-08-01,0.0,0.0
MAR,2025-08-01,0.0,0.026835957008732727
MDA,2025-08-01,0.0,0.0
MDG,2025-08-01,0.0,0.0
MDV,2025-08-01,0.0,0.0018125150961021724
MEX,2025-08-01,0.0,0.005455317222938928
MKD,2025-08-01,0.0,0.0032023796557577823
MLI,2025-08-01,0.0,0.7007404180395105
MLT,2025-08-01,0.0,0.008164039724003862
MMR,2025-08-01,0.0,0.09188135560419936
MNE,2025-08-01,0.0,0.0004164643734350034
MNG,2025-08-01,0.0,0.012633992717420524
MRT,2025-08-01,0.0,0.00017694251436955352
MUS,2025-08-01,0.0,0.0010000275014669655
MWI,2025-08-01,0.0,0.0
MYS,2025-08-01,0.0,0.0
NAM,2025-08-01,0.0,0.0
NER,2025-08-01,0.0,0.5069606090390131
NIC,2025-08-01,0.0,0.00045396358658799854
NLD,2025-08-01,0.0,0.0
NOR,2025-08-01,0.0,0.0
NPL,2025-08-01,0.0,0.005
NZL,2025-08-01,0.0,0.0010000275014669655
OMN,2025-08-01,0.0,0.0
PAK,2025-08-01,1.0,0.7649968160785879
PAN,2025-08-01,0.0,0.0
PER,2025-08-01,0.0,0.00344010372896007
PHL,2025-08-01,0.0,0.5939378726304728
PNG,2025-08-01,0.0,0.0
POL,2025-08-01,0.0,0.0
PRK,2025-08-01,0.0,0.00465739995754618
PRT,2025-08-01,0.0,0.0018125150961021724
PRY,2025-08-01,0.0,0.0004164643734350034
QAT,2025-08-01,0.0,0.0
ROU,2025-08-01,0.0,0.0
RUS,2025-08-01,0.0,0.06075957117861361
RWA,2025-08-01,0.0,0.006096586409133968
SAU,2025-08-01,0.0,0.0
SEN,2025-08-01,0.0,0.0
SGP,2025-08-01,0.0,0.0
SLB,2025-08-01,0.0,0.0
SLE,2025-08-01,0.0,0.00045396358658799854
SLV,2025-08-01,0.0,0.0
SRB,2025-08-01,0.0,0.0
STP,2025-08-01,0.0,0.04733820538520773
SVK,2025-08-01,0.0,0.00017694251436955352
SVN,2025-08-01,0.0,0.0024492713960637628
SWE,2025-08-01,0.0,0.0004164643734350034
SWZ,2025-08-01,0.0,0.00045396358658799854
SYC,2025-08-01,0.0,0.0
SYR,2025-08-01,1.0,0.12316118736702916
TCD,2025-08-01,0.0,0.09422521394800848
TGO,2025-08-01,0.0,0.0
THA,2025-08-01,0.0,0.0817097121589703
TJK,2025-08-01,0.0,0.0
TKM,2025-08-01,0.0,0.0
TLS,2025-08-01,0.0,0.0
TON,2025-08-01,0.0,0.0
TTO,2025-08-01,0.0,0.0029590235036556656
TUN,2025-08-01,0.0,0.0
TUR,2025-08-01,0.0,0.0
TZA,2025-08-01,0.0,0.0
UGA,2025-08-01,0.0,0.004914802381710813
UKR,2025-08-01,0.0,0.192794800774161
URY,2025-08-01,0.0,0.012633992717420524
USA,2025-08-01,0.0,0.012927414788047003
UZB,2025-08-01,0.0,0.0
VEN,2025-08-01,0.0,0.005611212664915897
VNM,2025-08-01,0.0,0.0
VUT,2025-08-01,0.0,0.0
WSM,2025-08-01,0.0,0.0022178148542989825
YEM,2025-08-01,0.0,0.06767683741177746
ZAF,2025-08-01,0.0,0.0
ZMB,2025-08-01,0.0,0.0
ZWE,2025-08-01,0.0,0.0
AFG,2025-09-01,1.0,0.03288496901156113
AGO,2025-09-01,0.0,0.0
ALB,2025-09-01,0.0,0.021009104115851374
ARE,2025-09-01,0.0,0.0
ARG,2025-09-01,0.0,0.0
ARM,2025-09-01,0.0,0.0
AUS,2025-09-01,0.0,0.0
AUT,2025-09-01,0.0,0.0
AZE,2025-09-01,0.0,0.0
BDI,2025-09-01,0.0,0.004952579504092688
BEL,2025-09-01,0.0,0.0
BEN,2025-09-01,0.0,0.017912439730185036
BFA,2025-09-01,0.0,0.6623940967583022
BGD,2025-09-01,0.0,0.0
BGR,2025-09-01,0.0,0.0
BHR,2025-09-01,0.0,0.0
BHS,2025-09-01,0.0,0.01392877932392965
BIH,2025-09-01,0.0,0.0
BLR,2025-09-01,0.0,0.0
BLZ,2025-09-01,0.0,0.001964828072459053
BOL,2025-09-01,0.0,0.0
BRA,2025-09-01,0.0,0.0
BRB,2025-09-01,0.0,0.01392877932392965
BRN,2025-09-01,0.0,0.0
BTN,2025-09-01,0.0,0.0
BWA,2025-09-01,0.0,0.0013084188095926048
CAF,2025-09-01,0.0,0.4371542420747911
CAN,2025-09-01,0.0,0.0
CHE,2025-09-01,0.0,0.00029111721832484944
CHL,2025-09-01,0.0,0.0
CHN,2025-09-01,0.0,0.0
CIV,2025-09-01,0.0,0.0002896103221267809
CMR,2025-09-01,0.0,0.16435981129737318
COL,2025-09-01,0.0,0.18346235375608694
COM,2025-09-01,0.0,0.006934423108415799
CRI,2025-09-01,0.0,0.0005666680918882433
CUB,2025-09-01,0.0,0.0
CYP,2025-09-01,0.0,0.0
CZE,2025-09-01,0.0,0.0
DEU,2025-09-01,0.0,0.0
DJI,2025-09-01,0.0,0.0
DNK,2025-09-01,0.0,0.0
DOM,2025-09-01,0.0,0.0
DZA,2025-09-01,0.0,0.002521401726057907
ECU,2025-09-01,0.0,0.03108001259783693
EGY,2025-09-01,0.0,0.011415368560956162
ERI,2025-09-01,0.0,0.016107904686316864
ESP,2025-09-01,0.0,0.0
EST,2025-09-01,0.0,0.003131964695705175
FIN,2025-09-01,0.0,0.0
FJI,2025-09-01,0.0,0.0
FRA,2025-09-01,0.0,0.005
GAB,2025-09-01,0.0,0.005499331396840903
GBR,2025-09-01,0.0,0.0
GEO,2025-09-01,0.0,0.0
GHA,2025-09-01,0.0,0.022762719692687828
GIN,2025-09-01,0.0,0.0
GMB,2025-09-01,0.0,0.006121335546906985
GNB,2025-09-01,0.0,0.039976325114765884
GNQ,2025-09-01,0.0,0.0
GRC,2025-09-01,0.0,0.0
GRD,2025-09-01,0.0,0.0
GTM,2025-09-01,0.0,0.00038011972026798127
GUY,2025-09-01,0.0,0.00308763364276169
HND,2025-09-01,0.0,0.00228753297778391
HRV,2025-09-01,0.0,0.0
HUN,2025-09-01,0.0,0.0005666680918882433
IDN,2025-09-01,0.0,0.0016433058900909507
IND,2025-09-01,0.0,0.17629616026709338
IRL,2025-09-01,0.0,0.0015287613135494516
IRN,2025-09-01,0.0,0.1409348664269831
IRQ,2025-09-01,0.0,0.022612773743834542
ISL,2025-09-01,0.0,0.0018183716356762324
ISR,2025-09-01,0.0,0.10750670087161428
ITA,2025-09-01,0.0,0.0
JAM,2025-09-01,0.0,0.004875513087948322
JOR,2025-09-01,0.0,0.0
JPN,2025-09-01,0.0,0.0009620932216612081
KAZ,2025-09-01,0.0,0.0
KEN,2025-09-01,0.0,0.1631326261718762
KGZ,2025-09-01,0.0,0.0002896103221267809
KHM,2025-09-01,0.0,0.020437085743521547
KOR,2025-09-01,0.0,0.0
KWT,2025-09-01,0.0,0.0
LAO,2025-09-01,0.0,0.0
LBN,2025-09-01,0.0,0.14529903516399176
LBR,2025-09-01,0.0,0.0
LBY,2025-09-01,0.0,0.01980499822409884
LKA,2025-09-01,0.0,0.0
LSO,2025-09-01,0.0,0.0
LTU,2025-09-01,0.0,0.0
LUX,2025-09-01,0.0,0.0018183716356762324
LVA,2025-09-01,0.0,0.0
MAR,2025-09-01,0.0,0.008610663010601396
MDA,2025-09-01,0.0,0.0
MDG,2025-09-01,0.0,0.00038011972026798127
MDV,2025-09-01,0.0,0.0015287613135494516
MEX,2025-09-01,0.0,0.004438507289798738
MKD,2025-09-01,0.0,0.0012532104399860574
MLI,2025-09-01,0.0,0.5054100322853917
MLT,2025-09-01,0.0,0.0018183716356762324
MMR,2025-09-01,0.0,0.1601065048494389
MNE,2025-09-01,0.0,0.0015287613135494516
MNG,2025-09-01,0.0,0.021383136923414318
MRT,2025-09-01,0.0,0.0
MUS,2025-09-01,0.0,0.0
MWI,2025-09-01,0.0,0.0
MYS,2025-09-01,0.0,0.0
NAM,2025-09-01,0.0,0.0005807275404516303
NER,2025-09-01,0.0,0.6674773788657069
NGA,2025-09-01,0.0,0.4834033102933236
NIC,2025-09-01,0.0,0.0
NLD,2025-09-01,0.0,0.0
NOR,2025-09-01,0.0,0.003700743162142148
NPL,2025-09-01,0.0,0.008610663010601396
NZL,2025-09-01,0.0,0.0018183716356762324
OMN,2025-09-01,0.0,0.0
PAK,2025-09-01,1.0,0.6455802168895656
PAN,2025-09-01,0.0,0.0005666680918882433
PER,2025-09-01,0.0,0.00038011972026798127
PHL,2025-09-01,0.0,0.42082983665038326
PNG,2025-09-01,0.0,0.009455806791644346
POL,2025-09-01,0.0,0.0
PRK,2025-09-01,0.0,0.010782685595872015
PRT,2025-09-01,0.0,0.0009620932216612081
PRY,2025-09-01,0.0,0.0018279409051257956
QAT,2025-09-01,0.0,0.0
ROU,2025-09-01,0.0,0.0
RUS,2025-09-01,0.0,0.08765537523706345
RWA,2025-09-01,0.0,0.0021670131981237654
SAU,2025-09-01,0.0,0.00029111721832484944
SEN,2025-09-01,0.0,0.00029111721832484944
SGP,2025-09-01,0.0,0.0
SLB,2025-09-01,0.0,0.0
SLE,2025-09-01,0.0,0.0
SLV,2025-09-01,0.0,0.0002896103221267809
SRB,2025-09-01,0.0,0.0
STP,2025-09-01,0.0,0.0
SVK,2025-09-01,0.0,0.0061049398476328886
SVN,2025-09-01,0.0,0.0005666680918882433
SWE,2025-09-01,0.0,0.0
SWZ,2025-09-01,0.0,0.00029111721832484944
SYC,2025-09-01,0.0,0.003131964695705175
SYR,2025-09-01,1.0,0.5469736830846209
TCD,2025-09-01,0.0,0.04787842086662671
TGO,2025-09-01,0.0,0.0
THA,2025-09-01,0.0,0.12039588278846536
TJK,2025-09-01,0.0,0.0
TKM,2025-09-01,0.0,0.0
TLS,2025-09-01,0.0,0.004947563979265286
TON,2025-09-01,0.0,0.0
TTO,2025-09-01,0.0,0.005792148340801983
TUN,2025-09-01,0.0,0.0
TUR,2025-09-01,0.0,0.0
TZA,2025-09-01,0.0,0.005
UGA,2025-09-01,0.0,0.0046929473010938125
UKR,2025-09-01,0.0,0.1844238541150057
URY,2025-09-01,0.0,0.0005666680918882433
USA,2025-09-01,0.0,0.0016433058900909507
UZB,2025-09-01,0.0,0.0002896103221267809
VEN,2025-09-01,0.0,0.005151683295565567
VNM,2025-09-01,0.0,0.0
VUT,2025-09-01,0.0,0.0
WSM,2025-09-01,0.0,0.0
YEM,2025-09-01,0.0,0.05930949776862584
ZAF,2025-09-01,0.0,0.00038011972026798127
ZMB,2025-09-01,0.0,0.0
ZWE,2025-09-01,0.0,0.00029111721832484944
AFG,2025-10-01,0.0,0.7580300364280574
AGO,2025-10-01,0.0,0.00025613686734858246
ALB,2025-10-01,0.0,0.000562000376489404
ARE,2025-10-01,0.0,0.0008146304161079755
ARG,2025-10-01,0.0,5.724178501870045e-05
ARM,2025-10-01,0.0,0.000313378652367283
AUS,2025-10-01,0.0,5.724178501870045e-05
AUT,2025-10-01,0.0,0.0019717108626066387
AZE,2025-10-01,0.0,0.0043530538746390755
BDI,2025-10-01,0.0,0.0
BEL,2025-10-01,0.0,5.724178501870045e-05
BEN,2025-10-01,0.0,0.0055204484538461775
BFA,2025-10-01,0.0,0.8065054405356274
BGD,2025-10-01,0.0,0.0
BGR,2025-10-01,0.0,0.000562000376489404
BHR,2025-10-01,0.0,5.724178501870045e-05
BHS,2025-10-01,0.0,0.006573253509774335
BIH,2025-10-01,0.0,0.0008181372438379864
BLR,2025-10-01,0.0,0.006400711095555491
BLZ,2025-10-01,0.0,5.724178501870045e-05
BOL,2025-10-01,0.0,0.000313378652367283
BRA,2025-10-01,0.0,0.0
BRB,2025-10-01,0.0,0.009688409219774673
BRN,2025-10-01,0.0,0.0008146304161079755
BTN,2025-10-01,0.0,0.0008146304161079755
BWA,2025-10-01,0.0,0.002512564733512761
CAF,2025-10-01,0.0,0.48835506187175964
CAN,2025-10-01,0.0,5.724178501870045e-05
CHE,2025-10-01,0.0,0.000313378652367283
CHL,2025-10-01,0.0,0.001372123073465797
CHN,2025-10-01,0.0,0.001372123073465797
CIV,2025-10-01,0.0,0.00464320911305275
CMR,2025-10-01,0.0,0.18295182014393613
COL,2025-10-01,0.0,0.12435500930220304
COM,2025-10-01,0.0,0.0013416518876615741
CRI,2025-10-01,0.0,0.0014551829565643776
CUB,2025-10-01,0.0,0.000313378652367283
CYP,2025-10-01,0.0,0.000562000376489404
CZE,2025-10-01,0.0,5.724178501870045e-05
DEU,2025-10-01,0.0,0.0
DJI,2025-10-01,0.0,0.0033168591700858696
DNK,2025-10-01,0.0,0.000562000376489404
DOM,2025-10-01,0.0,0.005
DZA,2025-10-01,0.0,0.01820793150883714
ECU,2025-10-01,0.0,0.027068066681026556
EGY,2025-10-01,0.0,0.004685741328148983
ERI,2025-10-01,0.0,0.0008146304161079755
ESP,2025-10-01,0.0,5.724178501870045e-05
EST,2025-10-01,0.0,0.008361414065122837
FIN,2025-10-01,0.0,0.000562000376489404
FJI,2025-10-01,0.0,0.0008146304161079755
FRA,2025-10-01,0.0,5.724178501870045e-05
GAB,2025-10-01,0.0,0.0009947018019075705
GBR,2025-10-01,0.0,0.000313378652367283
GEO,2025-10-01,0.0,5.724178501870045e-05
GHA,2025-10-01,0.0,0.08107231033389536
GIN,2025-10-01,0.0,5.724178501870045e-05
GMB,2025-10-01,0.0,0.0008146304161079755
GNB,2025-10-01,0.0,0.005684972767274835
GNQ,2025-10-01,0.0,0.0008146304161079755
GRC,2025-10-01,0.0,0.0
GRD,2025-10-01,0.0,0.0008146304161079755
GTM,2025-10-01,0.0,0.00432986644604657
GUY,2025-10-01,0.0,0.003011851892385858
HND,2025-10-01,0.0,0.008970732926918117
HRV,2025-10-01,0.0,0.000562000376489404
HUN,2025-10-01,0.0,0.000562000376489404
IDN,2025-10-01,0.0,0.01852189112771342
IND,2025-10-01,0.0,0.20705795155741033
IRL,2025-10-01,0.0,0.000313378652367283
IRN,2025-10-01,0.0,0.16258200678436324
IRQ,2025-10-01,0.0,0.04656262568075923
ISL,2025-10-01,0.0,0.0022885568461394707
ISR,2025-10-01,0.0,0.13037796417185413
ITA,2025-10-01,0.0,5.724178501870045e-05
JAM,2025-10-01,0.0,0.0
JOR,2025-10-01,0.0,5.724178501870045e-05
JPN,2025-10-01,0.0,5.724178501870045e-05
KAZ,2025-10-01,0.0,0.001556740383139981
KEN,2025-10-01,0.0,0.2702743822945363
KGZ,2025-10-01,0.0,5.724178501870045e-05
KHM,2025-10-01,1.0,0.028054895235503485
KOR,2025-10-01,0.0,0.000313378652367283
KWT,2025-10-01,0.0,0.0008146304161079755
LAO,2025-10-01,0.0,0.0005404901720140163
LBN,2025-10-01,0.0,0.08064780175116674
LBR,2025-10-01,0.0,5.724178501870045e-05
LBY,2025-10-01,0.0,0.03727748952878161
LKA,2025-10-01,0.0,0.0
LSO,2025-10-01,0.0,0.04289993887227353
LTU,2025-10-01,0.0,0.000562000376489404
LUX,2025-10-01,0.0,0.009688409219774671
LVA,2025-10-01,0.0,5.724178501870045e-05
MAR,2025-10-01,0.0,0.009429710838273219
MDA,2025-10-01,0.0,0.00755035039908538
MDG,2025-10-01,0.0,0.00479719776082758
MDV,2025-10-01,0.0,0.0013953742660644973
MEX,2025-10-01,0.0,0.009794323684469055
MKD,2025-10-01,0.0,0.000562000376489404
MLI,2025-10-01,0.0,0.9099056717504749
MLT,2025-10-01,0.0,5.724178501870045e-05
MMR,2025-10-01,1.0,0.22662034899826067
MNE,2025-10-01,0.0,5.724178501870045e-05
MNG,2025-10-01,0.0,0.007837588213066612
MRT,2025-10-01,0.0,0.000313378652367283
MUS,2025-10-01,0.0,0.0018280756914826638
MWI,2025-10-01,0.0,5.724178501870045e-05
MYS,2025-10-01,0.0,5.724178501870045e-05
NAM,2025-10-01,0.0,0.011614926148786555
NER,2025-10-01,0.0,0.8350961249226052
NGA,2025-10-01,0.0,0.5280626119410308
NIC,2025-10-01,0.0,0.0
NLD,2025-10-01,0.0,0.000313378652367283
NOR,2025-10-01,0.0,5.724178501870045e-05
NPL,2025-10-01,0.0,0.00491547028042399
NZL,2025-10-01,0.0,0.0014551829565643776
OMN,2025-10-01,0.0,0.0008146304161079755
PAN,2025-10-01,0.0,0.0014551829565643776
PER,2025-10-01,0.0,0.001556740383139981
PHL,2025-10-01,0.0,0.12005876916230944
PNG,2025-10-01,0.0,0.01338540552460993
POL,2025-10-01,0.0,5.724178501870045e-05
PRK,2025-10-01,0.0,0.0
PRT,2025-10-01,0.0,0.000562000376489404
PRY,2025-10-01,0.0,5.724178501870045e-05
QAT,2025-10-01,0.0,0.0
ROU,2025-10-01,0.0,0.000562000376489404
RUS,2025-10-01,0.0,0.09902245668616975
RWA,2025-10-01,0.0,0.0
SAU,2025-10-01,0.0,0.0005404901720140163
SEN,2025-10-01,0.0,5.724178501870045e-05
SGP,2025-10-01,0.0,0.00880710911555425
SLB,2025-10-01,0.0,0.0008146304161079755
SLE,2025-10-01,0.0,0.003917523593225705
SLV,2025-10-01,0.0,5.724178501870045e-05
SRB,2025-10-01,0.0,5.724178501870045e-05
STP,2025-10-01,0.0,0.0008146304161079755
SVK,2025-10-01,0.0,0.015228886091998866
SVN,2025-10-01,0.0,0.000313378652367283
SWE,2025-10-01,0.0,0.0008181372438379864
SWZ,2025-10-01,0.0,0.0009947018019075705
SYC,2025-10-01,0.0,0.0033168591700858696
TCD,2025-10-01,0.0,0.11727515894084709
TGO,2025-10-01,0.0,0.001324761492408488
THA,2025-10-01,1.0,0.14710621214452513
TJK,2025-10-01,0.0,0.0
TKM,2025-10-01,0.0,0.003058938360293713
TLS,2025-10-01,0.0,0.006543648925505649
TON,2025-10-01,0.0,0.0008146304161079755
TTO,2025-10-01,0.0,0.0
TUN,2025-10-01,0.0,5.724178501870045e-05
TUR,2025-10-01,0.0,0.0
TZA,2025-10-01,0.0,0.01
UGA,2025-10-01,0.0,0.0
UKR,2025-10-01,0.0,0.5395480321731349
URY,2025-10-01,0.0,0.02435106661991707
USA,2025-10-01,0.0,0.03448830730198264
UZB,2025-10-01,0.0,5.724178501870045e-05
VEN,2025-10-01,0.0,0.032177587644123345
VNM,2025-10-01,0.0,0.0008146304161079755
VUT,2025-10-01,0.0,0.0008146304161079755
WSM,2025-10-01,0.0,0.0008146304161079755
YEM,2025-10-01,0.0,0.051707963268674856
ZAF,2025-10-01,0.0,0.0014994985981212805
ZMB,2025-10-01,0.0,5.724178501870045e-05
ZWE,2025-10-01,0.0,5.724178501870045e-05
AFG,2025-11-01,0.0,0.7738940872737019
AGO,2025-11-01,0.0,0.0
ALB,2025-11-01,0.0,0.00045391613318221884
ARE,2025-11-01,0.0,0.01299926889005686
ARG,2025-11-01,0.0,0.0
ARM,2025-11-01,0.0,0.0
AUS,2025-11-01,0.0,0.0014391826783998348
AUT,2025-11-01,0.0,0.0
AZE,2025-11-01,0.0,0.014907761125628962
BDI,2025-11-01,0.0,0.0
BEL,2025-11-01,0.0,0.0
BEN,2025-11-01,0.0,0.0
BFA,2025-11-01,0.0,0.9034207919798743
BGD,2025-11-01,0.0,0.01408277870471329
BGR,2025-11-01,0.0,0.0
BHR,2025-11-01,0.0,0.0
BHS,2025-11-01,0.0,0.027755486638339984
BIH,2025-11-01,0.0,0.00045391613318221884
BLR,2025-11-01,0.0,0.0065756301669663885
BLZ,2025-11-01,0.0,0.0
BOL,2025-11-01,0.0,0.0
BRA,2025-11-01,0.0,0.012580840583892089
BRB,2025-11-01,0.0,0.0012117649696239121
BRN,2025-11-01,0.0,0.0012117649696239121
BTN,2025-11-01,0.0,0.0029783458369203454
BWA,2025-11-01,0.0,0.00011047561395634945
CAF,2025-11-01,0.0,0.3310923936067789
CAN,2025-11-01,0.0,0.0
CHE,2025-11-01,0.0,0.0
CHL,2025-11-01,0.0,0.0
CHN,2025-11-01,0.0,0.0
CIV,2025-11-01,0.0,0.0
CMR,2025-11-01,0.0,0.11477526242200405
COL,2025-11-01,0.0,0.19790167444619783
COM,2025-11-01,0.0,0.006630377556178442
CRI,2025-11-01,0.0,0.0
CUB,2025-11-01,0.0,0.0
CYP,2025-11-01,0.0,0.00045391613318221884
CZE,2025-11-01,0.0,0.0
DEU,2025-11-01,0.0,0.0
DJI,2025-11-01,0.0,0.0012117649696239121
DNK,2025-11-01,0.0,0.00045391613318221884
DOM,2025-11-01,0.0,0.0
DZA,2025-11-01,0.0,0.0
ECU,2025-11-01,0.0,0.09132971905673841
EGY,2025-11-01,0.0,0.0010834661558483335
ERI,2025-11-01,0.0,0.0006548139756373105
ESP,2025-11-01,0.0,0.0
EST,2025-11-01,0.0,0.012581102376134783
FIN,2025-11-01,0.0,0.0
FJI,2025-11-01,0.0,0.027755486638339984
FRA,2025-11-01,0.0,0.004760971535051084
GAB,2025-11-01,0.0,0.00938438134343333
GBR,2025-11-01,0.0,0.0010834661558483335
GEO,2025-11-01,0.0,0.00045391613318221884
GHA,2025-11-01,0.0,0.05886872425517121
GIN,2025-11-01,0.0,0.0
GMB,2025-11-01,0.0,0.0012117649696239121
GNB,2025-11-01,0.0,0.004814538365279414
GNQ,2025-11-01,0.0,0.0012117649696239121
GRC,2025-11-01,0.0,0.008691734518178975
GRD,2025-11-01,0.0,0.0012117649696239121
GTM,2025-11-01,0.0,0.0056697354172984184
GUY,2025-11-01,0.0,0.004260626700643852
HND,2025-11-01,0.0,0.006303968574783227
HRV,2025-11-01,0.0,0.0
HUN,2025-11-01,0.0,0.00045391613318221884
IDN,2025-11-01,0.0,0.0
IND,2025-11-01,0.0,0.04108776166748224
IRL,2025-11-01,0.0,0.003277335711736502
IRN,2025-11-01,0.0,0.11044392405942795
IRQ,2025-11-01,0.0,0.056861988668015256
ISL,2025-11-01,0.0,0.05225894472444073
ISR,2025-11-01,0.0,0.12287361113921647
ITA,2025-11-01,0.0,0.0
JAM,2025-11-01,0.0,0.0015282676402037885
JOR,2025-11-01,0.0,0.0006947275490369242
JPN,2025-11-01,0.0,0.0014391826783998348
KAZ,2025-11-01,0.0,0.0
KEN,2025-11-01,0.0,0.11638904967686069
KGZ,2025-11-01,0.0,0.0
KHM,2025-11-01,1.0,0.05262152147636648
KOR,2025-11-01,0.0,0.0
KWT,2025-11-01,0.0,0.0012117649696239121
LAO,2025-11-01,0.0,0.0012117649696239121
LBN,2025-11-01,0.0,0.09716876095782809
LBR,2025-11-01,0.0,0.0
LBY,2025-11-01,0.0,0.055140561809203896
LKA,2025-11-01,0.0,0.0
LSO,2025-11-01,0.0,0.011501082893151571
LTU,2025-11-01,0.0,0.00045391613318221884
LUX,2025-11-01,0.0,0.06489449247772885
LVA,2025-11-01,0.0,0.0
MAR,2025-11-01,0.0,0.003926924689115553
MDA,2025-11-01,0.0,0.0
MDG,2025-11-01,0.0,0.004830137547610844
MDV,2025-11-01,0.0,0.012322492113763697
MEX,2025-11-01,0.0,0.0
MKD,2025-11-01,0.0,0.0006947275490369242
MLI,2025-11-01,0.0,0.8988679353941328
MLT,2025-11-01,0.0,0.0006947275490369242
MMR,2025-11-01,1.0,0.6963925374574338
MNE,2025-11-01,0.0,0.0
MNG,2025-11-01,0.0,0.02086482309845355
MRT,2025-11-01,0.0,0.0
MUS,2025-11-01,0.0,0.0
MWI,2025-11-01,0.0,0.0
MYS,2025-11-01,0.0,0.0
NAM,2025-11-01,0.0,0.0
NER,2025-11-01,0.0,0.7285287039490953
NGA,2025-11-01,1.0,0.5995564970293055
NIC,2025-11-01,0.0,0.00040872558375578766
NLD,2025-11-01,0.0,0.0
NOR,2025-11-01,0.0,0.0
NPL,2025-11-01,0.0,0.029479125135675837
NZL,2025-11-01,0.0,0.010224813270659036
OMN,2025-11-01,0.0,0.0012117649696239121
PAK,2025-11-01,0.0,0.8834454918981084
PAN,2025-11-01,0.0,0.0
PER,2025-11-01,0.0,0.0
PHL,2025-11-01,0.0,0.1552014388442425
PNG,2025-11-01,0.0,0.00887165339236543
POL,2025-11-01,0.0,0.0
PRK,2025-11-01,0.0,0.0002460883918815228
PRT,2025-11-01,0.0,0.0014391826783998348
PRY,2025-11-01,0.0,0.0
QAT,2025-11-01,0.0,0.0
ROU,2025-11-01,0.0,0.0
RUS,2025-11-01,0.0,0.1175465909055243
RWA,2025-11-01,0.0,0.00011047561395634945
SAU,2025-11-01,0.0,0.00011047561395634945
SEN,2025-11-01,0.0,0.0
SGP,2025-11-01,0.0,0.0012117649696239121
SLB,2025-11-01,0.0,0.0012117649696239121
SLE,2025-11-01,0.0,0.00011047561395634945
SLV,2025-11-01,0.0,0.0
SOM,2025-11-01,0.0,0.957073685173505
SRB,2025-11-01,0.0,0.0
STP,2025-11-01,0.0,0.024753367398918483
SVK,2025-11-01,0.0,0.0
SVN,2025-11-01,0.0,0.0076542125103367074
SWE,2025-11-01,0.0,0.0
SWZ,2025-11-01,0.0,0.002186747037111947
SYC,2025-11-01,0.0,0.0012117649696239121
TCD,2025-11-01,0.0,0.02687100473783238
TGO,2025-11-01,0.0,0.0
THA,2025-11-01,1.0,0.022848353160659557
TJK,2025-11-01,0.0,0.0002460883918815228
TKM,2025-11-01,0.0,0.0006548139756373105
TLS,2025-11-01,0.0,0.024753367398918483
TON,2025-11-01,0.0,0.0007298325574875621
TTO,2025-11-01,0.0,0.0015282676402037885
TUN,2025-11-01,0.0,0.0
TUR,2025-11-01,0.0,0.016083466155848335
TZA,2025-11-01,0.0,0.0
UGA,2025-11-01,0.0,0.004978498958543304
UKR,2025-11-01,0.0,0.5242576912370729
URY,2025-11-01,0.0,0.012107804096657742
USA,2025-11-01,0.0,0.005578703673290547
UZB,2025-11-01,0.0,0.0
VEN,2025-11-01,0.0,0.01364164353558523
VNM,2025-11-01,0.0,0.0012117649696239121
VUT,2025-11-01,0.0,0.0012117649696239121
WSM,2025-11-01,0.0,0.0012117649696239121
YEM,2025-11-01,0.0,0.05901952309741294
ZAF,2025-11-01,0.0,0.0
ZMB,2025-11-01,0.0,0.0
ZWE,2025-11-01,0.0,0.0011034531327927118
AFG,2025-12-01,0.0,0.7291428394325254
AGO,2025-12-01,0.0,0.00034412188281665465
ALB,2025-12-01,0.0,0.005258831238544249
ARE,2025-12-01,0.0,0.00037352642087666306
ARG,2025-12-01,0.0,0.0
ARM,2025-12-01,0.0,0.0002687648334616015
AUS,2025-12-01,0.0,0.007563918266762504
AUT,2025-12-01,0.0,0.00034412188281665465
AZE,2025-12-01,0.0,0.007073581199803886
BDI,2025-12-01,0.0,0.017762670417997905
BEL,2025-12-01,0.0,0.0
BEN,2025-12-01,0.0,0.0032327809425168317
BFA,2025-12-01,0.0,0.6649171814303366
BGD,2025-12-01,0.0,0.005589623236044694
BGR,2025-12-01,0.0,0.0
BHR,2025-12-01,0.0,0.0
BHS,2025-12-01,0.0,0.020369433629335743
BIH,2025-12-01,0.0,0.0006128867162782561
BLR,2025-12-01,0.0,0.007388736009523429
BLZ,2025-12-01,0.0,0.0020512388582729934
BOL,2025-12-01,0.0,0.0
BRA,2025-12-01,0.0,0.0
BRB,2025-12-01,0.0,0.00037352642087666306
BRN,2025-12-01,0.0,0.00037352642087666306
BTN,2025-12-01,0.0,0.0
BWA,2025-12-01,0.0,0.0
CAF,2025-12-01,0.0,0.28337581797366584
CAN,2025-12-01,0.0,0.0
CHE,2025-12-01,0.0,0.0035281052676685814
CHL,2025-12-01,0.0,0.0
CHN,2025-12-01,0.0,0.0
CIV,2025-12-01,0.0,0.00034412188281665465
CMR,2025-12-01,0.0,0.1355722158752113
COL,2025-12-01,0.0,0.5415083365682504
COM,2025-12-01,0.0,0.0016881124097556704
CRI,2025-12-01,0.0,0.011210594154409228
CUB,2025-12-01,0.0,0.00034412188281665465
CYP,2025-12-01,0.0,0.00034412188281665465
CZE,2025-12-01,0.0,0.0009519105319965415
DEU,2025-12-01,0.0,0.0
DJI,2025-12-01,0.0,0.00037352642087666306
DNK,2025-12-01,0.0,0.0016797079029487643
DOM,2025-12-01,0.0,0.00034412188281665465
DZA,2025-12-01,0.0,0.00034412188281665465
ECU,2025-12-01,0.0,0.05511173386008509
EGY,2025-12-01,0.0,0.00034412188281665465
ERI,2025-12-01,0.0,0.0029960467373805638
ESP,2025-12-01,0.0,0.0
EST,2025-12-01,0.0,0.0072777707329193244
ETH,2025-12-01,0.0,0.923037935372501
FIN,2025-12-01,0.0,0.0016797079029487643
FJI,2025-12-01,0.0,0.0388460910698671
FRA,2025-12-01,0.0,0.0
GAB,2025-12-01,0.0,0.006704817030075923
GBR,2025-12-01,0.0,0.010006491845897567
GEO,2025-12-01,0.0,0.0002687648334616015
GHA,2025-12-01,0.0,0.08812651991766124
GIN,2025-12-01,0.0,0.00034412188281665465
GMB,2025-12-01,0.0,0.00037352642087666306
GNB,2025-12-01,0.0,0.00034412188281665465
GNQ,2025-12-01,0.0,0.00037352642087666306
GRC,2025-12-01,0.0,0.04678905269258467
GRD,2025-12-01,0.0,0.020369433629335743
GTM,2025-12-01,0.0,0.013757383488733899
GUY,2025-12-01,0.0,0.004575135273270422
HND,2025-12-01,0.0,0.003809887091852305
HRV,2025-12-01,0.0,0.0
HTI,2025-12-01,0.0,0.788946671368725
HUN,2025-12-01,0.0,0.0010272675813515946
IDN,2025-12-01,0.0,0.032074754604626686
IND,2025-12-01,0.0,0.10322767195071882
IRL,2025-12-01,0.0,0.0012960324148131963
IRN,2025-12-01,1.0,0.04018532618598307
IRQ,2025-12-01,0.0,0.04418442017811992
ISL,2025-12-01,0.0,0.020369433629335743
ISR,2025-12-01,0.0,0.0
ITA,2025-12-01,0.0,0.0
JAM,2025-12-01,0.0,0.006219281322309697
JOR,2025-12-01,0.0,0.0
JPN,2025-12-01,0.0,0.0009965622044138243
KAZ,2025-12-01,0.0,0.0
KEN,2025-12-01,0.0,0.0922020341164918
KGZ,2025-12-01,0.0,0.00034412188281665465
KHM,2025-12-01,0.0,0.07559335428509754
KOR,2025-12-01,0.0,0.0
KWT,2025-12-01,0.0,0.00037352642087666306
LAO,2025-12-01,0.0,0.00037352642087666306
LBN,2025-12-01,0.0,0.06222803121762914
LBR,2025-12-01,0.0,0.00034412188281665465
LBY,2025-12-01,0.0,0.004895729359760443
LKA,2025-12-01,0.0,0.0
LSO,2025-12-01,0.0,0.00037352642087666306
LTU,2025-12-01,0.0,0.00068314569853494
LUX,2025-12-01,0.0,0.017222409931328286
LVA,2025-12-01,0.0,0.0026996658425959413
MAR,2025-12-01,0.0,0.00528894036280669
MDA,2025-12-01,0.0,0.0010272675813515946
MDG,2025-12-01,0.0,0.0
MDV,2025-12-01,0.0,0.011210594154409228
MEX,2025-12-01,0.0,0.007961316406707941
MKD,2025-12-01,0.0,0.0006128867162782561
MLI,2025-12-01,0.0,0.6815483721227067
MLT,2025-12-01,0.0,0.0026996658425959413
MNE,2025-12-01,0.0,0.0009519105319965415
MNG,2025-12-01,0.0,0.05352247835906554
MRT,2025-12-01,0.0,0.0
MUS,2025-12-01,0.0,0.00034412188281665465
MWI,2025-12-01,0.0,0.0035499249384078734
MYS,2025-12-01,0.0,0.001501801886525684
NAM,2025-12-01,0.0,0.0006128867162782561
NER,2025-12-01,0.0,0.6632115639679119
NGA,2025-12-01,1.0,0.6725816117590047
NIC,2025-12-01,0.0,0.0
NLD,2025-12-01,0.0,0.0
NOR,2025-12-01,0.0,0.0009519105319965415
NPL,2025-12-01,0.0,0.005
NZL,2025-12-01,0.0,0.0070238297857654185
OMN,2025-12-01,0.0,0.007505582331268804
PAK,2025-12-01,0.0,0.8030617585271287
PAN,2025-12-01,0.0,0.0010272675813515946
PER,2025-12-01,0.0,0.004576426505925954
PHL,2025-12-01,0.0,0.18696719692538125
PNG,2025-12-01,0.0,0.0
POL,2025-12-01,0.0,0.0
PRK,2025-12-01,0.0,0.0007237840336780008
PRT,2025-12-01,0.0,0.0
PRY,2025-12-01,0.0,0.0002687648334616015
QAT,2025-12-01,0.0,0.0
ROU,2025-12-01,0.0,0.0
RUS,2025-12-01,0.0,0.10661964472582389
RWA,2025-12-01,0.0,0.003986412990010096
SAU,2025-12-01,0.0,0.0
SEN,2025-12-01,0.0,0.00034412188281665465
SGP,2025-12-01,0.0,0.00037352642087666306
SLB,2025-12-01,0.0,0.00037352642087666306
SLE,2025-12-01,0.0,0.0
SLV,2025-12-01,0.0,0.00034412188281665465
SOM,2025-12-01,0.0,0.7414539108644985
SRB,2025-12-01,0.0,0.0020561594202898586
STP,2025-12-01,0.0,0.020369433629335743
SVK,2025-12-01,0.0,0.00068314569853494
SVN,2025-12-01,0.0,0.0388460910698671
SWE,2025-12-01,0.0,0.0
SWZ,2025-12-01,0.0,0.007214277983154823
SYC,2025-12-01,0.0,0.00037352642087666306
TCD,2025-12-01,0.0,0.04402770236443288
TGO,2025-12-01,0.0,0.003136097174609369
THA,2025-12-01,0.0,0.19025618508813852
TJK,2025-12-01,0.0,0.0007237840336780008
TKM,2025-12-01,0.0,0.0026428114701102785
TLS,2025-12-01,0.0,0.020369433629335743
TON,2025-12-01,0.0,0.00037352642087666306
TTO,2025-12-01,0.0,0.008361351060961869
TUN,2025-12-01,0.0,0.0
TUR,2025-12-01,0.0,0.0019768040216918054
TZA,2025-12-01,0.0,0.001157680003709029
UGA,2025-12-01,0.0,0.019135142153822317
UKR,2025-12-01,0.0,0.3663888361708829
URY,2025-12-01,0.0,0.005398151657650782
USA,2025-12-01,0.0,0.0
UZB,2025-12-01,0.0,0.00034412188281665465
VEN,2025-12-01,0.0,0.0
VNM,2025-12-01,0.0,0.00037352642087666306
VUT,2025-12-01,0.0,0.00037352642087666306
WSM,2025-12-01,0.0,0.00037352642087666306
YEM,2025-12-01,0.0,0.14982051944159738
ZAF,2025-12-01,0.0,0.0
ZMB,2025-12-01,0.0,0.0
ZWE,2025-12-01,0.0,0.003514647129356632
AFG,2026-01-01,1.0,0.45720993007515814
AGO,2026-01-01,0.0,0.0
ALB,2026-01-01,0.0,0.00039026627569610387
ARE,2026-01-01,0.0,0.0007614253953128953
ARG,2026-01-01,0.0,0.004770193377705922
ARM,2026-01-01,0.0,0.0010815352440399293
AUS,2026-01-01,0.0,0.00958058529792443
AUT,2026-01-01,0.0,0.0008691984083002049
AZE,2026-01-01,0.0,0.008794910128024181
BDI,2026-01-01,0.0,0.0
BEL,2026-01-01,0.0,0.0008261248993428591
BEN,2026-01-01,0.0,0.0
BFA,2026-01-01,0.0,0.7959415708490196
BGD,2026-01-01,0.0,0.006352144362047824
BGR,2026-01-01,0.0,0.0008330745909813536
BHR,2026-01-01,0.0,0.00059544121462774
BHS,2026-01-01,0.0,0.0007614253953128953
BIH,2026-01-01,0.0,0.0012505863656527142
BLR,2026-01-01,0.0,0.004265051986106678
BLZ,2026-01-01,0.0,0.0
BOL,2026-01-01,0.0,0.0
BRA,2026-01-01,0.0,0.0
BRB,2026-01-01,0.0,0.0007614253953128953
BRN,2026-01-01,0.0,0.0007614253953128953
BTN,2026-01-01,0.0,0.0
BWA,2026-01-01,0.0,0.0006651734738691259
CAF,2026-01-01,0.0,0.19215032241432645
CAN,2026-01-01,0.0,0.00039026627569610387
CHE,2026-01-01,0.0,0.001421566113970599
CHL,2026-01-01,0.0,0.0
CHN,2026-01-01,0.0,0.0
CIV,2026-01-01,0.0,0.00019912650436090533
CMR,2026-01-01,0.0,0.11368857779192285
COL,2026-01-01,0.0,0.30884933778044216
COM,2026-01-01,0.0,0.0062872618715077554
CRI,2026-01-01,0.0,0.008917191296283765
CUB,2026-01-01,0.0,0.0017062833481490463
CYP,2026-01-01,0.0,0.0
CZE,2026-01-01,0.0,0.0
DEU,2026-01-01,0.0,0.00059544121462774
DJI,2026-01-01,0.0,0.0041084767658731355
DNK,2026-01-01,0.0,0.0020767112649955734
DOM,2026-01-01,0.0,0.0
DZA,2026-01-01,0.0,0.0
ECU,2026-01-01,0.0,0.03516756797136992
EGY,2026-01-01,0.0,0.0
ERI,2026-01-01,0.0,0.0
ESP,2026-01-01,0.0,0.0
EST,2026-01-01,0.0,0.00730361967083298
ETH,2026-01-01,0.0,0.9272386464193366
FIN,2026-01-01,0.0,0.0008330745909813536
FJI,2026-01-01,0.0,0.0007614253953128953
FRA,2026-01-01,0.0,0.0
GAB,2026-01-01,0.0,0.001018856984757126
GBR,2026-01-01,0.0,0.0
GEO,2026-01-01,0.0,0.0016408526413488177
GHA,2026-01-01,0.0,0.08285526646669572
GIN,2026-01-01,0.0,0.0
GMB,2026-01-01,0.0,0.006853183137579987
GNB,2026-01-01,0.0,0.000898505297781582
GNQ,2026-01-01,0.0,0.0032368143398775573
GRC,2026-01-01,0.0,0.023718411913839197
GRD,2026-01-01,0.0,0.0007614253953128953
GTM,2026-01-01,0.0,0.0009080009112382045
GUY,2026-01-01,0.0,0.005321531514625427
HND,2026-01-01,0.0,0.004935158031932226
HRV,2026-01-01,0.0,0.002695064950158052
HTI,2026-01-01,0.0,0.68662851266853
HUN,2026-01-01,0.0,0.0016864449892994692
IDN,2026-01-01,0.0,0.009467167794039276
IND,2026-01-01,0.0,0.1265349061505383
IRL,2026-01-01,0.0,0.0015675756772631658
IRN,2026-01-01,1.0,0.032286266331403725
IRQ,2026-01-01,0.0,0.011225101452823166
ISL,2026-01-01,0.0,0.017239154258420417
ISR,2026-01-01,0.0,0.0
ITA,2026-01-01,0.0,0.00039026627569610387
JAM,2026-01-01,0.0,0.013719485022873578
JOR,2026-01-01,0.0,0.008312859166751058
JPN,2026-01-01,0.0,0.0004428083152852498
KAZ,2026-01-01,0.0,0.0
KEN,2026-01-01,0.0,0.22214181418401677
KGZ,2026-01-01,0.0,0.0
KHM,2026-01-01,0.0,0.047925051660010196
KOR,2026-01-01,0.0,0.0004428083152852498
KWT,2026-01-01,0.0,0.0007614253953128953
LAO,2026-01-01,0.0,0.0007614253953128953
LBN,2026-01-01,1.0,0.033532837038868106
LBR,2026-01-01,0.0,0.00019912650436090533
LBY,2026-01-01,0.0,0.01083173067114541
LKA,2026-01-01,0.0,0.0
LSO,2026-01-01,0.0,0.0007614253953128953
LTU,2026-01-01,0.0,0.0016408526413488177
LUX,2026-01-01,0.0,0.02043281946418416
LVA,2026-01-01,0.0,0.003721562086544219
MAR,2026-01-01,0.0,0.0013521443620478231
MDA,2026-01-01,0.0,0.0006285907090610221
MDG,2026-01-01,0.0,0.005
MDV,2026-01-01,0.0,0.0007614253953128953
MEX,2026-01-01,0.0,0.01678761427340917
MKD,2026-01-01,0.0,0.000273757193672465
MLI,2026-01-01,0.0,0.33726702369424055
MLT,2026-01-01,0.0,0.007977398076178949
MMR,2026-01-01,0.0,0.8730969031929208
MNE,2026-01-01,0.0,0.00039026627569610387
MNG,2026-01-01,0.0,0.014257012456061638
MOZ,2026-01-01,0.0,0.4503465367139098
MRT,2026-01-01,0.0,0.0008330745909813536
MUS,2026-01-01,0.0,0.0005444210511418642
MWI,2026-01-01,0.0,0.0
MYS,2026-01-01,0.0,0.008291369562177407
NAM,2026-01-01,0.0,0.004704232879375777
NER,2026-01-01,0.0,0.718579260304567
NIC,2026-01-01,0.0,0.00019912650436090533
NLD,2026-01-01,0.0,0.001421566113970599
NOR,2026-01-01,0.0,0.0010815352440399293
NPL,2026-01-01,0.0,0.0
NZL,2026-01-01,0.0,0.0020767112649955734
OMN,2026-01-01,0.0,0.0007614253953128953
PAK,2026-01-01,0.0,0.8036573286282175
PAN,2026-01-01,0.0,0.0008330745909813536
PER,2026-01-01,0.0,0.0013521443620478231
PHL,2026-01-01,0.0,0.42192804267595163
PNG,2026-01-01,0.0,0.024790989944044863
POL,2026-01-01,0.0,0.0008330745909813536
PRK,2026-01-01,0.0,0.0012910822135427324
PRT,2026-01-01,0.0,0.0016408526413488177
PRY,2026-01-01,0.0,0.0015675756772631658
QAT,2026-01-01,0.0,0.0002395715869823227
ROU,2026-01-01,0.0,0.0
RUS,2026-01-01,0.0,0.10108986794870574
RWA,2026-01-01,0.0,0.023716929679632997
SAU,2026-01-01,0.0,0.0007614253953128953
SEN,2026-01-01,0.0,0.004704232879375777
SGP,2026-01-01,0.0,0.0007614253953128953
SLB,2026-01-01,0.0,0.0007614253953128953
SLE,2026-01-01,0.0,0.00866812797796045
SLV,2026-01-01,0.0,0.0
SOM,2026-01-01,0.0,0.8928616472476034
SRB,2026-01-01,0.0,0.0
STP,2026-01-01,0.0,0.0007614253953128953
SVK,2026-01-01,0.0,0.0015675756772631658
SVN,2026-01-01,0.0,0.0020767112649955734
SWE,2026-01-01,0.0,0.0008330745909813536
SWZ,2026-01-01,0.0,0.01586610916195281
SYC,2026-01-01,0.0,0.0007614253953128953
SYR,2026-01-01,0.0,0.46417463404175435
TCD,2026-01-01,0.0,0.01
TGO,2026-01-01,0.0,0.0
THA,2026-01-01,0.0,0.0818974342689868
TJK,2026-01-01,0.0,0.007277251541121635
TKM,2026-01-01,0.0,0.0
TLS,2026-01-01,0.0,0.01586610916195281
TON,2026-01-01,0.0,0.0007614253953128953
TTO,2026-01-01,0.0,0.004678959544715
TUN,2026-01-01,0.0,0.0
TUR,2026-01-01,0.0,0.0013521443620478231
TZA,2026-01-01,0.0,0.0
UGA,2026-01-01,0.0,0.021193132631936274
UKR,2026-01-01,0.0,0.2647195435487631
URY,2026-01-01,0.0,0.028373997797877543
USA,2026-01-01,0.0,0.004634638922888617
UZB,2026-01-01,0.0,0.000273757193672465
VEN,2026-01-01,0.0,0.03433890214298638
VNM,2026-01-01,0.0,0.0007614253953128953
VUT,2026-01-01,0.0,0.0007614253953128953
WSM,2026-01-01,0.0,0.0007614253953128953
YEM,2026-01-01,0.0,0.20431541088706034
ZAF,2026-01-01,0.0,0.0
ZMB,2026-01-01,0.0,0.004277646024447352
ZWE,2026-01-01,0.0,0.0009102931256386172
AFG,2026-02-01,1.0,0.8786477212933558
AGO,2026-02-01,0.0,0.00493521980146964
ALB,2026-02-01,0.0,0.0004038664416077694
ARE,2026-02-01,0.0,0.005043333090889755
ARG,2026-02-01,0.0,0.004919286184686059
ARM,2026-02-01,0.0,0.0004933891049816423
AUS,2026-02-01,0.0,0.0
AUT,2026-02-01,0.0,0.0004933891049816423
AZE,2026-02-01,0.0,0.018748820152599165
BDI,2026-02-01,0.0,0.005081942986856538
BEL,2026-02-01,0.0,0.0
BEN,2026-02-01,0.0,0.006395897649835276
BFA,2026-02-01,0.0,0.6141224321036346
BGD,2026-02-01,0.0,0.0
BGR,2026-02-01,0.0,0.0004933891049816423
BHR,2026-02-01,0.0,0.0
BHS,2026-02-01,0.0,0.0012558965189801738
BIH,2026-02-01,0.0,0.0004038664416077694
BLR,2026-02-01,0.0,0.007500598869990106
BLZ,2026-02-01,0.0,0.0003761678612455384
BOL,2026-02-01,0.0,0.0
BRA,2026-02-01,0.0,0.0
BRB,2026-02-01,0.0,0.0012558965189801738
BRN,2026-02-01,0.0,0.0012558965189801738
BTN,2026-02-01,0.0,0.00021949435495126945
BWA,2026-02-01,0.0,0.005959339636952832
CAF,2026-02-01,0.0,0.2512570375011771
CAN,2026-02-01,0.0,0.0
CHE,2026-02-01,0.0,0.0
CHL,2026-02-01,0.0,0.0
CHN,2026-02-01,0.0,0.0
CIV,2026-02-01,0.0,0.00014672318538689827
CMR,2026-02-01,0.0,0.3446796727274718
COD,2026-02-01,0.0,0.31424529339166773
COL,2026-02-01,0.0,0.17643305992837197
COM,2026-02-01,0.0,0.010089492750367612
CRI,2026-02-01,0.0,0.017853049746150085
CUB,2026-02-01,0.0,0.0016453237216848765
CYP,2026-02-01,0.0,0.0005505896269946676
CZE,2026-02-01,0.0,0.0
DEU,2026-02-01,0.0,0.0
DJI,2026-02-01,0.0,0.0012558965189801738
DNK,2026-02-01,0.0,0.0004933891049816423
DOM,2026-02-01,0.0,0.0
DZA,2026-02-01,0.0,0.0016453237216848765
ECU,2026-02-01,0.0,0.06396965507037211
EGY,2026-02-01,0.0,0.0
ERI,2026-02-01,0.0,0.00010808754293361993
ESP,2026-02-01,0.0,0.0
EST,2026-02-01,0.0,0.00978199884230773
ETH,2026-02-01,0.0,0.8159170362271577
FIN,2026-02-01,0.0,0.00022944467585864008
FJI,2026-02-01,0.0,0.02134168952980678
FRA,2026-02-01,0.0,0.0027499820415200055
GAB,2026-02-01,0.0,0.00014672318538689827
GBR,2026-02-01,0.0,0.0
GEO,2026-02-01,0.0,0.0
GHA,2026-02-01,0.0,0.0
GIN,2026-02-01,0.0,0.0
GMB,2026-02-01,0.0,0.0012558965189801738
GNB,2026-02-01,0.0,0.001353027974039075
GNQ,2026-02-01,0.0,0.03735570967853456
GRC,2026-02-01,0.0,0.007983907754405438
GRD,2026-02-01,0.0,0.0012558965189801738
GTM,2026-02-01,0.0,0.007698831425116379
GUY,2026-02-01,0.0,0.059954721115551876
HND,2026-02-01,0.0,0.025604387482555124
HRV,2026-02-01,0.0,0.0004038664416077694
HTI,2026-02-01,0.0,0.516022997561384
HUN,2026-02-01,0.0,0.0004038664416077694
IDN,2026-02-01,0.0,0.02075833357050381
IND,2026-02-01,0.0,0.16486328818389454
IRL,2026-02-01,0.0,0.0004038664416077694
IRQ,2026-02-01,0.0,0.03813859404440446
ISL,2026-02-01,0.0,0.013422074355026167
ISR,2026-02-01,0.0,0.019003167583830874
ITA,2026-02-01,0.0,0.0
JAM,2026-02-01,0.0,0.0032963519446127633
JOR,2026-02-01,0.0,0.0016453237216848765
JPN,2026-02-01,0.0,0.0004933891049816423
KAZ,2026-02-01,0.0,0.0
KEN,2026-02-01,0.0,0.07483759303461661
KGZ,2026-02-01,0.0,0.0004038664416077694
KHM,2026-02-01,0.0,0.09753752502551839
KOR,2026-02-01,0.0,0.0
KWT,2026-02-01,0.0,0.005043333090889755
LAO,2026-02-01,0.0,0.0
LBN,2026-02-01,1.0,0.1259772152279998
LBR,2026-02-01,0.0,0.0007280810193990108
LBY,2026-02-01,0.0,0.03370446157756645
LKA,2026-02-01,0.0,0.0
LSO,2026-02-01,0.0,0.0012558965189801738
LTU,2026-02-01,0.0,0.0006401122903685406
LUX,2026-02-01,0.0,0.029330673144032583
LVA,2026-02-01,0.0,0.02456481742496335
MAR,2026-02-01,0.0,0.0018297287609033333
MDA,2026-02-01,0.0,0.0014986005362979781
MDG,2026-02-01,0.0,0.009164737335125099
MDV,2026-02-01,0.0,0.012006534442398013
MEX,2026-02-01,0.0,0.02450013577935524
MKD,2026-02-01,0.0,0.0006401122903685406
MLI,2026-02-01,0.0,0.35606146654962983
MLT,2026-02-01,0.0,0.010481908257010413
MMR,2026-02-01,0.0,0.7902528448886322
MNE,2026-02-01,0.0,0.0004038664416077694
MNG,2026-02-01,0.0,0.016088738113704325
MOZ,2026-02-01,0.0,0.3391258467210397
MRT,2026-02-01,0.0,0.0004038664416077694
MUS,2026-02-01,0.0,0.0005505896269946676
MWI,2026-02-01,0.0,0.0
MYS,2026-02-01,0.0,0.0004038664416077694
NAM,2026-02-01,0.0,0.023175933493154957
NER,2026-02-01,0.0,0.45213996395777994
NIC,2026-02-01,0.0,0.000573197869283744
NLD,2026-02-01,0.0,0.0
NOR,2026-02-01,0.0,0.0004933891049816423
NPL,2026-02-01,0.0,0.009027320449835372
NZL,2026-02-01,0.0,0.01842207435502617
OMN,2026-02-01,0.0,0.0012558965189801738
PAK,2026-02-01,0.0,0.3728486131264787
PAN,2026-02-01,0.0,0.0006401122903685406
PER,2026-02-01,0.0,0.003956587304570065
PHL,2026-02-01,0.0,0.23177915586967732
PNG,2026-02-01,0.0,0.008974484808518706
POL,2026-02-01,0.0,0.0
PRK,2026-02-01,0.0,0.00021949435495126945
PRT,2026-02-01,0.0,0.0004933891049816423
PRY,2026-02-01,0.0,0.0
PSE,2026-02-01,0.0,0.30945470698489486
QAT,2026-02-01,0.0,0.00489214931111564
ROU,2026-02-01,0.0,0.0
RUS,2026-02-01,0.0,0.08431424780869026
RWA,2026-02-01,0.0,0.011573526977054154
SAU,2026-02-01,0.0,0.008255094358959755
SDN,2026-02-01,0.0,0.8964528953548491
SEN,2026-02-01,0.0,0.0
SGP,2026-02-01,0.0,0.0012558965189801738
SLB,2026-02-01,0.0,0.0012558965189801738
SLE,2026-02-01,0.0,0.0003759636631475615
SLV,2026-02-01,0.0,0.0
SOM,2026-02-01,0.0,0.6340573743647443
SRB,2026-02-01,0.0,0.005
SSD,2026-02-01,0.0,0.5860283700960068
STP,2026-02-01,0.0,0.0012558965189801738
SVK,2026-02-01,0.0,0.012226818047744576
SVN,2026-02-01,0.0,0.016088738113704325
SWE,2026-02-01,0.0,0.0
SWZ,2026-02-01,0.0,0.009452709022649382
SYC,2026-02-01,0.0,0.0012558965189801738
SYR,2026-02-01,0.0,0.6696266586780907
TCD,2026-02-01,0.0,0.06411057431810847
TGO,2026-02-01,0.0,0.007096732428382336
THA,2026-02-01,0.0,0.06161428132692543
TJK,2026-02-01,0.0,0.004471732274267025
TKM,2026-02-01,0.0,0.013157410094631273
TLS,2026-02-01,0.0,0.02134168952980678
TON,2026-02-01,0.0,0.0012558965189801738
TTO,2026-02-01,0.0,0.00022944467585864008
TUN,2026-02-01,0.0,0.0
TUR,2026-02-01,0.0,0.005
TZA,2026-02-01,0.0,0.0016453237216848765
UGA,2026-02-01,0.0,0.0032963519446127633
UKR,2026-02-01,0.0,0.16434074587654382
URY,2026-02-01,0.0,0.012255134108613418
USA,2026-02-01,0.0,0.0
UZB,2026-02-01,0.0,0.00014672318538689827
VEN,2026-02-01,0.0,0.018226925351408987
VNM,2026-02-01,0.0,0.0012558965189801738
VUT,2026-02-01,0.0,0.0012558965189801738
WSM,2026-02-01,0.0,0.0012558965189801738
YEM,2026-02-01,0.0,0.11497680578472876
ZAF,2026-02-01,0.0,0.0
ZMB,2026-02-01,0.0,0.002987677403084797
ZWE,2026-02-01,0.0,0.00014672318538689827
