iso3,month,y_true,y_prob
AFG,2024-03-01,0.0,0.2071231107249812
AGO,2024-03-01,0.0,0.0
ALB,2024-03-01,0.0,0.0
ARE,2024-03-01,0.0,0.0
ARG,2024-03-01,0.0,0.0
ARM,2024-03-01,0.0,0.00971995843132965
AUS,2024-03-01,0.0,0.0
AUT,2024-03-01,0.0,0.0
AZE,2024-03-01,0.0,0.0
BDI,2024-03-01,0.0,0.009464630407053
BEL,2024-03-01,0.0,0.0
BEN,2024-03-01,0.0,0.0
BFA,2024-03-01,1.0,0.8801035775972905
BGD,2024-03-01,0.0,0.007506856389040696
BGR,2024-03-01,0.0,0.0
BHR,2024-03-01,0.0,0.0
BHS,2024-03-01,0.0,0.0
BIH,2024-03-01,0.0,0.0
BLR,2024-03-01,0.0,0.0
BLZ,2024-03-01,0.0,0.0
BOL,2024-03-01,0.0,0.0
BRA,2024-03-01,0.0,0.0
BRB,2024-03-01,0.0,0.0
BRN,2024-03-01,0.0,0.0
BTN,2024-03-01,0.0,0.0
BWA,2024-03-01,0.0,0.0
CAF,2024-03-01,0.0,0.8570806210955385
CAN,2024-03-01,0.0,0.0
CHE,2024-03-01,0.0,0.0
CHL,2024-03-01,0.0,0.0
CHN,2024-03-01,0.0,0.0
CIV,2024-03-01,0.0,0.0
CMR,2024-03-01,0.0,0.7883938777732338
COL,2024-03-01,0.0,0.1984054764162407
COM,2024-03-01,0.0,0.0
CRI,2024-03-01,0.0,0.0
CUB,2024-03-01,0.0,0.0
CYP,2024-03-01,0.0,0.005
CZE,2024-03-01,0.0,0.0
DEU,2024-03-01,0.0,0.0
DJI,2024-03-01,0.0,0.0
DNK,2024-03-01,0.0,0.0
DOM,2024-03-01,0.0,0.0
DZA,2024-03-01,0.0,0.0
ECU,2024-03-01,0.0,0.016164553508909565
EGY,2024-03-01,0.0,0.0
ERI,2024-03-01,0.0,0.0
ESP,2024-03-01,0.0,0.0
EST,2024-03-01,0.0,0.0
FIN,2024-03-01,0.0,0.0
FJI,2024-03-01,0.0,0.0
FRA,2024-03-01,0.0,0.0
GAB,2024-03-01,0.0,0.0
GBR,2024-03-01,0.0,0.0
GEO,2024-03-01,0.0,0.0
GHA,2024-03-01,0.0,0.0
GIN,2024-03-01,0.0,0.0
GMB,2024-03-01,0.0,0.0
GNB,2024-03-01,0.0,0.0
GNQ,2024-03-01,0.0,0.0
GRC,2024-03-01,0.0,0.0
GRD,2024-03-01,0.0,0.0
GTM,2024-03-01,0.0,0.0
GUY,2024-03-01,0.0,0.0
HND,2024-03-01,0.0,0.0
HRV,2024-03-01,0.0,0.0
HUN,2024-03-01,0.0,0.0
IDN,2024-03-01,0.0,0.0
IND,2024-03-01,0.0,0.0
IRL,2024-03-01,0.0,0.0
IRN,2024-03-01,0.0,0.04292512674850715
IRQ,2024-03-01,0.0,0.15988223675255642
ISL,2024-03-01,0.0,0.0
ISR,2024-03-01,0.0,0.0959063470156885
ITA,2024-03-01,0.0,0.0
JAM,2024-03-01,0.0,0.0
JOR,2024-03-01,0.0,0.0
JPN,2024-03-01,0.0,0.0
KAZ,2024-03-01,0.0,0.0
KEN,2024-03-01,0.0,0.5422835667917998
KGZ,2024-03-01,0.0,0.0
KHM,2024-03-01,0.0,0.0
KOR,2024-03-01,0.0,0.0
KWT,2024-03-01,0.0,0.0
LAO,2024-03-01,0.0,0.0
LBN,2024-03-01,0.0,0.2955859846961689
LBR,2024-03-01,0.0,0.0
LBY,2024-03-01,0.0,0.013280475768005607
LKA,2024-03-01,0.0,0.004844314290526002
LSO,2024-03-01,0.0,0.0
LTU,2024-03-01,0.0,0.0
LUX,2024-03-01,0.0,0.0
LVA,2024-03-01,0.0,0.0
MAR,2024-03-01,0.0,0.0
MDA,2024-03-01,0.0,0.0
MDG,2024-03-01,0.0,0.0
MDV,2024-03-01,0.0,0.0
MEX,2024-03-01,0.0,0.0040240899806944265
MKD,2024-03-01,0.0,0.0
MLT,2024-03-01,0.0,0.0
MNE,2024-03-01,0.0,0.0
MNG,2024-03-01,0.0,0.0
MRT,2024-03-01,0.0,0.0
MUS,2024-03-01,0.0,0.0
MWI,2024-03-01,0.0,0.0
MYS,2024-03-01,0.0,0.0
NAM,2024-03-01,0.0,0.0
NER,2024-03-01,0.0,0.8870522086390871
NIC,2024-03-01,0.0,0.0
NLD,2024-03-01,0.0,0.0
NOR,2024-03-01,0.0,0.0
NPL,2024-03-01,0.0,0.0
NZL,2024-03-01,0.0,0.0
OMN,2024-03-01,0.0,0.0
PAK,2024-03-01,0.0,0.07239902536570365
PAN,2024-03-01,0.0,0.0
PER,2024-03-01,0.0,0.0
PHL,2024-03-01,0.0,0.6207524758689291
PNG,2024-03-01,0.0,0.014580404667215205
POL,2024-03-01,0.0,0.0
PRK,2024-03-01,0.0,0.0
PRT,2024-03-01,0.0,0.0
PRY,2024-03-01,0.0,0.0
PSE,2024-03-01,0.0,0.3669734999788231
QAT,2024-03-01,0.0,0.0
ROU,2024-03-01,0.0,0.0
RUS,2024-03-01,0.0,0.04830149404363942
RWA,2024-03-01,0.0,0.0
SAU,2024-03-01,0.0,0.0
SDN,2024-03-01,0.0,0.8105332531623377
SEN,2024-03-01,0.0,0.0
SGP,2024-03-01,0.0,0.0
SLB,2024-03-01,0.0,0.0
SLE,2024-03-01,0.0,0.005
SLV,2024-03-01,0.0,0.0
SRB,2024-03-01,0.0,0.0
STP,2024-03-01,0.0,0.0
SVK,2024-03-01,0.0,0.0
SVN,2024-03-01,0.0,0.0
SWE,2024-03-01,0.0,0.0
SWZ,2024-03-01,0.0,0.0
SYC,2024-03-01,0.0,0.0
SYR,2024-03-01,0.0,0.8805953567207279
TCD,2024-03-01,0.0,0.6671804335863485
TGO,2024-03-01,0.0,0.0
THA,2024-03-01,0.0,0.0
TJK,2024-03-01,0.0,0.01
TKM,2024-03-01,0.0,0.0
TLS,2024-03-01,0.0,0.0
TON,2024-03-01,0.0,0.0
TTO,2024-03-01,0.0,0.0
TUN,2024-03-01,0.0,0.0
TUR,2024-03-01,0.0,0.025275113055522432
TZA,2024-03-01,0.0,0.0
UGA,2024-03-01,0.0,0.056884175489775465
UKR,2024-03-01,1.0,0.368445444577446
URY,2024-03-01,0.0,0.0
USA,2024-03-01,0.0,0.0
UZB,2024-03-01,0.0,0.0
VEN,2024-03-01,0.0,0.0025408532815122424
VNM,2024-03-01,0.0,0.0
VUT,2024-03-01,0.0,0.0
WSM,2024-03-01,0.0,0.0
YEM,2024-03-01,0.0,0.17060538931774727
ZAF,2024-03-01,0.0,0.0
ZMB,2024-03-01,0.0,0.0
ZWE,2024-03-01,0.0,0.0
AFG,2024-04-01,0.0,0.12906630366826963
AGO,2024-04-01,0.0,0.0
ALB,2024-04-01,0.0,0.0
ARE,2024-04-01,0.0,0.0
ARG,2024-04-01,0.0,0.0
ARM,2024-04-01,0.0,0.0
AUS,2024-04-01,0.0,0.0
AUT,2024-04-01,0.0,0.0
AZE,2024-04-01,0.0,0.005
BDI,2024-04-01,0.0,0.01855575173282963
BEL,2024-04-01,0.0,0.0
BEN,2024-04-01,0.0,0.0
BFA,2024-04-01,1.0,0.8807835690067854
BGD,2024-04-01,0.0,0.008743869729541505
BGR,2024-04-01,0.0,0.0
BHR,2024-04-01,0.0,0.0
BHS,2024-04-01,0.0,0.0
BIH,2024-04-01,0.0,0.0
BLR,2024-04-01,0.0,0.0
BLZ,2024-04-01,0.0,0.0
BOL,2024-04-01,0.0,0.0
BRA,2024-04-01,0.0,0.004854397204426325
BRB,2024-04-01,0.0,0.0
BRN,2024-04-01,0.0,0.0
BTN,2024-04-01,0.0,0.0
BWA,2024-04-01,0.0,0.0
CAF,2024-04-01,0.0,0.8567996880142956
CAN,2024-04-01,0.0,0.0
CHE,2024-04-01,0.0,0.0
CHL,2024-04-01,0.0,0.0
CHN,2024-04-01,0.0,0.0
CIV,2024-04-01,0.0,0.0
CMR,2024-04-01,0.0,0.8456485964510715
COL,2024-04-01,0.0,0.12704510464108631
COM,2024-04-01,0.0,0.0
CRI,2024-04-01,0.0,0.0
CUB,2024-04-01,0.0,0.0
CYP,2024-04-01,0.0,0.029435228051949883
CZE,2024-04-01,0.0,0.0
DEU,2024-04-01,0.0,0.0
DJI,2024-04-01,0.0,0.0
DNK,2024-04-01,0.0,0.0
DOM,2024-04-01,0.0,0.0
DZA,2024-04-01,0.0,0.0
ECU,2024-04-01,0.0,0.014051840831203068
EGY,2024-04-01,0.0,0.0
ERI,2024-04-01,0.0,0.01
ESP,2024-04-01,0.0,0.0
EST,2024-04-01,0.0,0.0
FIN,2024-04-01,0.0,0.0
FJI,2024-04-01,0.0,0.0
FRA,2024-04-01,0.0,0.0
GAB,2024-04-01,0.0,0.0
GBR,2024-04-01,0.0,0.0
GEO,2024-04-01,0.0,0.0
GHA,2024-04-01,0.0,0.0
GIN,2024-04-01,0.0,0.0
GMB,2024-04-01,0.0,0.0
GNB,2024-04-01,0.0,0.0
GNQ,2024-04-01,0.0,0.0
GRC,2024-04-01,0.0,0.0
GRD,2024-04-01,0.0,0.0
GTM,2024-04-01,0.0,0.0
GUY,2024-04-01,0.0,0.0
HND,2024-04-01,0.0,0.0
HRV,2024-04-01,0.0,0.0
HUN,2024-04-01,0.0,0.0
IDN,2024-04-01,0.0,0.005
IND,2024-04-01,0.0,0.0
IRL,2024-04-01,0.0,0.0
IRN,2024-04-01,0.0,0.023047503870980857
IRQ,2024-04-01,0.0,0.12754341923005214
ISL,2024-04-01,0.0,0.0
ISR,2024-04-01,0.0,0.11528033802286095
ITA,2024-04-01,0.0,0.0
JAM,2024-04-01,0.0,0.0
JOR,2024-04-01,0.0,0.0
JPN,2024-04-01,0.0,0.0
KAZ,2024-04-01,0.0,0.0
KEN,2024-04-01,0.0,0.16860818079620138
KGZ,2024-04-01,0.0,0.0
KHM,2024-04-01,0.0,0.0
KOR,2024-04-01,0.0,0.0
KWT,2024-04-01,0.0,0.0
LAO,2024-04-01,0.0,0.0
LBN,2024-04-01,0.0,0.2575974022218375
LBR,2024-04-01,0.0,0.0
LBY,2024-04-01,0.0,0.009757697191384269
LKA,2024-04-01,0.0,0.004539760348583875
LSO,2024-04-01,0.0,0.0
LTU,2024-04-01,0.0,0.0
LUX,2024-04-01,0.0,0.0
LVA,2024-04-01,0.0,0.0
MAR,2024-04-01,0.0,0.0
MDA,2024-04-01,0.0,0.0
MDG,2024-04-01,0.0,0.0
MDV,2024-04-01,0.0,0.0
MEX,2024-04-01,0.0,0.00438882202497367
MKD,2024-04-01,0.0,0.0
MLT,2024-04-01,0.0,0.0
MNE,2024-04-01,0.0,0.0
MNG,2024-04-01,0.0,0.0
MRT,2024-04-01,0.0,0.0
MUS,2024-04-01,0.0,0.0
MWI,2024-04-01,0.0,0.0
MYS,2024-04-01,0.0,0.0
NAM,2024-04-01,0.0,0.0
NER,2024-04-01,0.0,0.9337780475414108
NGA,2024-04-01,0.0,0.8350240572300703
NIC,2024-04-01,0.0,0.0
NLD,2024-04-01,0.0,0.0
NOR,2024-04-01,0.0,0.0
NPL,2024-04-01,0.0,0.0
NZL,2024-04-01,0.0,0.0
OMN,2024-04-01,0.0,0.0
PAK,2024-04-01,0.0,0.05552553667845019
PAN,2024-04-01,0.0,0.0
PER,2024-04-01,0.0,0.0
PHL,2024-04-01,0.0,0.6194793462473974
PNG,2024-04-01,0.0,0.033254626768636976
POL,2024-04-01,0.0,0.0
PRK,2024-04-01,0.0,0.0
PRT,2024-04-01,0.0,0.0
PRY,2024-04-01,0.0,0.0
PSE,2024-04-01,1.0,0.13691408336285166
QAT,2024-04-01,0.0,0.0
ROU,2024-04-01,0.0,0.0
RUS,2024-04-01,0.0,0.019252623613611432
RWA,2024-04-01,0.0,0.0
SAU,2024-04-01,0.0,0.0
SDN,2024-04-01,0.0,0.7564553600773927
SEN,2024-04-01,0.0,0.0
SGP,2024-04-01,0.0,0.0
SLB,2024-04-01,0.0,0.0
SLE,2024-04-01,0.0,0.0
SLV,2024-04-01,0.0,0.0
SRB,2024-04-01,0.0,0.0
STP,2024-04-01,0.0,0.0
SVK,2024-04-01,0.0,0.0
SVN,2024-04-01,0.0,0.0
SWE,2024-04-01,0.0,0.0
SWZ,2024-04-01,0.0,0.0
SYC,2024-04-01,0.0,0.0
SYR,2024-04-01,0.0,0.5514576929073958
TCD,2024-04-01,0.0,0.39011299404686833
TGO,2024-04-01,0.0,0.005
THA,2024-04-01,0.0,0.0
TJK,2024-04-01,0.0,0.0
TKM,2024-04-01,0.0,0.0
TLS,2024-04-01,0.0,0.0
TON,2024-04-01,0.0,0.0
TTO,2024-04-01,0.0,0.0
TUN,2024-04-01,0.0,0.0
TUR,2024-04-01,0.0,0.005
TZA,2024-04-01,0.0,0.0
UGA,2024-04-01,0.0,0.08521368637838397
UKR,2024-04-01,1.0,0.3080804702405495
URY,2024-04-01,0.0,0.0
USA,2024-04-01,0.0,0.0
UZB,2024-04-01,0.0,0.0
VEN,2024-04-01,0.0,0.0
VNM,2024-04-01,0.0,0.0
VUT,2024-04-01,0.0,0.0
WSM,2024-04-01,0.0,0.0
YEM,2024-04-01,0.0,0.23329307662259402
ZAF,2024-04-01,0.0,0.0
ZMB,2024-04-01,0.0,0.0
ZWE,2024-04-01,0.0,0.0
AFG,2024-05-01,0.0,0.25755431891654185
AGO,2024-05-01,0.0,0.0
ALB,2024-05-01,0.0,0.0
ARE,2024-05-01,0.0,0.0
ARG,2024-05-01,0.0,0.0
ARM,2024-05-01,0.0,0.0
AUS,2024-05-01,0.0,0.0
AUT,2024-05-01,0.0,0.0
AZE,2024-05-01,0.0,0.0
BDI,2024-05-01,0.0,0.0044624272225406506
BEL,2024-05-01,0.0,0.0
BEN,2024-05-01,0.0,0.0
BGD,2024-05-01,0.0,0.004958518394368558
BGR,2024-05-01,0.0,0.0
BHR,2024-05-01,0.0,0.0
BHS,2024-05-01,0.0,0.0
BIH,2024-05-01,0.0,0.0
BLR,2024-05-01,0.0,0.0
BLZ,2024-05-01,0.0,0.0
BOL,2024-05-01,0.0,0.0
BRA,2024-05-01,0.0,0.004736817460916833
BRB,2024-05-01,0.0,0.0
BRN,2024-05-01,0.0,0.0
BTN,2024-05-01,0.0,0.0
BWA,2024-05-01,0.0,0.0
CAF,2024-05-01,0.0,0.6310706580321258
CAN,2024-05-01,0.0,0.0
CHE,2024-05-01,0.0,0.0
CHL,2024-05-01,0.0,0.0
CHN,2024-05-01,0.0,0.0
CIV,2024-05-01,0.0,0.01
CMR,2024-05-01,0.0,0.8209600463442291
COL,2024-05-01,0.0,0.11163245109739015
COM,2024-05-01,0.0,0.0
CRI,2024-05-01,0.0,0.0
CUB,2024-05-01,0.0,0.0
CYP,2024-05-01,0.0,0.0
CZE,2024-05-01,0.0,0.0
DEU,2024-05-01,0.0,0.0
DJI,2024-05-01,0.0,0.005
DNK,2024-05-01,0.0,0.0
DOM,2024-05-01,0.0,0.0
DZA,2024-05-01,0.0,0.0
ECU,2024-05-01,0.0,0.003875933446875388
EGY,2024-05-01,0.0,0.0
ERI,2024-05-01,0.0,0.005
ESP,2024-05-01,0.0,0.0
EST,2024-05-01,0.0,0.0
FIN,2024-05-01,0.0,0.0
FJI,2024-05-01,0.0,0.0
FRA,2024-05-01,0.0,0.0
GAB,2024-05-01,0.0,0.0
GBR,2024-05-01,0.0,0.0
GEO,2024-05-01,0.0,0.0
GHA,2024-05-01,0.0,0.0
GIN,2024-05-01,0.0,0.0
GMB,2024-05-01,0.0,0.0
GNB,2024-05-01,0.0,0.0
GNQ,2024-05-01,0.0,0.0
GRC,2024-05-01,0.0,0.0
GRD,2024-05-01,0.0,0.0
GTM,2024-05-01,0.0,0.0
GUY,2024-05-01,0.0,0.0
HND,2024-05-01,0.0,0.0
HRV,2024-05-01,0.0,0.0
HTI,2024-05-01,0.0,0.8484487137662822
HUN,2024-05-01,0.0,0.0
IDN,2024-05-01,0.0,0.0
IND,2024-05-01,0.0,0.005
IRL,2024-05-01,0.0,0.0
IRN,2024-05-01,0.0,0.03003334155514683
IRQ,2024-05-01,0.0,0.12989417042190593
ISL,2024-05-01,0.0,0.0
ISR,2024-05-01,0.0,0.01792799675916049
ITA,2024-05-01,0.0,0.0
JAM,2024-05-01,0.0,0.0
JOR,2024-05-01,0.0,0.0
JPN,2024-05-01,0.0,0.0
KAZ,2024-05-01,0.0,0.0
KEN,2024-05-01,0.0,0.14614434072304383
KGZ,2024-05-01,0.0,0.0
KHM,2024-05-01,0.0,0.0
KOR,2024-05-01,0.0,0.0
KWT,2024-05-01,0.0,0.0
LAO,2024-05-01,0.0,0.0
LBN,2024-05-01,0.0,0.23228730237977596
LBR,2024-05-01,0.0,0.0
LBY,2024-05-01,0.0,0.004859080905298427
LKA,2024-05-01,0.0,0.0
LSO,2024-05-01,0.0,0.0
LTU,2024-05-01,0.0,0.0
LUX,2024-05-01,0.0,0.0
LVA,2024-05-01,0.0,0.0
MAR,2024-05-01,0.0,0.0
MDA,2024-05-01,0.0,0.0
MDG,2024-05-01,0.0,0.0
MDV,2024-05-01,0.0,0.0
MEX,2024-05-01,0.0,0.004438566696272087
MKD,2024-05-01,0.0,0.0
MLT,2024-05-01,0.0,0.0
MNE,2024-05-01,0.0,0.0
MNG,2024-05-01,0.0,0.0
MRT,2024-05-01,0.0,0.005
MUS,2024-05-01,0.0,0.0
MWI,2024-05-01,0.0,0.0
MYS,2024-05-01,0.0,0.005
NAM,2024-05-01,0.0,0.0
NER,2024-05-01,0.0,0.8258179123896039
NGA,2024-05-01,0.0,0.8833342915379458
NIC,2024-05-01,0.0,0.0
NLD,2024-05-01,0.0,0.0
NOR,2024-05-01,0.0,0.0
NPL,2024-05-01,0.0,0.0
NZL,2024-05-01,0.0,0.0
OMN,2024-05-01,0.0,0.0
PAK,2024-05-01,0.0,0.05554260197167658
PAN,2024-05-01,0.0,0.0
PER,2024-05-01,0.0,0.0
PHL,2024-05-01,0.0,0.440426147364304
PNG,2024-05-01,0.0,0.03425019296229193
POL,2024-05-01,0.0,0.0
PRK,2024-05-01,0.0,0.0
PRT,2024-05-01,0.0,0.0
PRY,2024-05-01,0.0,0.0
PSE,2024-05-01,1.0,0.18178970578311351
QAT,2024-05-01,0.0,0.005
ROU,2024-05-01,0.0,0.0
RUS,2024-05-01,0.0,0.04973498630757907
RWA,2024-05-01,0.0,0.0
SAU,2024-05-01,0.0,0.0
SDN,2024-05-01,0.0,0.7233586318057412
SEN,2024-05-01,0.0,0.0
SGP,2024-05-01,0.0,0.0
SLB,2024-05-01,0.0,0.0
SLE,2024-05-01,0.0,0.005
SLV,2024-05-01,0.0,0.0
SOM,2024-05-01,1.0,0.9233493356421447
SRB,2024-05-01,0.0,0.0
SSD,2024-05-01,0.0,0.6276407393078162
STP,2024-05-01,0.0,0.0
SVK,2024-05-01,0.0,0.0
SVN,2024-05-01,0.0,0.0
SWE,2024-05-01,0.0,0.0
SWZ,2024-05-01,0.0,0.0
SYC,2024-05-01,0.0,0.0
SYR,2024-05-01,0.0,0.3439070061461642
TCD,2024-05-01,0.0,0.2146203837229005
TGO,2024-05-01,0.0,0.0
THA,2024-05-01,0.0,0.0
TJK,2024-05-01,0.0,0.0
TKM,2024-05-01,0.0,0.0
TLS,2024-05-01,0.0,0.0
TON,2024-05-01,0.0,0.0
TTO,2024-05-01,0.0,0.0
TUN,2024-05-01,0.0,0.0
TUR,2024-05-01,0.0,0.014212170125629977
TZA,2024-05-01,0.0,0.0
UGA,2024-05-01,0.0,0.050249302430070024
UKR,2024-05-01,0.0,0.47803139671885725
URY,2024-05-01,0.0,0.0
USA,2024-05-01,0.0,0.0
UZB,2024-05-01,0.0,0.0
VEN,2024-05-01,0.0,0.0
VNM,2024-05-01,0.0,0.0
VUT,2024-05-01,0.0,0.0
WSM,2024-05-01,0.0,0.0
YEM,2024-05-01,0.0,0.15861012408467395
ZAF,2024-05-01,0.0,0.0
ZMB,2024-05-01,0.0,0.0
ZWE,2024-05-01,0.0,0.0
AFG,2024-06-01,0.0,0.19432846893652322
AGO,2024-06-01,0.0,0.0
ALB,2024-06-01,0.0,0.0
ARE,2024-06-01,0.0,0.0
ARG,2024-06-01,0.0,0.0
ARM,2024-06-01,0.0,0.0
AUS,2024-06-01,0.0,0.0
AUT,2024-06-01,0.0,0.0
AZE,2024-06-01,0.0,0.0
BDI,2024-06-01,0.0,0.008801745824295118
BEL,2024-06-01,0.0,0.0
BEN,2024-06-01,0.0,0.0
BGD,2024-06-01,0.0,0.0
BGR,2024-06-01,0.0,0.0
BHR,2024-06-01,0.0,0.0
BHS,2024-06-01,0.0,0.0
BIH,2024-06-01,0.0,0.0
BLR,2024-06-01,0.0,0.0
BLZ,2024-06-01,0.0,0.0
BOL,2024-06-01,0.0,0.0
BRA,2024-06-01,0.0,0.0026790658212021085
BRB,2024-06-01,0.0,0.0
BRN,2024-06-01,0.0,0.0
BTN,2024-06-01,0.0,0.0
BWA,2024-06-01,0.0,0.0
CAF,2024-06-01,0.0,0.5830806823949601
CAN,2024-06-01,0.0,0.0
CHE,2024-06-01,0.0,0.0
CHL,2024-06-01,0.0,0.0
CHN,2024-06-01,0.0,0.0
CIV,2024-06-01,0.0,0.005
CMR,2024-06-01,0.0,0.8095097958945392
COL,2024-06-01,0.0,0.17928663456964972
COM,2024-06-01,0.0,0.005
CRI,2024-06-01,0.0,0.0
CUB,2024-06-01,0.0,0.0
CYP,2024-06-01,0.0,0.0
CZE,2024-06-01,0.0,0.0
DEU,2024-06-01,0.0,0.0
DJI,2024-06-01,0.0,0.0
DNK,2024-06-01,0.0,0.0
DOM,2024-06-01,0.0,0.0
DZA,2024-06-01,0.0,0.0
ECU,2024-06-01,0.0,0.009481126350285241
EGY,2024-06-01,0.0,0.004944371188396242
ERI,2024-06-01,0.0,0.005
ESP,2024-06-01,0.0,0.0
EST,2024-06-01,0.0,0.0
FIN,2024-06-01,0.0,0.0
FJI,2024-06-01,0.0,0.0
FRA,2024-06-01,0.0,0.0
GAB,2024-06-01,0.0,0.0
GBR,2024-06-01,0.0,0.0
GEO,2024-06-01,0.0,0.0
GHA,2024-06-01,0.0,0.0
GIN,2024-06-01,0.0,0.0
GMB,2024-06-01,0.0,0.0
GNB,2024-06-01,0.0,0.0
GNQ,2024-06-01,0.0,0.0
GRC,2024-06-01,0.0,0.0
GRD,2024-06-01,0.0,0.0
GTM,2024-06-01,0.0,0.0
GUY,2024-06-01,0.0,0.0
HND,2024-06-01,0.0,0.0
HRV,2024-06-01,0.0,0.0
HTI,2024-06-01,0.0,0.8128717513723837
HUN,2024-06-01,0.0,0.0
IDN,2024-06-01,0.0,0.004951257001970353
IND,2024-06-01,0.0,0.0
IRL,2024-06-01,0.0,0.0
IRN,2024-06-01,0.0,0.021378715393079693
IRQ,2024-06-01,0.0,0.17167606963058207
ISL,2024-06-01,0.0,0.0
ISR,2024-06-01,0.0,0.028106795008624716
ITA,2024-06-01,0.0,0.0
JAM,2024-06-01,0.0,0.0
JOR,2024-06-01,0.0,0.0
JPN,2024-06-01,0.0,0.0
KAZ,2024-06-01,0.0,0.0
KEN,2024-06-01,0.0,0.08560760647376274
KGZ,2024-06-01,0.0,0.0
KHM,2024-06-01,0.0,0.0
KOR,2024-06-01,0.0,0.0
KWT,2024-06-01,0.0,0.0
LAO,2024-06-01,0.0,0.0
LBN,2024-06-01,0.0,0.2520533996904275
LBR,2024-06-01,0.0,0.0
LBY,2024-06-01,0.0,0.005
LKA,2024-06-01,0.0,0.0
LSO,2024-06-01,0.0,0.0
LTU,2024-06-01,0.0,0.0
LUX,2024-06-01,0.0,0.0
LVA,2024-06-01,0.0,0.0
MAR,2024-06-01,0.0,0.0
MDA,2024-06-01,0.0,0.0
MDG,2024-06-01,0.0,0.0
MDV,2024-06-01,0.0,0.0
MEX,2024-06-01,0.0,0.022876688644410594
MKD,2024-06-01,0.0,0.0
MLI,2024-06-01,0.0,0.8483141952250645
MLT,2024-06-01,0.0,0.0
MNE,2024-06-01,0.0,0.0
MNG,2024-06-01,0.0,0.0
MOZ,2024-06-01,0.0,0.825724106205112
MRT,2024-06-01,0.0,0.0
MUS,2024-06-01,0.0,0.0
MWI,2024-06-01,0.0,0.0
MYS,2024-06-01,0.0,0.0
NAM,2024-06-01,0.0,0.0
NER,2024-06-01,0.0,0.7172976805042655
NGA,2024-06-01,0.0,0.6710426645575022
NIC,2024-06-01,0.0,0.0
NLD,2024-06-01,0.0,0.0
NOR,2024-06-01,0.0,0.0
NPL,2024-06-01,0.0,0.0
NZL,2024-06-01,0.0,0.0
OMN,2024-06-01,0.0,0.0
PAK,2024-06-01,0.0,0.012322551779974664
PAN,2024-06-01,0.0,0.0
PER,2024-06-01,0.0,0.0
PHL,2024-06-01,0.0,0.16415600662856583
PNG,2024-06-01,0.0,0.014411768227646287
POL,2024-06-01,0.0,0.0
PRK,2024-06-01,0.0,0.0
PRT,2024-06-01,0.0,0.0
PRY,2024-06-01,0.0,0.0
QAT,2024-06-01,0.0,0.0
ROU,2024-06-01,0.0,0.0
RUS,2024-06-01,1.0,0.040965592885381194
RWA,2024-06-01,0.0,0.0
SAU,2024-06-01,0.0,0.0
SDN,2024-06-01,0.0,0.4116712833495433
SEN,2024-06-01,0.0,0.0
SGP,2024-06-01,0.0,0.0
SLB,2024-06-01,0.0,0.0
SLE,2024-06-01,0.0,0.0
SLV,2024-06-01,0.0,0.0
SOM,2024-06-01,1.0,0.8961040005077752
SRB,2024-06-01,0.0,0.0
SSD,2024-06-01,0.0,0.5376105901572684
STP,2024-06-01,0.0,0.0
SVK,2024-06-01,0.0,0.0
SVN,2024-06-01,0.0,0.0
SWE,2024-06-01,0.0,0.0
SWZ,2024-06-01,0.0,0.0
SYC,2024-06-01,0.0,0.0
SYR,2024-06-01,0.0,0.35297679666465925
TCD,2024-06-01,0.0,0.3956078434061235
TGO,2024-06-01,0.0,0.0
THA,2024-06-01,0.0,0.0
TJK,2024-06-01,0.0,0.0
TKM,2024-06-01,0.0,0.0
TLS,2024-06-01,0.0,0.0
TON,2024-06-01,0.0,0.0
TTO,2024-06-01,0.0,0.0
TUN,2024-06-01,0.0,0.0
TUR,2024-06-01,0.0,0.008567829588996118
TZA,2024-06-01,0.0,0.0
UGA,2024-06-01,0.0,0.054006002267355184
UKR,2024-06-01,1.0,0.6073685215138639
URY,2024-06-01,0.0,0.0
USA,2024-06-01,0.0,0.0
UZB,2024-06-01,0.0,0.0
VEN,2024-06-01,0.0,0.0
VNM,2024-06-01,0.0,0.0
VUT,2024-06-01,0.0,0.0
WSM,2024-06-01,0.0,0.0
YEM,2024-06-01,0.0,0.19373935439742357
ZAF,2024-06-01,0.0,0.0
ZMB,2024-06-01,0.0,0.0
ZWE,2024-06-01,0.0,0.0
AFG,2024-07-01,0.0,0.18584713206351872
AGO,2024-07-01,0.0,0.0
ALB,2024-07-01,0.0,0.0
ARE,2024-07-01,0.0,0.0
ARG,2024-07-01,0.0,0.0
ARM,2024-07-01,0.0,0.0
AUS,2024-07-01,0.0,0.0
AUT,2024-07-01,0.0,0.0
AZE,2024-07-01,0.0,0.0
BDI,2024-07-01,0.0,0.0
BEL,2024-07-01,0.0,0.0
BEN,2024-07-01,0.0,0.008807895623452824
BGD,2024-07-01,0.0,0.018712949767960813
BGR,2024-07-01,0.0,0.0
BHR,2024-07-01,0.0,0.0
BHS,2024-07-01,0.0,0.0
BIH,2024-07-01,0.0,0.0
BLR,2024-07-01,0.0,0.0
BLZ,2024-07-01,0.0,0.0
BOL,2024-07-01,0.0,0.0
BRA,2024-07-01,0.0,0.004643782352520221
BRB,2024-07-01,0.0,0.0
BRN,2024-07-01,0.0,0.0
BTN,2024-07-01,0.0,0.0
BWA,2024-07-01,0.0,0.0
CAF,2024-07-01,0.0,0.6589748442665162
CAN,2024-07-01,0.0,0.0
CHE,2024-07-01,0.0,0.0
CHL,2024-07-01,0.0,0.0
CHN,2024-07-01,0.0,0.0
CIV,2024-07-01,0.0,0.0
CMR,2024-07-01,0.0,0.5947383079797928
COL,2024-07-01,0.0,0.13794771547361986
COM,2024-07-01,0.0,0.0
CRI,2024-07-01,0.0,0.0
CUB,2024-07-01,0.0,0.0
CYP,2024-07-01,0.0,0.0
CZE,2024-07-01,0.0,0.0
DEU,2024-07-01,0.0,0.0
DJI,2024-07-01,0.0,0.0
DNK,2024-07-01,0.0,0.0
DOM,2024-07-01,0.0,0.0
DZA,2024-07-01,0.0,0.004693479200098752
ECU,2024-07-01,0.0,0.005
EGY,2024-07-01,0.0,0.004643246786482353
ERI,2024-07-01,0.0,0.0
ESP,2024-07-01,0.0,0.0
EST,2024-07-01,0.0,0.0
FIN,2024-07-01,0.0,0.0
FJI,2024-07-01,0.0,0.0
FRA,2024-07-01,0.0,0.0
GAB,2024-07-01,0.0,0.0
GBR,2024-07-01,0.0,0.0
GEO,2024-07-01,0.0,0.0
GHA,2024-07-01,0.0,0.0
GIN,2024-07-01,0.0,0.0
GMB,2024-07-01,0.0,0.0
GNB,2024-07-01,0.0,0.0
GNQ,2024-07-01,0.0,0.0
GRC,2024-07-01,0.0,0.0
GRD,2024-07-01,0.0,0.0
GTM,2024-07-01,0.0,0.0
GUY,2024-07-01,0.0,0.0
HND,2024-07-01,0.0,0.0
HRV,2024-07-01,0.0,0.0
HTI,2024-07-01,0.0,0.7169123350916244
HUN,2024-07-01,0.0,0.0
IDN,2024-07-01,0.0,0.0
IND,2024-07-01,0.0,0.0
IRL,2024-07-01,0.0,0.0
IRN,2024-07-01,0.0,0.02486495263349574
IRQ,2024-07-01,0.0,0.09442920503122702
ISL,2024-07-01,0.0,0.0
ISR,2024-07-01,0.0,0.042146949300820725
ITA,2024-07-01,0.0,0.0
JAM,2024-07-01,0.0,0.0
JOR,2024-07-01,0.0,0.0
JPN,2024-07-01,0.0,0.0
KAZ,2024-07-01,0.0,0.0
KEN,2024-07-01,0.0,0.042271796250839835
KGZ,2024-07-01,0.0,0.0
KHM,2024-07-01,0.0,0.0
KOR,2024-07-01,0.0,0.0
KWT,2024-07-01,0.0,0.0
LAO,2024-07-01,0.0,0.0
LBN,2024-07-01,1.0,0.24063255455985375
LBR,2024-07-01,0.0,0.0
LBY,2024-07-01,0.0,0.004463862052097353
LKA,2024-07-01,0.0,0.0
LSO,2024-07-01,0.0,0.0
LTU,2024-07-01,0.0,0.0
LUX,2024-07-01,0.0,0.0
LVA,2024-07-01,0.0,0.0
MAR,2024-07-01,0.0,0.0
MDA,2024-07-01,0.0,0.0
MDG,2024-07-01,0.0,0.0
MDV,2024-07-01,0.0,0.0
MEX,2024-07-01,0.0,0.01382528209322727
MKD,2024-07-01,0.0,0.0
MLI,2024-07-01,0.0,0.797641509251708
MLT,2024-07-01,0.0,0.0
MNE,2024-07-01,0.0,0.0
MNG,2024-07-01,0.0,0.0
MOZ,2024-07-01,0.0,0.3861887142888431
MRT,2024-07-01,0.0,0.0
MUS,2024-07-01,0.0,0.0
MWI,2024-07-01,0.0,0.0
MYS,2024-07-01,0.0,0.0
NAM,2024-07-01,0.0,0.0
NER,2024-07-01,0.0,0.5090508794257231
NGA,2024-07-01,0.0,0.5475981838434811
NIC,2024-07-01,0.0,0.0
NLD,2024-07-01,0.0,0.0
NOR,2024-07-01,0.0,0.0
NPL,2024-07-01,0.0,0.0
NZL,2024-07-01,0.0,0.0
OMN,2024-07-01,0.0,0.0
PAK,2024-07-01,0.0,0.04856085300942944
PAN,2024-07-01,0.0,0.0
PER,2024-07-01,0.0,0.0
PHL,2024-07-01,0.0,0.19727440602459406
PNG,2024-07-01,0.0,0.03195366936708429
POL,2024-07-01,0.0,0.0
PRK,2024-07-01,0.0,0.0
PRT,2024-07-01,0.0,0.0
PRY,2024-07-01,0.0,0.0
QAT,2024-07-01,0.0,0.0
ROU,2024-07-01,0.0,0.0
RUS,2024-07-01,1.0,0.034477189267035586
RWA,2024-07-01,0.0,0.0
SAU,2024-07-01,0.0,0.0
SDN,2024-07-01,0.0,0.3924797092829828
SEN,2024-07-01,0.0,0.0
SGP,2024-07-01,0.0,0.0
SLB,2024-07-01,0.0,0.0
SLE,2024-07-01,0.0,0.0
SLV,2024-07-01,0.0,0.0
SRB,2024-07-01,0.0,0.0
SSD,2024-07-01,0.0,0.437917356757307
STP,2024-07-01,0.0,0.005
SVK,2024-07-01,0.0,0.0
SVN,2024-07-01,0.0,0.0
SWE,2024-07-01,0.0,0.0
SWZ,2024-07-01,0.0,0.0
SYC,2024-07-01,0.0,0.0
SYR,2024-07-01,0.0,0.21709921646104394
TCD,2024-07-01,0.0,0.49433177325006994
TGO,2024-07-01,0.0,0.0
THA,2024-07-01,0.0,0.0
TJK,2024-07-01,0.0,0.0
TKM,2024-07-01,0.0,0.0
TLS,2024-07-01,0.0,0.0
TON,2024-07-01,0.0,0.0
TTO,2024-07-01,0.0,0.0
TUN,2024-07-01,0.0,0.0
TUR,2024-07-01,0.0,0.008252992600053601
TZA,2024-07-01,0.0,0.0
UGA,2024-07-01,0.0,0.10448457403213234
UKR,2024-07-01,1.0,0.5748728488870306
URY,2024-07-01,0.0,0.0
USA,2024-07-01,0.0,0.0
UZB,2024-07-01,0.0,0.0
VEN,2024-07-01,0.0,0.0
VNM,2024-07-01,0.0,0.0
VUT,2024-07-01,0.0,0.0
WSM,2024-07-01,0.0,0.0
YEM,2024-07-01,0.0,0.11707679603122804
ZAF,2024-07-01,0.0,0.0
ZMB,2024-07-01,0.0,0.0
ZWE,2024-07-01,0.0,0.0
AFG,2024-08-01,0.0,0.21653911603504294
AGO,2024-08-01,0.0,0.0
ALB,2024-08-01,0.0,0.0
ARE,2024-08-01,0.0,0.0
ARG,2024-08-01,0.0,0.0
ARM,2024-08-01,0.0,0.0
AUS,2024-08-01,0.0,0.0
AUT,2024-08-01,0.0,0.0
AZE,2024-08-01,0.0,0.0
BDI,2024-08-01,0.0,0.014202409228479968
BEL,2024-08-01,0.0,0.0
BEN,2024-08-01,0.0,0.005
BGD,2024-08-01,0.0,0.020028850081930352
BGR,2024-08-01,0.0,0.0
BHR,2024-08-01,0.0,0.0
BHS,2024-08-01,0.0,0.0
BIH,2024-08-01,0.0,0.0
BLR,2024-08-01,0.0,0.0
BLZ,2024-08-01,0.0,0.0
BOL,2024-08-01,0.0,0.0
BRA,2024-08-01,0.0,0.007136798464983073
BRB,2024-08-01,0.0,0.0
BRN,2024-08-01,0.0,0.0
BTN,2024-08-01,0.0,0.0
BWA,2024-08-01,0.0,0.0
CAF,2024-08-01,0.0,0.5812816137201298
CAN,2024-08-01,0.0,0.0
CHE,2024-08-01,0.0,0.0
CHL,2024-08-01,0.0,0.0
CHN,2024-08-01,0.0,0.0
CIV,2024-08-01,0.0,0.0
CMR,2024-08-01,0.0,0.2615454588139027
COL,2024-08-01,0.0,0.11794585318955052
COM,2024-08-01,0.0,0.0
CRI,2024-08-01,0.0,0.0
CUB,2024-08-01,0.0,0.0
CYP,2024-08-01,0.0,0.0
CZE,2024-08-01,0.0,0.0
DEU,2024-08-01,0.0,0.0
DJI,2024-08-01,0.0,0.0
DNK,2024-08-01,0.0,0.0
DOM,2024-08-01,0.0,0.0
DZA,2024-08-01,0.0,0.0
ECU,2024-08-01,0.0,0.005
EGY,2024-08-01,0.0,0.0
ERI,2024-08-01,0.0,0.0
ESP,2024-08-01,0.0,0.0
EST,2024-08-01,0.0,0.0
FIN,2024-08-01,0.0,0.0
FJI,2024-08-01,0.0,0.0
FRA,2024-08-01,0.0,0.0
GAB,2024-08-01,0.0,0.0
GBR,2024-08-01,0.0,0.0
GEO,2024-08-01,0.0,0.0
GHA,2024-08-01,0.0,0.0
GIN,2024-08-01,0.0,0.0
GMB,2024-08-01,0.0,0.0
GNB,2024-08-01,0.0,0.0
GNQ,2024-08-01,0.0,0.0
GRC,2024-08-01,0.0,0.0
GRD,2024-08-01,0.0,0.0
GTM,2024-08-01,0.0,0.0
GUY,2024-08-01,0.0,0.0
HND,2024-08-01,0.0,0.0
HRV,2024-08-01,0.0,0.0
HTI,2024-08-01,0.0,0.5560648654196163
HUN,2024-08-01,0.0,0.0
IDN,2024-08-01,0.0,0.009794704099492799
IND,2024-08-01,0.0,0.0
IRL,2024-08-01,0.0,0.0
IRN,2024-08-01,0.0,0.018573180290357292
IRQ,2024-08-01,0.0,0.19924523720368192
ISL,2024-08-01,0.0,0.0
ISR,2024-08-01,0.0,0.023140527694156893
ITA,2024-08-01,0.0,0.0
JAM,2024-08-01,0.0,0.0
JOR,2024-08-01,0.0,0.0
JPN,2024-08-01,0.0,0.0
KAZ,2024-08-01,0.0,0.0
KEN,2024-08-01,0.0,0.029565723544295368
KGZ,2024-08-01,0.0,0.0
KHM,2024-08-01,0.0,0.0
KOR,2024-08-01,0.0,0.0
KWT,2024-08-01,0.0,0.0
LAO,2024-08-01,0.0,0.0
LBN,2024-08-01,1.0,0.452398588646098
LBR,2024-08-01,0.0,0.0
LBY,2024-08-01,0.0,0.009295073058254041
LKA,2024-08-01,0.0,0.0
LSO,2024-08-01,0.0,0.0
LTU,2024-08-01,0.0,0.0
LUX,2024-08-01,0.0,0.0
LVA,2024-08-01,0.0,0.0
MAR,2024-08-01,0.0,0.0
MDA,2024-08-01,0.0,0.0
MDG,2024-08-01,0.0,0.0
MDV,2024-08-01,0.0,0.0
MEX,2024-08-01,0.0,0.029964933958878746
MKD,2024-08-01,0.0,0.0
MLI,2024-08-01,0.0,0.5747181002843615
MLT,2024-08-01,0.0,0.0
MNE,2024-08-01,0.0,0.0
MNG,2024-08-01,0.0,0.0
MOZ,2024-08-01,0.0,0.11938343146775811
MRT,2024-08-01,0.0,0.0
MUS,2024-08-01,0.0,0.0
MWI,2024-08-01,0.0,0.0
MYS,2024-08-01,0.0,0.0
NAM,2024-08-01,0.0,0.0
NER,2024-08-01,0.0,0.18300788819915778
NGA,2024-08-01,0.0,0.39109518104675167
NIC,2024-08-01,0.0,0.0
NLD,2024-08-01,0.0,0.0
NOR,2024-08-01,0.0,0.0
NPL,2024-08-01,0.0,0.0
NZL,2024-08-01,0.0,0.0
OMN,2024-08-01,0.0,0.02
PAK,2024-08-01,0.0,0.0771894215497046
PAN,2024-08-01,0.0,0.0
PER,2024-08-01,0.0,0.0
PHL,2024-08-01,0.0,0.11962248675614444
PNG,2024-08-01,0.0,0.009695896878623624
POL,2024-08-01,0.0,0.0
PRK,2024-08-01,0.0,0.0
PRT,2024-08-01,0.0,0.0
PRY,2024-08-01,0.0,0.0
QAT,2024-08-01,0.0,0.0
ROU,2024-08-01,0.0,0.0
RWA,2024-08-01,0.0,0.0
SAU,2024-08-01,0.0,0.0
SDN,2024-08-01,1.0,0.3528381894214746
SEN,2024-08-01,0.0,0.0
SGP,2024-08-01,0.0,0.0
SLB,2024-08-01,0.0,0.0
SLE,2024-08-01,0.0,0.0
SLV,2024-08-01,0.0,0.0
SRB,2024-08-01,0.0,0.0
SSD,2024-08-01,0.0,0.302144269270031
STP,2024-08-01,0.0,0.0
SVK,2024-08-01,0.0,0.0
SVN,2024-08-01,0.0,0.0
SWE,2024-08-01,0.0,0.0
SWZ,2024-08-01,0.0,0.0
SYC,2024-08-01,0.0,0.0
SYR,2024-08-01,0.0,0.6282818795861055
TCD,2024-08-01,0.0,0.547696509721293
TGO,2024-08-01,0.0,0.0
THA,2024-08-01,0.0,0.0
TJK,2024-08-01,0.0,0.0
TKM,2024-08-01,0.0,0.0
TLS,2024-08-01,0.0,0.0
TON,2024-08-01,0.0,0.0
TTO,2024-08-01,0.0,0.0
TUN,2024-08-01,0.0,0.0
TUR,2024-08-01,0.0,0.022994285466663357
TZA,2024-08-01,0.0,0.0
UGA,2024-08-01,0.0,0.09696024785886241
URY,2024-08-01,0.0,0.0
USA,2024-08-01,0.0,0.0
UZB,2024-08-01,0.0,0.0
VEN,2024-08-01,0.0,0.01
VNM,2024-08-01,0.0,0.0
VUT,2024-08-01,0.0,0.0
WSM,2024-08-01,0.0,0.0
YEM,2024-08-01,0.0,0.12121787135429639
ZAF,2024-08-01,0.0,0.0
ZMB,2024-08-01,0.0,0.0
ZWE,2024-08-01,0.0,0.0
AFG,2024-09-01,0.0,0.27164547086007684
AGO,2024-09-01,0.0,0.0
ALB,2024-09-01,0.0,0.0
ARE,2024-09-01,0.0,0.0
ARG,2024-09-01,0.0,0.0
ARM,2024-09-01,0.0,0.0
AUS,2024-09-01,0.0,0.0
AUT,2024-09-01,0.0,0.0
AZE,2024-09-01,0.0,0.0
BDI,2024-09-01,0.0,0.009444808448910089
BEL,2024-09-01,0.0,0.0
BEN,2024-09-01,0.0,0.0
BGD,2024-09-01,0.0,0.018105907543175922
BGR,2024-09-01,0.0,0.0
BHR,2024-09-01,0.0,0.0
BHS,2024-09-01,0.0,0.0
BIH,2024-09-01,0.0,0.0
BLR,2024-09-01,0.0,0.0
BLZ,2024-09-01,0.0,0.0
BOL,2024-09-01,0.0,0.0
BRA,2024-09-01,0.0,0.009331196951325137
BRB,2024-09-01,0.0,0.0
BRN,2024-09-01,0.0,0.0
BTN,2024-09-01,0.0,0.0
BWA,2024-09-01,0.0,0.0
CAF,2024-09-01,0.0,0.5236548674119554
CAN,2024-09-01,0.0,0.0
CHE,2024-09-01,0.0,0.0
CHL,2024-09-01,0.0,0.0
CHN,2024-09-01,0.0,0.0
CIV,2024-09-01,0.0,0.005
CMR,2024-09-01,0.0,0.2600382132787955
COL,2024-09-01,0.0,0.08817479609638434
COM,2024-09-01,0.0,0.0
CRI,2024-09-01,0.0,0.0
CUB,2024-09-01,0.0,0.0
CYP,2024-09-01,0.0,0.0
CZE,2024-09-01,0.0,0.0
DEU,2024-09-01,0.0,0.0
DJI,2024-09-01,0.0,0.0
DNK,2024-09-01,0.0,0.0
DOM,2024-09-01,0.0,0.0
DZA,2024-09-01,0.0,0.004645741465589854
ECU,2024-09-01,0.0,0.004131629171245158
EGY,2024-09-01,0.0,0.005
ERI,2024-09-01,0.0,0.005
ESP,2024-09-01,0.0,0.0
EST,2024-09-01,0.0,0.0
FIN,2024-09-01,0.0,0.0
FJI,2024-09-01,0.0,0.0
FRA,2024-09-01,0.0,0.0
GAB,2024-09-01,0.0,0.0
GBR,2024-09-01,0.0,0.0
GEO,2024-09-01,0.0,0.0
GHA,2024-09-01,0.0,0.0
GIN,2024-09-01,0.0,0.0
GMB,2024-09-01,0.0,0.0
GNB,2024-09-01,0.0,0.0
GNQ,2024-09-01,0.0,0.0
GRC,2024-09-01,0.0,0.0
GRD,2024-09-01,0.0,0.0
GTM,2024-09-01,0.0,0.0
GUY,2024-09-01,0.0,0.0
HND,2024-09-01,0.0,0.0
HRV,2024-09-01,0.0,0.0
HTI,2024-09-01,0.0,0.533276464404382
HUN,2024-09-01,0.0,0.0
IDN,2024-09-01,0.0,0.013391951132128082
IND,2024-09-01,0.0,0.005
IRL,2024-09-01,0.0,0.0
IRN,2024-09-01,0.0,0.010754931148441331
IRQ,2024-09-01,0.0,0.27533722780429465
ISL,2024-09-01,0.0,0.0
ISR,2024-09-01,0.0,0.013755591905052688
ITA,2024-09-01,0.0,0.0
JAM,2024-09-01,0.0,0.0
JOR,2024-09-01,0.0,0.0
JPN,2024-09-01,0.0,0.0
KAZ,2024-09-01,0.0,0.0
KEN,2024-09-01,0.0,0.0
KGZ,2024-09-01,0.0,0.0
KHM,2024-09-01,0.0,0.0
KOR,2024-09-01,0.0,0.0
KWT,2024-09-01,0.0,0.0
LAO,2024-09-01,0.0,0.0
LBR,2024-09-01,0.0,0.0
LBY,2024-09-01,0.0,0.0045968868733913485
LKA,2024-09-01,0.0,0.0
LSO,2024-09-01,0.0,0.0
LTU,2024-09-01,0.0,0.0
LUX,2024-09-01,0.0,0.0
LVA,2024-09-01,0.0,0.0
MAR,2024-09-01,0.0,0.0
MDA,2024-09-01,0.0,0.0
MDG,2024-09-01,0.0,0.0
MDV,2024-09-01,0.0,0.0
MEX,2024-09-01,0.0,0.08226434532847779
MKD,2024-09-01,0.0,0.0
MLI,2024-09-01,0.0,0.43030362341788
MLT,2024-09-01,0.0,0.0
MNE,2024-09-01,0.0,0.0
MNG,2024-09-01,0.0,0.0
MOZ,2024-09-01,0.0,0.2102535582807126
MRT,2024-09-01,0.0,0.0
MUS,2024-09-01,0.0,0.0
MWI,2024-09-01,0.0,0.0
MYS,2024-09-01,0.0,0.0
NAM,2024-09-01,0.0,0.0
NER,2024-09-01,0.0,0.7278170874500728
NGA,2024-09-01,0.0,0.24483514153479313
NIC,2024-09-01,0.0,0.0
NLD,2024-09-01,0.0,0.0
NOR,2024-09-01,0.0,0.0
NPL,2024-09-01,0.0,0.0
NZL,2024-09-01,0.0,0.0
OMN,2024-09-01,0.0,0.015
PAK,2024-09-01,0.0,0.10295958081586322
PAN,2024-09-01,0.0,0.0
PER,2024-09-01,0.0,0.0
PHL,2024-09-01,0.0,0.13413864462306843
PNG,2024-09-01,0.0,0.041416833363279004
POL,2024-09-01,0.0,0.0
PRK,2024-09-01,0.0,0.0
PRT,2024-09-01,0.0,0.0
PRY,2024-09-01,0.0,0.0
PSE,2024-09-01,0.0,0.583485933820473
QAT,2024-09-01,0.0,0.0
ROU,2024-09-01,0.0,0.0
RWA,2024-09-01,0.0,0.0
SAU,2024-09-01,0.0,0.0
SDN,2024-09-01,1.0,0.22759920443331694
SEN,2024-09-01,0.0,0.0
SGP,2024-09-01,0.0,0.0
SLB,2024-09-01,0.0,0.0
SLE,2024-09-01,0.0,0.0
SLV,2024-09-01,0.0,0.0
SOM,2024-09-01,0.0,0.9197444214390292
SRB,2024-09-01,0.0,0.0
SSD,2024-09-01,0.0,0.6466277518980548
STP,2024-09-01,0.0,0.0
SVK,2024-09-01,0.0,0.0
SVN,2024-09-01,0.0,0.0
SWE,2024-09-01,0.0,0.0
SWZ,2024-09-01,0.0,0.0
SYC,2024-09-01,0.0,0.0
SYR,2024-09-01,1.0,0.5096035689867386
TCD,2024-09-01,0.0,0.3582314450295457
TGO,2024-09-01,0.0,0.0
THA,2024-09-01,0.0,0.0
TJK,2024-09-01,0.0,0.0
TKM,2024-09-01,0.0,0.0
TLS,2024-09-01,0.0,0.0
TON,2024-09-01,0.0,0.0
TTO,2024-09-01,0.0,0.0
TUN,2024-09-01,0.0,0.0
TUR,2024-09-01,0.0,0.009965919382259013
TZA,2024-09-01,0.0,0.005
UGA,2024-09-01,0.0,0.0663241272355082
URY,2024-09-01,0.0,0.0
USA,2024-09-01,0.0,0.0
UZB,2024-09-01,0.0,0.0
VEN,2024-09-01,0.0,0.0
VNM,2024-09-01,0.0,0.0
VUT,2024-09-01,0.0,0.0
WSM,2024-09-01,0.0,0.0
YEM,2024-09-01,0.0,0.2649745706689887
ZAF,2024-09-01,0.0,0.0
ZMB,2024-09-01,0.0,0.0
ZWE,2024-09-01,0.0,0.0
AFG,2024-10-01,0.0,0.12853653896165995
AGO,2024-10-01,0.0,0.0
ALB,2024-10-01,0.0,0.0
ARE,2024-10-01,0.0,0.0
ARG,2024-10-01,0.0,0.0
ARM,2024-10-01,0.0,0.01
AUS,2024-10-01,0.0,0.0
AUT,2024-10-01,0.0,0.0
AZE,2024-10-01,0.0,0.0
BDI,2024-10-01,0.0,0.012225417476903661
BEL,2024-10-01,0.0,0.0
BEN,2024-10-01,0.0,0.0047810990338164275
BGD,2024-10-01,0.0,0.0
BGR,2024-10-01,0.0,0.0
BHR,2024-10-01,0.0,0.0
BHS,2024-10-01,0.0,0.0
BIH,2024-10-01,0.0,0.0
BLR,2024-10-01,0.0,0.0
BLZ,2024-10-01,0.0,0.0
BOL,2024-10-01,0.0,0.0
BRA,2024-10-01,0.0,0.0018665278378059802
BRB,2024-10-01,0.0,0.0
BRN,2024-10-01,0.0,0.0
BTN,2024-10-01,0.0,0.0
BWA,2024-10-01,0.0,0.0
CAF,2024-10-01,0.0,0.31123382255204285
CAN,2024-10-01,0.0,0.0
CHE,2024-10-01,0.0,0.0
CHL,2024-10-01,0.0,0.0
CHN,2024-10-01,0.0,0.0
CIV,2024-10-01,0.0,0.0
CMR,2024-10-01,0.0,0.2395724032809458
COL,2024-10-01,0.0,0.0891551335728614
COM,2024-10-01,0.0,0.0
CRI,2024-10-01,0.0,0.0
CUB,2024-10-01,0.0,0.0
CYP,2024-10-01,0.0,0.0
CZE,2024-10-01,0.0,0.0
DEU,2024-10-01,0.0,0.0
DJI,2024-10-01,0.0,0.0
DNK,2024-10-01,0.0,0.0
DOM,2024-10-01,0.0,0.0
DZA,2024-10-01,0.0,0.0
ECU,2024-10-01,0.0,0.0
EGY,2024-10-01,0.0,0.0
ERI,2024-10-01,0.0,0.0
ESP,2024-10-01,0.0,0.0
EST,2024-10-01,0.0,0.0
ETH,2024-10-01,0.0,0.8678993518931037
FIN,2024-10-01,0.0,0.0
FJI,2024-10-01,0.0,0.0
FRA,2024-10-01,0.0,0.0
GAB,2024-10-01,0.0,0.0
GBR,2024-10-01,0.0,0.0
GEO,2024-10-01,0.0,0.0
GHA,2024-10-01,0.0,0.0
GIN,2024-10-01,0.0,0.0
GMB,2024-10-01,0.0,0.0
GNB,2024-10-01,0.0,0.0
GNQ,2024-10-01,0.0,0.0
GRC,2024-10-01,0.0,0.0
GRD,2024-10-01,0.0,0.0
GTM,2024-10-01,0.0,0.0
GUY,2024-10-01,0.0,0.0
HND,2024-10-01,0.0,0.0
HRV,2024-10-01,0.0,0.0
HTI,2024-10-01,1.0,0.5298971035468957
HUN,2024-10-01,0.0,0.0
IDN,2024-10-01,0.0,0.01957280443961468
IND,2024-10-01,0.0,0.0
IRL,2024-10-01,0.0,0.0
IRN,2024-10-01,0.0,0.02924263695214331
IRQ,2024-10-01,0.0,0.21186440112933258
ISL,2024-10-01,0.0,0.0
ISR,2024-10-01,0.0,0.029799848882182966
ITA,2024-10-01,0.0,0.0
JAM,2024-10-01,0.0,0.0
JOR,2024-10-01,0.0,0.0
JPN,2024-10-01,0.0,0.0
KAZ,2024-10-01,0.0,0.0
KEN,2024-10-01,0.0,0.004440860968940612
KGZ,2024-10-01,0.0,0.0
KHM,2024-10-01,0.0,0.0
KOR,2024-10-01,0.0,0.0
KWT,2024-10-01,0.0,0.0
LAO,2024-10-01,0.0,0.0
LBR,2024-10-01,0.0,0.0
LBY,2024-10-01,0.0,0.003819574262799264
LKA,2024-10-01,0.0,0.0
LSO,2024-10-01,0.0,0.0
LTU,2024-10-01,0.0,0.0
LUX,2024-10-01,0.0,0.0
LVA,2024-10-01,0.0,0.0
MAR,2024-10-01,0.0,0.0
MDA,2024-10-01,0.0,0.0
MDG,2024-10-01,0.0,0.0
MDV,2024-10-01,0.0,0.0
MEX,2024-10-01,0.0,0.05471459150454146
MKD,2024-10-01,0.0,0.0
MLI,2024-10-01,0.0,0.611097094873195
MLT,2024-10-01,0.0,0.0
MNE,2024-10-01,0.0,0.0
MNG,2024-10-01,0.0,0.0
MOZ,2024-10-01,0.0,0.41183397631339314
MRT,2024-10-01,0.0,0.0
MUS,2024-10-01,0.0,0.0
MWI,2024-10-01,0.0,0.0
MYS,2024-10-01,0.0,0.0
NAM,2024-10-01,0.0,0.0
NER,2024-10-01,0.0,0.6716704552143297
NGA,2024-10-01,0.0,0.3044001275063706
NIC,2024-10-01,0.0,0.015
NLD,2024-10-01,0.0,0.0
NOR,2024-10-01,0.0,0.0
NPL,2024-10-01,0.0,0.0
NZL,2024-10-01,0.0,0.0
OMN,2024-10-01,0.0,0.0
PAK,2024-10-01,0.0,0.031608149094916396
PAN,2024-10-01,0.0,0.0
PER,2024-10-01,0.0,0.0
PHL,2024-10-01,0.0,0.056824754095102105
PNG,2024-10-01,0.0,0.02118037495476088
POL,2024-10-01,0.0,0.0
PRK,2024-10-01,0.0,0.0
PRT,2024-10-01,0.0,0.0
PRY,2024-10-01,0.0,0.0
PSE,2024-10-01,0.0,0.5068995913778465
QAT,2024-10-01,0.0,0.0
ROU,2024-10-01,0.0,0.0
RUS,2024-10-01,0.0,0.466013047066057
RWA,2024-10-01,0.0,0.0
SAU,2024-10-01,0.0,0.0
SEN,2024-10-01,0.0,0.0
SGP,2024-10-01,0.0,0.0
SLB,2024-10-01,0.0,0.0
SLE,2024-10-01,0.0,0.0
SLV,2024-10-01,0.0,0.0
SOM,2024-10-01,0.0,0.577471379385429
SRB,2024-10-01,0.0,0.0
SSD,2024-10-01,1.0,0.5874375997306006
STP,2024-10-01,0.0,0.0
SVK,2024-10-01,0.0,0.0
SVN,2024-10-01,0.0,0.0
SWE,2024-10-01,0.0,0.0
SWZ,2024-10-01,0.0,0.0
SYC,2024-10-01,0.0,0.0
SYR,2024-10-01,1.0,0.7948576333835113
TCD,2024-10-01,0.0,0.395289968515538
TGO,2024-10-01,0.0,0.00494341684226957
THA,2024-10-01,0.0,0.0
TJK,2024-10-01,0.0,0.0
TKM,2024-10-01,0.0,0.0
TLS,2024-10-01,0.0,0.0
TON,2024-10-01,0.0,0.0
TTO,2024-10-01,0.0,0.0
TUN,2024-10-01,0.0,0.0
TUR,2024-10-01,0.0,0.005
TZA,2024-10-01,0.0,0.005
UGA,2024-10-01,0.0,0.03752673293074474
URY,2024-10-01,0.0,0.0
USA,2024-10-01,0.0,0.0
UZB,2024-10-01,0.0,0.0
VEN,2024-10-01,0.0,0.0
VNM,2024-10-01,0.0,0.0
VUT,2024-10-01,0.0,0.0
WSM,2024-10-01,0.0,0.0
YEM,2024-10-01,0.0,0.15293175131733894
ZAF,2024-10-01,0.0,0.0
ZMB,2024-10-01,0.0,0.0
ZWE,2024-10-01,0.0,0.0
AFG,2024-11-01,0.0,0.1605165153603155
AGO,2024-11-01,0.0,0.0
ALB,2024-11-01,0.0,0.0
ARE,2024-11-01,0.0,0.0
ARG,2024-11-01,0.0,0.0
ARM,2024-11-01,0.0,0.0
AUS,2024-11-01,0.0,0.0
AUT,2024-11-01,0.0,0.0
AZE,2024-11-01,0.0,0.0
BDI,2024-11-01,0.0,0.009872447042745426
BEL,2024-11-01,0.0,0.0
BEN,2024-11-01,0.0,0.0
BGD,2024-11-01,0.0,0.018216456043203565
BGR,2024-11-01,0.0,0.0
BHR,2024-11-01,0.0,0.005
BHS,2024-11-01,0.0,0.0
BIH,2024-11-01,0.0,0.0
BLR,2024-11-01,0.0,0.0
BLZ,2024-11-01,0.0,0.0
BOL,2024-11-01,0.0,0.0
BRA,2024-11-01,0.0,0.0
BRB,2024-11-01,0.0,0.0
BRN,2024-11-01,0.0,0.0
BTN,2024-11-01,0.0,0.0
BWA,2024-11-01,0.0,0.0
CAF,2024-11-01,0.0,0.31073750528506666
CAN,2024-11-01,0.0,0.0
CHE,2024-11-01,0.0,0.0
CHL,2024-11-01,0.0,0.0
CHN,2024-11-01,0.0,0.0
CIV,2024-11-01,0.0,0.0
CMR,2024-11-01,0.0,0.23073121585243908
COL,2024-11-01,1.0,0.046454290478377326
COM,2024-11-01,0.0,0.0
CRI,2024-11-01,0.0,0.0
CUB,2024-11-01,0.0,0.0
CYP,2024-11-01,0.0,0.0
CZE,2024-11-01,0.0,0.0
DEU,2024-11-01,0.0,0.0
DJI,2024-11-01,0.0,0.035
DNK,2024-11-01,0.0,0.0
DOM,2024-11-01,0.0,0.0
DZA,2024-11-01,0.0,0.0
ECU,2024-11-01,0.0,0.0
EGY,2024-11-01,0.0,0.0
ERI,2024-11-01,0.0,0.0
ESP,2024-11-01,0.0,0.0
EST,2024-11-01,0.0,0.0
ETH,2024-11-01,0.0,0.6801668237176703
FIN,2024-11-01,0.0,0.0
FJI,2024-11-01,0.0,0.0
FRA,2024-11-01,0.0,0.0
GAB,2024-11-01,0.0,0.0
GBR,2024-11-01,0.0,0.0
GEO,2024-11-01,0.0,0.0
GHA,2024-11-01,0.0,0.0
GIN,2024-11-01,0.0,0.0
GMB,2024-11-01,0.0,0.0
GNB,2024-11-01,0.0,0.0
GNQ,2024-11-01,0.0,0.0
GRC,2024-11-01,0.0,0.0
GRD,2024-11-01,0.0,0.0
GTM,2024-11-01,0.0,0.0
GUY,2024-11-01,0.0,0.0
HND,2024-11-01,0.0,0.0
HRV,2024-11-01,0.0,0.0
HTI,2024-11-01,1.0,0.7013978542068762
HUN,2024-11-01,0.0,0.0
IDN,2024-11-01,0.0,0.009697686264773481
IND,2024-11-01,0.0,0.005
IRL,2024-11-01,0.0,0.0
IRN,2024-11-01,0.0,0.04527794095309314
IRQ,2024-11-01,0.0,0.22878853087932818
ISL,2024-11-01,0.0,0.0
ISR,2024-11-01,0.0,0.013715010460954705
ITA,2024-11-01,0.0,0.0
JAM,2024-11-01,0.0,0.0
JOR,2024-11-01,0.0,0.0
JPN,2024-11-01,0.0,0.0
KAZ,2024-11-01,0.0,0.0
KEN,2024-11-01,0.0,0.0
KGZ,2024-11-01,0.0,0.0
KHM,2024-11-01,0.0,0.0
KOR,2024-11-01,0.0,0.0
KWT,2024-11-01,0.0,0.0
LAO,2024-11-01,0.0,0.0
LBN,2024-11-01,1.0,0.6595731759709743
LBR,2024-11-01,0.0,0.0
LBY,2024-11-01,0.0,0.0045840293193256994
LKA,2024-11-01,0.0,0.0
LSO,2024-11-01,0.0,0.0
LTU,2024-11-01,0.0,0.0
LUX,2024-11-01,0.0,0.0
LVA,2024-11-01,0.0,0.0
MAR,2024-11-01,0.0,0.0
MDA,2024-11-01,0.0,0.0
MDG,2024-11-01,0.0,0.0
MDV,2024-11-01,0.0,0.0
MEX,2024-11-01,0.0,0.06947775588744151
MKD,2024-11-01,0.0,0.0
MLI,2024-11-01,0.0,0.2930664268822053
MLT,2024-11-01,0.0,0.0
MNE,2024-11-01,0.0,0.0
MNG,2024-11-01,0.0,0.0
MOZ,2024-11-01,0.0,0.7952978445284491
MRT,2024-11-01,0.0,0.0
MUS,2024-11-01,0.0,0.0
MWI,2024-11-01,0.0,0.0
MYS,2024-11-01,0.0,0.0
NAM,2024-11-01,0.0,0.0
NER,2024-11-01,0.0,0.7875868966933823
NGA,2024-11-01,0.0,0.15212716137388083
NIC,2024-11-01,0.0,0.005
NLD,2024-11-01,0.0,0.0
NOR,2024-11-01,0.0,0.0
NPL,2024-11-01,0.0,0.0
NZL,2024-11-01,0.0,0.0
OMN,2024-11-01,0.0,0.0
PAK,2024-11-01,0.0,0.14103194243894285
PAN,2024-11-01,0.0,0.0
PER,2024-11-01,0.0,0.0
PHL,2024-11-01,0.0,0.06862915373143717
PNG,2024-11-01,0.0,0.0
POL,2024-11-01,0.0,0.0
PRK,2024-11-01,0.0,0.0
PRT,2024-11-01,0.0,0.0
PRY,2024-11-01,0.0,0.0
PSE,2024-11-01,0.0,0.5999362023146364
QAT,2024-11-01,0.0,0.0
ROU,2024-11-01,0.0,0.0
RUS,2024-11-01,0.0,0.44382312930130086
RWA,2024-11-01,0.0,0.0
SAU,2024-11-01,0.0,0.0
SEN,2024-11-01,0.0,0.0
SGP,2024-11-01,0.0,0.0
SLB,2024-11-01,0.0,0.0
SLE,2024-11-01,0.0,0.01
SLV,2024-11-01,0.0,0.0
SOM,2024-11-01,1.0,0.4517482768450932
SRB,2024-11-01,0.0,0.0
SSD,2024-11-01,1.0,0.48794672094866487
STP,2024-11-01,0.0,0.0
SVK,2024-11-01,0.0,0.0
SVN,2024-11-01,0.0,0.0
SWE,2024-11-01,0.0,0.0
SWZ,2024-11-01,0.0,0.0
SYC,2024-11-01,0.0,0.0
TCD,2024-11-01,0.0,0.3820123722060068
TGO,2024-11-01,0.0,0.005
THA,2024-11-01,0.0,0.0
TJK,2024-11-01,0.0,0.0
TKM,2024-11-01,0.0,0.0
TLS,2024-11-01,0.0,0.0
TON,2024-11-01,0.0,0.0
TTO,2024-11-01,0.0,0.0
TUN,2024-11-01,0.0,0.0
TUR,2024-11-01,0.0,0.006645692622694126
TZA,2024-11-01,0.0,0.0
UGA,2024-11-01,0.0,0.027138508398251538
UKR,2024-11-01,0.0,0.7931107097079027
URY,2024-11-01,0.0,0.0
USA,2024-11-01,0.0,0.0
UZB,2024-11-01,0.0,0.0
VEN,2024-11-01,0.0,0.004888034122933963
VNM,2024-11-01,0.0,0.0
VUT,2024-11-01,0.0,0.0
WSM,2024-11-01,0.0,0.0
YEM,2024-11-01,0.0,0.23891995229992066
ZAF,2024-11-01,0.0,0.0
ZMB,2024-11-01,0.0,0.0
ZWE,2024-11-01,0.0,0.0
AFG,2024-12-01,0.0,0.14960155293001529
AGO,2024-12-01,0.0,0.0
ALB,2024-12-01,0.0,0.0
ARE,2024-12-01,0.0,0.0
ARG,2024-12-01,0.0,0.0
ARM,2024-12-01,0.0,0.0
AUS,2024-12-01,0.0,0.0
AUT,2024-12-01,0.0,0.0
AZE,2024-12-01,0.0,0.0
BDI,2024-12-01,0.0,0.0
BEL,2024-12-01,0.0,0.0
BEN,2024-12-01,0.0,0.0
BGD,2024-12-01,0.0,0.0
BGR,2024-12-01,0.0,0.0
BHR,2024-12-01,0.0,0.0
BHS,2024-12-01,0.0,0.0
BIH,2024-12-01,0.0,0.0
BLR,2024-12-01,0.0,0.0
BLZ,2024-12-01,0.0,0.0
BOL,2024-12-01,0.0,0.0
BRA,2024-12-01,0.0,0.014357280326314874
BRB,2024-12-01,0.0,0.0
BRN,2024-12-01,0.0,0.0
BTN,2024-12-01,0.0,0.0
BWA,2024-12-01,0.0,0.0
CAF,2024-12-01,0.0,0.2634081249268522
CAN,2024-12-01,0.0,0.0
CHE,2024-12-01,0.0,0.0
CHL,2024-12-01,0.0,0.0
CHN,2024-12-01,0.0,0.0
CIV,2024-12-01,0.0,0.0
CMR,2024-12-01,0.0,0.16659751935905198
COL,2024-12-01,1.0,0.04927108005799118
COM,2024-12-01,0.0,0.0
CRI,2024-12-01,0.0,0.0
CUB,2024-12-01,0.0,0.0
CYP,2024-12-01,0.0,0.0
CZE,2024-12-01,0.0,0.0
DEU,2024-12-01,0.0,0.0
DJI,2024-12-01,0.0,0.0
DNK,2024-12-01,0.0,0.0
DOM,2024-12-01,0.0,0.0
DZA,2024-12-01,0.0,0.0
ECU,2024-12-01,0.0,0.0
EGY,2024-12-01,0.0,0.0
ERI,2024-12-01,0.0,0.0
ESP,2024-12-01,0.0,0.0
EST,2024-12-01,0.0,0.0
ETH,2024-12-01,0.0,0.7812456359592216
FIN,2024-12-01,0.0,0.0
FJI,2024-12-01,0.0,0.0
FRA,2024-12-01,0.0,0.0
GAB,2024-12-01,0.0,0.0
GBR,2024-12-01,0.0,0.0
GEO,2024-12-01,0.0,0.0
GHA,2024-12-01,0.0,0.0
GIN,2024-12-01,0.0,0.0
GMB,2024-12-01,0.0,0.0
GNB,2024-12-01,0.0,0.0
GNQ,2024-12-01,0.0,0.0
GRC,2024-12-01,0.0,0.0
GRD,2024-12-01,0.0,0.0
GTM,2024-12-01,0.0,0.0
GUY,2024-12-01,0.0,0.0
HND,2024-12-01,0.0,0.0
HRV,2024-12-01,0.0,0.0
HUN,2024-12-01,0.0,0.0
IDN,2024-12-01,0.0,0.019285185270259967
IND,2024-12-01,0.0,0.004875018747187922
IRL,2024-12-01,0.0,0.0
IRN,2024-12-01,0.0,0.045590263234744965
IRQ,2024-12-01,0.0,0.2091666009481207
ISL,2024-12-01,0.0,0.0
ISR,2024-12-01,0.0,0.04183805841869878
ITA,2024-12-01,0.0,0.0
JAM,2024-12-01,0.0,0.0
JOR,2024-12-01,0.0,0.0
JPN,2024-12-01,0.0,0.0
KAZ,2024-12-01,0.0,0.0
KEN,2024-12-01,0.0,0.0
KGZ,2024-12-01,0.0,0.0
KHM,2024-12-01,0.0,0.0
KOR,2024-12-01,0.0,0.0
KWT,2024-12-01,0.0,0.0
LAO,2024-12-01,0.0,0.0
LBN,2024-12-01,1.0,0.6271613730676008
LBR,2024-12-01,0.0,0.0
LBY,2024-12-01,0.0,0.0
LKA,2024-12-01,0.0,0.0
LSO,2024-12-01,0.0,0.0
LTU,2024-12-01,0.0,0.0
LUX,2024-12-01,0.0,0.0
LVA,2024-12-01,0.0,0.0
MAR,2024-12-01,0.0,0.0
MDA,2024-12-01,0.0,0.0
MDG,2024-12-01,0.0,0.0
MDV,2024-12-01,0.0,0.0
MEX,2024-12-01,0.0,0.06269579897480647
MKD,2024-12-01,0.0,0.0
MLI,2024-12-01,0.0,0.16959957286445282
MLT,2024-12-01,0.0,0.0
MMR,2024-12-01,0.0,0.7700733390630736
MNE,2024-12-01,0.0,0.0
MNG,2024-12-01,0.0,0.0
MOZ,2024-12-01,0.0,0.21877494017917204
MRT,2024-12-01,0.0,0.0
MUS,2024-12-01,0.0,0.0
MWI,2024-12-01,0.0,0.0
MYS,2024-12-01,0.0,0.0
NAM,2024-12-01,0.0,0.0
NER,2024-12-01,0.0,0.7140667866058382
NGA,2024-12-01,0.0,0.15132239793244828
NIC,2024-12-01,0.0,0.0
NLD,2024-12-01,0.0,0.0
NOR,2024-12-01,0.0,0.0
NPL,2024-12-01,0.0,0.0
NZL,2024-12-01,0.0,0.0
OMN,2024-12-01,0.0,0.0
PAK,2024-12-01,0.0,0.20229556351337283
PAN,2024-12-01,0.0,0.0
PER,2024-12-01,0.0,0.0
PHL,2024-12-01,0.0,0.07665777248137376
PNG,2024-12-01,0.0,0.00908321136504996
POL,2024-12-01,0.0,0.0
PRK,2024-12-01,0.0,0.0
PRT,2024-12-01,0.0,0.0
PRY,2024-12-01,0.0,0.0
PSE,2024-12-01,0.0,0.5925349866670957
QAT,2024-12-01,0.0,0.0
ROU,2024-12-01,0.0,0.0
RUS,2024-12-01,0.0,0.31750983674178146
RWA,2024-12-01,0.0,0.0
SAU,2024-12-01,0.0,0.0
SEN,2024-12-01,0.0,0.0
SGP,2024-12-01,0.0,0.0
SLB,2024-12-01,0.0,0.0
SLE,2024-12-01,0.0,0.0
SLV,2024-12-01,0.0,0.0
SOM,2024-12-01,1.0,0.9281650839942556
SRB,2024-12-01,0.0,0.0
STP,2024-12-01,0.0,0.0
SVK,2024-12-01,0.0,0.0
SVN,2024-12-01,0.0,0.0
SWE,2024-12-01,0.0,0.0
SWZ,2024-12-01,0.0,0.0
SYC,2024-12-01,0.0,0.0
SYR,2024-12-01,0.0,0.27260917143895463
TCD,2024-12-01,0.0,0.3912022397674807
TGO,2024-12-01,0.0,0.0
THA,2024-12-01,0.0,0.0
TJK,2024-12-01,0.0,0.0
TKM,2024-12-01,0.0,0.0
TLS,2024-12-01,0.0,0.0
TON,2024-12-01,0.0,0.0
TTO,2024-12-01,0.0,0.0
TUN,2024-12-01,0.0,0.0
TUR,2024-12-01,0.0,0.006106596664278592
TZA,2024-12-01,0.0,0.0
UGA,2024-12-01,0.0,0.05014836800531569
UKR,2024-12-01,0.0,0.7494944505255581
URY,2024-12-01,0.0,0.0
USA,2024-12-01,0.0,0.0
UZB,2024-12-01,0.0,0.0
VEN,2024-12-01,0.0,0.0
VNM,2024-12-01,0.0,0.0
VUT,2024-12-01,0.0,0.0
WSM,2024-12-01,0.0,0.0
YEM,2024-12-01,0.0,0.22032820830691813
ZAF,2024-12-01,0.0,0.0
ZMB,2024-12-01,0.0,0.0
ZWE,2024-12-01,0.0,0.0
AFG,2025-01-01,0.0,0.21056172181232685
AGO,2025-01-01,0.0,0.0
ALB,2025-01-01,0.0,0.0
ARE,2025-01-01,0.0,0.0
ARG,2025-01-01,0.0,0.0
ARM,2025-01-01,0.0,0.0
AUS,2025-01-01,0.0,0.0
AUT,2025-01-01,0.0,0.0
AZE,2025-01-01,0.0,0.0
BDI,2025-01-01,0.0,0.005969709155891976
BEL,2025-01-01,0.0,0.0
BEN,2025-01-01,0.0,0.0048021589292877725
BGD,2025-01-01,0.0,0.0
BGR,2025-01-01,0.0,0.0
BHR,2025-01-01,0.0,0.0
BHS,2025-01-01,0.0,0.0
BIH,2025-01-01,0.0,0.0
BLR,2025-01-01,0.0,0.0
BLZ,2025-01-01,0.0,0.0
BOL,2025-01-01,0.0,0.0
BRA,2025-01-01,0.0,0.0
BRB,2025-01-01,0.0,0.0
BRN,2025-01-01,0.0,0.0
BTN,2025-01-01,0.0,0.0
BWA,2025-01-01,0.0,0.0
CAF,2025-01-01,0.0,0.57903837692116
CAN,2025-01-01,0.0,0.0
CHE,2025-01-01,0.0,0.0
CHL,2025-01-01,0.0,0.0
CHN,2025-01-01,0.0,0.0
CIV,2025-01-01,0.0,0.0
CMR,2025-01-01,0.0,0.4038160129541488
COM,2025-01-01,0.0,0.0
CRI,2025-01-01,0.0,0.0
CUB,2025-01-01,0.0,0.0
CYP,2025-01-01,0.0,0.0
CZE,2025-01-01,0.0,0.0
DEU,2025-01-01,0.0,0.0
DJI,2025-01-01,0.0,0.0
DNK,2025-01-01,0.0,0.0
DOM,2025-01-01,0.0,0.0
DZA,2025-01-01,0.0,0.0
ECU,2025-01-01,0.0,0.005
EGY,2025-01-01,0.0,0.004599924700841096
ERI,2025-01-01,0.0,0.0
ESP,2025-01-01,0.0,0.0
EST,2025-01-01,0.0,0.0
ETH,2025-01-01,0.0,0.7439838754947832
FIN,2025-01-01,0.0,0.0
FJI,2025-01-01,0.0,0.0
FRA,2025-01-01,0.0,0.0
GAB,2025-01-01,0.0,0.0
GBR,2025-01-01,0.0,0.0
GEO,2025-01-01,0.0,0.0
GHA,2025-01-01,0.0,0.0
GIN,2025-01-01,0.0,0.0
GMB,2025-01-01,0.0,0.0
GNB,2025-01-01,0.0,0.0
GNQ,2025-01-01,0.0,0.0
GRC,2025-01-01,0.0,0.0
GRD,2025-01-01,0.0,0.0
GTM,2025-01-01,0.0,0.0
GUY,2025-01-01,0.0,0.0
HND,2025-01-01,0.0,0.0
HRV,2025-01-01,0.0,0.0
HTI,2025-01-01,1.0,0.82872019544857
HUN,2025-01-01,0.0,0.0
IDN,2025-01-01,0.0,0.0323578776489185
IND,2025-01-01,0.0,0.0
IRL,2025-01-01,0.0,0.0
IRN,2025-01-01,0.0,0.030372179801173224
IRQ,2025-01-01,0.0,0.1754102123395894
ISL,2025-01-01,0.0,0.0
ISR,2025-01-01,0.0,0.019530594550647283
ITA,2025-01-01,0.0,0.0
JAM,2025-01-01,0.0,0.0
JOR,2025-01-01,0.0,0.0
JPN,2025-01-01,0.0,0.0
KAZ,2025-01-01,0.0,0.0
KEN,2025-01-01,0.0,0.0
KGZ,2025-01-01,0.0,0.0
KHM,2025-01-01,0.0,0.0
KOR,2025-01-01,0.0,0.005
KWT,2025-01-01,0.0,0.0
LAO,2025-01-01,0.0,0.0
LBN,2025-01-01,0.0,0.6961697198385868
LBR,2025-01-01,0.0,0.0
LBY,2025-01-01,0.0,0.0
LKA,2025-01-01,0.0,0.0
LSO,2025-01-01,0.0,0.0
LTU,2025-01-01,0.0,0.0
LUX,2025-01-01,0.0,0.0
LVA,2025-01-01,0.0,0.0
MAR,2025-01-01,0.0,0.0
MDA,2025-01-01,0.0,0.0
MDG,2025-01-01,0.0,0.0
MDV,2025-01-01,0.0,0.0
MEX,2025-01-01,0.0,0.06065502391661062
MKD,2025-01-01,0.0,0.0
MLI,2025-01-01,0.0,0.46084841104975993
MLT,2025-01-01,0.0,0.0
MMR,2025-01-01,0.0,0.7948804847331903
MNE,2025-01-01,0.0,0.0
MNG,2025-01-01,0.0,0.0
MOZ,2025-01-01,0.0,0.4331780307076349
MRT,2025-01-01,0.0,0.0
MUS,2025-01-01,0.0,0.0
MWI,2025-01-01,0.0,0.0
MYS,2025-01-01,0.0,0.0
NAM,2025-01-01,0.0,0.0
NER,2025-01-01,0.0,0.8661649066106568
NGA,2025-01-01,0.0,0.38256142630570733
NIC,2025-01-01,0.0,0.0
NLD,2025-01-01,0.0,0.0
NOR,2025-01-01,0.0,0.0
NPL,2025-01-01,0.0,0.0
NZL,2025-01-01,0.0,0.0
OMN,2025-01-01,0.0,0.0
PAK,2025-01-01,0.0,0.12068071941561521
PAN,2025-01-01,0.0,0.0
PER,2025-01-01,0.0,0.0
PHL,2025-01-01,0.0,0.02908968342640382
PNG,2025-01-01,0.0,0.004834037970888578
POL,2025-01-01,0.0,0.0
PRK,2025-01-01,0.0,0.0
PRT,2025-01-01,0.0,0.0
PRY,2025-01-01,0.0,0.0
PSE,2025-01-01,1.0,0.3849059315973073
QAT,2025-01-01,0.0,0.0
ROU,2025-01-01,0.0,0.0
RUS,2025-01-01,0.0,0.2928575512649029
RWA,2025-01-01,0.0,0.01
SAU,2025-01-01,0.0,0.0
SEN,2025-01-01,0.0,0.0
SGP,2025-01-01,0.0,0.0
SLB,2025-01-01,0.0,0.0
SLE,2025-01-01,0.0,0.0
SLV,2025-01-01,0.0,0.0
SRB,2025-01-01,0.0,0.0
STP,2025-01-01,0.0,0.0
SVK,2025-01-01,0.0,0.0
SVN,2025-01-01,0.0,0.0
SWE,2025-01-01,0.0,0.0
SWZ,2025-01-01,0.0,0.0
SYC,2025-01-01,0.0,0.0
SYR,2025-01-01,0.0,0.6186565190935318
TCD,2025-01-01,0.0,0.3707793169887028
TGO,2025-01-01,0.0,0.005
THA,2025-01-01,0.0,0.0
TJK,2025-01-01,0.0,0.0
TKM,2025-01-01,0.0,0.0
TLS,2025-01-01,0.0,0.0
TON,2025-01-01,0.0,0.0
TTO,2025-01-01,0.0,0.0
TUN,2025-01-01,0.0,0.0
TUR,2025-01-01,0.0,0.004909193553541185
TZA,2025-01-01,0.0,0.0
UGA,2025-01-01,0.0,0.02339595944367976
UKR,2025-01-01,0.0,0.7440949343142926
URY,2025-01-01,0.0,0.0
USA,2025-01-01,0.0,0.0
UZB,2025-01-01,0.0,0.0
VEN,2025-01-01,0.0,0.0
VNM,2025-01-01,0.0,0.0
VUT,2025-01-01,0.0,0.0
WSM,2025-01-01,0.0,0.0
YEM,2025-01-01,0.0,0.20490674667465897
ZAF,2025-01-01,0.0,0.0
ZMB,2025-01-01,0.0,0.0
ZWE,2025-01-01,0.0,0.0
AFG,2025-02-01,0.0,0.3644844877505065
AGO,2025-02-01,0.0,0.0
ALB,2025-02-01,0.0,0.0
ARE,2025-02-01,0.0,0.0
ARG,2025-02-01,0.0,0.0
ARM,2025-02-01,0.0,0.0
AUS,2025-02-01,0.0,0.0
AUT,2025-02-01,0.0,0.0
AZE,2025-02-01,0.0,0.0
BDI,2025-02-01,0.0,0.00976366526464311
BEL,2025-02-01,0.0,0.0
BEN,2025-02-01,0.0,0.006261995479835678
BGD,2025-02-01,0.0,0.0
BGR,2025-02-01,0.0,0.0
BHR,2025-02-01,0.0,0.005
BHS,2025-02-01,0.0,0.0
BIH,2025-02-01,0.0,0.0
BLR,2025-02-01,0.0,0.0
BLZ,2025-02-01,0.0,0.0
BOL,2025-02-01,0.0,0.0
BRA,2025-02-01,0.0,0.0
BRB,2025-02-01,0.0,0.0
BRN,2025-02-01,0.0,0.0
BTN,2025-02-01,0.0,0.0
BWA,2025-02-01,0.0,0.0
CAF,2025-02-01,0.0,0.7203189369062778
CAN,2025-02-01,0.0,0.0
CHE,2025-02-01,0.0,0.0
CHL,2025-02-01,0.0,0.0
CHN,2025-02-01,0.0,0.0
CIV,2025-02-01,0.0,0.0
CMR,2025-02-01,0.0,0.6230100874630548
COL,2025-02-01,0.0,0.1909547286957691
COM,2025-02-01,0.0,0.0
CRI,2025-02-01,0.0,0.0
CUB,2025-02-01,0.0,0.0
CYP,2025-02-01,0.0,0.0
CZE,2025-02-01,0.0,0.0
DEU,2025-02-01,0.0,0.0
DJI,2025-02-01,0.0,0.0
DNK,2025-02-01,0.0,0.0
DOM,2025-02-01,0.0,0.0
DZA,2025-02-01,0.0,0.0
ECU,2025-02-01,0.0,0.009445437107406512
EGY,2025-02-01,0.0,0.0
ERI,2025-02-01,0.0,0.0
ESP,2025-02-01,0.0,0.0
EST,2025-02-01,0.0,0.0
ETH,2025-02-01,0.0,0.6374202909001849
FIN,2025-02-01,0.0,0.0
FJI,2025-02-01,0.0,0.0
FRA,2025-02-01,0.0,0.0
GAB,2025-02-01,0.0,0.0
GBR,2025-02-01,0.0,0.0
GEO,2025-02-01,0.0,0.0
GHA,2025-02-01,0.0,0.0
GIN,2025-02-01,0.0,0.0
GMB,2025-02-01,0.0,0.0
GNB,2025-02-01,0.0,0.0
GNQ,2025-02-01,0.0,0.0
GRC,2025-02-01,0.0,0.0
GRD,2025-02-01,0.0,0.0
GTM,2025-02-01,0.0,0.0
GUY,2025-02-01,0.0,0.0
HND,2025-02-01,0.0,0.0
HRV,2025-02-01,0.0,0.0
HTI,2025-02-01,1.0,0.8972183185482934
HUN,2025-02-01,0.0,0.0
IDN,2025-02-01,0.0,0.027702005385291568
IND,2025-02-01,0.0,0.0
IRL,2025-02-01,0.0,0.0
IRN,2025-02-01,0.0,0.02470758372853932
IRQ,2025-02-01,0.0,0.1166693004562808
ISL,2025-02-01,0.0,0.0
ISR,2025-02-01,0.0,0.046381752083926094
ITA,2025-02-01,0.0,0.0
JAM,2025-02-01,0.0,0.0
JOR,2025-02-01,0.0,0.0
JPN,2025-02-01,0.0,0.0
KAZ,2025-02-01,0.0,0.0
KEN,2025-02-01,0.0,0.00485616488238293
KGZ,2025-02-01,0.0,0.0
KHM,2025-02-01,0.0,0.0
KOR,2025-02-01,0.0,0.0
KWT,2025-02-01,0.0,0.0
LAO,2025-02-01,0.0,0.0
LBN,2025-02-01,0.0,0.6861180961656815
LBR,2025-02-01,0.0,0.0
LBY,2025-02-01,0.0,0.0
LKA,2025-02-01,0.0,0.0
LSO,2025-02-01,0.0,0.0
LTU,2025-02-01,0.0,0.0
LUX,2025-02-01,0.0,0.0
LVA,2025-02-01,0.0,0.0
MAR,2025-02-01,0.0,0.0
MDA,2025-02-01,0.0,0.0
MDG,2025-02-01,0.0,0.0
MDV,2025-02-01,0.0,0.0
MEX,2025-02-01,0.0,0.0911945264252833
MKD,2025-02-01,0.0,0.0
MLI,2025-02-01,0.0,0.8679223163633041
MLT,2025-02-01,0.0,0.0
MMR,2025-02-01,0.0,0.6853328464919638
MNE,2025-02-01,0.0,0.0
MNG,2025-02-01,0.0,0.0
MOZ,2025-02-01,0.0,0.665796378149382
MRT,2025-02-01,0.0,0.0
MUS,2025-02-01,0.0,0.0
MWI,2025-02-01,0.0,0.0
MYS,2025-02-01,0.0,0.0
NAM,2025-02-01,0.0,0.0
NER,2025-02-01,0.0,0.8406251572796555
NGA,2025-02-01,0.0,0.49891317217405645
NIC,2025-02-01,0.0,0.0
NLD,2025-02-01,0.0,0.0
NOR,2025-02-01,0.0,0.0
NPL,2025-02-01,0.0,0.0
NZL,2025-02-01,0.0,0.0
OMN,2025-02-01,0.0,0.01
PAK,2025-02-01,0.0,0.08653518418602264
PAN,2025-02-01,0.0,0.0
PER,2025-02-01,0.0,0.0
PHL,2025-02-01,0.0,0.041957993033337894
PNG,2025-02-01,0.0,0.028863500821138886
POL,2025-02-01,0.0,0.0
PRK,2025-02-01,0.0,0.0
PRT,2025-02-01,0.0,0.0
PRY,2025-02-01,0.0,0.0
PSE,2025-02-01,1.0,0.2794452053041487
QAT,2025-02-01,0.0,0.0
ROU,2025-02-01,0.0,0.0
RUS,2025-02-01,0.0,0.25747673741208443
RWA,2025-02-01,0.0,0.015
SAU,2025-02-01,0.0,0.0
SEN,2025-02-01,0.0,0.0
SGP,2025-02-01,0.0,0.0
SLB,2025-02-01,0.0,0.0
SLE,2025-02-01,0.0,0.0
SLV,2025-02-01,0.0,0.0
SRB,2025-02-01,0.0,0.0
STP,2025-02-01,0.0,0.0
SVK,2025-02-01,0.0,0.0
SVN,2025-02-01,0.0,0.0
SWE,2025-02-01,0.0,0.0
SWZ,2025-02-01,0.0,0.0
SYC,2025-02-01,0.0,0.0
SYR,2025-02-01,0.0,0.7515806805292022
TCD,2025-02-01,0.0,0.34207187226209085
TGO,2025-02-01,0.0,0.0
THA,2025-02-01,0.0,0.0
TJK,2025-02-01,0.0,0.01
TKM,2025-02-01,0.0,0.0
TLS,2025-02-01,0.0,0.0
TON,2025-02-01,0.0,0.0
TTO,2025-02-01,0.0,0.0
TUN,2025-02-01,0.0,0.0
TUR,2025-02-01,0.0,0.004114955187604434
TZA,2025-02-01,0.0,0.005
UGA,2025-02-01,0.0,0.050981472496174664
UKR,2025-02-01,0.0,0.3318402489044539
URY,2025-02-01,0.0,0.0
USA,2025-02-01,0.0,0.0
UZB,2025-02-01,0.0,0.0
VEN,2025-02-01,0.0,0.004953054433087711
VNM,2025-02-01,0.0,0.0
VUT,2025-02-01,0.0,0.0
WSM,2025-02-01,0.0,0.0
YEM,2025-02-01,0.0,0.15954028033837445
ZAF,2025-02-01,0.0,0.0
ZMB,2025-02-01,0.0,0.0
ZWE,2025-02-01,0.0,0.0
AFG,2025-03-01,0.0,0.41202883311688265
AGO,2025-03-01,0.0,0.0
ALB,2025-03-01,0.0,0.0
ARE,2025-03-01,0.0,0.0
ARG,2025-03-01,0.0,0.0
ARM,2025-03-01,0.0,0.0
AUS,2025-03-01,0.0,0.0
AUT,2025-03-01,0.0,0.0
AZE,2025-03-01,0.0,0.0
BDI,2025-03-01,0.0,0.02786322872543493
BEL,2025-03-01,0.0,0.0
BEN,2025-03-01,0.0,0.024535915231724638
BGD,2025-03-01,0.0,0.006781033507633194
BGR,2025-03-01,0.0,0.0
BHR,2025-03-01,0.0,0.0
BHS,2025-03-01,0.0,0.0
BIH,2025-03-01,0.0,0.0
BLR,2025-03-01,0.0,0.0
BLZ,2025-03-01,0.0,0.0
BOL,2025-03-01,0.0,0.0
BRA,2025-03-01,0.0,0.0018395815170008758
BRB,2025-03-01,0.0,0.0
BRN,2025-03-01,0.0,0.0
BTN,2025-03-01,0.0,0.0
BWA,2025-03-01,0.0,0.0
CAF,2025-03-01,0.0,0.6501060478847676
CAN,2025-03-01,0.0,0.0
CHE,2025-03-01,0.0,0.0
CHL,2025-03-01,0.0,0.0
CHN,2025-03-01,0.0,0.0
CIV,2025-03-01,0.0,0.0
CMR,2025-03-01,0.0,0.7029774334189577
COL,2025-03-01,0.0,0.5699512576296789
COM,2025-03-01,0.0,0.0
CRI,2025-03-01,0.0,0.0
CUB,2025-03-01,0.0,0.0
CYP,2025-03-01,0.0,0.0
CZE,2025-03-01,0.0,0.0
DEU,2025-03-01,0.0,0.0
DJI,2025-03-01,0.0,0.005
DNK,2025-03-01,0.0,0.0
DOM,2025-03-01,0.0,0.0
DZA,2025-03-01,0.0,0.0
ECU,2025-03-01,0.0,0.0
EGY,2025-03-01,0.0,0.010986125876905641
ERI,2025-03-01,0.0,0.0
ESP,2025-03-01,0.0,0.0
EST,2025-03-01,0.0,0.0
ETH,2025-03-01,1.0,0.8704960720525338
FIN,2025-03-01,0.0,0.0
FJI,2025-03-01,0.0,0.0
FRA,2025-03-01,0.0,0.0
GAB,2025-03-01,0.0,0.0
GBR,2025-03-01,0.0,0.0
GEO,2025-03-01,0.0,0.0
GHA,2025-03-01,0.0,0.0
GIN,2025-03-01,0.0,0.0
GMB,2025-03-01,0.0,0.0
GNB,2025-03-01,0.0,0.0
GNQ,2025-03-01,0.0,0.0
GRC,2025-03-01,0.0,0.0
GRD,2025-03-01,0.0,0.0
GTM,2025-03-01,0.0,0.0
GUY,2025-03-01,0.0,0.0
HND,2025-03-01,0.0,0.0
HRV,2025-03-01,0.0,0.0
HUN,2025-03-01,0.0,0.0
IDN,2025-03-01,0.0,0.01795513855193462
IND,2025-03-01,1.0,0.0
IRL,2025-03-01,0.0,0.0
IRN,2025-03-01,0.0,0.02158937760026726
IRQ,2025-03-01,0.0,0.12117966949465347
ISL,2025-03-01,0.0,0.0
ISR,2025-03-01,0.0,0.027580792673820263
ITA,2025-03-01,0.0,0.0
JAM,2025-03-01,0.0,0.0
JOR,2025-03-01,0.0,0.0
JPN,2025-03-01,0.0,0.0
KAZ,2025-03-01,0.0,0.0
KEN,2025-03-01,0.0,0.0
KGZ,2025-03-01,0.0,0.0
KHM,2025-03-01,0.0,0.0
KOR,2025-03-01,0.0,0.0
KWT,2025-03-01,0.0,0.0
LAO,2025-03-01,0.0,0.0
LBN,2025-03-01,0.0,0.7379828546009837
LBR,2025-03-01,0.0,0.0
LBY,2025-03-01,0.0,0.0
LKA,2025-03-01,0.0,0.0
LSO,2025-03-01,0.0,0.0
LTU,2025-03-01,0.0,0.0
LUX,2025-03-01,0.0,0.0
LVA,2025-03-01,0.0,0.0
MAR,2025-03-01,0.0,0.0
MDA,2025-03-01,0.0,0.0
MDG,2025-03-01,0.0,0.0
MDV,2025-03-01,0.0,0.0
MEX,2025-03-01,0.0,0.04638618225175117
MKD,2025-03-01,0.0,0.0
MLI,2025-03-01,0.0,0.9116517027346899
MLT,2025-03-01,0.0,0.0
MMR,2025-03-01,0.0,0.5006871380226676
MNE,2025-03-01,0.0,0.0
MNG,2025-03-01,0.0,0.0
MOZ,2025-03-01,0.0,0.4512337696469649
MRT,2025-03-01,0.0,0.0
MUS,2025-03-01,0.0,0.0
MWI,2025-03-01,0.0,0.0
MYS,2025-03-01,0.0,0.0
NAM,2025-03-01,0.0,0.0
NER,2025-03-01,0.0,0.8464499712705401
NGA,2025-03-01,1.0,0.6510538909262453
NIC,2025-03-01,0.0,0.0
NLD,2025-03-01,0.0,0.0
NOR,2025-03-01,0.0,0.0
NPL,2025-03-01,0.0,0.0
NZL,2025-03-01,0.0,0.0
OMN,2025-03-01,0.0,0.0
PAK,2025-03-01,0.0,0.48705297470692144
PAN,2025-03-01,0.0,0.0
PER,2025-03-01,0.0,0.0
PHL,2025-03-01,0.0,0.44359888131568487
PNG,2025-03-01,0.0,0.02373951028276714
POL,2025-03-01,0.0,0.0
PRK,2025-03-01,0.0,0.0
PRT,2025-03-01,0.0,0.0
PRY,2025-03-01,0.0,0.0
QAT,2025-03-01,0.0,0.0
ROU,2025-03-01,0.0,0.0
RUS,2025-03-01,0.0,0.11470307868189293
RWA,2025-03-01,0.0,0.0
SAU,2025-03-01,0.0,0.0
SEN,2025-03-01,0.0,0.0
SGP,2025-03-01,0.0,0.0
SLB,2025-03-01,0.0,0.0
SLE,2025-03-01,0.0,0.0
SLV,2025-03-01,0.0,0.0
SRB,2025-03-01,0.0,0.0
STP,2025-03-01,0.0,0.0
SVK,2025-03-01,0.0,0.0
SVN,2025-03-01,0.0,0.0
SWE,2025-03-01,0.0,0.0
SWZ,2025-03-01,0.0,0.0
SYC,2025-03-01,0.0,0.0
SYR,2025-03-01,0.0,0.6333648277551008
TCD,2025-03-01,0.0,0.24062806864382896
TGO,2025-03-01,0.0,0.0
THA,2025-03-01,0.0,0.0
TJK,2025-03-01,0.0,0.005
TKM,2025-03-01,0.0,0.0
TLS,2025-03-01,0.0,0.0
TON,2025-03-01,0.0,0.0
TTO,2025-03-01,0.0,0.0
TUN,2025-03-01,0.0,0.0
TUR,2025-03-01,0.0,0.023385208396846366
TZA,2025-03-01,0.0,0.0
UGA,2025-03-01,0.0,0.04506971843156744
UKR,2025-03-01,0.0,0.45899280284632327
URY,2025-03-01,0.0,0.0
USA,2025-03-01,0.0,0.0
UZB,2025-03-01,0.0,0.0
VEN,2025-03-01,0.0,0.0
VNM,2025-03-01,0.0,0.0
VUT,2025-03-01,0.0,0.0
WSM,2025-03-01,0.0,0.0
YEM,2025-03-01,0.0,0.12165884181016359
ZAF,2025-03-01,0.0,0.0
ZMB,2025-03-01,0.0,0.0
ZWE,2025-03-01,0.0,0.0
AFG,2025-04-01,0.0,0.4897134100803563
AGO,2025-04-01,0.0,0.0
ALB,2025-04-01,0.0,0.0
ARE,2025-04-01,0.0,0.0
ARG,2025-04-01,0.0,0.0
ARM,2025-04-01,0.0,0.0
AUS,2025-04-01,0.0,0.0
AUT,2025-04-01,0.0,0.0
AZE,2025-04-01,0.0,0.0
BDI,2025-04-01,0.0,0.013883276901153102
BEL,2025-04-01,0.0,0.0
BEN,2025-04-01,0.0,0.04078598136311404
BGD,2025-04-01,0.0,0.008847253247588418
BGR,2025-04-01,0.0,0.0
BHR,2025-04-01,0.0,0.0
BHS,2025-04-01,0.0,0.0
BIH,2025-04-01,0.0,0.0
BLR,2025-04-01,0.0,0.0
BLZ,2025-04-01,0.0,0.0
BOL,2025-04-01,0.0,0.0
BRA,2025-04-01,0.0,0.0
BRB,2025-04-01,0.0,0.0
BRN,2025-04-01,0.0,0.0
BTN,2025-04-01,0.0,0.0
BWA,2025-04-01,0.0,0.0
CAF,2025-04-01,0.0,0.7306097885327552
CAN,2025-04-01,0.0,0.0
CHE,2025-04-01,0.0,0.0
CHL,2025-04-01,0.0,0.0
CHN,2025-04-01,0.0,0.0
CIV,2025-04-01,0.0,0.005
CMR,2025-04-01,0.0,0.7533151160929162
COL,2025-04-01,0.0,0.45091820651311565
COM,2025-04-01,0.0,0.0
CRI,2025-04-01,0.0,0.0
CUB,2025-04-01,0.0,0.0
CYP,2025-04-01,0.0,0.0
CZE,2025-04-01,0.0,0.0
DEU,2025-04-01,0.0,0.0
DJI,2025-04-01,0.0,0.0
DNK,2025-04-01,0.0,0.0
DOM,2025-04-01,0.0,0.0
DZA,2025-04-01,0.0,0.0
ECU,2025-04-01,0.0,0.0
EGY,2025-04-01,0.0,0.0030863166448467285
ERI,2025-04-01,0.0,0.0
ESP,2025-04-01,0.0,0.0
EST,2025-04-01,0.0,0.0
ETH,2025-04-01,1.0,0.8524768627699695
FIN,2025-04-01,0.0,0.0
FJI,2025-04-01,0.0,0.0
FRA,2025-04-01,0.0,0.0
GAB,2025-04-01,0.0,0.0
GBR,2025-04-01,0.0,0.0
GEO,2025-04-01,0.0,0.0
GHA,2025-04-01,0.0,0.0
GIN,2025-04-01,0.0,0.0
GMB,2025-04-01,0.0,0.0
GNB,2025-04-01,0.0,0.0
GNQ,2025-04-01,0.0,0.0
GRC,2025-04-01,0.0,0.0
GRD,2025-04-01,0.0,0.0
GTM,2025-04-01,0.0,0.005
GUY,2025-04-01,0.0,0.0
HND,2025-04-01,0.0,0.0
HRV,2025-04-01,0.0,0.0
HUN,2025-04-01,0.0,0.0
IDN,2025-04-01,0.0,0.008797287658691987
IND,2025-04-01,1.0,0.0
IRL,2025-04-01,0.0,0.0
IRN,2025-04-01,1.0,0.0
IRQ,2025-04-01,0.0,0.06408916515894815
ISL,2025-04-01,0.0,0.0
ISR,2025-04-01,0.0,0.014162001526676066
ITA,2025-04-01,0.0,0.0
JAM,2025-04-01,0.0,0.0
JOR,2025-04-01,0.0,0.0
JPN,2025-04-01,0.0,0.0
KAZ,2025-04-01,0.0,0.0
KEN,2025-04-01,0.0,0.007079949325015414
KGZ,2025-04-01,0.0,0.0
KHM,2025-04-01,0.0,0.0
KOR,2025-04-01,0.0,0.0
KWT,2025-04-01,0.0,0.0
LAO,2025-04-01,0.0,0.0
LBN,2025-04-01,0.0,0.69451522172766
LBR,2025-04-01,0.0,0.0
LBY,2025-04-01,0.0,0.0
LKA,2025-04-01,0.0,0.0
LSO,2025-04-01,0.0,0.0
LTU,2025-04-01,0.0,0.0
LUX,2025-04-01,0.0,0.0
LVA,2025-04-01,0.0,0.0
MAR,2025-04-01,0.0,0.0
MDA,2025-04-01,0.0,0.0
MDG,2025-04-01,0.0,0.0
MDV,2025-04-01,0.0,0.0
MEX,2025-04-01,0.0,0.042784876162798934
MKD,2025-04-01,0.0,0.0
MLI,2025-04-01,0.0,0.8139671666815748
MLT,2025-04-01,0.0,0.0
MMR,2025-04-01,0.0,0.4850624549974033
MNE,2025-04-01,0.0,0.0
MNG,2025-04-01,0.0,0.0
MOZ,2025-04-01,0.0,0.6785568503249916
MRT,2025-04-01,0.0,0.0
MUS,2025-04-01,0.0,0.0
MWI,2025-04-01,0.0,0.0
MYS,2025-04-01,0.0,0.0
NAM,2025-04-01,0.0,0.0
NER,2025-04-01,1.0,0.8036416165670197
NGA,2025-04-01,1.0,0.8610233701124259
NIC,2025-04-01,0.0,0.0
NLD,2025-04-01,0.0,0.0
NOR,2025-04-01,0.0,0.0
NPL,2025-04-01,0.0,0.0
NZL,2025-04-01,0.0,0.0
OMN,2025-04-01,0.0,0.0
PAK,2025-04-01,0.0,0.38021904654097716
PAN,2025-04-01,0.0,0.0
PER,2025-04-01,0.0,0.0
PHL,2025-04-01,0.0,0.5120096079806872
PNG,2025-04-01,0.0,0.008797359425312665
POL,2025-04-01,0.0,0.0
PRK,2025-04-01,0.0,0.0
PRT,2025-04-01,0.0,0.0
PRY,2025-04-01,0.0,0.0
QAT,2025-04-01,0.0,0.0
ROU,2025-04-01,0.0,0.0
RUS,2025-04-01,0.0,0.11072713927856977
RWA,2025-04-01,0.0,0.0
SAU,2025-04-01,0.0,0.0
SEN,2025-04-01,0.0,0.0
SGP,2025-04-01,0.0,0.0
SLB,2025-04-01,0.0,0.0
SLE,2025-04-01,0.0,0.0
SLV,2025-04-01,0.0,0.0
SOM,2025-04-01,1.0,0.9533556752681046
SRB,2025-04-01,0.0,0.0
STP,2025-04-01,0.0,0.0
SVK,2025-04-01,0.0,0.0
SVN,2025-04-01,0.0,0.0
SWE,2025-04-01,0.0,0.0
SWZ,2025-04-01,0.0,0.0
SYC,2025-04-01,0.0,0.0
SYR,2025-04-01,0.0,0.6272042931654479
TCD,2025-04-01,0.0,0.16238080013544656
TGO,2025-04-01,0.0,0.0
THA,2025-04-01,0.0,0.005
TJK,2025-04-01,0.0,0.01
TKM,2025-04-01,0.0,0.0
TLS,2025-04-01,0.0,0.0
TON,2025-04-01,0.0,0.0
TTO,2025-04-01,0.0,0.0
TUN,2025-04-01,0.0,0.0
TUR,2025-04-01,0.0,0.004573044290266735
TZA,2025-04-01,0.0,0.0
UGA,2025-04-01,0.0,0.046014976148784525
UKR,2025-04-01,0.0,0.3139164355231965
URY,2025-04-01,0.0,0.0
USA,2025-04-01,0.0,0.0
UZB,2025-04-01,0.0,0.0
VEN,2025-04-01,0.0,0.0
VNM,2025-04-01,0.0,0.0
VUT,2025-04-01,0.0,0.0
WSM,2025-04-01,0.0,0.0
YEM,2025-04-01,0.0,0.21868038142248067
ZAF,2025-04-01,0.0,0.0
ZMB,2025-04-01,0.0,0.0
ZWE,2025-04-01,0.0,0.0
AFG,2025-05-01,0.0,0.3919366802767649
AGO,2025-05-01,0.0,0.0
ALB,2025-05-01,0.0,0.0
ARE,2025-05-01,0.0,0.0
ARG,2025-05-01,0.0,0.0
ARM,2025-05-01,0.0,0.0
AUS,2025-05-01,0.0,0.0
AUT,2025-05-01,0.0,0.0
AZE,2025-05-01,0.0,0.0
BDI,2025-05-01,0.0,0.029443112429554254
BEL,2025-05-01,0.0,0.0
BEN,2025-05-01,0.0,0.05683550123622144
BGD,2025-05-01,0.0,0.011003522467061988
BGR,2025-05-01,0.0,0.0
BHR,2025-05-01,0.0,0.0
BHS,2025-05-01,0.0,0.0
BIH,2025-05-01,0.0,0.0
BLR,2025-05-01,0.0,0.0
BLZ,2025-05-01,0.0,0.0
BOL,2025-05-01,0.0,0.0
BRA,2025-05-01,0.0,0.004790570479091664
BRB,2025-05-01,0.0,0.0
BRN,2025-05-01,0.0,0.0
BTN,2025-05-01,0.0,0.0
BWA,2025-05-01,0.0,0.0
CAF,2025-05-01,0.0,0.5918025063681097
CAN,2025-05-01,0.0,0.0
CHE,2025-05-01,0.0,0.0
CHL,2025-05-01,0.0,0.0
CHN,2025-05-01,0.0,0.0
CIV,2025-05-01,0.0,0.005
CMR,2025-05-01,0.0,0.6687302622480036
COL,2025-05-01,0.0,0.22713891982325024
COM,2025-05-01,0.0,0.0
CRI,2025-05-01,0.0,0.0
CUB,2025-05-01,0.0,0.0
CYP,2025-05-01,0.0,0.0
CZE,2025-05-01,0.0,0.0
DEU,2025-05-01,0.0,0.0
DJI,2025-05-01,0.0,0.0
DNK,2025-05-01,0.0,0.0
DOM,2025-05-01,0.0,0.0
DZA,2025-05-01,0.0,0.0
ECU,2025-05-01,0.0,0.0
EGY,2025-05-01,0.0,0.004539907489420336
ERI,2025-05-01,0.0,0.0
ESP,2025-05-01,0.0,0.0
EST,2025-05-01,0.0,0.0
ETH,2025-05-01,1.0,0.8861171751870426
FIN,2025-05-01,0.0,0.0
FJI,2025-05-01,0.0,0.0
FRA,2025-05-01,0.0,0.0
GAB,2025-05-01,0.0,0.0
GBR,2025-05-01,0.0,0.0
GEO,2025-05-01,0.0,0.0
GHA,2025-05-01,0.0,0.0
GIN,2025-05-01,0.0,0.0
GMB,2025-05-01,0.0,0.0
GNB,2025-05-01,0.0,0.0
GNQ,2025-05-01,0.0,0.0
GRC,2025-05-01,0.0,0.0
GRD,2025-05-01,0.0,0.0
GTM,2025-05-01,0.0,0.0
GUY,2025-05-01,0.0,0.0
HND,2025-05-01,0.0,0.0
HRV,2025-05-01,0.0,0.0
HUN,2025-05-01,0.0,0.0
IDN,2025-05-01,0.0,0.022976074164395538
IND,2025-05-01,0.0,0.1165007252188294
IRL,2025-05-01,0.0,0.0
IRN,2025-05-01,1.0,0.00755908132697215
IRQ,2025-05-01,0.0,0.03927026010728784
ISL,2025-05-01,0.0,0.0
ISR,2025-05-01,0.0,0.017719100050386682
ITA,2025-05-01,0.0,0.0
JAM,2025-05-01,0.0,0.0
JOR,2025-05-01,0.0,0.0
JPN,2025-05-01,0.0,0.0
KAZ,2025-05-01,0.0,0.0
KEN,2025-05-01,0.0,0.0494162250356674
KGZ,2025-05-01,0.0,0.0
KHM,2025-05-01,1.0,0.0
KOR,2025-05-01,0.0,0.0
KWT,2025-05-01,0.0,0.0
LAO,2025-05-01,0.0,0.0
LBN,2025-05-01,0.0,0.4997797133701573
LBR,2025-05-01,0.0,0.0
LBY,2025-05-01,0.0,0.029700130537263513
LKA,2025-05-01,0.0,0.0
LSO,2025-05-01,0.0,0.0
LTU,2025-05-01,0.0,0.0
LUX,2025-05-01,0.0,0.0
LVA,2025-05-01,0.0,0.0
MAR,2025-05-01,0.0,0.0
MDA,2025-05-01,0.0,0.0
MDG,2025-05-01,0.0,0.0
MDV,2025-05-01,0.0,0.0
MEX,2025-05-01,0.0,0.014237698813240298
MKD,2025-05-01,0.0,0.0
MLI,2025-05-01,0.0,0.9270469533489804
MLT,2025-05-01,0.0,0.0
MMR,2025-05-01,0.0,0.40649546341005754
MNE,2025-05-01,0.0,0.0
MNG,2025-05-01,0.0,0.0
MOZ,2025-05-01,1.0,0.43802323984204855
MRT,2025-05-01,0.0,0.0
MUS,2025-05-01,0.0,0.0
MWI,2025-05-01,0.0,0.0
MYS,2025-05-01,0.0,0.0
NAM,2025-05-01,0.0,0.0
NER,2025-05-01,1.0,0.8287774840548878
NIC,2025-05-01,0.0,0.0
NLD,2025-05-01,0.0,0.0
NOR,2025-05-01,0.0,0.0
NPL,2025-05-01,0.0,0.0
NZL,2025-05-01,0.0,0.0
OMN,2025-05-01,0.0,0.0
PAK,2025-05-01,0.0,0.7005233059655551
PAN,2025-05-01,0.0,0.0
PER,2025-05-01,0.0,0.0
PHL,2025-05-01,0.0,0.5593684432389571
PNG,2025-05-01,0.0,0.0
POL,2025-05-01,0.0,0.0
PRK,2025-05-01,0.0,0.0
PRT,2025-05-01,0.0,0.0
PRY,2025-05-01,0.0,0.0
QAT,2025-05-01,0.0,0.0
ROU,2025-05-01,0.0,0.0
RUS,2025-05-01,0.0,0.07272378555186892
RWA,2025-05-01,0.0,0.0
SAU,2025-05-01,0.0,0.0
SEN,2025-05-01,0.0,0.0
SGP,2025-05-01,0.0,0.0
SLB,2025-05-01,0.0,0.0
SLE,2025-05-01,0.0,0.0
SLV,2025-05-01,0.0,0.0
SOM,2025-05-01,1.0,0.6692210684451351
SRB,2025-05-01,0.0,0.005
STP,2025-05-01,0.0,0.0
SVK,2025-05-01,0.0,0.0
SVN,2025-05-01,0.0,0.0
SWE,2025-05-01,0.0,0.0
SWZ,2025-05-01,0.0,0.0
SYC,2025-05-01,0.0,0.0
SYR,2025-05-01,0.0,0.41485918225830437
TCD,2025-05-01,0.0,0.28277777981079927
TGO,2025-05-01,0.0,0.0
THA,2025-05-01,1.0,0.01
TJK,2025-05-01,0.0,0.0
TKM,2025-05-01,0.0,0.0
TLS,2025-05-01,0.0,0.0
TON,2025-05-01,0.0,0.0
TTO,2025-05-01,0.0,0.0
TUN,2025-05-01,0.0,0.0
TUR,2025-05-01,0.0,0.01
TZA,2025-05-01,0.0,0.0
UGA,2025-05-01,0.0,0.03668190142462598
UKR,2025-05-01,0.0,0.37916409961681397
URY,2025-05-01,0.0,0.0
USA,2025-05-01,0.0,0.0
UZB,2025-05-01,0.0,0.0
VEN,2025-05-01,0.0,0.0
VNM,2025-05-01,0.0,0.0
VUT,2025-05-01,0.0,0.0
WSM,2025-05-01,0.0,0.0
YEM,2025-05-01,0.0,0.18190439265332817
ZAF,2025-05-01,0.0,0.005
ZMB,2025-05-01,0.0,0.0
ZWE,2025-05-01,0.0,0.0
AFG,2025-06-01,0.0,0.25072822695699987
AGO,2025-06-01,0.0,0.0
ALB,2025-06-01,0.0,0.0
ARE,2025-06-01,0.0,0.0
ARG,2025-06-01,0.0,0.0
ARM,2025-06-01,0.0,0.0049621275879481565
AUS,2025-06-01,0.0,0.0
AUT,2025-06-01,0.0,0.0
AZE,2025-06-01,0.0,0.0
BDI,2025-06-01,0.0,0.07789624546740917
BEL,2025-06-01,0.0,0.0
BEN,2025-06-01,0.0,0.18010840202127948
BGD,2025-06-01,0.0,0.0047178932497461456
BGR,2025-06-01,0.0,0.0
BHR,2025-06-01,0.0,0.0
BHS,2025-06-01,0.0,0.0
BIH,2025-06-01,0.0,0.0
BLR,2025-06-01,0.0,0.0
BLZ,2025-06-01,0.0,0.0
BOL,2025-06-01,0.0,0.0
BRA,2025-06-01,0.0,0.007498305084745762
BRB,2025-06-01,0.0,0.0
BRN,2025-06-01,0.0,0.0
BTN,2025-06-01,0.0,0.0
BWA,2025-06-01,0.0,0.0
CAF,2025-06-01,0.0,0.6377138733724731
CAN,2025-06-01,0.0,0.0
CHE,2025-06-01,0.0,0.0
CHL,2025-06-01,0.0,0.0
CHN,2025-06-01,0.0,0.0
CIV,2025-06-01,0.0,0.0
CMR,2025-06-01,0.0,0.6109885107924293
COL,2025-06-01,0.0,0.3315219062487095
COM,2025-06-01,0.0,0.0
CRI,2025-06-01,0.0,0.0
CUB,2025-06-01,0.0,0.0
CYP,2025-06-01,0.0,0.0
CZE,2025-06-01,0.0,0.0
DEU,2025-06-01,0.0,0.0
DJI,2025-06-01,0.0,0.0
DNK,2025-06-01,0.0,0.0
DOM,2025-06-01,0.0,0.0
DZA,2025-06-01,0.0,0.005
ECU,2025-06-01,0.0,0.0
EGY,2025-06-01,0.0,0.005834396360109035
ERI,2025-06-01,0.0,0.0
ESP,2025-06-01,0.0,0.0
EST,2025-06-01,0.0,0.0
ETH,2025-06-01,1.0,0.8722226493960094
FIN,2025-06-01,0.0,0.0
FJI,2025-06-01,0.0,0.0
FRA,2025-06-01,0.0,0.0
GAB,2025-06-01,0.0,0.0
GBR,2025-06-01,0.0,0.0
GEO,2025-06-01,0.0,0.0
GHA,2025-06-01,0.0,0.0
GIN,2025-06-01,0.0,0.0
GMB,2025-06-01,0.0,0.0
GNB,2025-06-01,0.0,0.0
GNQ,2025-06-01,0.0,0.0
GRC,2025-06-01,0.0,0.0
GRD,2025-06-01,0.0,0.0
GTM,2025-06-01,0.0,0.0
GUY,2025-06-01,0.0,0.0
HND,2025-06-01,0.0,0.0
HRV,2025-06-01,0.0,0.0
HUN,2025-06-01,0.0,0.0
IDN,2025-06-01,0.0,0.021081407083869286
IND,2025-06-01,0.0,0.15895942675964142
IRL,2025-06-01,0.0,0.0
IRN,2025-06-01,0.0,0.0921763931797612
IRQ,2025-06-01,0.0,0.060060663552298846
ISL,2025-06-01,0.0,0.0
ISR,2025-06-01,0.0,0.08427421184911632
ITA,2025-06-01,0.0,0.0
JAM,2025-06-01,0.0,0.0
JOR,2025-06-01,0.0,0.0
JPN,2025-06-01,0.0,0.0
KAZ,2025-06-01,0.0,0.0
KEN,2025-06-01,0.0,0.027511193240832735
KGZ,2025-06-01,0.0,0.0
KHM,2025-06-01,1.0,0.005
KOR,2025-06-01,0.0,0.0
KWT,2025-06-01,0.0,0.0
LAO,2025-06-01,0.0,0.0
LBN,2025-06-01,0.0,0.38443018997467393
LBR,2025-06-01,0.0,0.0
LBY,2025-06-01,0.0,0.03425894500855139
LKA,2025-06-01,0.0,0.0
LSO,2025-06-01,0.0,0.0
LTU,2025-06-01,0.0,0.0
LUX,2025-06-01,0.0,0.0
LVA,2025-06-01,0.0,0.0
MAR,2025-06-01,0.0,0.0
MDA,2025-06-01,0.0,0.005
MDG,2025-06-01,0.0,0.0
MDV,2025-06-01,0.0,0.0
MEX,2025-06-01,0.0,0.01377526557913051
MKD,2025-06-01,0.0,0.0
MLI,2025-06-01,0.0,0.7044416302549302
MLT,2025-06-01,0.0,0.0
MMR,2025-06-01,0.0,0.20835248135184903
MNE,2025-06-01,0.0,0.0
MNG,2025-06-01,0.0,0.0
MOZ,2025-06-01,1.0,0.6311870653510598
MRT,2025-06-01,0.0,0.005
MUS,2025-06-01,0.0,0.0
MWI,2025-06-01,0.0,0.0
MYS,2025-06-01,0.0,0.0
NAM,2025-06-01,0.0,0.0
NIC,2025-06-01,0.0,0.0
NLD,2025-06-01,0.0,0.0
NOR,2025-06-01,0.0,0.0
NPL,2025-06-01,0.0,0.0
NZL,2025-06-01,0.0,0.0
OMN,2025-06-01,0.0,0.0
PAK,2025-06-01,1.0,0.2766139956442143
PAN,2025-06-01,0.0,0.0
PER,2025-06-01,0.0,0.0
PHL,2025-06-01,0.0,0.30619654312969896
PNG,2025-06-01,0.0,0.014614379748424833
POL,2025-06-01,0.0,0.0
PRK,2025-06-01,0.0,0.0
PRT,2025-06-01,0.0,0.0
PRY,2025-06-01,0.0,0.0
QAT,2025-06-01,0.0,0.0
ROU,2025-06-01,0.0,0.0
RUS,2025-06-01,0.0,0.05079841564920629
RWA,2025-06-01,0.0,0.0
SAU,2025-06-01,0.0,0.0
SEN,2025-06-01,0.0,0.0
SGP,2025-06-01,0.0,0.0
SLB,2025-06-01,0.0,0.0
SLE,2025-06-01,0.0,0.0
SLV,2025-06-01,0.0,0.0
SRB,2025-06-01,0.0,0.0
STP,2025-06-01,0.0,0.0
SVK,2025-06-01,0.0,0.0
SVN,2025-06-01,0.0,0.0
SWE,2025-06-01,0.0,0.0
SWZ,2025-06-01,0.0,0.0
SYC,2025-06-01,0.0,0.0
SYR,2025-06-01,0.0,0.1927630476148005
TCD,2025-06-01,0.0,0.3712152108718193
TGO,2025-06-01,0.0,0.0
THA,2025-06-01,1.0,0.0
TJK,2025-06-01,0.0,0.0
TKM,2025-06-01,0.0,0.0
TLS,2025-06-01,0.0,0.0
TON,2025-06-01,0.0,0.0
TTO,2025-06-01,0.0,0.0
TUN,2025-06-01,0.0,0.015
TUR,2025-06-01,0.0,0.012970635417265038
TZA,2025-06-01,0.0,0.0
UGA,2025-06-01,0.0,0.06758444828674849
UKR,2025-06-01,0.0,0.19173532123294862
URY,2025-06-01,0.0,0.0
USA,2025-06-01,0.0,0.0
UZB,2025-06-01,0.0,0.0
VEN,2025-06-01,0.0,0.005
VNM,2025-06-01,0.0,0.0
VUT,2025-06-01,0.0,0.0
WSM,2025-06-01,0.0,0.0
YEM,2025-06-01,0.0,0.16636034209277858
ZAF,2025-06-01,0.0,0.0
ZMB,2025-06-01,0.0,0.0
ZWE,2025-06-01,0.0,0.0
AFG,2025-07-01,0.0,0.2783850953968661
AGO,2025-07-01,0.0,0.0
ALB,2025-07-01,0.0,0.0
ARE,2025-07-01,0.0,0.0
ARG,2025-07-01,0.0,0.0
ARM,2025-07-01,0.0,0.005
AUS,2025-07-01,0.0,0.0
AUT,2025-07-01,0.0,0.0
AZE,2025-07-01,0.0,0.0
BDI,2025-07-01,0.0,0.07748436614745514
BEL,2025-07-01,0.0,0.0
BEN,2025-07-01,0.0,0.1075966714417038
BGD,2025-07-01,0.0,0.006572031083604848
BGR,2025-07-01,0.0,0.0
BHR,2025-07-01,0.0,0.0
BHS,2025-07-01,0.0,0.0
BIH,2025-07-01,0.0,0.0
BLR,2025-07-01,0.0,0.0
BLZ,2025-07-01,0.0,0.0
BOL,2025-07-01,0.0,0.0
BRA,2025-07-01,0.0,0.005407391885192125
BRB,2025-07-01,0.0,0.0
BRN,2025-07-01,0.0,0.0
BTN,2025-07-01,0.0,0.0
BWA,2025-07-01,0.0,0.0
CAF,2025-07-01,0.0,0.6625583900353982
CAN,2025-07-01,0.0,0.0
CHE,2025-07-01,0.0,0.0
CHL,2025-07-01,0.0,0.0
CHN,2025-07-01,0.0,0.0
CIV,2025-07-01,0.0,0.0
CMR,2025-07-01,0.0,0.506958564337767
COL,2025-07-01,0.0,0.27376343371890083
COM,2025-07-01,0.0,0.0
CRI,2025-07-01,0.0,0.0
CUB,2025-07-01,0.0,0.0
CYP,2025-07-01,0.0,0.0
CZE,2025-07-01,0.0,0.0
DEU,2025-07-01,0.0,0.0
DJI,2025-07-01,0.0,0.0
DNK,2025-07-01,0.0,0.0
DOM,2025-07-01,0.0,0.0
DZA,2025-07-01,0.0,0.0
ECU,2025-07-01,0.0,0.0007815948618345485
EGY,2025-07-01,0.0,0.004743242338225673
ERI,2025-07-01,0.0,0.005
ESP,2025-07-01,0.0,0.0
EST,2025-07-01,0.0,0.0
FIN,2025-07-01,0.0,0.0
FJI,2025-07-01,0.0,0.0
FRA,2025-07-01,0.0,0.0
GAB,2025-07-01,0.0,0.0
GBR,2025-07-01,0.0,0.0
GEO,2025-07-01,0.0,0.0
GHA,2025-07-01,0.0,0.0
GIN,2025-07-01,0.0,0.0
GMB,2025-07-01,0.0,0.0
GNB,2025-07-01,0.0,0.0
GNQ,2025-07-01,0.0,0.0
GRC,2025-07-01,0.0,0.0
GRD,2025-07-01,0.0,0.0
GTM,2025-07-01,0.0,0.0
GUY,2025-07-01,0.0,0.0
HND,2025-07-01,0.0,0.005
HRV,2025-07-01,0.0,0.0
HTI,2025-07-01,1.0,0.8343246370321719
HUN,2025-07-01,0.0,0.0
IDN,2025-07-01,0.0,0.020603622616563285
IND,2025-07-01,0.0,0.1489571370511007
IRL,2025-07-01,0.0,0.0
IRN,2025-07-01,0.0,0.35682084207306725
IRQ,2025-07-01,0.0,0.07214275071711945
ISL,2025-07-01,0.0,0.0
ISR,2025-07-01,0.0,0.11974308656915959
ITA,2025-07-01,0.0,0.0
JAM,2025-07-01,0.0,0.0
JOR,2025-07-01,0.0,0.0
JPN,2025-07-01,0.0,0.0
KAZ,2025-07-01,0.0,0.0
KEN,2025-07-01,0.0,0.10253810931907598
KGZ,2025-07-01,0.0,0.0
KHM,2025-07-01,0.0,0.015
KOR,2025-07-01,0.0,0.0
KWT,2025-07-01,0.0,0.0
LAO,2025-07-01,0.0,0.0
LBN,2025-07-01,0.0,0.37817904435664224
LBR,2025-07-01,0.0,0.0
LBY,2025-07-01,0.0,0.029794480539472534
LKA,2025-07-01,0.0,0.0
LSO,2025-07-01,0.0,0.0
LTU,2025-07-01,0.0,0.0
LUX,2025-07-01,0.0,0.0
LVA,2025-07-01,0.0,0.0
MAR,2025-07-01,0.0,0.0
MDA,2025-07-01,0.0,0.0
MDG,2025-07-01,0.0,0.0
MDV,2025-07-01,0.0,0.0
MEX,2025-07-01,0.0,0.029655414200181487
MKD,2025-07-01,0.0,0.0
MLI,2025-07-01,0.0,0.7750492834453847
MLT,2025-07-01,0.0,0.0
MMR,2025-07-01,0.0,0.21491572962084324
MNE,2025-07-01,0.0,0.0
MNG,2025-07-01,0.0,0.0
MRT,2025-07-01,0.0,0.0
MUS,2025-07-01,0.0,0.0
MWI,2025-07-01,0.0,0.0
MYS,2025-07-01,0.0,0.0
NAM,2025-07-01,0.0,0.0
NIC,2025-07-01,0.0,0.0
NLD,2025-07-01,0.0,0.0
NOR,2025-07-01,0.0,0.0
NPL,2025-07-01,0.0,0.0
NZL,2025-07-01,0.0,0.0
OMN,2025-07-01,0.0,0.0
PAK,2025-07-01,1.0,0.6117370907807312
PAN,2025-07-01,0.0,0.0
PER,2025-07-01,0.0,0.0
PHL,2025-07-01,0.0,0.21708781287334009
PNG,2025-07-01,0.0,0.0
POL,2025-07-01,0.0,0.0
PRK,2025-07-01,0.0,0.0
PRT,2025-07-01,0.0,0.0
PRY,2025-07-01,0.0,0.0
QAT,2025-07-01,0.0,0.0
ROU,2025-07-01,0.0,0.0
RUS,2025-07-01,0.0,0.07814082246886005
RWA,2025-07-01,0.0,0.0
SAU,2025-07-01,0.0,0.0
SEN,2025-07-01,0.0,0.0
SGP,2025-07-01,0.0,0.0
SLB,2025-07-01,0.0,0.0
SLE,2025-07-01,0.0,0.0
SLV,2025-07-01,0.0,0.0
SRB,2025-07-01,0.0,0.0
STP,2025-07-01,0.0,0.0
SVK,2025-07-01,0.0,0.0
SVN,2025-07-01,0.0,0.0
SWE,2025-07-01,0.0,0.0
SWZ,2025-07-01,0.0,0.0
SYC,2025-07-01,0.0,0.0
SYR,2025-07-01,0.0,0.3144840267958307
TCD,2025-07-01,0.0,0.4329631262062794
TGO,2025-07-01,0.0,0.005
THA,2025-07-01,0.0,0.11246066400630374
TJK,2025-07-01,0.0,0.005
TKM,2025-07-01,0.0,0.0
TLS,2025-07-01,0.0,0.0
TON,2025-07-01,0.0,0.0
TTO,2025-07-01,0.0,0.0
TUN,2025-07-01,0.0,0.0
TUR,2025-07-01,0.0,0.018766370846008882
TZA,2025-07-01,0.0,0.0
UGA,2025-07-01,0.0,0.04037847343061841
UKR,2025-07-01,0.0,0.24193059972971154
URY,2025-07-01,0.0,0.0
USA,2025-07-01,0.0,0.0
UZB,2025-07-01,0.0,0.0
VEN,2025-07-01,0.0,0.0
VNM,2025-07-01,0.0,0.0
VUT,2025-07-01,0.0,0.0
WSM,2025-07-01,0.0,0.0
YEM,2025-07-01,0.0,0.12710790348964873
ZAF,2025-07-01,0.0,0.0
ZMB,2025-07-01,0.0,0.0
ZWE,2025-07-01,0.0,0.0
AFG,2025-08-01,1.0,0.16316374736819209
AGO,2025-08-01,0.0,0.0
ALB,2025-08-01,0.0,0.0
ARE,2025-08-01,0.0,0.0
ARG,2025-08-01,0.0,0.0
ARM,2025-08-01,0.0,0.0
AUS,2025-08-01,0.0,0.0
AUT,2025-08-01,0.0,0.0
AZE,2025-08-01,0.0,0.0
BDI,2025-08-01,0.0,0.017351736858967695
BEL,2025-08-01,0.0,0.0
BEN,2025-08-01,0.0,0.056857976587180524
BGD,2025-08-01,0.0,0.011541479215939884
BGR,2025-08-01,0.0,0.0
BHR,2025-08-01,0.0,0.0
BHS,2025-08-01,0.0,0.0
BIH,2025-08-01,0.0,0.0
BLR,2025-08-01,0.0,0.0
BLZ,2025-08-01,0.0,0.0
BOL,2025-08-01,0.0,0.0
BRA,2025-08-01,0.0,0.0
BRB,2025-08-01,0.0,0.0
BRN,2025-08-01,0.0,0.0
BTN,2025-08-01,0.0,0.0
BWA,2025-08-01,0.0,0.0
CAF,2025-08-01,0.0,0.6546164673493935
CAN,2025-08-01,0.0,0.0
CHE,2025-08-01,0.0,0.0
CHL,2025-08-01,0.0,0.0
CHN,2025-08-01,0.0,0.0
CIV,2025-08-01,0.0,0.03494473541161549
CMR,2025-08-01,0.0,0.4136566601635911
COL,2025-08-01,0.0,0.17176364273471045
COM,2025-08-01,0.0,0.0
CRI,2025-08-01,0.0,0.0
CUB,2025-08-01,0.0,0.0
CYP,2025-08-01,0.0,0.0
CZE,2025-08-01,0.0,0.0
DEU,2025-08-01,0.0,0.0
DJI,2025-08-01,0.0,0.0
DNK,2025-08-01,0.0,0.0
DOM,2025-08-01,0.0,0.0
DZA,2025-08-01,0.0,0.0
ECU,2025-08-01,0.0,0.0332307128562167
EGY,2025-08-01,0.0,0.0
ERI,2025-08-01,0.0,0.0
ESP,2025-08-01,0.0,0.0
EST,2025-08-01,0.0,0.0
FIN,2025-08-01,0.0,0.0
FJI,2025-08-01,0.0,0.0
FRA,2025-08-01,0.0,0.0
GAB,2025-08-01,0.0,0.0
GBR,2025-08-01,0.0,0.0
GEO,2025-08-01,0.0,0.0
GHA,2025-08-01,0.0,0.0
GIN,2025-08-01,0.0,0.0
GMB,2025-08-01,0.0,0.0
GNB,2025-08-01,0.0,0.0
GNQ,2025-08-01,0.0,0.0
GRC,2025-08-01,0.0,0.0
GRD,2025-08-01,0.0,0.0
GTM,2025-08-01,0.0,0.0
GUY,2025-08-01,0.0,0.0
HND,2025-08-01,0.0,0.0
HRV,2025-08-01,0.0,0.0
HTI,2025-08-01,1.0,0.8033451518210137
HUN,2025-08-01,0.0,0.0
IDN,2025-08-01,0.0,0.02804671735039184
IND,2025-08-01,0.0,0.117159332351647
IRL,2025-08-01,0.0,0.0
IRN,2025-08-01,0.0,0.5485843516754464
IRQ,2025-08-01,0.0,0.04898918471579921
ISL,2025-08-01,0.0,0.0
ISR,2025-08-01,0.0,0.11718844546024766
ITA,2025-08-01,0.0,0.0
JAM,2025-08-01,0.0,0.0
JOR,2025-08-01,0.0,0.005
JPN,2025-08-01,0.0,0.0
KAZ,2025-08-01,0.0,0.0
KEN,2025-08-01,0.0,0.27637045623327877
KGZ,2025-08-01,0.0,0.0
KHM,2025-08-01,0.0,0.07412075542215048
KOR,2025-08-01,0.0,0.0
KWT,2025-08-01,0.0,0.0
LAO,2025-08-01,0.0,0.0
LBN,2025-08-01,0.0,0.37517607171562484
LBR,2025-08-01,0.0,0.0
LBY,2025-08-01,0.0,0.03436806686147522
LKA,2025-08-01,0.0,0.0
LSO,2025-08-01,0.0,0.0
LTU,2025-08-01,0.0,0.0
LUX,2025-08-01,0.0,0.0
LVA,2025-08-01,0.0,0.0
MAR,2025-08-01,0.0,0.0
MDA,2025-08-01,0.0,0.0
MDG,2025-08-01,0.0,0.0
MDV,2025-08-01,0.0,0.0
MEX,2025-08-01,0.0,0.06482830891476361
MKD,2025-08-01,0.0,0.0
MLI,2025-08-01,0.0,0.9193235871164284
MLT,2025-08-01,0.0,0.0
MMR,2025-08-01,0.0,0.13581962256755556
MNE,2025-08-01,0.0,0.0
MNG,2025-08-01,0.0,0.0
MRT,2025-08-01,0.0,0.005
MUS,2025-08-01,0.0,0.0
MWI,2025-08-01,0.0,0.0
MYS,2025-08-01,0.0,0.0
NAM,2025-08-01,0.0,0.0
NER,2025-08-01,0.0,0.8986037492562656
NIC,2025-08-01,0.0,0.0
NLD,2025-08-01,0.0,0.0
NOR,2025-08-01,0.0,0.0
NPL,2025-08-01,0.0,0.0
NZL,2025-08-01,0.0,0.0
OMN,2025-08-01,0.0,0.0
PAK,2025-08-01,1.0,0.4062912038552542
PAN,2025-08-01,0.0,0.0
PER,2025-08-01,0.0,0.0
PHL,2025-08-01,0.0,0.1804661766360489
PNG,2025-08-01,0.0,0.0
POL,2025-08-01,0.0,0.0
PRK,2025-08-01,0.0,0.0
PRT,2025-08-01,0.0,0.0
PRY,2025-08-01,0.0,0.0
QAT,2025-08-01,0.0,0.0
ROU,2025-08-01,0.0,0.0
RUS,2025-08-01,0.0,0.15678345135838032
RWA,2025-08-01,0.0,0.0
SAU,2025-08-01,0.0,0.0
SEN,2025-08-01,0.0,0.0
SGP,2025-08-01,0.0,0.0
SLB,2025-08-01,0.0,0.0
SLE,2025-08-01,0.0,0.0
SLV,2025-08-01,0.0,0.0
SRB,2025-08-01,0.0,0.0
STP,2025-08-01,0.0,0.0
SVK,2025-08-01,0.0,0.0
SVN,2025-08-01,0.0,0.0
SWE,2025-08-01,0.0,0.0
SWZ,2025-08-01,0.0,0.0
SYC,2025-08-01,0.0,0.0
SYR,2025-08-01,1.0,0.33432320539282323
TCD,2025-08-01,0.0,0.32482993636238766
TGO,2025-08-01,0.0,0.005
THA,2025-08-01,0.0,0.06413611848240496
TJK,2025-08-01,0.0,0.014936940041350792
TKM,2025-08-01,0.0,0.0
TLS,2025-08-01,0.0,0.0
TON,2025-08-01,0.0,0.0
TTO,2025-08-01,0.0,0.0
TUN,2025-08-01,0.0,0.004884141115050453
TUR,2025-08-01,0.0,0.01006216269515789
TZA,2025-08-01,0.0,0.0
UGA,2025-08-01,0.0,0.03461981769757911
UKR,2025-08-01,0.0,0.17259951141345806
URY,2025-08-01,0.0,0.0
USA,2025-08-01,0.0,0.0
UZB,2025-08-01,0.0,0.0
VEN,2025-08-01,0.0,0.005
VNM,2025-08-01,0.0,0.0
VUT,2025-08-01,0.0,0.0
WSM,2025-08-01,0.0,0.0
YEM,2025-08-01,0.0,0.09398928382031578
ZAF,2025-08-01,0.0,0.0
ZMB,2025-08-01,0.0,0.0
ZWE,2025-08-01,0.0,0.0
AFG,2025-09-01,1.0,0.11657989378728294
AGO,2025-09-01,0.0,0.0
ALB,2025-09-01,0.0,0.0
ARE,2025-09-01,0.0,0.0
ARG,2025-09-01,0.0,0.0
ARM,2025-09-01,0.0,0.005
AUS,2025-09-01,0.0,0.0
AUT,2025-09-01,0.0,0.0
AZE,2025-09-01,0.0,0.0
BDI,2025-09-01,0.0,0.01881514447237375
BEL,2025-09-01,0.0,0.0
BEN,2025-09-01,0.0,0.04122245280917465
BFA,2025-09-01,0.0,0.848215713020824
BGD,2025-09-01,0.0,0.0035822703451003687
BGR,2025-09-01,0.0,0.0
BHR,2025-09-01,0.0,0.0
BHS,2025-09-01,0.0,0.0
BIH,2025-09-01,0.0,0.0
BLR,2025-09-01,0.0,0.0
BLZ,2025-09-01,0.0,0.0
BOL,2025-09-01,0.0,0.0
BRA,2025-09-01,0.0,0.0
BRB,2025-09-01,0.0,0.0
BRN,2025-09-01,0.0,0.0
BTN,2025-09-01,0.0,0.0
BWA,2025-09-01,0.0,0.0
CAF,2025-09-01,0.0,0.6823379285476454
CAN,2025-09-01,0.0,0.0
CHE,2025-09-01,0.0,0.0
CHL,2025-09-01,0.0,0.0
CHN,2025-09-01,0.0,0.0
CIV,2025-09-01,0.0,0.005
CMR,2025-09-01,0.0,0.47659760799745604
COL,2025-09-01,0.0,0.2145124762641271
COM,2025-09-01,0.0,0.0
CRI,2025-09-01,0.0,0.0
CUB,2025-09-01,0.0,0.0
CYP,2025-09-01,0.0,0.0
CZE,2025-09-01,0.0,0.0
DEU,2025-09-01,0.0,0.0
DJI,2025-09-01,0.0,0.01
DNK,2025-09-01,0.0,0.0
DOM,2025-09-01,0.0,0.0
DZA,2025-09-01,0.0,0.0
ECU,2025-09-01,0.0,0.0599619915080126
EGY,2025-09-01,0.0,0.000673711714057242
ERI,2025-09-01,0.0,0.0
ESP,2025-09-01,0.0,0.0
EST,2025-09-01,0.0,0.0
FIN,2025-09-01,0.0,0.0
FJI,2025-09-01,0.0,0.0
FRA,2025-09-01,0.0,0.0
GAB,2025-09-01,0.0,0.0
GBR,2025-09-01,0.0,0.0
GEO,2025-09-01,0.0,0.0
GHA,2025-09-01,0.0,0.005
GIN,2025-09-01,0.0,0.0
GMB,2025-09-01,0.0,0.0
GNB,2025-09-01,0.0,0.0
GNQ,2025-09-01,0.0,0.0
GRC,2025-09-01,0.0,0.0
GRD,2025-09-01,0.0,0.0
GTM,2025-09-01,0.0,0.0
GUY,2025-09-01,0.0,0.0
HND,2025-09-01,0.0,0.0
HRV,2025-09-01,0.0,0.0
HUN,2025-09-01,0.0,0.0
IDN,2025-09-01,0.0,0.02893172893793811
IND,2025-09-01,0.0,0.1114052668197173
IRL,2025-09-01,0.0,0.0
IRN,2025-09-01,0.0,0.3176393321342071
IRQ,2025-09-01,0.0,0.11703921998354719
ISL,2025-09-01,0.0,0.0
ISR,2025-09-01,0.0,0.10553648417827302
ITA,2025-09-01,0.0,0.0
JAM,2025-09-01,0.0,0.0
JOR,2025-09-01,0.0,0.0
JPN,2025-09-01,0.0,0.0
KAZ,2025-09-01,0.0,0.0
KEN,2025-09-01,0.0,0.19573214833649857
KGZ,2025-09-01,0.0,0.0
KHM,2025-09-01,0.0,0.13830022618009977
KOR,2025-09-01,0.0,0.0
KWT,2025-09-01,0.0,0.0
LAO,2025-09-01,0.0,0.0
LBN,2025-09-01,0.0,0.21198629153097726
LBR,2025-09-01,0.0,0.0
LBY,2025-09-01,0.0,0.025087576243340726
LKA,2025-09-01,0.0,0.0
LSO,2025-09-01,0.0,0.0
LTU,2025-09-01,0.0,0.0
LUX,2025-09-01,0.0,0.0
LVA,2025-09-01,0.0,0.0
MAR,2025-09-01,0.0,0.0
MDA,2025-09-01,0.0,0.0
MDG,2025-09-01,0.0,0.004815565598830254
MDV,2025-09-01,0.0,0.0
MEX,2025-09-01,0.0,0.021534932502513652
MKD,2025-09-01,0.0,0.0
MLI,2025-09-01,0.0,0.6599355126427022
MLT,2025-09-01,0.0,0.0
MMR,2025-09-01,0.0,0.12706690818335273
MNE,2025-09-01,0.0,0.0
MNG,2025-09-01,0.0,0.0
MRT,2025-09-01,0.0,0.0
MUS,2025-09-01,0.0,0.0
MWI,2025-09-01,0.0,0.0
MYS,2025-09-01,0.0,0.0
NAM,2025-09-01,0.0,0.0
NER,2025-09-01,0.0,0.8784254054916143
NGA,2025-09-01,0.0,0.8382153796786708
NIC,2025-09-01,0.0,0.0
NLD,2025-09-01,0.0,0.0
NOR,2025-09-01,0.0,0.0
NPL,2025-09-01,0.0,0.019961991508012603
NZL,2025-09-01,0.0,0.0
OMN,2025-09-01,0.0,0.0
PAK,2025-09-01,1.0,0.4249375732948533
PAN,2025-09-01,0.0,0.0
PER,2025-09-01,0.0,0.0
PHL,2025-09-01,0.0,0.07882924478229927
PNG,2025-09-01,0.0,0.0
POL,2025-09-01,0.0,0.0
PRK,2025-09-01,0.0,0.0
PRT,2025-09-01,0.0,0.0
PRY,2025-09-01,0.0,0.0
QAT,2025-09-01,0.0,0.0
ROU,2025-09-01,0.0,0.0
RUS,2025-09-01,0.0,0.09097633289011561
RWA,2025-09-01,0.0,0.0
SAU,2025-09-01,0.0,0.0
SEN,2025-09-01,0.0,0.0
SGP,2025-09-01,0.0,0.0
SLB,2025-09-01,0.0,0.0
SLE,2025-09-01,0.0,0.0
SLV,2025-09-01,0.0,0.0
SRB,2025-09-01,0.0,0.0
STP,2025-09-01,0.0,0.0
SVK,2025-09-01,0.0,0.0
SVN,2025-09-01,0.0,0.0
SWE,2025-09-01,0.0,0.0
SWZ,2025-09-01,0.0,0.0
SYC,2025-09-01,0.0,0.0
SYR,2025-09-01,1.0,0.8446129430455155
TCD,2025-09-01,0.0,0.26630188904659663
TGO,2025-09-01,0.0,0.0
THA,2025-09-01,0.0,0.06393507880645333
TJK,2025-09-01,0.0,0.01
TKM,2025-09-01,0.0,0.005
TLS,2025-09-01,0.0,0.0
TON,2025-09-01,0.0,0.0
TTO,2025-09-01,0.0,0.0
TUN,2025-09-01,0.0,0.0
TUR,2025-09-01,0.0,0.005
TZA,2025-09-01,0.0,0.005
UGA,2025-09-01,0.0,0.01637535010836312
UKR,2025-09-01,0.0,0.32331127188282854
URY,2025-09-01,0.0,0.0
USA,2025-09-01,0.0,0.0
UZB,2025-09-01,0.0,0.0
VEN,2025-09-01,0.0,0.00966312442669602
VNM,2025-09-01,0.0,0.0
VUT,2025-09-01,0.0,0.0
WSM,2025-09-01,0.0,0.0
YEM,2025-09-01,0.0,0.046004060908121314
ZAF,2025-09-01,0.0,0.0
ZMB,2025-09-01,0.0,0.0
ZWE,2025-09-01,0.0,0.0
AFG,2025-10-01,0.0,0.8604698214595264
AGO,2025-10-01,0.0,0.004235260115606937
ALB,2025-10-01,0.0,0.0
ARE,2025-10-01,0.0,0.0
ARG,2025-10-01,0.0,0.0
ARM,2025-10-01,0.0,0.0
AUS,2025-10-01,0.0,0.0
AUT,2025-10-01,0.0,0.0
AZE,2025-10-01,0.0,0.0
BDI,2025-10-01,0.0,0.007699557002525784
BEL,2025-10-01,0.0,0.0
BEN,2025-10-01,0.0,0.014616901781878754
BFA,2025-10-01,0.0,0.9050308965813258
BGD,2025-10-01,0.0,0.009675176578041319
BGR,2025-10-01,0.0,0.0
BHR,2025-10-01,0.0,0.0
BHS,2025-10-01,0.0,0.0
BIH,2025-10-01,0.0,0.0
BLR,2025-10-01,0.0,0.0
BLZ,2025-10-01,0.0,0.0
BOL,2025-10-01,0.0,0.0
BRA,2025-10-01,0.0,0.00877801067713125
BRB,2025-10-01,0.0,0.0
BRN,2025-10-01,0.0,0.0
BTN,2025-10-01,0.0,0.0
BWA,2025-10-01,0.0,0.0
CAF,2025-10-01,0.0,0.48491830489592397
CAN,2025-10-01,0.0,0.0
CHE,2025-10-01,0.0,0.0
CHL,2025-10-01,0.0,0.0
CHN,2025-10-01,0.0,0.0
CIV,2025-10-01,0.0,0.014258376333930463
CMR,2025-10-01,0.0,0.4284116707177138
COL,2025-10-01,0.0,0.22279937806585426
COM,2025-10-01,0.0,0.005
CRI,2025-10-01,0.0,0.0
CUB,2025-10-01,0.0,0.0
CYP,2025-10-01,0.0,0.0
CZE,2025-10-01,0.0,0.0
DEU,2025-10-01,0.0,0.0
DJI,2025-10-01,0.0,0.015
DNK,2025-10-01,0.0,0.0
DOM,2025-10-01,0.0,0.0
DZA,2025-10-01,0.0,0.01180195178418499
ECU,2025-10-01,0.0,0.07374802789061141
EGY,2025-10-01,0.0,0.026845793070936708
ERI,2025-10-01,0.0,0.0
ESP,2025-10-01,0.0,0.0
EST,2025-10-01,0.0,0.0
FIN,2025-10-01,0.0,0.0
FJI,2025-10-01,0.0,0.0
FRA,2025-10-01,0.0,0.0
GAB,2025-10-01,0.0,0.0
GBR,2025-10-01,0.0,0.0
GEO,2025-10-01,0.0,0.0
GHA,2025-10-01,0.0,0.0
GIN,2025-10-01,0.0,0.0
GMB,2025-10-01,0.0,0.0
GNB,2025-10-01,0.0,0.0
GNQ,2025-10-01,0.0,0.0
GRC,2025-10-01,0.0,0.0
GRD,2025-10-01,0.0,0.0
GTM,2025-10-01,0.0,0.0
GUY,2025-10-01,0.0,0.0
HND,2025-10-01,0.0,0.0
HRV,2025-10-01,0.0,0.0
HUN,2025-10-01,0.0,0.0
IDN,2025-10-01,0.0,0.009681968637775252
IND,2025-10-01,0.0,0.11612762416600225
IRL,2025-10-01,0.0,0.0
IRN,2025-10-01,0.0,0.27979074284950345
IRQ,2025-10-01,0.0,0.1643959933777153
ISL,2025-10-01,0.0,0.0
ISR,2025-10-01,0.0,0.091213743633693
ITA,2025-10-01,0.0,0.0
JAM,2025-10-01,0.0,0.0
JOR,2025-10-01,0.0,0.0
JPN,2025-10-01,0.0,0.0
KAZ,2025-10-01,0.0,0.0
KEN,2025-10-01,0.0,0.2168326904102655
KGZ,2025-10-01,0.0,0.0
KHM,2025-10-01,1.0,0.03848485242221401
KOR,2025-10-01,0.0,0.0
KWT,2025-10-01,0.0,0.0
LAO,2025-10-01,0.0,0.0
LBN,2025-10-01,0.0,0.24229584939842116
LBR,2025-10-01,0.0,0.0
LBY,2025-10-01,0.0,0.033192156063113536
LKA,2025-10-01,0.0,0.0
LSO,2025-10-01,0.0,0.0
LTU,2025-10-01,0.0,0.0
LUX,2025-10-01,0.0,0.0
LVA,2025-10-01,0.0,0.0
MAR,2025-10-01,0.0,0.0
MDA,2025-10-01,0.0,0.0
MDG,2025-10-01,0.0,0.00993633362527791
MDV,2025-10-01,0.0,0.0
MEX,2025-10-01,0.0,0.04597215673589707
MKD,2025-10-01,0.0,0.0
MLI,2025-10-01,0.0,0.949323214938543
MLT,2025-10-01,0.0,0.0
MMR,2025-10-01,1.0,0.416913946705326
MNE,2025-10-01,0.0,0.0
MNG,2025-10-01,0.0,0.0
MRT,2025-10-01,0.0,0.005
MUS,2025-10-01,0.0,0.0
MWI,2025-10-01,0.0,0.004983929937930448
MYS,2025-10-01,0.0,0.0
NAM,2025-10-01,0.0,0.0
NER,2025-10-01,0.0,0.8773462349819917
NGA,2025-10-01,0.0,0.8393275347513968
NIC,2025-10-01,0.0,0.0
NLD,2025-10-01,0.0,0.0
NOR,2025-10-01,0.0,0.0
NPL,2025-10-01,0.0,0.0
NZL,2025-10-01,0.0,0.0
OMN,2025-10-01,0.0,0.0
PAN,2025-10-01,0.0,0.0
PER,2025-10-01,0.0,0.0
PHL,2025-10-01,0.0,0.06859731138086823
PNG,2025-10-01,0.0,0.0
POL,2025-10-01,0.0,0.0
PRK,2025-10-01,0.0,0.0
PRT,2025-10-01,0.0,0.0
PRY,2025-10-01,0.0,0.0
QAT,2025-10-01,0.0,0.005
ROU,2025-10-01,0.0,0.004599569986974061
RUS,2025-10-01,0.0,0.11347864283054991
RWA,2025-10-01,0.0,0.0
SAU,2025-10-01,0.0,0.0
SEN,2025-10-01,0.0,0.0
SGP,2025-10-01,0.0,0.0
SLB,2025-10-01,0.0,0.0
SLE,2025-10-01,0.0,0.0034145773138223507
SLV,2025-10-01,0.0,0.0
SRB,2025-10-01,0.0,0.0
STP,2025-10-01,0.0,0.0
SVK,2025-10-01,0.0,0.0
SVN,2025-10-01,0.0,0.0
SWE,2025-10-01,0.0,0.0
SWZ,2025-10-01,0.0,0.0
SYC,2025-10-01,0.0,0.0
TCD,2025-10-01,0.0,0.0896258984312972
TGO,2025-10-01,0.0,0.0
THA,2025-10-01,1.0,0.04848662257555
TJK,2025-10-01,0.0,0.0
TKM,2025-10-01,0.0,0.0
TLS,2025-10-01,0.0,0.0
TON,2025-10-01,0.0,0.0
TTO,2025-10-01,0.0,0.0
TUN,2025-10-01,0.0,0.009599569986974062
TUR,2025-10-01,0.0,0.006857970566662961
TZA,2025-10-01,0.0,0.014923469306406156
UGA,2025-10-01,0.0,0.002808517162734541
UKR,2025-10-01,0.0,0.6951189417184004
URY,2025-10-01,0.0,0.0
USA,2025-10-01,0.0,0.0
UZB,2025-10-01,0.0,0.0
VEN,2025-10-01,0.0,0.023687880511714825
VNM,2025-10-01,0.0,0.0
VUT,2025-10-01,0.0,0.0
WSM,2025-10-01,0.0,0.0
YEM,2025-10-01,0.0,0.11217544839119978
ZAF,2025-10-01,0.0,0.0
ZMB,2025-10-01,0.0,0.0
ZWE,2025-10-01,0.0,0.005
AFG,2025-11-01,0.0,0.5950113710800904
AGO,2025-11-01,0.0,0.0
ALB,2025-11-01,0.0,0.0
ARE,2025-11-01,0.0,0.0
ARG,2025-11-01,0.0,0.0
ARM,2025-11-01,0.0,0.0
AUS,2025-11-01,0.0,0.0
AUT,2025-11-01,0.0,0.0
AZE,2025-11-01,0.0,0.005
BDI,2025-11-01,0.0,0.0
BEL,2025-11-01,0.0,0.0
BEN,2025-11-01,0.0,0.02597995208243649
BFA,2025-11-01,0.0,0.9243990911346223
BGD,2025-11-01,0.0,0.0
BGR,2025-11-01,0.0,0.0
BHR,2025-11-01,0.0,0.0
BHS,2025-11-01,0.0,0.0
BIH,2025-11-01,0.0,0.0
BLR,2025-11-01,0.0,0.0
BLZ,2025-11-01,0.0,0.0
BOL,2025-11-01,0.0,0.0
BRA,2025-11-01,0.0,0.0
BRB,2025-11-01,0.0,0.0
BRN,2025-11-01,0.0,0.0
BTN,2025-11-01,0.0,0.0
BWA,2025-11-01,0.0,0.0
CAF,2025-11-01,0.0,0.4367950785326255
CAN,2025-11-01,0.0,0.0
CHE,2025-11-01,0.0,0.0
CHL,2025-11-01,0.0,0.0
CHN,2025-11-01,0.0,0.0
CIV,2025-11-01,0.0,0.0
CMR,2025-11-01,0.0,0.3336089177467636
COL,2025-11-01,0.0,0.2423981201550798
COM,2025-11-01,0.0,0.005
CRI,2025-11-01,0.0,0.0
CUB,2025-11-01,0.0,0.0
CYP,2025-11-01,0.0,0.0
CZE,2025-11-01,0.0,0.0
DEU,2025-11-01,0.0,0.0
DJI,2025-11-01,0.0,0.0
DNK,2025-11-01,0.0,0.0
DOM,2025-11-01,0.0,0.0
DZA,2025-11-01,0.0,0.00940707231006358
ECU,2025-11-01,0.0,0.04948040646419436
EGY,2025-11-01,0.0,0.009432027709376829
ERI,2025-11-01,0.0,0.0
ESP,2025-11-01,0.0,0.0
EST,2025-11-01,0.0,0.0
FIN,2025-11-01,0.0,0.0
FJI,2025-11-01,0.0,0.0
FRA,2025-11-01,0.0,0.0
GAB,2025-11-01,0.0,0.0
GBR,2025-11-01,0.0,0.0
GEO,2025-11-01,0.0,0.0
GHA,2025-11-01,0.0,0.0
GIN,2025-11-01,0.0,0.0
GMB,2025-11-01,0.0,0.0
GNB,2025-11-01,0.0,0.005
GNQ,2025-11-01,0.0,0.0
GRC,2025-11-01,0.0,0.0
GRD,2025-11-01,0.0,0.0
GTM,2025-11-01,0.0,0.0
GUY,2025-11-01,0.0,0.0
HND,2025-11-01,0.0,0.0
HRV,2025-11-01,0.0,0.0
HUN,2025-11-01,0.0,0.0
IDN,2025-11-01,0.0,0.0
IND,2025-11-01,0.0,0.08550501802536019
IRL,2025-11-01,0.0,0.0
IRN,2025-11-01,0.0,0.24033460851338756
IRQ,2025-11-01,0.0,0.21198655043863202
ISL,2025-11-01,0.0,0.0
ISR,2025-11-01,0.0,0.06949198297944469
ITA,2025-11-01,0.0,0.0
JAM,2025-11-01,0.0,0.0
JOR,2025-11-01,0.0,0.0
JPN,2025-11-01,0.0,0.0
KAZ,2025-11-01,0.0,0.0
KEN,2025-11-01,0.0,0.04785462676612773
KGZ,2025-11-01,0.0,0.0
KHM,2025-11-01,1.0,0.047963937148917356
KOR,2025-11-01,0.0,0.0
KWT,2025-11-01,0.0,0.0
LAO,2025-11-01,0.0,0.0
LBN,2025-11-01,0.0,0.23194058191514594
LBR,2025-11-01,0.0,0.0
LBY,2025-11-01,0.0,0.008534264593004152
LKA,2025-11-01,0.0,0.0
LSO,2025-11-01,0.0,0.0
LTU,2025-11-01,0.0,0.0
LUX,2025-11-01,0.0,0.0
LVA,2025-11-01,0.0,0.0
MAR,2025-11-01,0.0,0.0
MDA,2025-11-01,0.0,0.0
MDG,2025-11-01,0.0,0.02458470741716651
MDV,2025-11-01,0.0,0.0
MEX,2025-11-01,0.0,0.021724147676042825
MKD,2025-11-01,0.0,0.0
MLI,2025-11-01,0.0,0.9180067312259337
MLT,2025-11-01,0.0,0.0
MMR,2025-11-01,1.0,0.8276233877783983
MNE,2025-11-01,0.0,0.0
MNG,2025-11-01,0.0,0.0
MRT,2025-11-01,0.0,0.0
MUS,2025-11-01,0.0,0.0
MWI,2025-11-01,0.0,0.0
MYS,2025-11-01,0.0,0.0
NAM,2025-11-01,0.0,0.0
NER,2025-11-01,0.0,0.9262441401415197
NGA,2025-11-01,1.0,0.7522963108254784
NIC,2025-11-01,0.0,0.0
NLD,2025-11-01,0.0,0.0
NOR,2025-11-01,0.0,0.0
NPL,2025-11-01,0.0,0.0
NZL,2025-11-01,0.0,0.0
OMN,2025-11-01,0.0,0.0
PAK,2025-11-01,0.0,0.8104718924088208
PAN,2025-11-01,0.0,0.0
PER,2025-11-01,0.0,0.004943951424567959
PHL,2025-11-01,0.0,0.10228744311087772
PNG,2025-11-01,0.0,0.0
POL,2025-11-01,0.0,0.0
PRK,2025-11-01,0.0,0.0
PRT,2025-11-01,0.0,0.0
PRY,2025-11-01,0.0,0.0
QAT,2025-11-01,0.0,0.0
ROU,2025-11-01,0.0,0.0
RUS,2025-11-01,0.0,0.16330688822848605
RWA,2025-11-01,0.0,0.0
SAU,2025-11-01,0.0,0.0
SEN,2025-11-01,0.0,0.0
SGP,2025-11-01,0.0,0.0
SLB,2025-11-01,0.0,0.0
SLE,2025-11-01,0.0,0.0
SLV,2025-11-01,0.0,0.0
SOM,2025-11-01,0.0,0.8195093909487055
SRB,2025-11-01,0.0,0.0
STP,2025-11-01,0.0,0.005
SVK,2025-11-01,0.0,0.0
SVN,2025-11-01,0.0,0.0
SWE,2025-11-01,0.0,0.0
SWZ,2025-11-01,0.0,0.0
SYC,2025-11-01,0.0,0.0
TCD,2025-11-01,0.0,0.07371239058013819
TGO,2025-11-01,0.0,0.0
THA,2025-11-01,1.0,0.03462850574052536
TJK,2025-11-01,0.0,0.0
TKM,2025-11-01,0.0,0.0
TLS,2025-11-01,0.0,0.0
TON,2025-11-01,0.0,0.0
TTO,2025-11-01,0.0,0.0
TUN,2025-11-01,0.0,0.0
TUR,2025-11-01,0.0,0.004604747995774034
TZA,2025-11-01,0.0,0.0
UGA,2025-11-01,0.0,0.025841090078352103
UKR,2025-11-01,0.0,0.6854697267971401
URY,2025-11-01,0.0,0.0
USA,2025-11-01,0.0,0.0
UZB,2025-11-01,0.0,0.0
VEN,2025-11-01,0.0,0.03092040335445458
VNM,2025-11-01,0.0,0.0
VUT,2025-11-01,0.0,0.0
WSM,2025-11-01,0.0,0.0
YEM,2025-11-01,0.0,0.11072677162523151
ZAF,2025-11-01,0.0,0.0
ZMB,2025-11-01,0.0,0.0
ZWE,2025-11-01,0.0,0.0
AFG,2025-12-01,0.0,0.7671762809137495
AGO,2025-12-01,0.0,0.0
ALB,2025-12-01,0.0,0.0
ARE,2025-12-01,0.0,0.0
ARG,2025-12-01,0.0,0.0
ARM,2025-12-01,0.0,0.0
AUS,2025-12-01,0.0,0.0
AUT,2025-12-01,0.0,0.0
AZE,2025-12-01,0.0,0.0
BDI,2025-12-01,0.0,0.009550020317791981
BEL,2025-12-01,0.0,0.0
BEN,2025-12-01,0.0,0.004766404970223369
BFA,2025-12-01,0.0,0.8686711399063879
BGD,2025-12-01,0.0,0.014243804483192578
BGR,2025-12-01,0.0,0.0
BHR,2025-12-01,0.0,0.0
BHS,2025-12-01,0.0,0.0
BIH,2025-12-01,0.0,0.0
BLR,2025-12-01,0.0,0.0
BLZ,2025-12-01,0.0,0.0
BOL,2025-12-01,0.0,0.0
BRA,2025-12-01,0.0,0.025759041470342803
BRB,2025-12-01,0.0,0.0
BRN,2025-12-01,0.0,0.0
BTN,2025-12-01,0.0,0.0
BWA,2025-12-01,0.0,0.0
CAF,2025-12-01,0.0,0.226626340920627
CAN,2025-12-01,0.0,0.0
CHE,2025-12-01,0.0,0.0
CHL,2025-12-01,0.0,0.0
CHN,2025-12-01,0.0,0.0
CIV,2025-12-01,0.0,0.0015819817536746098
CMR,2025-12-01,0.0,0.3095687577830502
COL,2025-12-01,0.0,0.3175302215214009
COM,2025-12-01,0.0,0.0
CRI,2025-12-01,0.0,0.0
CUB,2025-12-01,0.0,0.0047330511151829156
CYP,2025-12-01,0.0,0.0
CZE,2025-12-01,0.0,0.0
DEU,2025-12-01,0.0,0.0
DJI,2025-12-01,0.0,0.0
DNK,2025-12-01,0.0,0.0
DOM,2025-12-01,0.0,0.0
DZA,2025-12-01,0.0,0.026011573593350327
ECU,2025-12-01,0.0,0.04664652335005098
EGY,2025-12-01,0.0,0.011084433499110504
ERI,2025-12-01,0.0,0.0015819817536746098
ESP,2025-12-01,0.0,0.0
EST,2025-12-01,0.0,0.0
ETH,2025-12-01,0.0,0.9286658833949637
FIN,2025-12-01,0.0,0.0
FJI,2025-12-01,0.0,0.0
FRA,2025-12-01,0.0,0.0
GAB,2025-12-01,0.0,0.0
GBR,2025-12-01,0.0,0.0
GEO,2025-12-01,0.0,0.0
GHA,2025-12-01,0.0,0.0
GIN,2025-12-01,0.0,0.0
GMB,2025-12-01,0.0,0.0
GNB,2025-12-01,0.0,0.005
GNQ,2025-12-01,0.0,0.0
GRC,2025-12-01,0.0,0.0
GRD,2025-12-01,0.0,0.0
GTM,2025-12-01,0.0,0.0
GUY,2025-12-01,0.0,0.0
HND,2025-12-01,0.0,0.0
HRV,2025-12-01,0.0,0.0
HTI,2025-12-01,0.0,0.875093069487318
HUN,2025-12-01,0.0,0.0
IDN,2025-12-01,0.0,0.02838706541027232
IND,2025-12-01,0.0,0.10956439680164377
IRL,2025-12-01,0.0,0.0
IRN,2025-12-01,1.0,0.12487173985646612
IRQ,2025-12-01,0.0,0.13503805973100774
ISL,2025-12-01,0.0,0.0
ISR,2025-12-01,0.0,0.027234973124202005
ITA,2025-12-01,0.0,0.0
JAM,2025-12-01,0.0,0.0
JOR,2025-12-01,0.0,0.0
JPN,2025-12-01,0.0,0.0
KAZ,2025-12-01,0.0,0.0
KEN,2025-12-01,0.0,0.12601169507916718
KGZ,2025-12-01,0.0,0.0
KHM,2025-12-01,0.0,0.24574628973842738
KOR,2025-12-01,0.0,0.0
KWT,2025-12-01,0.0,0.0
LAO,2025-12-01,0.0,0.0
LBN,2025-12-01,0.0,0.1939325395686762
LBR,2025-12-01,0.0,0.0
LBY,2025-12-01,0.0,0.010507596547062023
LKA,2025-12-01,0.0,0.010359729886123272
LSO,2025-12-01,0.0,0.0
LTU,2025-12-01,0.0,0.0
LUX,2025-12-01,0.0,0.0
LVA,2025-12-01,0.0,0.0
MAR,2025-12-01,0.0,0.0
MDA,2025-12-01,0.0,0.0
MDG,2025-12-01,0.0,0.013146815062654438
MDV,2025-12-01,0.0,0.0
MEX,2025-12-01,0.0,0.039477481581708884
MKD,2025-12-01,0.0,0.0
MLI,2025-12-01,0.0,0.8422725846291459
MLT,2025-12-01,0.0,0.0
MNE,2025-12-01,0.0,0.0
MNG,2025-12-01,0.0,0.0
MRT,2025-12-01,0.0,0.01961718310167522
MUS,2025-12-01,0.0,0.0
MWI,2025-12-01,0.0,0.0
MYS,2025-12-01,0.0,0.0
NAM,2025-12-01,0.0,0.0
NER,2025-12-01,0.0,0.869535305916387
NGA,2025-12-01,1.0,0.8829781370956828
NIC,2025-12-01,0.0,0.0
NLD,2025-12-01,0.0,0.0
NOR,2025-12-01,0.0,0.0
NPL,2025-12-01,0.0,0.0
NZL,2025-12-01,0.0,0.0
OMN,2025-12-01,0.0,0.0
PAK,2025-12-01,0.0,0.8477352647396372
PAN,2025-12-01,0.0,0.0
PER,2025-12-01,0.0,0.0046518559918028975
PHL,2025-12-01,0.0,0.1842264014417648
PNG,2025-12-01,0.0,0.0
POL,2025-12-01,0.0,0.0
PRK,2025-12-01,0.0,0.0
PRT,2025-12-01,0.0,0.0
PRY,2025-12-01,0.0,0.0
QAT,2025-12-01,0.0,0.0015819817536746098
ROU,2025-12-01,0.0,0.0
RUS,2025-12-01,0.0,0.10455414338065949
RWA,2025-12-01,0.0,0.010227600916638279
SAU,2025-12-01,0.0,0.0
SEN,2025-12-01,0.0,0.0
SGP,2025-12-01,0.0,0.0
SLB,2025-12-01,0.0,0.0
SLE,2025-12-01,0.0,0.0
SLV,2025-12-01,0.0,0.0
SOM,2025-12-01,0.0,0.4830567497250536
SRB,2025-12-01,0.0,0.0
STP,2025-12-01,0.0,0.0
SVK,2025-12-01,0.0,0.0
SVN,2025-12-01,0.0,0.0
SWE,2025-12-01,0.0,0.0
SWZ,2025-12-01,0.0,0.0
SYC,2025-12-01,0.0,0.0
TCD,2025-12-01,0.0,0.0741137381247794
TGO,2025-12-01,0.0,0.0
THA,2025-12-01,0.0,0.10618224170795011
TJK,2025-12-01,0.0,0.0
TKM,2025-12-01,0.0,0.0
TLS,2025-12-01,0.0,0.0
TON,2025-12-01,0.0,0.0
TTO,2025-12-01,0.0,0.0
TUN,2025-12-01,0.0,0.0
TUR,2025-12-01,0.0,0.024201327844691988
TZA,2025-12-01,0.0,0.011567916395079557
UGA,2025-12-01,0.0,0.022471365014670813
UKR,2025-12-01,0.0,0.5790696563848092
URY,2025-12-01,0.0,0.0
USA,2025-12-01,0.0,0.0
UZB,2025-12-01,0.0,0.0
VEN,2025-12-01,0.0,0.013188118656111216
VNM,2025-12-01,0.0,0.0
VUT,2025-12-01,0.0,0.0
WSM,2025-12-01,0.0,0.0
YEM,2025-12-01,0.0,0.14946739041309498
ZAF,2025-12-01,0.0,0.0
ZMB,2025-12-01,0.0,0.0
ZWE,2025-12-01,0.0,0.0
AFG,2026-01-01,1.0,0.6025836499222338
AGO,2026-01-01,0.0,0.0
ALB,2026-01-01,0.0,0.0
ARE,2026-01-01,0.0,0.0
ARG,2026-01-01,0.0,0.0
ARM,2026-01-01,0.0,0.0
AUS,2026-01-01,0.0,0.0
AUT,2026-01-01,0.0,0.0
AZE,2026-01-01,0.0,0.0
BDI,2026-01-01,0.0,0.011640648733375647
BEL,2026-01-01,0.0,0.0
BEN,2026-01-01,0.0,0.005
BFA,2026-01-01,0.0,0.912537332877671
BGD,2026-01-01,0.0,0.0006097521699222206
BGR,2026-01-01,0.0,0.0
BHR,2026-01-01,0.0,0.0
BHS,2026-01-01,0.0,0.0
BIH,2026-01-01,0.0,0.0
BLR,2026-01-01,0.0,0.0
BLZ,2026-01-01,0.0,0.0
BOL,2026-01-01,0.0,0.0
BRA,2026-01-01,0.0,0.0021207340751250815
BRB,2026-01-01,0.0,0.0
BRN,2026-01-01,0.0,0.0
BTN,2026-01-01,0.0,0.0
BWA,2026-01-01,0.0,0.0
CAF,2026-01-01,0.0,0.23955322803914253
CAN,2026-01-01,0.0,0.0
CHE,2026-01-01,0.0,0.0
CHL,2026-01-01,0.0,0.0
CHN,2026-01-01,0.0,0.0
CIV,2026-01-01,0.0,0.0
CMR,2026-01-01,0.0,0.28964632681457286
COL,2026-01-01,0.0,0.2679662823265592
COM,2026-01-01,0.0,0.0
CRI,2026-01-01,0.0,0.0
CUB,2026-01-01,0.0,0.005
CYP,2026-01-01,0.0,0.0
CZE,2026-01-01,0.0,0.0
DEU,2026-01-01,0.0,0.0
DJI,2026-01-01,0.0,0.0
DNK,2026-01-01,0.0,0.0
DOM,2026-01-01,0.0,0.0
DZA,2026-01-01,0.0,0.01
ECU,2026-01-01,0.0,0.018461563607342336
EGY,2026-01-01,0.0,0.030790241299356626
ERI,2026-01-01,0.0,0.0
ESP,2026-01-01,0.0,0.0
EST,2026-01-01,0.0,0.0
ETH,2026-01-01,0.0,0.861553609097866
FIN,2026-01-01,0.0,0.0
FJI,2026-01-01,0.0,0.0
FRA,2026-01-01,0.0,0.0
GAB,2026-01-01,0.0,0.0
GBR,2026-01-01,0.0,0.0
GEO,2026-01-01,0.0,0.0
GHA,2026-01-01,0.0,0.0
GIN,2026-01-01,0.0,0.0
GMB,2026-01-01,0.0,0.0
GNB,2026-01-01,0.0,0.0
GNQ,2026-01-01,0.0,0.0
GRC,2026-01-01,0.0,0.0
GRD,2026-01-01,0.0,0.0
GTM,2026-01-01,0.0,0.00965210871182843
GUY,2026-01-01,0.0,0.0
HND,2026-01-01,0.0,0.0
HRV,2026-01-01,0.0,0.0
HTI,2026-01-01,0.0,0.8747319633706939
HUN,2026-01-01,0.0,0.0
IDN,2026-01-01,0.0,0.03850846004826619
IND,2026-01-01,0.0,0.11360901921090528
IRL,2026-01-01,0.0,0.0
IRN,2026-01-01,1.0,0.09179411081391889
IRQ,2026-01-01,0.0,0.08311851508199868
ISL,2026-01-01,0.0,0.0
ISR,2026-01-01,0.0,0.08006942524896946
ITA,2026-01-01,0.0,0.0
JAM,2026-01-01,0.0,0.0
JOR,2026-01-01,0.0,0.0
JPN,2026-01-01,0.0,0.0
KAZ,2026-01-01,0.0,0.0
KEN,2026-01-01,0.0,0.09510582338541929
KGZ,2026-01-01,0.0,0.0
KHM,2026-01-01,0.0,0.09147513605658203
KOR,2026-01-01,0.0,0.0
KWT,2026-01-01,0.0,0.0
LAO,2026-01-01,0.0,0.0
LBN,2026-01-01,1.0,0.14412590375122347
LBR,2026-01-01,0.0,0.0
LBY,2026-01-01,0.0,0.022774330257446452
LKA,2026-01-01,0.0,0.0
LSO,2026-01-01,0.0,0.0
LTU,2026-01-01,0.0,0.0
LUX,2026-01-01,0.0,0.0
LVA,2026-01-01,0.0,0.0
MAR,2026-01-01,0.0,0.0
MDA,2026-01-01,0.0,0.0
MDG,2026-01-01,0.0,0.015673778857133672
MDV,2026-01-01,0.0,0.0
MEX,2026-01-01,0.0,0.015636379704879938
MKD,2026-01-01,0.0,0.0
MLI,2026-01-01,0.0,0.3358858226147995
MLT,2026-01-01,0.0,0.0
MMR,2026-01-01,0.0,0.674705146581602
MNE,2026-01-01,0.0,0.0
MNG,2026-01-01,0.0,0.0
MOZ,2026-01-01,0.0,0.1810417383023613
MRT,2026-01-01,0.0,0.009425654785872236
MUS,2026-01-01,0.0,0.0
MWI,2026-01-01,0.0,0.0
MYS,2026-01-01,0.0,0.0
NAM,2026-01-01,0.0,0.0
NER,2026-01-01,0.0,0.8541427529900225
NIC,2026-01-01,0.0,0.0
NLD,2026-01-01,0.0,0.0
NOR,2026-01-01,0.0,0.0
NPL,2026-01-01,0.0,0.0
NZL,2026-01-01,0.0,0.0
OMN,2026-01-01,0.0,0.0
PAK,2026-01-01,0.0,0.8696157240930663
PAN,2026-01-01,0.0,0.0
PER,2026-01-01,0.0,0.005
PHL,2026-01-01,0.0,0.19419208171393848
PNG,2026-01-01,0.0,0.0
POL,2026-01-01,0.0,0.0
PRK,2026-01-01,0.0,0.0
PRT,2026-01-01,0.0,0.0
PRY,2026-01-01,0.0,0.0
QAT,2026-01-01,0.0,0.005
ROU,2026-01-01,0.0,0.0
RUS,2026-01-01,0.0,0.06918712123662855
RWA,2026-01-01,0.0,0.037288010760092256
SAU,2026-01-01,0.0,0.0
SEN,2026-01-01,0.0,0.0
SGP,2026-01-01,0.0,0.0
SLB,2026-01-01,0.0,0.0
SLE,2026-01-01,0.0,0.0
SLV,2026-01-01,0.0,0.0
SOM,2026-01-01,0.0,0.7719581641117282
SRB,2026-01-01,0.0,0.0
STP,2026-01-01,0.0,0.0
SVK,2026-01-01,0.0,0.0
SVN,2026-01-01,0.0,0.0
SWE,2026-01-01,0.0,0.0
SWZ,2026-01-01,0.0,0.0
SYC,2026-01-01,0.0,0.0
SYR,2026-01-01,0.0,0.4368268811620853
TCD,2026-01-01,0.0,0.0763688259357864
TGO,2026-01-01,0.0,0.0
THA,2026-01-01,0.0,0.17886286511731594
TJK,2026-01-01,0.0,0.015
TKM,2026-01-01,0.0,0.0
TLS,2026-01-01,0.0,0.0
TON,2026-01-01,0.0,0.0
TTO,2026-01-01,0.0,0.0
TUN,2026-01-01,0.0,0.0
TUR,2026-01-01,0.0,0.014090797423463197
TZA,2026-01-01,0.0,0.02356742092405228
UGA,2026-01-01,0.0,0.014408853924088328
UKR,2026-01-01,0.0,0.5253872978398233
URY,2026-01-01,0.0,0.0
USA,2026-01-01,0.0,0.0
UZB,2026-01-01,0.0,0.0
VEN,2026-01-01,0.0,0.027850003850759926
VNM,2026-01-01,0.0,0.0
VUT,2026-01-01,0.0,0.0
WSM,2026-01-01,0.0,0.0
YEM,2026-01-01,0.0,0.1412154405772455
ZAF,2026-01-01,0.0,0.0
ZMB,2026-01-01,0.0,0.0
ZWE,2026-01-01,0.0,0.0
AFG,2026-02-01,1.0,0.9163957415253654
AGO,2026-02-01,0.0,0.0
ALB,2026-02-01,0.0,0.0
ARE,2026-02-01,0.0,0.0
ARG,2026-02-01,0.0,0.0
ARM,2026-02-01,0.0,0.0
AUS,2026-02-01,0.0,0.0
AUT,2026-02-01,0.0,0.0
AZE,2026-02-01,0.0,0.0
BDI,2026-02-01,0.0,0.04038629653267873
BEL,2026-02-01,0.0,0.0
BEN,2026-02-01,0.0,0.013547751061714628
BFA,2026-02-01,0.0,0.8487358731131563
BGD,2026-02-01,0.0,0.0043691508787948
BGR,2026-02-01,0.0,0.0
BHR,2026-02-01,0.0,0.0
BHS,2026-02-01,0.0,0.0
BIH,2026-02-01,0.0,0.0
BLR,2026-02-01,0.0,0.0
BLZ,2026-02-01,0.0,0.0
BOL,2026-02-01,0.0,0.0
BRA,2026-02-01,0.0,0.017318425709242503
BRB,2026-02-01,0.0,0.0
BRN,2026-02-01,0.0,0.0
BTN,2026-02-01,0.0,0.0
BWA,2026-02-01,0.0,0.0
CAF,2026-02-01,0.0,0.26981188367459263
CAN,2026-02-01,0.0,0.0
CHE,2026-02-01,0.0,0.0
CHL,2026-02-01,0.0,0.0
CHN,2026-02-01,0.0,0.0
CIV,2026-02-01,0.0,0.0
CMR,2026-02-01,0.0,0.44284906593332174
COD,2026-02-01,0.0,0.6043621341229986
COL,2026-02-01,0.0,0.23221276111409317
COM,2026-02-01,0.0,0.0
CRI,2026-02-01,0.0,0.0
CUB,2026-02-01,0.0,0.0
CYP,2026-02-01,0.0,0.0
CZE,2026-02-01,0.0,0.0
DEU,2026-02-01,0.0,0.0
DJI,2026-02-01,0.0,0.0
DNK,2026-02-01,0.0,0.0
DOM,2026-02-01,0.0,0.0
DZA,2026-02-01,0.0,0.0
ECU,2026-02-01,0.0,0.014287003786498048
EGY,2026-02-01,0.0,0.01153121329376318
ERI,2026-02-01,0.0,0.0
ESP,2026-02-01,0.0,0.0
EST,2026-02-01,0.0,0.0
ETH,2026-02-01,0.0,0.821431775929053
FIN,2026-02-01,0.0,0.0
FJI,2026-02-01,0.0,0.0
FRA,2026-02-01,0.0,0.0
GAB,2026-02-01,0.0,0.0
GBR,2026-02-01,0.0,0.0
GEO,2026-02-01,0.0,0.0
GHA,2026-02-01,0.0,0.0
GIN,2026-02-01,0.0,0.0
GMB,2026-02-01,0.0,0.0
GNB,2026-02-01,0.0,0.005
GNQ,2026-02-01,0.0,0.0
GRC,2026-02-01,0.0,0.005
GRD,2026-02-01,0.0,0.0
GTM,2026-02-01,0.0,0.0
GUY,2026-02-01,0.0,0.0
HND,2026-02-01,0.0,0.005
HRV,2026-02-01,0.0,0.0
HTI,2026-02-01,0.0,0.6078336576666419
HUN,2026-02-01,0.0,0.0
IDN,2026-02-01,0.0,0.022516687209706645
IND,2026-02-01,0.0,0.05875488094354177
IRL,2026-02-01,0.0,0.0
IRQ,2026-02-01,0.0,0.11793365595381843
ISL,2026-02-01,0.0,0.0
ISR,2026-02-01,0.0,0.03844599306983992
ITA,2026-02-01,0.0,0.0
JAM,2026-02-01,0.0,0.0
JOR,2026-02-01,0.0,0.0
JPN,2026-02-01,0.0,0.0
KAZ,2026-02-01,0.0,0.0
KEN,2026-02-01,0.0,0.02420365872005858
KGZ,2026-02-01,0.0,0.0
KHM,2026-02-01,0.0,0.26308047114951466
KOR,2026-02-01,0.0,0.0
KWT,2026-02-01,0.0,0.0
LAO,2026-02-01,0.0,0.0
LBN,2026-02-01,1.0,0.1406520138389641
LBR,2026-02-01,0.0,0.0
LBY,2026-02-01,0.0,0.024247337011341834
LKA,2026-02-01,0.0,0.0
LSO,2026-02-01,0.0,0.0
LTU,2026-02-01,0.0,0.0
LUX,2026-02-01,0.0,0.0
LVA,2026-02-01,0.0,0.0
MAR,2026-02-01,0.0,0.0
MDA,2026-02-01,0.0,0.0
MDG,2026-02-01,0.0,0.009603840738447117
MDV,2026-02-01,0.0,0.0
MEX,2026-02-01,0.0,0.020091763994236126
MKD,2026-02-01,0.0,0.0
MLI,2026-02-01,0.0,0.6197974294090206
MLT,2026-02-01,0.0,0.0
MMR,2026-02-01,0.0,0.8298507772391218
MNE,2026-02-01,0.0,0.0
MNG,2026-02-01,0.0,0.0
MOZ,2026-02-01,0.0,0.40390890099663807
MRT,2026-02-01,0.0,0.0
MUS,2026-02-01,0.0,0.0
MWI,2026-02-01,0.0,0.0
MYS,2026-02-01,0.0,0.0
NAM,2026-02-01,0.0,0.0
NER,2026-02-01,0.0,0.6256951824546142
NIC,2026-02-01,0.0,0.0
NLD,2026-02-01,0.0,0.0
NOR,2026-02-01,0.0,0.0
NPL,2026-02-01,0.0,0.0
NZL,2026-02-01,0.0,0.0
OMN,2026-02-01,0.0,0.0
PAK,2026-02-01,0.0,0.5738580465415116
PAN,2026-02-01,0.0,0.0
PER,2026-02-01,0.0,0.0
PHL,2026-02-01,0.0,0.1141455949033616
PNG,2026-02-01,0.0,0.0
POL,2026-02-01,0.0,0.0
PRK,2026-02-01,0.0,0.0
PRT,2026-02-01,0.0,0.0
PRY,2026-02-01,0.0,0.0
PSE,2026-02-01,0.0,0.6398570201972996
QAT,2026-02-01,0.0,0.005
ROU,2026-02-01,0.0,0.0
RUS,2026-02-01,0.0,0.13769821400140275
RWA,2026-02-01,0.0,0.058989500575624625
SAU,2026-02-01,0.0,0.0
SDN,2026-02-01,0.0,0.7709534880554645
SEN,2026-02-01,0.0,0.0
SGP,2026-02-01,0.0,0.0
SLB,2026-02-01,0.0,0.0
SLE,2026-02-01,0.0,0.04
SLV,2026-02-01,0.0,0.0
SOM,2026-02-01,0.0,0.5091756672257467
SRB,2026-02-01,0.0,0.0
SSD,2026-02-01,0.0,0.763882873988127
STP,2026-02-01,0.0,0.0
SVK,2026-02-01,0.0,0.0
SVN,2026-02-01,0.0,0.0
SWE,2026-02-01,0.0,0.0
SWZ,2026-02-01,0.0,0.0
SYC,2026-02-01,0.0,0.0
SYR,2026-02-01,0.0,0.8458547357235068
TCD,2026-02-01,0.0,0.14372524189986052
TGO,2026-02-01,0.0,0.0
THA,2026-02-01,0.0,0.11189253987892817
TJK,2026-02-01,0.0,0.015
TKM,2026-02-01,0.0,0.0
TLS,2026-02-01,0.0,0.0
TON,2026-02-01,0.0,0.0
TTO,2026-02-01,0.0,0.0
TUN,2026-02-01,0.0,0.0
TUR,2026-02-01,0.0,0.010373690122675153
TZA,2026-02-01,0.0,0.009436153240929317
UGA,2026-02-01,0.0,0.016640623643784838
UKR,2026-02-01,0.0,0.5096791284088975
URY,2026-02-01,0.0,0.0
USA,2026-02-01,0.0,0.0
UZB,2026-02-01,0.0,0.0
VEN,2026-02-01,0.0,0.028012320937448414
VNM,2026-02-01,0.0,0.0
VUT,2026-02-01,0.0,0.0
WSM,2026-02-01,0.0,0.0
YEM,2026-02-01,0.0,0.2361787001669218
ZAF,2026-02-01,0.0,0.0
ZMB,2026-02-01,0.0,0.01
ZWE,2026-02-01,0.0,0.0
