iso3,month,y_true,y_prob
AFG,2024-03-01,0.0,0.005628128784961594
AGO,2024-03-01,0.0,0.0
ALB,2024-03-01,0.0,0.0
ARE,2024-03-01,0.0,0.0
ARG,2024-03-01,0.0,0.0
ARM,2024-03-01,0.0,0.0
AUS,2024-03-01,0.0,0.0
AUT,2024-03-01,0.0,0.0
AZE,2024-03-01,0.0,0.0
BDI,2024-03-01,0.0,0.0
BEL,2024-03-01,0.0,0.0
BEN,2024-03-01,0.0,0.0
BFA,2024-03-01,1.0,0.8017759958344167
BGD,2024-03-01,0.0,0.00862255341230564
BGR,2024-03-01,0.0,0.0
BHR,2024-03-01,0.0,0.0
BHS,2024-03-01,0.0,0.0
BIH,2024-03-01,0.0,0.0
BLR,2024-03-01,0.0,0.0
BLZ,2024-03-01,0.0,0.0
BOL,2024-03-01,0.0,0.018282641290729793
BRA,2024-03-01,0.0,0.051123677504786524
BRB,2024-03-01,0.0,0.0
BRN,2024-03-01,0.0,0.0
BTN,2024-03-01,0.0,0.0
BWA,2024-03-01,0.0,0.0
CAF,2024-03-01,0.0,0.7591146819414785
CAN,2024-03-01,0.0,0.0
CHE,2024-03-01,0.0,0.0
CHL,2024-03-01,0.0,0.0
CHN,2024-03-01,0.0,0.0
CIV,2024-03-01,0.0,0.0
CMR,2024-03-01,0.0,0.6431452779030843
COL,2024-03-01,0.0,0.031235688159283716
COM,2024-03-01,0.0,0.0
CRI,2024-03-01,0.0,0.0
CUB,2024-03-01,0.0,0.0
CYP,2024-03-01,0.0,0.0
CZE,2024-03-01,0.0,0.0
DEU,2024-03-01,0.0,0.0012664553339497215
DJI,2024-03-01,0.0,0.0
DNK,2024-03-01,0.0,0.0
DOM,2024-03-01,0.0,0.0
DZA,2024-03-01,0.0,0.0
ECU,2024-03-01,0.0,0.01740103888594667
EGY,2024-03-01,0.0,0.0
ERI,2024-03-01,0.0,0.0
ESP,2024-03-01,0.0,0.0012664553339497215
EST,2024-03-01,0.0,0.0
FIN,2024-03-01,0.0,0.0
FJI,2024-03-01,0.0,0.0
FRA,2024-03-01,0.0,0.0024846678759609577
GAB,2024-03-01,0.0,0.0
GBR,2024-03-01,0.0,0.0
GEO,2024-03-01,0.0,0.0
GHA,2024-03-01,0.0,0.0
GIN,2024-03-01,0.0,0.0
GMB,2024-03-01,0.0,0.0
GNB,2024-03-01,0.0,0.0
GNQ,2024-03-01,0.0,0.0
GRC,2024-03-01,0.0,0.0
GRD,2024-03-01,0.0,0.0
GTM,2024-03-01,0.0,0.0
GUY,2024-03-01,0.0,0.0
HND,2024-03-01,0.0,0.003283300993037324
HRV,2024-03-01,0.0,0.0
HUN,2024-03-01,0.0,0.0
IDN,2024-03-01,0.0,0.08082144692138453
IND,2024-03-01,0.0,0.0
IRL,2024-03-01,0.0,0.0
IRN,2024-03-01,0.0,0.019354511013522986
IRQ,2024-03-01,0.0,0.05485572140459423
ISL,2024-03-01,0.0,0.0
ISR,2024-03-01,0.0,0.04845891447353187
ITA,2024-03-01,0.0,0.0012664553339497215
JAM,2024-03-01,0.0,0.0
JOR,2024-03-01,0.0,0.005
JPN,2024-03-01,0.0,0.0012664553339497215
KAZ,2024-03-01,0.0,0.0
KEN,2024-03-01,0.0,0.31463841165509315
KGZ,2024-03-01,0.0,0.0
KHM,2024-03-01,0.0,0.0
KOR,2024-03-01,0.0,0.0012664553339497215
KWT,2024-03-01,0.0,0.0
LAO,2024-03-01,0.0,0.0
LBN,2024-03-01,0.0,0.2608740482336773
LBR,2024-03-01,0.0,0.0
LBY,2024-03-01,0.0,0.0
LKA,2024-03-01,0.0,0.0
LSO,2024-03-01,0.0,0.0
LTU,2024-03-01,0.0,0.0
LUX,2024-03-01,0.0,0.0
LVA,2024-03-01,0.0,0.0
MAR,2024-03-01,0.0,0.003598773927186288
MDA,2024-03-01,0.0,0.0
MDG,2024-03-01,0.0,0.0
MDV,2024-03-01,0.0,0.0
MEX,2024-03-01,0.0,0.04682235789332264
MKD,2024-03-01,0.0,0.0
MLT,2024-03-01,0.0,0.0
MNE,2024-03-01,0.0,0.0
MNG,2024-03-01,0.0,0.0
MRT,2024-03-01,0.0,0.0
MUS,2024-03-01,0.0,0.0
MWI,2024-03-01,0.0,0.0
MYS,2024-03-01,0.0,0.0
NAM,2024-03-01,0.0,0.0
NER,2024-03-01,0.0,0.554713440192034
NIC,2024-03-01,0.0,0.0
NLD,2024-03-01,0.0,0.0
NOR,2024-03-01,0.0,0.0
NPL,2024-03-01,0.0,0.0
NZL,2024-03-01,0.0,0.0
OMN,2024-03-01,0.0,0.0
PAK,2024-03-01,0.0,0.06291261772813973
PAN,2024-03-01,0.0,0.0
PER,2024-03-01,0.0,0.0
PHL,2024-03-01,0.0,0.7982975036821892
PNG,2024-03-01,0.0,0.13216867319353004
POL,2024-03-01,0.0,0.0012664553339497215
PRK,2024-03-01,0.0,0.0
PRT,2024-03-01,0.0,0.0
PRY,2024-03-01,0.0,0.0
PSE,2024-03-01,0.0,0.38965713548216036
QAT,2024-03-01,0.0,0.0
ROU,2024-03-01,0.0,0.0
RUS,2024-03-01,0.0,0.05311983643837574
RWA,2024-03-01,0.0,0.0
SAU,2024-03-01,0.0,0.0
SDN,2024-03-01,0.0,0.8435059588290997
SEN,2024-03-01,0.0,0.0
SGP,2024-03-01,0.0,0.0
SLB,2024-03-01,0.0,0.0
SLE,2024-03-01,0.0,0.0
SLV,2024-03-01,0.0,0.0
SRB,2024-03-01,0.0,0.0
STP,2024-03-01,0.0,0.0
SVK,2024-03-01,0.0,0.0
SVN,2024-03-01,0.0,0.0
SWE,2024-03-01,0.0,0.0
SWZ,2024-03-01,0.0,0.0
SYC,2024-03-01,0.0,0.0
SYR,2024-03-01,0.0,0.6547973773533916
TCD,2024-03-01,0.0,0.35792194110520875
TGO,2024-03-01,0.0,0.0
THA,2024-03-01,0.0,0.0
TJK,2024-03-01,0.0,0.0
TKM,2024-03-01,0.0,0.0
TLS,2024-03-01,0.0,0.0
TON,2024-03-01,0.0,0.0
TTO,2024-03-01,0.0,0.0
TUN,2024-03-01,0.0,0.0
TUR,2024-03-01,0.0,0.0
TZA,2024-03-01,0.0,0.0
UGA,2024-03-01,0.0,0.011457779960475544
UKR,2024-03-01,1.0,0.23380839212676463
URY,2024-03-01,0.0,0.0
USA,2024-03-01,0.0,0.0024846678759609577
UZB,2024-03-01,0.0,0.0
VEN,2024-03-01,0.0,0.0
VNM,2024-03-01,0.0,0.0
VUT,2024-03-01,0.0,0.0
WSM,2024-03-01,0.0,0.0
YEM,2024-03-01,0.0,0.021869493634987965
ZAF,2024-03-01,0.0,0.03617344578087715
ZMB,2024-03-01,0.0,0.0
ZWE,2024-03-01,0.0,0.0
AFG,2024-04-01,0.0,0.044311503636481495
AGO,2024-04-01,0.0,0.0
ALB,2024-04-01,0.0,0.0
ARE,2024-04-01,0.0,0.0
ARG,2024-04-01,0.0,0.0
ARM,2024-04-01,0.0,0.0
AUS,2024-04-01,0.0,0.0
AUT,2024-04-01,0.0,0.0
AZE,2024-04-01,0.0,0.0
BDI,2024-04-01,0.0,0.004454156805863042
BEL,2024-04-01,0.0,0.0
BEN,2024-04-01,0.0,0.0
BFA,2024-04-01,1.0,0.8055671543581596
BGD,2024-04-01,0.0,0.01306682856977509
BGR,2024-04-01,0.0,0.0
BHR,2024-04-01,0.0,0.0
BHS,2024-04-01,0.0,0.0
BIH,2024-04-01,0.0,0.0
BLR,2024-04-01,0.0,0.0
BLZ,2024-04-01,0.0,0.0
BOL,2024-04-01,0.0,0.0
BRA,2024-04-01,0.0,0.09398882665492997
BRB,2024-04-01,0.0,0.0
BRN,2024-04-01,0.0,0.0
BTN,2024-04-01,0.0,0.0
BWA,2024-04-01,0.0,0.0
CAF,2024-04-01,0.0,0.8128656298269512
CAN,2024-04-01,0.0,0.0
CHE,2024-04-01,0.0,0.0
CHL,2024-04-01,0.0,0.0
CHN,2024-04-01,0.0,0.0
CIV,2024-04-01,0.0,0.0
CMR,2024-04-01,0.0,0.5509845648327498
COL,2024-04-01,0.0,0.02404300742055985
COM,2024-04-01,0.0,0.0
CRI,2024-04-01,0.0,0.0
CUB,2024-04-01,0.0,0.0
CYP,2024-04-01,0.0,0.0
CZE,2024-04-01,0.0,0.0
DEU,2024-04-01,0.0,0.005
DJI,2024-04-01,0.0,0.0
DNK,2024-04-01,0.0,0.0
DOM,2024-04-01,0.0,0.0
DZA,2024-04-01,0.0,0.0
ECU,2024-04-01,0.0,0.028743151754502882
EGY,2024-04-01,0.0,0.0
ERI,2024-04-01,0.0,0.0
ESP,2024-04-01,0.0,0.0
EST,2024-04-01,0.0,0.0
FIN,2024-04-01,0.0,0.0
FJI,2024-04-01,0.0,0.005
FRA,2024-04-01,0.0,0.0
GAB,2024-04-01,0.0,0.0
GBR,2024-04-01,0.0,0.0
GEO,2024-04-01,0.0,0.0
GHA,2024-04-01,0.0,0.0
GIN,2024-04-01,0.0,0.0
GMB,2024-04-01,0.0,0.0
GNB,2024-04-01,0.0,0.0
GNQ,2024-04-01,0.0,0.0
GRC,2024-04-01,0.0,0.0
GRD,2024-04-01,0.0,0.0
GTM,2024-04-01,0.0,0.0
GUY,2024-04-01,0.0,0.0
HND,2024-04-01,0.0,0.014750347151321574
HRV,2024-04-01,0.0,0.0
HUN,2024-04-01,0.0,0.0
IDN,2024-04-01,0.0,0.05760763775676372
IND,2024-04-01,0.0,0.004115717553636386
IRL,2024-04-01,0.0,0.0
IRN,2024-04-01,0.0,0.005
IRQ,2024-04-01,0.0,0.02622776341181293
ISL,2024-04-01,0.0,0.0
ISR,2024-04-01,0.0,0.18504322681790333
ITA,2024-04-01,0.0,0.0
JAM,2024-04-01,0.0,0.0
JOR,2024-04-01,0.0,0.0
JPN,2024-04-01,0.0,0.0
KAZ,2024-04-01,0.0,0.0
KEN,2024-04-01,0.0,0.14804306210356769
KGZ,2024-04-01,0.0,0.0
KHM,2024-04-01,0.0,0.0
KOR,2024-04-01,0.0,0.0
KWT,2024-04-01,0.0,0.0
LAO,2024-04-01,0.0,0.0
LBN,2024-04-01,0.0,0.10900961188615234
LBR,2024-04-01,0.0,0.0
LBY,2024-04-01,0.0,0.0
LKA,2024-04-01,0.0,0.0
LSO,2024-04-01,0.0,0.0
LTU,2024-04-01,0.0,0.0
LUX,2024-04-01,0.0,0.0
LVA,2024-04-01,0.0,0.0
MAR,2024-04-01,0.0,0.0
MDA,2024-04-01,0.0,0.0
MDG,2024-04-01,0.0,0.005
MDV,2024-04-01,0.0,0.0
MEX,2024-04-01,0.0,0.004103889709502705
MKD,2024-04-01,0.0,0.0
MLT,2024-04-01,0.0,0.0
MNE,2024-04-01,0.0,0.0
MNG,2024-04-01,0.0,0.0
MRT,2024-04-01,0.0,0.0
MUS,2024-04-01,0.0,0.0
MWI,2024-04-01,0.0,0.0
MYS,2024-04-01,0.0,0.0
NAM,2024-04-01,0.0,0.0
NER,2024-04-01,0.0,0.8992768983429797
NGA,2024-04-01,0.0,0.9262950254411865
NIC,2024-04-01,0.0,0.0
NLD,2024-04-01,0.0,0.0
NOR,2024-04-01,0.0,0.0
NPL,2024-04-01,0.0,0.0
NZL,2024-04-01,0.0,0.0
OMN,2024-04-01,0.0,0.0
PAK,2024-04-01,0.0,0.05803307567016744
PAN,2024-04-01,0.0,0.0
PER,2024-04-01,0.0,0.0
PHL,2024-04-01,0.0,0.8602139232249923
PNG,2024-04-01,0.0,0.0892780885065572
POL,2024-04-01,0.0,0.0
PRK,2024-04-01,0.0,0.0
PRT,2024-04-01,0.0,0.0
PRY,2024-04-01,0.0,0.0
PSE,2024-04-01,1.0,0.2320365931138394
QAT,2024-04-01,0.0,0.0
ROU,2024-04-01,0.0,0.0
RUS,2024-04-01,0.0,0.0026205982752425428
RWA,2024-04-01,0.0,0.0
SAU,2024-04-01,0.0,0.0
SDN,2024-04-01,0.0,0.6259335198679574
SEN,2024-04-01,0.0,0.0
SGP,2024-04-01,0.0,0.0
SLB,2024-04-01,0.0,0.0
SLE,2024-04-01,0.0,0.0
SLV,2024-04-01,0.0,0.0
SRB,2024-04-01,0.0,0.0
STP,2024-04-01,0.0,0.0
SVK,2024-04-01,0.0,0.0
SVN,2024-04-01,0.0,0.0
SWE,2024-04-01,0.0,0.0
SWZ,2024-04-01,0.0,0.0
SYC,2024-04-01,0.0,0.0
SYR,2024-04-01,0.0,0.1751278016582463
TCD,2024-04-01,0.0,0.07945885145795349
TGO,2024-04-01,0.0,0.0
THA,2024-04-01,0.0,0.0
TJK,2024-04-01,0.0,0.0
TKM,2024-04-01,0.0,0.0
TLS,2024-04-01,0.0,0.0
TON,2024-04-01,0.0,0.0
TTO,2024-04-01,0.0,0.0
TUN,2024-04-01,0.0,0.0
TUR,2024-04-01,0.0,0.005
TZA,2024-04-01,0.0,0.0
UGA,2024-04-01,0.0,0.0
UKR,2024-04-01,1.0,0.21530740427677592
URY,2024-04-01,0.0,0.0
USA,2024-04-01,0.0,0.0
UZB,2024-04-01,0.0,0.0
VEN,2024-04-01,0.0,0.0
VNM,2024-04-01,0.0,0.0
VUT,2024-04-01,0.0,0.0
WSM,2024-04-01,0.0,0.0
YEM,2024-04-01,0.0,0.007356778159973445
ZAF,2024-04-01,0.0,0.02804723422006967
ZMB,2024-04-01,0.0,0.0
ZWE,2024-04-01,0.0,0.0
AFG,2024-05-01,0.0,0.08980329319675238
AGO,2024-05-01,0.0,0.0
ALB,2024-05-01,0.0,0.0
ARE,2024-05-01,0.0,0.0
ARG,2024-05-01,0.0,0.0
ARM,2024-05-01,0.0,0.0
AUS,2024-05-01,0.0,0.0
AUT,2024-05-01,0.0,0.0
AZE,2024-05-01,0.0,0.0
BDI,2024-05-01,0.0,0.0
BEL,2024-05-01,0.0,0.0
BEN,2024-05-01,0.0,0.0
BGD,2024-05-01,0.0,0.04202274010428073
BGR,2024-05-01,0.0,0.0
BHR,2024-05-01,0.0,0.0
BHS,2024-05-01,0.0,0.0
BIH,2024-05-01,0.0,0.0
BLR,2024-05-01,0.0,0.0
BLZ,2024-05-01,0.0,0.0
BOL,2024-05-01,0.0,0.0
BRA,2024-05-01,0.0,0.066651158773534
BRB,2024-05-01,0.0,0.0
BRN,2024-05-01,0.0,0.0
BTN,2024-05-01,0.0,0.0
BWA,2024-05-01,0.0,0.0
CAF,2024-05-01,0.0,0.7664300330737565
CAN,2024-05-01,0.0,0.0
CHE,2024-05-01,0.0,0.0
CHL,2024-05-01,0.0,0.0
CHN,2024-05-01,0.0,0.0
CIV,2024-05-01,0.0,0.0
CMR,2024-05-01,0.0,0.7362055643947139
COL,2024-05-01,0.0,0.024869782830109904
COM,2024-05-01,0.0,0.0
CRI,2024-05-01,0.0,0.0
CUB,2024-05-01,0.0,0.0
CYP,2024-05-01,0.0,0.0
CZE,2024-05-01,0.0,0.0
DEU,2024-05-01,0.0,0.0
DJI,2024-05-01,0.0,0.0
DNK,2024-05-01,0.0,0.0
DOM,2024-05-01,0.0,0.0
DZA,2024-05-01,0.0,0.0
ECU,2024-05-01,0.0,0.021126752393782672
EGY,2024-05-01,0.0,0.0
ERI,2024-05-01,0.0,0.0
ESP,2024-05-01,0.0,0.0
EST,2024-05-01,0.0,0.0
FIN,2024-05-01,0.0,0.0
FJI,2024-05-01,0.0,0.0
FRA,2024-05-01,0.0,0.0
GAB,2024-05-01,0.0,0.0
GBR,2024-05-01,0.0,0.0
GEO,2024-05-01,0.0,0.0
GHA,2024-05-01,0.0,0.0
GIN,2024-05-01,0.0,0.0
GMB,2024-05-01,0.0,0.0
GNB,2024-05-01,0.0,0.0
GNQ,2024-05-01,0.0,0.0
GRC,2024-05-01,0.0,0.0
GRD,2024-05-01,0.0,0.0
GTM,2024-05-01,0.0,0.0
GUY,2024-05-01,0.0,0.0
HND,2024-05-01,0.0,0.004327871988477163
HRV,2024-05-01,0.0,0.0
HTI,2024-05-01,0.0,0.8407085595920871
HUN,2024-05-01,0.0,0.0
IDN,2024-05-01,0.0,0.11069187583432359
IND,2024-05-01,0.0,0.0
IRL,2024-05-01,0.0,0.0
IRN,2024-05-01,0.0,0.0
IRQ,2024-05-01,0.0,0.03257110614047092
ISL,2024-05-01,0.0,0.0
ISR,2024-05-01,0.0,0.06411004076957777
ITA,2024-05-01,0.0,0.0
JAM,2024-05-01,0.0,0.0
JOR,2024-05-01,0.0,0.0
JPN,2024-05-01,0.0,0.0
KAZ,2024-05-01,0.0,0.0
KEN,2024-05-01,0.0,0.19899161759490933
KGZ,2024-05-01,0.0,0.0
KHM,2024-05-01,0.0,0.0
KOR,2024-05-01,0.0,0.0
KWT,2024-05-01,0.0,0.0
LAO,2024-05-01,0.0,0.0
LBN,2024-05-01,0.0,0.15490701964503564
LBR,2024-05-01,0.0,0.0
LBY,2024-05-01,0.0,0.0
LKA,2024-05-01,0.0,0.0
LSO,2024-05-01,0.0,0.0
LTU,2024-05-01,0.0,0.0
LUX,2024-05-01,0.0,0.0
LVA,2024-05-01,0.0,0.0
MAR,2024-05-01,0.0,0.003654725138974676
MDA,2024-05-01,0.0,0.0
MDG,2024-05-01,0.0,0.0
MDV,2024-05-01,0.0,0.0
MEX,2024-05-01,0.0,0.0177946259871613
MKD,2024-05-01,0.0,0.0
MLT,2024-05-01,0.0,0.0
MNE,2024-05-01,0.0,0.0
MNG,2024-05-01,0.0,0.0
MRT,2024-05-01,0.0,0.0
MUS,2024-05-01,0.0,0.0
MWI,2024-05-01,0.0,0.0
MYS,2024-05-01,0.0,0.0
NAM,2024-05-01,0.0,0.0
NER,2024-05-01,0.0,0.8615318351966179
NGA,2024-05-01,0.0,0.8831358400067775
NIC,2024-05-01,0.0,0.0
NLD,2024-05-01,0.0,0.0
NOR,2024-05-01,0.0,0.0
NPL,2024-05-01,0.0,0.0
NZL,2024-05-01,0.0,0.0
OMN,2024-05-01,0.0,0.0
PAK,2024-05-01,0.0,0.05434466914223122
PAN,2024-05-01,0.0,0.0
PER,2024-05-01,0.0,0.0
PHL,2024-05-01,0.0,0.8023537061897824
PNG,2024-05-01,0.0,0.10488275494814583
POL,2024-05-01,0.0,0.0
PRK,2024-05-01,0.0,0.0
PRT,2024-05-01,0.0,0.0
PRY,2024-05-01,0.0,0.0
PSE,2024-05-01,1.0,0.30552424060649414
QAT,2024-05-01,0.0,0.0
ROU,2024-05-01,0.0,0.0
RUS,2024-05-01,0.0,0.030946412933735134
RWA,2024-05-01,0.0,0.0
SAU,2024-05-01,0.0,0.0
SDN,2024-05-01,0.0,0.6505134916975587
SEN,2024-05-01,0.0,0.0
SGP,2024-05-01,0.0,0.0
SLB,2024-05-01,0.0,0.0
SLE,2024-05-01,0.0,0.0
SLV,2024-05-01,0.0,0.0
SOM,2024-05-01,1.0,0.9406562892218269
SRB,2024-05-01,0.0,0.0
SSD,2024-05-01,0.0,0.8503219524879817
STP,2024-05-01,0.0,0.0
SVK,2024-05-01,0.0,0.0
SVN,2024-05-01,0.0,0.0
SWE,2024-05-01,0.0,0.0
SWZ,2024-05-01,0.0,0.0
SYC,2024-05-01,0.0,0.0
SYR,2024-05-01,0.0,0.22907395402239092
TCD,2024-05-01,0.0,0.04612711518895989
TGO,2024-05-01,0.0,0.0
THA,2024-05-01,0.0,0.0
TJK,2024-05-01,0.0,0.0
TKM,2024-05-01,0.0,0.0
TLS,2024-05-01,0.0,0.0
TON,2024-05-01,0.0,0.0
TTO,2024-05-01,0.0,0.0
TUN,2024-05-01,0.0,0.0
TUR,2024-05-01,0.0,0.00994484372388434
TZA,2024-05-01,0.0,0.0
UGA,2024-05-01,0.0,0.005
UKR,2024-05-01,0.0,0.20879741525481518
URY,2024-05-01,0.0,0.0
USA,2024-05-01,0.0,0.0
UZB,2024-05-01,0.0,0.0
VEN,2024-05-01,0.0,0.00456699598641556
VNM,2024-05-01,0.0,0.0
VUT,2024-05-01,0.0,0.0
WSM,2024-05-01,0.0,0.0
YEM,2024-05-01,0.0,0.02207945581757325
ZAF,2024-05-01,0.0,0.04076433953055922
ZMB,2024-05-01,0.0,0.0
ZWE,2024-05-01,0.0,0.0
AFG,2024-06-01,0.0,0.0861464250993782
AGO,2024-06-01,0.0,0.0
ALB,2024-06-01,0.0,0.0
ARE,2024-06-01,0.0,0.0
ARG,2024-06-01,0.0,0.0
ARM,2024-06-01,0.0,0.0
AUS,2024-06-01,0.0,0.0
AUT,2024-06-01,0.0,0.0
AZE,2024-06-01,0.0,0.0
BDI,2024-06-01,0.0,0.0
BEL,2024-06-01,0.0,0.0
BEN,2024-06-01,0.0,0.0
BGD,2024-06-01,0.0,0.047074343371842124
BGR,2024-06-01,0.0,0.0
BHR,2024-06-01,0.0,0.0
BHS,2024-06-01,0.0,0.0
BIH,2024-06-01,0.0,0.0
BLR,2024-06-01,0.0,0.0
BLZ,2024-06-01,0.0,0.0
BOL,2024-06-01,0.0,0.0
BRA,2024-06-01,0.0,0.0465110023935865
BRB,2024-06-01,0.0,0.0
BRN,2024-06-01,0.0,0.0
BTN,2024-06-01,0.0,0.0
BWA,2024-06-01,0.0,0.0
CAF,2024-06-01,0.0,0.4358855961157511
CAN,2024-06-01,0.0,0.0
CHE,2024-06-01,0.0,0.0
CHL,2024-06-01,0.0,0.0
CHN,2024-06-01,0.0,0.0
CIV,2024-06-01,0.0,0.0
CMR,2024-06-01,0.0,0.6931229316191009
COL,2024-06-01,0.0,0.09413620055174877
COM,2024-06-01,0.0,0.0
CRI,2024-06-01,0.0,0.0
CUB,2024-06-01,0.0,0.0
CYP,2024-06-01,0.0,0.0
CZE,2024-06-01,0.0,0.0
DEU,2024-06-01,0.0,0.0
DJI,2024-06-01,0.0,0.0
DNK,2024-06-01,0.0,0.0
DOM,2024-06-01,0.0,0.0
DZA,2024-06-01,0.0,0.0
ECU,2024-06-01,0.0,0.024577910281302958
EGY,2024-06-01,0.0,0.0
ERI,2024-06-01,0.0,0.0
ESP,2024-06-01,0.0,0.0
EST,2024-06-01,0.0,0.0
FIN,2024-06-01,0.0,0.0
FJI,2024-06-01,0.0,0.0
FRA,2024-06-01,0.0,0.0014068802176156084
GAB,2024-06-01,0.0,0.0
GBR,2024-06-01,0.0,0.0
GEO,2024-06-01,0.0,0.0
GHA,2024-06-01,0.0,0.0
GIN,2024-06-01,0.0,0.0
GMB,2024-06-01,0.0,0.0
GNB,2024-06-01,0.0,0.0
GNQ,2024-06-01,0.0,0.0
GRC,2024-06-01,0.0,0.0
GRD,2024-06-01,0.0,0.0
GTM,2024-06-01,0.0,0.0
GUY,2024-06-01,0.0,0.0
HND,2024-06-01,0.0,0.002262980216132621
HRV,2024-06-01,0.0,0.0
HTI,2024-06-01,0.0,0.7682044616970775
HUN,2024-06-01,0.0,0.0
IDN,2024-06-01,0.0,0.06864727544826381
IND,2024-06-01,0.0,0.0074453685397902715
IRL,2024-06-01,0.0,0.0
IRN,2024-06-01,0.0,0.0
IRQ,2024-06-01,0.0,0.04481502281087264
ISL,2024-06-01,0.0,0.0
ISR,2024-06-01,0.0,0.04364836264974674
ITA,2024-06-01,0.0,0.0
JAM,2024-06-01,0.0,0.0
JOR,2024-06-01,0.0,0.0
JPN,2024-06-01,0.0,0.0
KAZ,2024-06-01,0.0,0.0
KEN,2024-06-01,0.0,0.12761219745230487
KGZ,2024-06-01,0.0,0.0
KHM,2024-06-01,0.0,0.0
KOR,2024-06-01,0.0,0.0035873594833771842
KWT,2024-06-01,0.0,0.0
LAO,2024-06-01,0.0,0.0
LBN,2024-06-01,0.0,0.12844056830160988
LBR,2024-06-01,0.0,0.0
LBY,2024-06-01,0.0,0.005
LKA,2024-06-01,0.0,0.0
LSO,2024-06-01,0.0,0.0
LTU,2024-06-01,0.0,0.0
LUX,2024-06-01,0.0,0.0
LVA,2024-06-01,0.0,0.0
MAR,2024-06-01,0.0,0.009825986874653497
MDA,2024-06-01,0.0,0.0
MDG,2024-06-01,0.0,0.0
MDV,2024-06-01,0.0,0.0
MEX,2024-06-01,0.0,0.010096510356402535
MKD,2024-06-01,0.0,0.0
MLI,2024-06-01,0.0,0.9138751261382962
MLT,2024-06-01,0.0,0.0
MNE,2024-06-01,0.0,0.0
MNG,2024-06-01,0.0,0.0
MOZ,2024-06-01,0.0,0.6036580576325444
MRT,2024-06-01,0.0,0.0
MUS,2024-06-01,0.0,0.0
MWI,2024-06-01,0.0,0.0
MYS,2024-06-01,0.0,0.0
NAM,2024-06-01,0.0,0.0
NER,2024-06-01,0.0,0.7919381218802986
NGA,2024-06-01,0.0,0.5255229742714612
NIC,2024-06-01,0.0,0.0
NLD,2024-06-01,0.0,0.0
NOR,2024-06-01,0.0,0.0
NPL,2024-06-01,0.0,0.0
NZL,2024-06-01,0.0,0.0
OMN,2024-06-01,0.0,0.0
PAK,2024-06-01,0.0,0.018409774028325908
PAN,2024-06-01,0.0,0.0
PER,2024-06-01,0.0,0.0
PHL,2024-06-01,0.0,0.6643634628256003
PNG,2024-06-01,0.0,0.039943046503754825
POL,2024-06-01,0.0,0.0
PRK,2024-06-01,0.0,0.0
PRT,2024-06-01,0.0,0.0
PRY,2024-06-01,0.0,0.0
QAT,2024-06-01,0.0,0.0
ROU,2024-06-01,0.0,0.0
RUS,2024-06-01,1.0,0.02218611845422072
RWA,2024-06-01,0.0,0.0
SAU,2024-06-01,0.0,0.0
SDN,2024-06-01,0.0,0.5896571939757016
SEN,2024-06-01,0.0,0.0
SGP,2024-06-01,0.0,0.0
SLB,2024-06-01,0.0,0.0
SLE,2024-06-01,0.0,0.0
SLV,2024-06-01,0.0,0.0
SOM,2024-06-01,1.0,0.9164709779046117
SRB,2024-06-01,0.0,0.0
SSD,2024-06-01,0.0,0.6617391550348273
STP,2024-06-01,0.0,0.0
SVK,2024-06-01,0.0,0.0
SVN,2024-06-01,0.0,0.0
SWE,2024-06-01,0.0,0.0
SWZ,2024-06-01,0.0,0.0
SYC,2024-06-01,0.0,0.0
SYR,2024-06-01,0.0,0.19231959968246215
TCD,2024-06-01,0.0,0.17806143625988266
TGO,2024-06-01,0.0,0.0
THA,2024-06-01,0.0,0.0
TJK,2024-06-01,0.0,0.0
TKM,2024-06-01,0.0,0.0
TLS,2024-06-01,0.0,0.0
TON,2024-06-01,0.0,0.0
TTO,2024-06-01,0.0,0.0
TUN,2024-06-01,0.0,0.0
TUR,2024-06-01,0.0,0.0014068802176156084
TZA,2024-06-01,0.0,0.0
UGA,2024-06-01,0.0,0.014118977040784743
UKR,2024-06-01,1.0,0.35961903520554755
URY,2024-06-01,0.0,0.0
USA,2024-06-01,0.0,0.0014068802176156084
UZB,2024-06-01,0.0,0.0
VEN,2024-06-01,0.0,0.0
VNM,2024-06-01,0.0,0.0
VUT,2024-06-01,0.0,0.0
WSM,2024-06-01,0.0,0.0
YEM,2024-06-01,0.0,0.016908815991461195
ZAF,2024-06-01,0.0,0.04325418068723407
ZMB,2024-06-01,0.0,0.0
ZWE,2024-06-01,0.0,0.0
AFG,2024-07-01,0.0,0.05012991710342582
AGO,2024-07-01,0.0,0.0
ALB,2024-07-01,0.0,0.0
ARE,2024-07-01,0.0,0.0
ARG,2024-07-01,0.0,0.0
ARM,2024-07-01,0.0,0.0
AUS,2024-07-01,0.0,0.0
AUT,2024-07-01,0.0,0.0
AZE,2024-07-01,0.0,0.0
BDI,2024-07-01,0.0,0.0
BEL,2024-07-01,0.0,0.0
BEN,2024-07-01,0.0,0.0
BGD,2024-07-01,0.0,0.21670333650830048
BGR,2024-07-01,0.0,0.0
BHR,2024-07-01,0.0,0.0
BHS,2024-07-01,0.0,0.0
BIH,2024-07-01,0.0,0.0
BLR,2024-07-01,0.0,0.0
BLZ,2024-07-01,0.0,0.0
BOL,2024-07-01,0.0,0.0
BRA,2024-07-01,0.0,0.02366797367963344
BRB,2024-07-01,0.0,0.0
BRN,2024-07-01,0.0,0.0
BTN,2024-07-01,0.0,0.0
BWA,2024-07-01,0.0,0.0
CAF,2024-07-01,0.0,0.8987314022201783
CAN,2024-07-01,0.0,0.0
CHE,2024-07-01,0.0,0.0
CHL,2024-07-01,0.0,0.0
CHN,2024-07-01,0.0,0.0
CIV,2024-07-01,0.0,0.0
CMR,2024-07-01,0.0,0.3965511016647774
COL,2024-07-01,0.0,0.030429922778656405
COM,2024-07-01,0.0,0.0
CRI,2024-07-01,0.0,0.0
CUB,2024-07-01,0.0,0.0
CYP,2024-07-01,0.0,0.0
CZE,2024-07-01,0.0,0.0
DEU,2024-07-01,0.0,0.0
DJI,2024-07-01,0.0,0.0
DNK,2024-07-01,0.0,0.0
DOM,2024-07-01,0.0,0.0
DZA,2024-07-01,0.0,0.0
ECU,2024-07-01,0.0,0.016029157609292525
EGY,2024-07-01,0.0,0.0
ERI,2024-07-01,0.0,0.0
ESP,2024-07-01,0.0,0.0
EST,2024-07-01,0.0,0.0
FIN,2024-07-01,0.0,0.0
FJI,2024-07-01,0.0,0.0
FRA,2024-07-01,0.0,0.00200194155587732
GAB,2024-07-01,0.0,0.0
GBR,2024-07-01,0.0,0.0
GEO,2024-07-01,0.0,0.0
GHA,2024-07-01,0.0,0.0
GIN,2024-07-01,0.0,0.0
GMB,2024-07-01,0.0,0.0
GNB,2024-07-01,0.0,0.0
GNQ,2024-07-01,0.0,0.0
GRC,2024-07-01,0.0,0.0
GRD,2024-07-01,0.0,0.0
GTM,2024-07-01,0.0,0.0
GUY,2024-07-01,0.0,0.0
HND,2024-07-01,0.0,0.00820849992098285
HRV,2024-07-01,0.0,0.0
HTI,2024-07-01,0.0,0.5262776539060314
HUN,2024-07-01,0.0,0.0
IDN,2024-07-01,0.0,0.10716436408415862
IND,2024-07-01,0.0,0.004981303564605055
IRL,2024-07-01,0.0,0.0
IRN,2024-07-01,0.0,0.01656988821373372
IRQ,2024-07-01,0.0,0.019075793041936448
ISL,2024-07-01,0.0,0.0
ISR,2024-07-01,0.0,0.028144410616153318
ITA,2024-07-01,0.0,0.0
JAM,2024-07-01,0.0,0.0
JOR,2024-07-01,0.0,0.0
JPN,2024-07-01,0.0,0.0
KAZ,2024-07-01,0.0,0.0
KEN,2024-07-01,0.0,0.1515878217022856
KGZ,2024-07-01,0.0,0.0
KHM,2024-07-01,0.0,0.0
KOR,2024-07-01,0.0,0.0
KWT,2024-07-01,0.0,0.0
LAO,2024-07-01,0.0,0.0
LBN,2024-07-01,1.0,0.07159196519820696
LBR,2024-07-01,0.0,0.0
LBY,2024-07-01,0.0,0.013034432914814773
LKA,2024-07-01,0.0,0.0
LSO,2024-07-01,0.0,0.0
LTU,2024-07-01,0.0,0.0
LUX,2024-07-01,0.0,0.0
LVA,2024-07-01,0.0,0.0
MAR,2024-07-01,0.0,0.0
MDA,2024-07-01,0.0,0.0
MDG,2024-07-01,0.0,0.0
MDV,2024-07-01,0.0,0.0
MEX,2024-07-01,0.0,0.004080968672435768
MKD,2024-07-01,0.0,0.0
MLI,2024-07-01,0.0,0.7635545128024803
MLT,2024-07-01,0.0,0.0
MNE,2024-07-01,0.0,0.0
MNG,2024-07-01,0.0,0.0
MOZ,2024-07-01,0.0,0.41213602734853994
MRT,2024-07-01,0.0,0.0
MUS,2024-07-01,0.0,0.0
MWI,2024-07-01,0.0,0.0
MYS,2024-07-01,0.0,0.005
NAM,2024-07-01,0.0,0.0
NER,2024-07-01,0.0,0.7850952306461088
NGA,2024-07-01,0.0,0.33225477514962826
NIC,2024-07-01,0.0,0.0
NLD,2024-07-01,0.0,0.0
NOR,2024-07-01,0.0,0.0
NPL,2024-07-01,0.0,0.0
NZL,2024-07-01,0.0,0.0
OMN,2024-07-01,0.0,0.0
PAK,2024-07-01,0.0,0.008656741772465858
PAN,2024-07-01,0.0,0.0
PER,2024-07-01,0.0,0.0
PHL,2024-07-01,0.0,0.7160648740440309
PNG,2024-07-01,0.0,0.05300246400504095
POL,2024-07-01,0.0,0.0
PRK,2024-07-01,0.0,0.0
PRT,2024-07-01,0.0,0.0
PRY,2024-07-01,0.0,0.0
QAT,2024-07-01,0.0,0.0
ROU,2024-07-01,0.0,0.0
RUS,2024-07-01,1.0,0.01986977056004163
RWA,2024-07-01,0.0,0.0
SAU,2024-07-01,0.0,0.0
SDN,2024-07-01,0.0,0.6036139335556476
SEN,2024-07-01,0.0,0.0
SGP,2024-07-01,0.0,0.0
SLB,2024-07-01,0.0,0.0
SLE,2024-07-01,0.0,0.0
SLV,2024-07-01,0.0,0.0
SRB,2024-07-01,0.0,0.0
SSD,2024-07-01,0.0,0.6952633101219096
STP,2024-07-01,0.0,0.0
SVK,2024-07-01,0.0,0.0
SVN,2024-07-01,0.0,0.0
SWE,2024-07-01,0.0,0.0
SWZ,2024-07-01,0.0,0.0
SYC,2024-07-01,0.0,0.0
SYR,2024-07-01,0.0,0.09046592782713886
TCD,2024-07-01,0.0,0.18921226561067667
TGO,2024-07-01,0.0,0.0
THA,2024-07-01,0.0,0.0
TJK,2024-07-01,0.0,0.0
TKM,2024-07-01,0.0,0.0
TLS,2024-07-01,0.0,0.0
TON,2024-07-01,0.0,0.0
TTO,2024-07-01,0.0,0.005
TUN,2024-07-01,0.0,0.0
TUR,2024-07-01,0.0,0.014836619494355224
TZA,2024-07-01,0.0,0.0
UGA,2024-07-01,0.0,0.013668181903414192
UKR,2024-07-01,1.0,0.3711034364042332
URY,2024-07-01,0.0,0.0
USA,2024-07-01,0.0,0.0045399253731343275
UZB,2024-07-01,0.0,0.0
VEN,2024-07-01,0.0,0.01459720823589048
VNM,2024-07-01,0.0,0.0
VUT,2024-07-01,0.0,0.0
WSM,2024-07-01,0.0,0.0
YEM,2024-07-01,0.0,0.0
ZAF,2024-07-01,0.0,0.04148552138849957
ZMB,2024-07-01,0.0,0.0
ZWE,2024-07-01,0.0,0.0
AFG,2024-08-01,0.0,0.05088712434978824
AGO,2024-08-01,0.0,0.0
ALB,2024-08-01,0.0,0.0
ARE,2024-08-01,0.0,0.0
ARG,2024-08-01,0.0,0.0
ARM,2024-08-01,0.0,0.0
AUS,2024-08-01,0.0,0.0
AUT,2024-08-01,0.0,0.0
AZE,2024-08-01,0.0,0.0
BDI,2024-08-01,0.0,0.0
BEL,2024-08-01,0.0,0.0
BEN,2024-08-01,0.0,0.0
BGD,2024-08-01,0.0,0.0370010717804592
BGR,2024-08-01,0.0,0.0
BHR,2024-08-01,0.0,0.0
BHS,2024-08-01,0.0,0.0
BIH,2024-08-01,0.0,0.0
BLR,2024-08-01,0.0,0.0
BLZ,2024-08-01,0.0,0.0
BOL,2024-08-01,0.0,0.0
BRA,2024-08-01,0.0,0.0
BRB,2024-08-01,0.0,0.0
BRN,2024-08-01,0.0,0.0
BTN,2024-08-01,0.0,0.0
BWA,2024-08-01,0.0,0.0
CAF,2024-08-01,0.0,0.8487836733507983
CAN,2024-08-01,0.0,0.0
CHE,2024-08-01,0.0,0.0
CHL,2024-08-01,0.0,0.0029348084701403803
CHN,2024-08-01,0.0,0.0
CIV,2024-08-01,0.0,0.0
CMR,2024-08-01,0.0,0.2958560018623899
COL,2024-08-01,0.0,0.0670157076962217
COM,2024-08-01,0.0,0.0
CRI,2024-08-01,0.0,0.0
CUB,2024-08-01,0.0,0.0
CYP,2024-08-01,0.0,0.0
CZE,2024-08-01,0.0,0.0
DEU,2024-08-01,0.0,0.0
DJI,2024-08-01,0.0,0.0
DNK,2024-08-01,0.0,0.0
DOM,2024-08-01,0.0,0.0
DZA,2024-08-01,0.0,0.0
ECU,2024-08-01,0.0,0.05082925899047936
EGY,2024-08-01,0.0,0.0
ERI,2024-08-01,0.0,0.0
ESP,2024-08-01,0.0,0.0
EST,2024-08-01,0.0,0.0
FIN,2024-08-01,0.0,0.0
FJI,2024-08-01,0.0,0.0
FRA,2024-08-01,0.0,0.0
GAB,2024-08-01,0.0,0.0
GBR,2024-08-01,0.0,0.0
GEO,2024-08-01,0.0,0.0
GHA,2024-08-01,0.0,0.0
GIN,2024-08-01,0.0,0.0
GMB,2024-08-01,0.0,0.0
GNB,2024-08-01,0.0,0.0
GNQ,2024-08-01,0.0,0.0
GRC,2024-08-01,0.0,0.0
GRD,2024-08-01,0.0,0.0
GTM,2024-08-01,0.0,0.0
GUY,2024-08-01,0.0,0.0
HND,2024-08-01,0.0,0.004325035063113612
HRV,2024-08-01,0.0,0.0
HTI,2024-08-01,0.0,0.32066943241754786
HUN,2024-08-01,0.0,0.0
IDN,2024-08-01,0.0,0.22804958891427482
IND,2024-08-01,0.0,0.015
IRL,2024-08-01,0.0,0.0
IRN,2024-08-01,0.0,0.0029348084701403803
IRQ,2024-08-01,0.0,0.017993073958453214
ISL,2024-08-01,0.0,0.0
ISR,2024-08-01,0.0,0.031755427547692706
ITA,2024-08-01,0.0,0.0
JAM,2024-08-01,0.0,0.0
JOR,2024-08-01,0.0,0.0
JPN,2024-08-01,0.0,0.0
KAZ,2024-08-01,0.0,0.0
KEN,2024-08-01,0.0,0.03999240405415893
KGZ,2024-08-01,0.0,0.0
KHM,2024-08-01,0.0,0.0
KOR,2024-08-01,0.0,0.0
KWT,2024-08-01,0.0,0.0
LAO,2024-08-01,0.0,0.0
LBN,2024-08-01,1.0,0.32073438335163895
LBR,2024-08-01,0.0,0.0
LBY,2024-08-01,0.0,0.0
LKA,2024-08-01,0.0,0.0
LSO,2024-08-01,0.0,0.0
LTU,2024-08-01,0.0,0.0
LUX,2024-08-01,0.0,0.0
LVA,2024-08-01,0.0,0.0
MAR,2024-08-01,0.0,0.0
MDA,2024-08-01,0.0,0.0
MDG,2024-08-01,0.0,0.0
MDV,2024-08-01,0.0,0.0
MEX,2024-08-01,0.0,0.03494844185561705
MKD,2024-08-01,0.0,0.0
MLI,2024-08-01,0.0,0.34254506116867345
MLT,2024-08-01,0.0,0.0
MNE,2024-08-01,0.0,0.0
MNG,2024-08-01,0.0,0.0
MOZ,2024-08-01,0.0,0.07289976905442432
MRT,2024-08-01,0.0,0.0
MUS,2024-08-01,0.0,0.0
MWI,2024-08-01,0.0,0.0
MYS,2024-08-01,0.0,0.0
NAM,2024-08-01,0.0,0.0
NER,2024-08-01,0.0,0.7529334660640629
NGA,2024-08-01,0.0,0.23344077852996262
NIC,2024-08-01,0.0,0.0
NLD,2024-08-01,0.0,0.0
NOR,2024-08-01,0.0,0.0
NPL,2024-08-01,0.0,0.0
NZL,2024-08-01,0.0,0.0
OMN,2024-08-01,0.0,0.0
PAK,2024-08-01,0.0,0.003589407827731713
PAN,2024-08-01,0.0,0.0
PER,2024-08-01,0.0,0.0
PHL,2024-08-01,0.0,0.30511397970688514
PNG,2024-08-01,0.0,0.0038948531733501808
POL,2024-08-01,0.0,0.0
PRK,2024-08-01,0.0,0.0
PRT,2024-08-01,0.0,0.0
PRY,2024-08-01,0.0,0.0
QAT,2024-08-01,0.0,0.0
ROU,2024-08-01,0.0,0.0
RWA,2024-08-01,0.0,0.0
SAU,2024-08-01,0.0,0.0
SDN,2024-08-01,1.0,0.6541768247290486
SEN,2024-08-01,0.0,0.0
SGP,2024-08-01,0.0,0.0
SLB,2024-08-01,0.0,0.0
SLE,2024-08-01,0.0,0.0
SLV,2024-08-01,0.0,0.0
SRB,2024-08-01,0.0,0.0
SSD,2024-08-01,0.0,0.8230577141695014
STP,2024-08-01,0.0,0.0
SVK,2024-08-01,0.0,0.0
SVN,2024-08-01,0.0,0.0
SWE,2024-08-01,0.0,0.0
SWZ,2024-08-01,0.0,0.0
SYC,2024-08-01,0.0,0.0
SYR,2024-08-01,0.0,0.39142266537507014
TCD,2024-08-01,0.0,0.17100793657521166
TGO,2024-08-01,0.0,0.005
THA,2024-08-01,0.0,0.0
TJK,2024-08-01,0.0,0.0
TKM,2024-08-01,0.0,0.0
TLS,2024-08-01,0.0,0.0
TON,2024-08-01,0.0,0.0
TTO,2024-08-01,0.0,0.0
TUN,2024-08-01,0.0,0.0
TUR,2024-08-01,0.0,0.005
TZA,2024-08-01,0.0,0.0
UGA,2024-08-01,0.0,0.009553759113072402
URY,2024-08-01,0.0,0.0
USA,2024-08-01,0.0,0.01480896686159844
UZB,2024-08-01,0.0,0.0
VEN,2024-08-01,0.0,0.022715560902073367
VNM,2024-08-01,0.0,0.0
VUT,2024-08-01,0.0,0.0
WSM,2024-08-01,0.0,0.0
YEM,2024-08-01,0.0,0.01703876595812819
ZAF,2024-08-01,0.0,0.022721491868101674
ZMB,2024-08-01,0.0,0.0
ZWE,2024-08-01,0.0,0.0
AFG,2024-09-01,0.0,0.022989497491632732
AGO,2024-09-01,0.0,0.0
ALB,2024-09-01,0.0,0.0
ARE,2024-09-01,0.0,0.0
ARG,2024-09-01,0.0,0.0
ARM,2024-09-01,0.0,0.0
AUS,2024-09-01,0.0,0.005
AUT,2024-09-01,0.0,0.0
AZE,2024-09-01,0.0,0.0
BDI,2024-09-01,0.0,0.005
BEL,2024-09-01,0.0,0.0
BEN,2024-09-01,0.0,0.0
BGD,2024-09-01,0.0,0.005
BGR,2024-09-01,0.0,0.0
BHR,2024-09-01,0.0,0.0
BHS,2024-09-01,0.0,0.0
BIH,2024-09-01,0.0,0.0
BLR,2024-09-01,0.0,0.0
BLZ,2024-09-01,0.0,0.0
BOL,2024-09-01,0.0,0.0
BRA,2024-09-01,0.0,0.029659874655243126
BRB,2024-09-01,0.0,0.0
BRN,2024-09-01,0.0,0.0
BTN,2024-09-01,0.0,0.0
BWA,2024-09-01,0.0,0.0
CAF,2024-09-01,0.0,0.6433209075540997
CAN,2024-09-01,0.0,0.0
CHE,2024-09-01,0.0,0.0
CHL,2024-09-01,0.0,0.0
CHN,2024-09-01,0.0,0.0
CIV,2024-09-01,0.0,0.0
CMR,2024-09-01,0.0,0.24316395284263198
COL,2024-09-01,0.0,0.015155200597801113
COM,2024-09-01,0.0,0.0
CRI,2024-09-01,0.0,0.0
CUB,2024-09-01,0.0,0.0
CYP,2024-09-01,0.0,0.0
CZE,2024-09-01,0.0,0.0
DEU,2024-09-01,0.0,0.0
DJI,2024-09-01,0.0,0.0
DNK,2024-09-01,0.0,0.0
DOM,2024-09-01,0.0,0.0
DZA,2024-09-01,0.0,0.0
ECU,2024-09-01,0.0,0.03838003919285188
EGY,2024-09-01,0.0,0.0
ERI,2024-09-01,0.0,0.0
ESP,2024-09-01,0.0,0.0
EST,2024-09-01,0.0,0.0
FIN,2024-09-01,0.0,0.0
FJI,2024-09-01,0.0,0.0
FRA,2024-09-01,0.0,0.0
GAB,2024-09-01,0.0,0.0
GBR,2024-09-01,0.0,0.0
GEO,2024-09-01,0.0,0.0
GHA,2024-09-01,0.0,0.0
GIN,2024-09-01,0.0,0.0
GMB,2024-09-01,0.0,0.0
GNB,2024-09-01,0.0,0.0
GNQ,2024-09-01,0.0,0.0
GRC,2024-09-01,0.0,0.0
GRD,2024-09-01,0.0,0.0
GTM,2024-09-01,0.0,0.0
GUY,2024-09-01,0.0,0.0
HND,2024-09-01,0.0,0.004157059148031649
HRV,2024-09-01,0.0,0.0
HTI,2024-09-01,0.0,0.2990899754178681
HUN,2024-09-01,0.0,0.0
IDN,2024-09-01,0.0,0.15789674283089153
IND,2024-09-01,0.0,0.021749690045445236
IRL,2024-09-01,0.0,0.0
IRN,2024-09-01,0.0,0.007876717549256474
IRQ,2024-09-01,0.0,0.11963343028034881
ISL,2024-09-01,0.0,0.0
ISR,2024-09-01,0.0,0.040443055026834436
ITA,2024-09-01,0.0,0.0
JAM,2024-09-01,0.0,0.0
JOR,2024-09-01,0.0,0.0
JPN,2024-09-01,0.0,0.0
KAZ,2024-09-01,0.0,0.0
KEN,2024-09-01,0.0,0.05237902929464255
KGZ,2024-09-01,0.0,0.0
KHM,2024-09-01,0.0,0.0
KOR,2024-09-01,0.0,0.0
KWT,2024-09-01,0.0,0.0
LAO,2024-09-01,0.0,0.0
LBR,2024-09-01,0.0,0.0
LBY,2024-09-01,0.0,0.011595447398803858
LKA,2024-09-01,0.0,0.0
LSO,2024-09-01,0.0,0.0
LTU,2024-09-01,0.0,0.0
LUX,2024-09-01,0.0,0.0
LVA,2024-09-01,0.0,0.0
MAR,2024-09-01,0.0,0.0
MDA,2024-09-01,0.0,0.0
MDG,2024-09-01,0.0,0.0
MDV,2024-09-01,0.0,0.0
MEX,2024-09-01,0.0,0.022375005155007274
MKD,2024-09-01,0.0,0.0
MLI,2024-09-01,0.0,0.40255322990232983
MLT,2024-09-01,0.0,0.0
MNE,2024-09-01,0.0,0.0
MNG,2024-09-01,0.0,0.0
MOZ,2024-09-01,0.0,0.1479280794794826
MRT,2024-09-01,0.0,0.0
MUS,2024-09-01,0.0,0.0
MWI,2024-09-01,0.0,0.0
MYS,2024-09-01,0.0,0.0
NAM,2024-09-01,0.0,0.0
NER,2024-09-01,0.0,0.5576151418943963
NGA,2024-09-01,0.0,0.16082991317685727
NIC,2024-09-01,0.0,0.0
NLD,2024-09-01,0.0,0.0
NOR,2024-09-01,0.0,0.0
NPL,2024-09-01,0.0,0.0
NZL,2024-09-01,0.0,0.0
OMN,2024-09-01,0.0,0.0
PAK,2024-09-01,0.0,0.015606989880173576
PAN,2024-09-01,0.0,0.0
PER,2024-09-01,0.0,0.0
PHL,2024-09-01,0.0,0.2819411994034979
PNG,2024-09-01,0.0,0.046583969577323234
POL,2024-09-01,0.0,0.0
PRK,2024-09-01,0.0,0.005
PRT,2024-09-01,0.0,0.0
PRY,2024-09-01,0.0,0.0
PSE,2024-09-01,0.0,0.42412429086989467
QAT,2024-09-01,0.0,0.0
ROU,2024-09-01,0.0,0.0
RWA,2024-09-01,0.0,0.0
SAU,2024-09-01,0.0,0.0
SDN,2024-09-01,1.0,0.2868669388376002
SEN,2024-09-01,0.0,0.0
SGP,2024-09-01,0.0,0.0
SLB,2024-09-01,0.0,0.0
SLE,2024-09-01,0.0,0.0
SLV,2024-09-01,0.0,0.0
SOM,2024-09-01,0.0,0.9155506443538693
SRB,2024-09-01,0.0,0.0
SSD,2024-09-01,0.0,0.7166793085544043
STP,2024-09-01,0.0,0.0
SVK,2024-09-01,0.0,0.0
SVN,2024-09-01,0.0,0.0
SWE,2024-09-01,0.0,0.0
SWZ,2024-09-01,0.0,0.0
SYC,2024-09-01,0.0,0.0
SYR,2024-09-01,1.0,0.2939523476000606
TCD,2024-09-01,0.0,0.1540465147894464
TGO,2024-09-01,0.0,0.0
THA,2024-09-01,0.0,0.0
TJK,2024-09-01,0.0,0.0
TKM,2024-09-01,0.0,0.0
TLS,2024-09-01,0.0,0.0
TON,2024-09-01,0.0,0.0
TTO,2024-09-01,0.0,0.0
TUN,2024-09-01,0.0,0.0
TUR,2024-09-01,0.0,0.004807537012113056
TZA,2024-09-01,0.0,0.0
UGA,2024-09-01,0.0,0.004623221500087816
URY,2024-09-01,0.0,0.0
USA,2024-09-01,0.0,0.008623043992554457
UZB,2024-09-01,0.0,0.0
VEN,2024-09-01,0.0,0.008346205932267058
VNM,2024-09-01,0.0,0.0
VUT,2024-09-01,0.0,0.0
WSM,2024-09-01,0.0,0.0
YEM,2024-09-01,0.0,0.01784665872531941
ZAF,2024-09-01,0.0,0.07597409595475446
ZMB,2024-09-01,0.0,0.0
ZWE,2024-09-01,0.0,0.0
AFG,2024-10-01,0.0,0.04882278086125253
AGO,2024-10-01,0.0,0.0
ALB,2024-10-01,0.0,0.0
ARE,2024-10-01,0.0,0.0
ARG,2024-10-01,0.0,0.0
ARM,2024-10-01,0.0,0.0
AUS,2024-10-01,0.0,0.01
AUT,2024-10-01,0.0,0.0
AZE,2024-10-01,0.0,0.0
BDI,2024-10-01,0.0,0.0
BEL,2024-10-01,0.0,0.0
BEN,2024-10-01,0.0,0.0
BGD,2024-10-01,0.0,0.032229001535993104
BGR,2024-10-01,0.0,0.0
BHR,2024-10-01,0.0,0.0
BHS,2024-10-01,0.0,0.0
BIH,2024-10-01,0.0,0.0
BLR,2024-10-01,0.0,0.0
BLZ,2024-10-01,0.0,0.0
BOL,2024-10-01,0.0,0.0
BRA,2024-10-01,0.0,0.01777571522103245
BRB,2024-10-01,0.0,0.0
BRN,2024-10-01,0.0,0.0
BTN,2024-10-01,0.0,0.0
BWA,2024-10-01,0.0,0.0
CAF,2024-10-01,0.0,0.6499667945404493
CAN,2024-10-01,0.0,0.0
CHE,2024-10-01,0.0,0.0
CHL,2024-10-01,0.0,0.0
CHN,2024-10-01,0.0,0.0
CIV,2024-10-01,0.0,0.0
CMR,2024-10-01,0.0,0.1243210878719178
COL,2024-10-01,0.0,0.011885972712239767
COM,2024-10-01,0.0,0.0
CRI,2024-10-01,0.0,0.0
CUB,2024-10-01,0.0,0.0
CYP,2024-10-01,0.0,0.0
CZE,2024-10-01,0.0,0.0
DEU,2024-10-01,0.0,0.0
DJI,2024-10-01,0.0,0.0
DNK,2024-10-01,0.0,0.0
DOM,2024-10-01,0.0,0.0
DZA,2024-10-01,0.0,0.0
ECU,2024-10-01,0.0,0.03739661854500089
EGY,2024-10-01,0.0,0.0
ERI,2024-10-01,0.0,0.0
ESP,2024-10-01,0.0,0.0
EST,2024-10-01,0.0,0.0
ETH,2024-10-01,0.0,0.8444319294696693
FIN,2024-10-01,0.0,0.0
FJI,2024-10-01,0.0,0.0
FRA,2024-10-01,0.0,0.0
GAB,2024-10-01,0.0,0.0
GBR,2024-10-01,0.0,0.0
GEO,2024-10-01,0.0,0.0
GHA,2024-10-01,0.0,0.0
GIN,2024-10-01,0.0,0.0
GMB,2024-10-01,0.0,0.0
GNB,2024-10-01,0.0,0.0
GNQ,2024-10-01,0.0,0.0
GRC,2024-10-01,0.0,0.0
GRD,2024-10-01,0.0,0.0
GTM,2024-10-01,0.0,0.0
GUY,2024-10-01,0.0,0.0
HND,2024-10-01,0.0,0.016175103809061033
HRV,2024-10-01,0.0,0.0
HTI,2024-10-01,1.0,0.5320269269170982
HUN,2024-10-01,0.0,0.0
IDN,2024-10-01,0.0,0.17123948850554027
IND,2024-10-01,0.0,0.016614279042899548
IRL,2024-10-01,0.0,0.0
IRN,2024-10-01,0.0,0.036514170795078425
IRQ,2024-10-01,0.0,0.07047808258737338
ISL,2024-10-01,0.0,0.0
ISR,2024-10-01,0.0,0.031043810325566076
ITA,2024-10-01,0.0,0.0
JAM,2024-10-01,0.0,0.005
JOR,2024-10-01,0.0,0.0
JPN,2024-10-01,0.0,0.0
KAZ,2024-10-01,0.0,0.0
KEN,2024-10-01,0.0,0.0
KGZ,2024-10-01,0.0,0.0
KHM,2024-10-01,0.0,0.0
KOR,2024-10-01,0.0,0.0
KWT,2024-10-01,0.0,0.0
LAO,2024-10-01,0.0,0.0
LBR,2024-10-01,0.0,0.0
LBY,2024-10-01,0.0,0.012608785059461263
LKA,2024-10-01,0.0,0.0
LSO,2024-10-01,0.0,0.0
LTU,2024-10-01,0.0,0.0
LUX,2024-10-01,0.0,0.0
LVA,2024-10-01,0.0,0.0
MAR,2024-10-01,0.0,0.0
MDA,2024-10-01,0.0,0.0
MDG,2024-10-01,0.0,0.003011935519662699
MDV,2024-10-01,0.0,0.0
MEX,2024-10-01,0.0,0.07746494137525482
MKD,2024-10-01,0.0,0.0
MLI,2024-10-01,0.0,0.4340116654418383
MLT,2024-10-01,0.0,0.0
MNE,2024-10-01,0.0,0.0
MNG,2024-10-01,0.0,0.0
MOZ,2024-10-01,0.0,0.21886409815796473
MRT,2024-10-01,0.0,0.0
MUS,2024-10-01,0.0,0.0
MWI,2024-10-01,0.0,0.0
MYS,2024-10-01,0.0,0.0
NAM,2024-10-01,0.0,0.0
NER,2024-10-01,0.0,0.3455552675922752
NGA,2024-10-01,0.0,0.18415034341761868
NIC,2024-10-01,0.0,0.0
NLD,2024-10-01,0.0,0.0
NOR,2024-10-01,0.0,0.0
NPL,2024-10-01,0.0,0.0
NZL,2024-10-01,0.0,0.0
OMN,2024-10-01,0.0,0.0
PAK,2024-10-01,0.0,0.025916054962240177
PAN,2024-10-01,0.0,0.0
PER,2024-10-01,0.0,0.0
PHL,2024-10-01,0.0,0.22655606341733894
PNG,2024-10-01,0.0,0.034672681405441566
POL,2024-10-01,0.0,0.0
PRK,2024-10-01,0.0,0.0
PRT,2024-10-01,0.0,0.0
PRY,2024-10-01,0.0,0.0
PSE,2024-10-01,0.0,0.452978519435918
QAT,2024-10-01,0.0,0.0
ROU,2024-10-01,0.0,0.0
RUS,2024-10-01,0.0,0.4389161282503588
RWA,2024-10-01,0.0,0.0
SAU,2024-10-01,0.0,0.0
SEN,2024-10-01,0.0,0.0
SGP,2024-10-01,0.0,0.0
SLB,2024-10-01,0.0,0.0
SLE,2024-10-01,0.0,0.0
SLV,2024-10-01,0.0,0.0
SOM,2024-10-01,0.0,0.43592483807240334
SRB,2024-10-01,0.0,0.0
SSD,2024-10-01,1.0,0.7132413189451741
STP,2024-10-01,0.0,0.0
SVK,2024-10-01,0.0,0.0
SVN,2024-10-01,0.0,0.0
SWE,2024-10-01,0.0,0.0
SWZ,2024-10-01,0.0,0.0
SYC,2024-10-01,0.0,0.0
SYR,2024-10-01,1.0,0.561172819467716
TCD,2024-10-01,0.0,0.1882954796960475
TGO,2024-10-01,0.0,0.0
THA,2024-10-01,0.0,0.0
TJK,2024-10-01,0.0,0.0
TKM,2024-10-01,0.0,0.0
TLS,2024-10-01,0.0,0.0
TON,2024-10-01,0.0,0.0
TTO,2024-10-01,0.0,0.0
TUN,2024-10-01,0.0,0.0
TUR,2024-10-01,0.0,0.0
TZA,2024-10-01,0.0,0.0
UGA,2024-10-01,0.0,0.040759268671054484
URY,2024-10-01,0.0,0.0
USA,2024-10-01,0.0,0.004629101805159687
UZB,2024-10-01,0.0,0.0
VEN,2024-10-01,0.0,0.0
VNM,2024-10-01,0.0,0.0
VUT,2024-10-01,0.0,0.0
WSM,2024-10-01,0.0,0.0
YEM,2024-10-01,0.0,0.01801438673633281
ZAF,2024-10-01,0.0,0.060429139702602414
ZMB,2024-10-01,0.0,0.0
ZWE,2024-10-01,0.0,0.0
AFG,2024-11-01,0.0,0.06307309585195946
AGO,2024-11-01,0.0,0.0
ALB,2024-11-01,0.0,0.005
ARE,2024-11-01,0.0,0.0
ARG,2024-11-01,0.0,0.0
ARM,2024-11-01,0.0,0.0
AUS,2024-11-01,0.0,0.0
AUT,2024-11-01,0.0,0.0
AZE,2024-11-01,0.0,0.0
BDI,2024-11-01,0.0,0.004650811672625374
BEL,2024-11-01,0.0,0.0
BEN,2024-11-01,0.0,0.0
BGD,2024-11-01,0.0,0.10847149446140641
BGR,2024-11-01,0.0,0.0
BHR,2024-11-01,0.0,0.0
BHS,2024-11-01,0.0,0.0
BIH,2024-11-01,0.0,0.0
BLR,2024-11-01,0.0,0.0
BLZ,2024-11-01,0.0,0.0
BOL,2024-11-01,0.0,0.0
BRA,2024-11-01,0.0,0.04805822161041957
BRB,2024-11-01,0.0,0.0
BRN,2024-11-01,0.0,0.0
BTN,2024-11-01,0.0,0.0
BWA,2024-11-01,0.0,0.0
CAF,2024-11-01,0.0,0.2510498175305537
CAN,2024-11-01,0.0,0.0
CHE,2024-11-01,0.0,0.0
CHL,2024-11-01,0.0,0.0
CHN,2024-11-01,0.0,0.0
CIV,2024-11-01,0.0,0.0
CMR,2024-11-01,0.0,0.30937117132251457
COL,2024-11-01,1.0,0.04733462975705352
COM,2024-11-01,0.0,0.0
CRI,2024-11-01,0.0,0.0
CUB,2024-11-01,0.0,0.0
CYP,2024-11-01,0.0,0.0
CZE,2024-11-01,0.0,0.0
DEU,2024-11-01,0.0,0.0
DJI,2024-11-01,0.0,0.01
DNK,2024-11-01,0.0,0.0
DOM,2024-11-01,0.0,0.0
DZA,2024-11-01,0.0,0.0
ECU,2024-11-01,0.0,0.027219685056632293
EGY,2024-11-01,0.0,0.0
ERI,2024-11-01,0.0,0.0
ESP,2024-11-01,0.0,0.0
EST,2024-11-01,0.0,0.0
ETH,2024-11-01,0.0,0.32546767618913586
FIN,2024-11-01,0.0,0.0
FJI,2024-11-01,0.0,0.0
FRA,2024-11-01,0.0,0.0
GAB,2024-11-01,0.0,0.0
GBR,2024-11-01,0.0,0.0
GEO,2024-11-01,0.0,0.0
GHA,2024-11-01,0.0,0.0
GIN,2024-11-01,0.0,0.0
GMB,2024-11-01,0.0,0.0
GNB,2024-11-01,0.0,0.0
GNQ,2024-11-01,0.0,0.0
GRC,2024-11-01,0.0,0.0
GRD,2024-11-01,0.0,0.0
GTM,2024-11-01,0.0,0.0
GUY,2024-11-01,0.0,0.0
HND,2024-11-01,0.0,0.003012599637596123
HRV,2024-11-01,0.0,0.0
HTI,2024-11-01,1.0,0.828008207854222
HUN,2024-11-01,0.0,0.0
IDN,2024-11-01,0.0,0.0575486644786191
IND,2024-11-01,0.0,0.006162814695697953
IRL,2024-11-01,0.0,0.0
IRN,2024-11-01,0.0,0.013643707044119697
IRQ,2024-11-01,0.0,0.08919017902176242
ISL,2024-11-01,0.0,0.0
ISR,2024-11-01,0.0,0.009954603708907862
ITA,2024-11-01,0.0,0.0
JAM,2024-11-01,0.0,0.0
JOR,2024-11-01,0.0,0.0
JPN,2024-11-01,0.0,0.0
KAZ,2024-11-01,0.0,0.0
KEN,2024-11-01,0.0,0.0048294545933437434
KGZ,2024-11-01,0.0,0.0
KHM,2024-11-01,0.0,0.0
KOR,2024-11-01,0.0,0.002775135135135135
KWT,2024-11-01,0.0,0.0
LAO,2024-11-01,0.0,0.0
LBN,2024-11-01,1.0,0.24925440180351502
LBR,2024-11-01,0.0,0.0
LBY,2024-11-01,0.0,0.003967787807592435
LKA,2024-11-01,0.0,0.0
LSO,2024-11-01,0.0,0.0
LTU,2024-11-01,0.0,0.0
LUX,2024-11-01,0.0,0.0
LVA,2024-11-01,0.0,0.0
MAR,2024-11-01,0.0,0.004628894979803806
MDA,2024-11-01,0.0,0.0
MDG,2024-11-01,0.0,0.009237946272501334
MDV,2024-11-01,0.0,0.0
MEX,2024-11-01,0.0,0.052530432066898426
MKD,2024-11-01,0.0,0.0
MLI,2024-11-01,0.0,0.0950070026902817
MLT,2024-11-01,0.0,0.0
MNE,2024-11-01,0.0,0.0
MNG,2024-11-01,0.0,0.0
MOZ,2024-11-01,0.0,0.721774894114207
MRT,2024-11-01,0.0,0.0
MUS,2024-11-01,0.0,0.0
MWI,2024-11-01,0.0,0.0
MYS,2024-11-01,0.0,0.0
NAM,2024-11-01,0.0,0.0
NER,2024-11-01,0.0,0.5911255089420439
NGA,2024-11-01,0.0,0.046217415664328965
NIC,2024-11-01,0.0,0.0
NLD,2024-11-01,0.0,0.0
NOR,2024-11-01,0.0,0.0
NPL,2024-11-01,0.0,0.0
NZL,2024-11-01,0.0,0.0
OMN,2024-11-01,0.0,0.0
PAK,2024-11-01,0.0,0.015949268472487867
PAN,2024-11-01,0.0,0.0
PER,2024-11-01,0.0,0.01452789952956105
PHL,2024-11-01,0.0,0.15140907615438842
PNG,2024-11-01,0.0,0.041741180376406256
POL,2024-11-01,0.0,0.0
PRK,2024-11-01,0.0,0.0
PRT,2024-11-01,0.0,0.0
PRY,2024-11-01,0.0,0.0
PSE,2024-11-01,0.0,0.5220371547316498
QAT,2024-11-01,0.0,0.0
ROU,2024-11-01,0.0,0.0
RUS,2024-11-01,0.0,0.5108001987611432
RWA,2024-11-01,0.0,0.0
SAU,2024-11-01,0.0,0.0
SEN,2024-11-01,0.0,0.0
SGP,2024-11-01,0.0,0.0
SLB,2024-11-01,0.0,0.0
SLE,2024-11-01,0.0,0.0
SLV,2024-11-01,0.0,0.0
SOM,2024-11-01,1.0,0.4992532145738337
SRB,2024-11-01,0.0,0.0
SSD,2024-11-01,1.0,0.841488790938709
STP,2024-11-01,0.0,0.0
SVK,2024-11-01,0.0,0.0
SVN,2024-11-01,0.0,0.0
SWE,2024-11-01,0.0,0.0
SWZ,2024-11-01,0.0,0.0
SYC,2024-11-01,0.0,0.0
TCD,2024-11-01,0.0,0.1881869064944779
TGO,2024-11-01,0.0,0.0
THA,2024-11-01,0.0,0.0
TJK,2024-11-01,0.0,0.0
TKM,2024-11-01,0.0,0.0
TLS,2024-11-01,0.0,0.0
TON,2024-11-01,0.0,0.0
TTO,2024-11-01,0.0,0.0
TUN,2024-11-01,0.0,0.0
TUR,2024-11-01,0.0,0.0024414601205988034
TZA,2024-11-01,0.0,0.0
UGA,2024-11-01,0.0,0.0258503698603579
UKR,2024-11-01,0.0,0.6822719241858373
URY,2024-11-01,0.0,0.0
USA,2024-11-01,0.0,0.0024414601205988034
UZB,2024-11-01,0.0,0.0
VEN,2024-11-01,0.0,0.0
VNM,2024-11-01,0.0,0.0
VUT,2024-11-01,0.0,0.0
WSM,2024-11-01,0.0,0.0
YEM,2024-11-01,0.0,0.03129862624545096
ZAF,2024-11-01,0.0,0.07277022936163605
ZMB,2024-11-01,0.0,0.0
ZWE,2024-11-01,0.0,0.0
AFG,2024-12-01,0.0,0.04100610885678749
AGO,2024-12-01,0.0,0.0
ALB,2024-12-01,0.0,0.0
ARE,2024-12-01,0.0,0.0
ARG,2024-12-01,0.0,0.0
ARM,2024-12-01,0.0,0.0
AUS,2024-12-01,0.0,0.015
AUT,2024-12-01,0.0,0.0
AZE,2024-12-01,0.0,0.0
BDI,2024-12-01,0.0,0.0
BEL,2024-12-01,0.0,0.0
BEN,2024-12-01,0.0,0.0
BGD,2024-12-01,0.0,0.043235449075982736
BGR,2024-12-01,0.0,0.0
BHR,2024-12-01,0.0,0.0
BHS,2024-12-01,0.0,0.0
BIH,2024-12-01,0.0,0.0
BLR,2024-12-01,0.0,0.0
BLZ,2024-12-01,0.0,0.0
BOL,2024-12-01,0.0,0.0
BRA,2024-12-01,0.0,0.009689634182424014
BRB,2024-12-01,0.0,0.0
BRN,2024-12-01,0.0,0.0
BTN,2024-12-01,0.0,0.0
BWA,2024-12-01,0.0,0.0
CAF,2024-12-01,0.0,0.30116923891610203
CAN,2024-12-01,0.0,0.0
CHE,2024-12-01,0.0,0.0
CHL,2024-12-01,0.0,0.0
CHN,2024-12-01,0.0,0.0
CIV,2024-12-01,0.0,0.0
CMR,2024-12-01,0.0,0.13056657967761964
COL,2024-12-01,1.0,0.058434742500732766
COM,2024-12-01,0.0,0.0
CRI,2024-12-01,0.0,0.0
CUB,2024-12-01,0.0,0.0
CYP,2024-12-01,0.0,0.0
CZE,2024-12-01,0.0,0.0
DEU,2024-12-01,0.0,0.0
DJI,2024-12-01,0.0,0.0
DNK,2024-12-01,0.0,0.0
DOM,2024-12-01,0.0,0.0
DZA,2024-12-01,0.0,0.0
ECU,2024-12-01,0.0,0.04586402978653634
EGY,2024-12-01,0.0,0.0
ERI,2024-12-01,0.0,0.0
ESP,2024-12-01,0.0,0.0
EST,2024-12-01,0.0,0.0
ETH,2024-12-01,0.0,0.46672863420351374
FIN,2024-12-01,0.0,0.0
FJI,2024-12-01,0.0,0.0
FRA,2024-12-01,0.0,0.0028324329034506808
GAB,2024-12-01,0.0,0.0
GBR,2024-12-01,0.0,0.0
GEO,2024-12-01,0.0,0.0
GHA,2024-12-01,0.0,0.0
GIN,2024-12-01,0.0,0.0
GMB,2024-12-01,0.0,0.0
GNB,2024-12-01,0.0,0.0
GNQ,2024-12-01,0.0,0.0
GRC,2024-12-01,0.0,0.0
GRD,2024-12-01,0.0,0.0
GTM,2024-12-01,0.0,0.0
GUY,2024-12-01,0.0,0.0
HND,2024-12-01,0.0,0.005579824580219356
HRV,2024-12-01,0.0,0.0
HUN,2024-12-01,0.0,0.0
IDN,2024-12-01,0.0,0.0708596176122518
IND,2024-12-01,0.0,0.019415599381957988
IRL,2024-12-01,0.0,0.0
IRN,2024-12-01,0.0,0.004482829954489036
IRQ,2024-12-01,0.0,0.11083686029910723
ISL,2024-12-01,0.0,0.0
ISR,2024-12-01,0.0,0.03953115685146354
ITA,2024-12-01,0.0,0.0
JAM,2024-12-01,0.0,0.0
JOR,2024-12-01,0.0,0.0
JPN,2024-12-01,0.0,0.0
KAZ,2024-12-01,0.0,0.0
KEN,2024-12-01,0.0,0.0
KGZ,2024-12-01,0.0,0.0
KHM,2024-12-01,0.0,0.0
KOR,2024-12-01,0.0,0.0028324329034506808
KWT,2024-12-01,0.0,0.0
LAO,2024-12-01,0.0,0.0
LBN,2024-12-01,1.0,0.22910359915117134
LBR,2024-12-01,0.0,0.0
LBY,2024-12-01,0.0,0.01797512518222462
LKA,2024-12-01,0.0,0.0
LSO,2024-12-01,0.0,0.0
LTU,2024-12-01,0.0,0.0
LUX,2024-12-01,0.0,0.0
LVA,2024-12-01,0.0,0.0
MAR,2024-12-01,0.0,0.0
MDA,2024-12-01,0.0,0.0
MDG,2024-12-01,0.0,0.0
MDV,2024-12-01,0.0,0.0
MEX,2024-12-01,0.0,0.011875232535808975
MKD,2024-12-01,0.0,0.0
MLI,2024-12-01,0.0,0.09402188226902698
MLT,2024-12-01,0.0,0.0
MMR,2024-12-01,0.0,0.47569930022471935
MNE,2024-12-01,0.0,0.0
MNG,2024-12-01,0.0,0.0
MOZ,2024-12-01,0.0,0.6493189608094115
MRT,2024-12-01,0.0,0.0
MUS,2024-12-01,0.0,0.0
MWI,2024-12-01,0.0,0.0
MYS,2024-12-01,0.0,0.0
NAM,2024-12-01,0.0,0.0
NER,2024-12-01,0.0,0.5288937207502603
NGA,2024-12-01,0.0,0.21511379506156966
NIC,2024-12-01,0.0,0.0
NLD,2024-12-01,0.0,0.0
NOR,2024-12-01,0.0,0.0
NPL,2024-12-01,0.0,0.0
NZL,2024-12-01,0.0,0.0
OMN,2024-12-01,0.0,0.0
PAK,2024-12-01,0.0,0.10093535869617347
PAN,2024-12-01,0.0,0.0
PER,2024-12-01,0.0,0.0
PHL,2024-12-01,0.0,0.09389445931998189
PNG,2024-12-01,0.0,0.008824695721172235
POL,2024-12-01,0.0,0.0
PRK,2024-12-01,0.0,0.0
PRT,2024-12-01,0.0,0.0
PRY,2024-12-01,0.0,0.0
PSE,2024-12-01,0.0,0.643713376697809
QAT,2024-12-01,0.0,0.0
ROU,2024-12-01,0.0,0.0
RUS,2024-12-01,0.0,0.19624884646762464
RWA,2024-12-01,0.0,0.0
SAU,2024-12-01,0.0,0.0
SEN,2024-12-01,0.0,0.0
SGP,2024-12-01,0.0,0.0
SLB,2024-12-01,0.0,0.0
SLE,2024-12-01,0.0,0.0
SLV,2024-12-01,0.0,0.0
SOM,2024-12-01,1.0,0.9555049381674805
SRB,2024-12-01,0.0,0.0
STP,2024-12-01,0.0,0.0
SVK,2024-12-01,0.0,0.0
SVN,2024-12-01,0.0,0.0
SWE,2024-12-01,0.0,0.0
SWZ,2024-12-01,0.0,0.0
SYC,2024-12-01,0.0,0.0
SYR,2024-12-01,0.0,0.27571954134526017
TCD,2024-12-01,0.0,0.10626788303904028
TGO,2024-12-01,0.0,0.0
THA,2024-12-01,0.0,0.0
TJK,2024-12-01,0.0,0.0
TKM,2024-12-01,0.0,0.0
TLS,2024-12-01,0.0,0.0
TON,2024-12-01,0.0,0.0
TTO,2024-12-01,0.0,0.0
TUN,2024-12-01,0.0,0.0
TUR,2024-12-01,0.0,0.0
TZA,2024-12-01,0.0,0.0
UGA,2024-12-01,0.0,0.005
UKR,2024-12-01,0.0,0.6411402435973454
URY,2024-12-01,0.0,0.0
USA,2024-12-01,0.0,0.009659547018348624
UZB,2024-12-01,0.0,0.0
VEN,2024-12-01,0.0,0.006095329559239791
VNM,2024-12-01,0.0,0.0
VUT,2024-12-01,0.0,0.0
WSM,2024-12-01,0.0,0.0
YEM,2024-12-01,0.0,0.019566589627843946
ZAF,2024-12-01,0.0,0.027575315026241633
ZMB,2024-12-01,0.0,0.0
ZWE,2024-12-01,0.0,0.0
AFG,2025-01-01,0.0,0.03243395521228669
AGO,2025-01-01,0.0,0.0
ALB,2025-01-01,0.0,0.0
ARE,2025-01-01,0.0,0.0
ARG,2025-01-01,0.0,0.0
ARM,2025-01-01,0.0,0.0
AUS,2025-01-01,0.0,0.005
AUT,2025-01-01,0.0,0.0
AZE,2025-01-01,0.0,0.0
BDI,2025-01-01,0.0,0.0
BEL,2025-01-01,0.0,0.0
BEN,2025-01-01,0.0,0.0
BGD,2025-01-01,0.0,0.03879152248116238
BGR,2025-01-01,0.0,0.0
BHR,2025-01-01,0.0,0.0
BHS,2025-01-01,0.0,0.0
BIH,2025-01-01,0.0,0.0
BLR,2025-01-01,0.0,0.0
BLZ,2025-01-01,0.0,0.0
BOL,2025-01-01,0.0,0.0
BRA,2025-01-01,0.0,0.049201730191121375
BRB,2025-01-01,0.0,0.0
BRN,2025-01-01,0.0,0.0
BTN,2025-01-01,0.0,0.0
BWA,2025-01-01,0.0,0.0
CAF,2025-01-01,0.0,0.7261954201772537
CAN,2025-01-01,0.0,0.0
CHE,2025-01-01,0.0,0.0
CHL,2025-01-01,0.0,0.0
CHN,2025-01-01,0.0,0.0
CIV,2025-01-01,0.0,0.0
CMR,2025-01-01,0.0,0.5598312191822514
COM,2025-01-01,0.0,0.0
CRI,2025-01-01,0.0,0.0
CUB,2025-01-01,0.0,0.0
CYP,2025-01-01,0.0,0.0
CZE,2025-01-01,0.0,0.0
DEU,2025-01-01,0.0,0.0
DJI,2025-01-01,0.0,0.0
DNK,2025-01-01,0.0,0.0
DOM,2025-01-01,0.0,0.0
DZA,2025-01-01,0.0,0.0
ECU,2025-01-01,0.0,0.019380881143490635
EGY,2025-01-01,0.0,0.0
ERI,2025-01-01,0.0,0.0
ESP,2025-01-01,0.0,0.0
EST,2025-01-01,0.0,0.0
ETH,2025-01-01,0.0,0.5395621658804102
FIN,2025-01-01,0.0,0.0
FJI,2025-01-01,0.0,0.0
FRA,2025-01-01,0.0,0.0
GAB,2025-01-01,0.0,0.0
GBR,2025-01-01,0.0,0.0
GEO,2025-01-01,0.0,0.0
GHA,2025-01-01,0.0,0.0
GIN,2025-01-01,0.0,0.0
GMB,2025-01-01,0.0,0.0
GNB,2025-01-01,0.0,0.0
GNQ,2025-01-01,0.0,0.0
GRC,2025-01-01,0.0,0.004713349957643804
GRD,2025-01-01,0.0,0.0
GTM,2025-01-01,0.0,0.0
GUY,2025-01-01,0.0,0.0
HND,2025-01-01,0.0,0.014640958070209329
HRV,2025-01-01,0.0,0.0
HTI,2025-01-01,1.0,0.7596718459829974
HUN,2025-01-01,0.0,0.0
IDN,2025-01-01,0.0,0.09002591128835052
IND,2025-01-01,0.0,0.027874006967743527
IRL,2025-01-01,0.0,0.0
IRN,2025-01-01,0.0,0.013502912309956932
IRQ,2025-01-01,0.0,0.150495956880734
ISL,2025-01-01,0.0,0.0
ISR,2025-01-01,0.0,0.0609855934330856
ITA,2025-01-01,0.0,0.0
JAM,2025-01-01,0.0,0.0
JOR,2025-01-01,0.0,0.0
JPN,2025-01-01,0.0,0.0
KAZ,2025-01-01,0.0,0.0
KEN,2025-01-01,0.0,0.001238571804808305
KGZ,2025-01-01,0.0,0.0
KHM,2025-01-01,0.0,0.0
KOR,2025-01-01,0.0,0.0
KWT,2025-01-01,0.0,0.0
LAO,2025-01-01,0.0,0.0
LBN,2025-01-01,0.0,0.5435343859891567
LBR,2025-01-01,0.0,0.0
LBY,2025-01-01,0.0,0.009290870198039279
LKA,2025-01-01,0.0,0.0
LSO,2025-01-01,0.0,0.0
LTU,2025-01-01,0.0,0.0
LUX,2025-01-01,0.0,0.0
LVA,2025-01-01,0.0,0.0
MAR,2025-01-01,0.0,0.004735242821439488
MDA,2025-01-01,0.0,0.0
MDG,2025-01-01,0.0,0.004985329471671684
MDV,2025-01-01,0.0,0.0
MEX,2025-01-01,0.0,0.08414239833599066
MKD,2025-01-01,0.0,0.0
MLI,2025-01-01,0.0,0.5776683543505681
MLT,2025-01-01,0.0,0.0
MMR,2025-01-01,0.0,0.6589686445472897
MNE,2025-01-01,0.0,0.0
MNG,2025-01-01,0.0,0.0
MOZ,2025-01-01,0.0,0.5856907455736665
MRT,2025-01-01,0.0,0.0
MUS,2025-01-01,0.0,0.0
MWI,2025-01-01,0.0,0.0
MYS,2025-01-01,0.0,0.0
NAM,2025-01-01,0.0,0.0
NER,2025-01-01,0.0,0.743023861163806
NGA,2025-01-01,0.0,0.17801363592883054
NIC,2025-01-01,0.0,0.0
NLD,2025-01-01,0.0,0.0
NOR,2025-01-01,0.0,0.0
NPL,2025-01-01,0.0,0.0
NZL,2025-01-01,0.0,0.0
OMN,2025-01-01,0.0,0.0
PAK,2025-01-01,0.0,0.06846313694803575
PAN,2025-01-01,0.0,0.0
PER,2025-01-01,0.0,0.0
PHL,2025-01-01,0.0,0.024916642366725545
PNG,2025-01-01,0.0,0.009311278659694479
POL,2025-01-01,0.0,0.0
PRK,2025-01-01,0.0,0.0
PRT,2025-01-01,0.0,0.0
PRY,2025-01-01,0.0,0.0
PSE,2025-01-01,1.0,0.2085948991926852
QAT,2025-01-01,0.0,0.0
ROU,2025-01-01,0.0,0.0
RUS,2025-01-01,0.0,0.20645505518997023
RWA,2025-01-01,0.0,0.0
SAU,2025-01-01,0.0,0.0
SEN,2025-01-01,0.0,0.0
SGP,2025-01-01,0.0,0.0
SLB,2025-01-01,0.0,0.0
SLE,2025-01-01,0.0,0.0
SLV,2025-01-01,0.0,0.0
SRB,2025-01-01,0.0,0.0
STP,2025-01-01,0.0,0.0
SVK,2025-01-01,0.0,0.0
SVN,2025-01-01,0.0,0.0
SWE,2025-01-01,0.0,0.0
SWZ,2025-01-01,0.0,0.0
SYC,2025-01-01,0.0,0.0
SYR,2025-01-01,0.0,0.16909206317064876
TCD,2025-01-01,0.0,0.2283731695145078
TGO,2025-01-01,0.0,0.0
THA,2025-01-01,0.0,0.0
TJK,2025-01-01,0.0,0.0
TKM,2025-01-01,0.0,0.0
TLS,2025-01-01,0.0,0.0
TON,2025-01-01,0.0,0.0
TTO,2025-01-01,0.0,0.0
TUN,2025-01-01,0.0,0.0
TUR,2025-01-01,0.0,0.0
TZA,2025-01-01,0.0,0.0
UGA,2025-01-01,0.0,0.0
UKR,2025-01-01,0.0,0.4015572593749357
URY,2025-01-01,0.0,0.0
USA,2025-01-01,0.0,0.015
UZB,2025-01-01,0.0,0.0
VEN,2025-01-01,0.0,0.0
VNM,2025-01-01,0.0,0.0
VUT,2025-01-01,0.0,0.0
WSM,2025-01-01,0.0,0.0
YEM,2025-01-01,0.0,0.03457726760148876
ZAF,2025-01-01,0.0,0.041598391129429695
ZMB,2025-01-01,0.0,0.0
ZWE,2025-01-01,0.0,0.0
AFG,2025-02-01,0.0,0.2264398707948227
AGO,2025-02-01,0.0,0.0
ALB,2025-02-01,0.0,0.0
ARE,2025-02-01,0.0,0.0
ARG,2025-02-01,0.0,0.0
ARM,2025-02-01,0.0,0.0
AUS,2025-02-01,0.0,0.0
AUT,2025-02-01,0.0,0.0
AZE,2025-02-01,0.0,0.0
BDI,2025-02-01,0.0,0.007364709561160547
BEL,2025-02-01,0.0,0.0
BEN,2025-02-01,0.0,0.0
BGD,2025-02-01,0.0,0.025072600937845458
BGR,2025-02-01,0.0,0.0
BHR,2025-02-01,0.0,0.0
BHS,2025-02-01,0.0,0.0
BIH,2025-02-01,0.0,0.0
BLR,2025-02-01,0.0,0.0
BLZ,2025-02-01,0.0,0.0
BOL,2025-02-01,0.0,0.0004235479445093799
BRA,2025-02-01,0.0,0.06718252931843134
BRB,2025-02-01,0.0,0.0
BRN,2025-02-01,0.0,0.0
BTN,2025-02-01,0.0,0.0
BWA,2025-02-01,0.0,0.0
CAF,2025-02-01,0.0,0.7048359198177256
CAN,2025-02-01,0.0,0.0
CHE,2025-02-01,0.0,0.0
CHL,2025-02-01,0.0,0.0
CHN,2025-02-01,0.0,0.0
CIV,2025-02-01,0.0,0.0
CMR,2025-02-01,0.0,0.6832591856026133
COL,2025-02-01,0.0,0.47501611306964714
COM,2025-02-01,0.0,0.0
CRI,2025-02-01,0.0,0.0
CUB,2025-02-01,0.0,0.0
CYP,2025-02-01,0.0,0.0
CZE,2025-02-01,0.0,0.0
DEU,2025-02-01,0.0,0.0004235479445093799
DJI,2025-02-01,0.0,0.0
DNK,2025-02-01,0.0,0.0
DOM,2025-02-01,0.0,0.0
DZA,2025-02-01,0.0,0.0
ECU,2025-02-01,0.0,0.006577328799014045
EGY,2025-02-01,0.0,0.004828385228095583
ERI,2025-02-01,0.0,0.0
ESP,2025-02-01,0.0,0.0
EST,2025-02-01,0.0,0.0
ETH,2025-02-01,0.0,0.3766884288306507
FIN,2025-02-01,0.0,0.0
FJI,2025-02-01,0.0,0.0
FRA,2025-02-01,0.0,0.0
GAB,2025-02-01,0.0,0.0
GBR,2025-02-01,0.0,0.0
GEO,2025-02-01,0.0,0.0
GHA,2025-02-01,0.0,0.00418239979928495
GIN,2025-02-01,0.0,0.0
GMB,2025-02-01,0.0,0.0
GNB,2025-02-01,0.0,0.0
GNQ,2025-02-01,0.0,0.0
GRC,2025-02-01,0.0,0.008366437873011456
GRD,2025-02-01,0.0,0.0
GTM,2025-02-01,0.0,0.0
GUY,2025-02-01,0.0,0.0
HND,2025-02-01,0.0,0.02167992941920123
HRV,2025-02-01,0.0,0.0
HTI,2025-02-01,1.0,0.9314047655642834
HUN,2025-02-01,0.0,0.0
IDN,2025-02-01,0.0,0.10239558588461797
IND,2025-02-01,0.0,0.013923732229486252
IRL,2025-02-01,0.0,0.0
IRN,2025-02-01,0.0,0.010902570536939646
IRQ,2025-02-01,0.0,0.10939189020510864
ISL,2025-02-01,0.0,0.0
ISR,2025-02-01,0.0,0.026984198828993656
ITA,2025-02-01,0.0,0.0
JAM,2025-02-01,0.0,0.0
JOR,2025-02-01,0.0,0.0
JPN,2025-02-01,0.0,0.0
KAZ,2025-02-01,0.0,0.0
KEN,2025-02-01,0.0,0.0
KGZ,2025-02-01,0.0,0.0
KHM,2025-02-01,0.0,0.0
KOR,2025-02-01,0.0,0.0
KWT,2025-02-01,0.0,0.0
LAO,2025-02-01,0.0,0.0
LBN,2025-02-01,0.0,0.570797805007989
LBR,2025-02-01,0.0,0.0
LBY,2025-02-01,0.0,0.0
LKA,2025-02-01,0.0,0.0
LSO,2025-02-01,0.0,0.0
LTU,2025-02-01,0.0,0.0
LUX,2025-02-01,0.0,0.0
LVA,2025-02-01,0.0,0.0
MAR,2025-02-01,0.0,0.0004235479445093799
MDA,2025-02-01,0.0,0.0
MDG,2025-02-01,0.0,0.0
MDV,2025-02-01,0.0,0.0
MEX,2025-02-01,0.0,0.17959637067625284
MKD,2025-02-01,0.0,0.0
MLI,2025-02-01,0.0,0.8196824538427734
MLT,2025-02-01,0.0,0.0
MMR,2025-02-01,0.0,0.5809200498888043
MNE,2025-02-01,0.0,0.0
MNG,2025-02-01,0.0,0.0
MOZ,2025-02-01,0.0,0.6020844638216157
MRT,2025-02-01,0.0,0.0
MUS,2025-02-01,0.0,0.0
MWI,2025-02-01,0.0,0.0
MYS,2025-02-01,0.0,0.0
NAM,2025-02-01,0.0,0.0
NER,2025-02-01,0.0,0.7863170143736292
NGA,2025-02-01,0.0,0.28194981042368306
NIC,2025-02-01,0.0,0.0
NLD,2025-02-01,0.0,0.0
NOR,2025-02-01,0.0,0.0
NPL,2025-02-01,0.0,0.0
NZL,2025-02-01,0.0,0.0
OMN,2025-02-01,0.0,0.0
PAK,2025-02-01,0.0,0.09273334513122374
PAN,2025-02-01,0.0,0.0
PER,2025-02-01,0.0,0.0
PHL,2025-02-01,0.0,0.013504637708335014
PNG,2025-02-01,0.0,0.023317770030751667
POL,2025-02-01,0.0,0.0
PRK,2025-02-01,0.0,0.0
PRT,2025-02-01,0.0,0.0
PRY,2025-02-01,0.0,0.0
PSE,2025-02-01,1.0,0.06838510844107698
QAT,2025-02-01,0.0,0.0
ROU,2025-02-01,0.0,0.0
RUS,2025-02-01,0.0,0.18108679210634895
RWA,2025-02-01,0.0,0.0
SAU,2025-02-01,0.0,0.0
SEN,2025-02-01,0.0,0.0
SGP,2025-02-01,0.0,0.0
SLB,2025-02-01,0.0,0.0
SLE,2025-02-01,0.0,0.0
SLV,2025-02-01,0.0,0.0
SRB,2025-02-01,0.0,0.0
STP,2025-02-01,0.0,0.0
SVK,2025-02-01,0.0,0.0
SVN,2025-02-01,0.0,0.0
SWE,2025-02-01,0.0,0.0
SWZ,2025-02-01,0.0,0.0
SYC,2025-02-01,0.0,0.0
SYR,2025-02-01,0.0,0.5010892358019545
TCD,2025-02-01,0.0,0.10645233567089452
TGO,2025-02-01,0.0,0.0
THA,2025-02-01,0.0,0.0
TJK,2025-02-01,0.0,0.0
TKM,2025-02-01,0.0,0.0
TLS,2025-02-01,0.0,0.0
TON,2025-02-01,0.0,0.0
TTO,2025-02-01,0.0,0.0
TUN,2025-02-01,0.0,0.0
TUR,2025-02-01,0.0,0.0004235479445093799
TZA,2025-02-01,0.0,0.0
UGA,2025-02-01,0.0,0.0
UKR,2025-02-01,0.0,0.2637127486618822
URY,2025-02-01,0.0,0.0
USA,2025-02-01,0.0,0.03042354794450938
UZB,2025-02-01,0.0,0.0
VEN,2025-02-01,0.0,0.0027332349565502567
VNM,2025-02-01,0.0,0.0
VUT,2025-02-01,0.0,0.0
WSM,2025-02-01,0.0,0.0
YEM,2025-02-01,0.0,0.02202477228822039
ZAF,2025-02-01,0.0,0.06590226003957764
ZMB,2025-02-01,0.0,0.0
ZWE,2025-02-01,0.0,0.0
AFG,2025-03-01,0.0,0.2711503315969701
AGO,2025-03-01,0.0,0.0
ALB,2025-03-01,0.0,0.0
ARE,2025-03-01,0.0,0.0
ARG,2025-03-01,0.0,0.0
ARM,2025-03-01,0.0,0.0
AUS,2025-03-01,0.0,0.0
AUT,2025-03-01,0.0,0.0
AZE,2025-03-01,0.0,0.0
BDI,2025-03-01,0.0,0.007944281860406695
BEL,2025-03-01,0.0,0.0
BEN,2025-03-01,0.0,0.028797203737776694
BGD,2025-03-01,0.0,0.029302280298453408
BGR,2025-03-01,0.0,0.0
BHR,2025-03-01,0.0,0.0
BHS,2025-03-01,0.0,0.0
BIH,2025-03-01,0.0,0.0
BLR,2025-03-01,0.0,0.0
BLZ,2025-03-01,0.0,0.0
BOL,2025-03-01,0.0,0.0
BRA,2025-03-01,0.0,0.06949223330907346
BRB,2025-03-01,0.0,0.0
BRN,2025-03-01,0.0,0.0
BTN,2025-03-01,0.0,0.0
BWA,2025-03-01,0.0,0.0
CAF,2025-03-01,0.0,0.7760250764020394
CAN,2025-03-01,0.0,0.0
CHE,2025-03-01,0.0,0.0
CHL,2025-03-01,0.0,0.0
CHN,2025-03-01,0.0,0.0
CIV,2025-03-01,0.0,0.0
CMR,2025-03-01,0.0,0.5977348770871237
COL,2025-03-01,0.0,0.5863445443386994
COM,2025-03-01,0.0,0.0
CRI,2025-03-01,0.0,0.0
CUB,2025-03-01,0.0,0.0
CYP,2025-03-01,0.0,0.0
CZE,2025-03-01,0.0,0.0
DEU,2025-03-01,0.0,0.0
DJI,2025-03-01,0.0,0.0
DNK,2025-03-01,0.0,0.0
DOM,2025-03-01,0.0,0.0
DZA,2025-03-01,0.0,0.0
ECU,2025-03-01,0.0,0.05037973054237058
EGY,2025-03-01,0.0,0.0
ERI,2025-03-01,0.0,0.0
ESP,2025-03-01,0.0,0.0
EST,2025-03-01,0.0,0.0
ETH,2025-03-01,1.0,0.7703705896310717
FIN,2025-03-01,0.0,0.0
FJI,2025-03-01,0.0,0.0
FRA,2025-03-01,0.0,0.0
GAB,2025-03-01,0.0,0.0
GBR,2025-03-01,0.0,0.0
GEO,2025-03-01,0.0,0.0
GHA,2025-03-01,0.0,0.011049230189147795
GIN,2025-03-01,0.0,0.0
GMB,2025-03-01,0.0,0.0
GNB,2025-03-01,0.0,0.0
GNQ,2025-03-01,0.0,0.0
GRC,2025-03-01,0.0,0.0
GRD,2025-03-01,0.0,0.0
GTM,2025-03-01,0.0,0.0
GUY,2025-03-01,0.0,0.0
HND,2025-03-01,0.0,0.033662979884578365
HRV,2025-03-01,0.0,0.0
HUN,2025-03-01,0.0,0.0
IDN,2025-03-01,0.0,0.1749225324996808
IND,2025-03-01,1.0,0.014540967923401897
IRL,2025-03-01,0.0,0.0
IRN,2025-03-01,0.0,0.0
IRQ,2025-03-01,0.0,0.1273969056557302
ISL,2025-03-01,0.0,0.0
ISR,2025-03-01,0.0,0.05265854472886296
ITA,2025-03-01,0.0,0.0
JAM,2025-03-01,0.0,0.0
JOR,2025-03-01,0.0,0.0
JPN,2025-03-01,0.0,0.0
KAZ,2025-03-01,0.0,0.0
KEN,2025-03-01,0.0,0.0
KGZ,2025-03-01,0.0,0.0
KHM,2025-03-01,0.0,0.0
KOR,2025-03-01,0.0,0.0
KWT,2025-03-01,0.0,0.0
LAO,2025-03-01,0.0,0.0
LBN,2025-03-01,0.0,0.5785364111129884
LBR,2025-03-01,0.0,0.0
LBY,2025-03-01,0.0,0.0
LKA,2025-03-01,0.0,0.0
LSO,2025-03-01,0.0,0.0
LTU,2025-03-01,0.0,0.0
LUX,2025-03-01,0.0,0.0
LVA,2025-03-01,0.0,0.0
MAR,2025-03-01,0.0,0.0
MDA,2025-03-01,0.0,0.0
MDG,2025-03-01,0.0,0.025141563669355226
MDV,2025-03-01,0.0,0.0
MEX,2025-03-01,0.0,0.0880765618269712
MKD,2025-03-01,0.0,0.0
MLI,2025-03-01,0.0,0.8728050866909052
MLT,2025-03-01,0.0,0.0
MMR,2025-03-01,0.0,0.30775589966420913
MNE,2025-03-01,0.0,0.0
MNG,2025-03-01,0.0,0.0
MOZ,2025-03-01,0.0,0.31571027129877843
MRT,2025-03-01,0.0,0.0
MUS,2025-03-01,0.0,0.0
MWI,2025-03-01,0.0,0.0
MYS,2025-03-01,0.0,0.0
NAM,2025-03-01,0.0,0.0
NER,2025-03-01,0.0,0.8704745841707207
NGA,2025-03-01,1.0,0.4313919780052365
NIC,2025-03-01,0.0,0.0
NLD,2025-03-01,0.0,0.0
NOR,2025-03-01,0.0,0.0
NPL,2025-03-01,0.0,0.0
NZL,2025-03-01,0.0,0.0
OMN,2025-03-01,0.0,0.0
PAK,2025-03-01,0.0,0.461485666309377
PAN,2025-03-01,0.0,0.0
PER,2025-03-01,0.0,0.0
PHL,2025-03-01,0.0,0.332879394411145
PNG,2025-03-01,0.0,0.05509486647144809
POL,2025-03-01,0.0,0.0
PRK,2025-03-01,0.0,0.0
PRT,2025-03-01,0.0,0.0
PRY,2025-03-01,0.0,0.0
QAT,2025-03-01,0.0,0.0
ROU,2025-03-01,0.0,0.0
RUS,2025-03-01,0.0,0.005
RWA,2025-03-01,0.0,0.0
SAU,2025-03-01,0.0,0.0
SEN,2025-03-01,0.0,0.0
SGP,2025-03-01,0.0,0.0
SLB,2025-03-01,0.0,0.0
SLE,2025-03-01,0.0,0.0
SLV,2025-03-01,0.0,0.0
SRB,2025-03-01,0.0,0.0
STP,2025-03-01,0.0,0.0
SVK,2025-03-01,0.0,0.0
SVN,2025-03-01,0.0,0.0
SWE,2025-03-01,0.0,0.0
SWZ,2025-03-01,0.0,0.0
SYC,2025-03-01,0.0,0.0
SYR,2025-03-01,0.0,0.6281433951266631
TCD,2025-03-01,0.0,0.048432821073943755
TGO,2025-03-01,0.0,0.0
THA,2025-03-01,0.0,0.0
TJK,2025-03-01,0.0,0.0
TKM,2025-03-01,0.0,0.0
TLS,2025-03-01,0.0,0.0
TON,2025-03-01,0.0,0.0
TTO,2025-03-01,0.0,0.0
TUN,2025-03-01,0.0,0.0
TUR,2025-03-01,0.0,0.0
TZA,2025-03-01,0.0,0.0
UGA,2025-03-01,0.0,0.0
UKR,2025-03-01,0.0,0.3119225043160355
URY,2025-03-01,0.0,0.0
USA,2025-03-01,0.0,0.01
UZB,2025-03-01,0.0,0.0
VEN,2025-03-01,0.0,0.0
VNM,2025-03-01,0.0,0.0
VUT,2025-03-01,0.0,0.0
WSM,2025-03-01,0.0,0.0
YEM,2025-03-01,0.0,0.030785736406436563
ZAF,2025-03-01,0.0,0.01724557915309375
ZMB,2025-03-01,0.0,0.0
ZWE,2025-03-01,0.0,0.0
AFG,2025-04-01,0.0,0.3188692337641876
AGO,2025-04-01,0.0,0.0
ALB,2025-04-01,0.0,0.0
ARE,2025-04-01,0.0,0.0
ARG,2025-04-01,0.0,0.0
ARM,2025-04-01,0.0,0.0
AUS,2025-04-01,0.0,0.0
AUT,2025-04-01,0.0,0.0
AZE,2025-04-01,0.0,0.0
BDI,2025-04-01,0.0,0.007491163502532514
BEL,2025-04-01,0.0,0.0
BEN,2025-04-01,0.0,0.009218954903806097
BGD,2025-04-01,0.0,0.02185573857998906
BGR,2025-04-01,0.0,0.0
BHR,2025-04-01,0.0,0.0
BHS,2025-04-01,0.0,0.0
BIH,2025-04-01,0.0,0.0
BLR,2025-04-01,0.0,0.0
BLZ,2025-04-01,0.0,0.0
BOL,2025-04-01,0.0,0.0
BRA,2025-04-01,0.0,0.0025872691777613904
BRB,2025-04-01,0.0,0.0
BRN,2025-04-01,0.0,0.0
BTN,2025-04-01,0.0,0.0
BWA,2025-04-01,0.0,0.0
CAF,2025-04-01,0.0,0.6398046337844258
CAN,2025-04-01,0.0,0.0
CHE,2025-04-01,0.0,0.0
CHL,2025-04-01,0.0,0.0
CHN,2025-04-01,0.0,0.0
CIV,2025-04-01,0.0,0.0
CMR,2025-04-01,0.0,0.568067936545893
COL,2025-04-01,0.0,0.3029558578882764
COM,2025-04-01,0.0,0.0
CRI,2025-04-01,0.0,0.0
CUB,2025-04-01,0.0,0.0
CYP,2025-04-01,0.0,0.0
CZE,2025-04-01,0.0,0.0
DEU,2025-04-01,0.0,0.0
DJI,2025-04-01,0.0,0.0
DNK,2025-04-01,0.0,0.0
DOM,2025-04-01,0.0,0.0
DZA,2025-04-01,0.0,0.0
ECU,2025-04-01,0.0,0.04199120797247779
EGY,2025-04-01,0.0,0.0
ERI,2025-04-01,0.0,0.0
ESP,2025-04-01,0.0,0.0
EST,2025-04-01,0.0,0.0
ETH,2025-04-01,1.0,0.8172700943000237
FIN,2025-04-01,0.0,0.0
FJI,2025-04-01,0.0,0.0
FRA,2025-04-01,0.0,0.0
GAB,2025-04-01,0.0,0.0
GBR,2025-04-01,0.0,0.0
GEO,2025-04-01,0.0,0.0
GHA,2025-04-01,0.0,0.0
GIN,2025-04-01,0.0,0.0
GMB,2025-04-01,0.0,0.0
GNB,2025-04-01,0.0,0.0
GNQ,2025-04-01,0.0,0.0
GRC,2025-04-01,0.0,0.0
GRD,2025-04-01,0.0,0.0
GTM,2025-04-01,0.0,0.0
GUY,2025-04-01,0.0,0.0
HND,2025-04-01,0.0,0.0172043300280364
HRV,2025-04-01,0.0,0.0
HUN,2025-04-01,0.0,0.0
IDN,2025-04-01,0.0,0.1854917309683327
IND,2025-04-01,1.0,0.017291480853011066
IRL,2025-04-01,0.0,0.0
IRN,2025-04-01,1.0,0.004195445373159726
IRQ,2025-04-01,0.0,0.0703658623991216
ISL,2025-04-01,0.0,0.0
ISR,2025-04-01,0.0,0.03349761872950693
ITA,2025-04-01,0.0,0.0
JAM,2025-04-01,0.0,0.0
JOR,2025-04-01,0.0,0.0
JPN,2025-04-01,0.0,0.0
KAZ,2025-04-01,0.0,0.0
KEN,2025-04-01,0.0,0.020983065735276387
KGZ,2025-04-01,0.0,0.0
KHM,2025-04-01,0.0,0.0
KOR,2025-04-01,0.0,0.005
KWT,2025-04-01,0.0,0.0
LAO,2025-04-01,0.0,0.0
LBN,2025-04-01,0.0,0.5430824078057485
LBR,2025-04-01,0.0,0.0
LBY,2025-04-01,0.0,0.01
LKA,2025-04-01,0.0,0.0
LSO,2025-04-01,0.0,0.0
LTU,2025-04-01,0.0,0.0
LUX,2025-04-01,0.0,0.0
LVA,2025-04-01,0.0,0.0
MAR,2025-04-01,0.0,0.0
MDA,2025-04-01,0.0,0.0
MDG,2025-04-01,0.0,0.0
MDV,2025-04-01,0.0,0.0
MEX,2025-04-01,0.0,0.05493757898524351
MKD,2025-04-01,0.0,0.0
MLI,2025-04-01,0.0,0.6628994429020633
MLT,2025-04-01,0.0,0.0
MMR,2025-04-01,0.0,0.5300823036083337
MNE,2025-04-01,0.0,0.0
MNG,2025-04-01,0.0,0.0
MOZ,2025-04-01,0.0,0.7633325755785317
MRT,2025-04-01,0.0,0.0
MUS,2025-04-01,0.0,0.0
MWI,2025-04-01,0.0,0.0
MYS,2025-04-01,0.0,0.0
NAM,2025-04-01,0.0,0.0
NER,2025-04-01,1.0,0.9449787133659836
NGA,2025-04-01,1.0,0.9172323091499774
NIC,2025-04-01,0.0,0.0
NLD,2025-04-01,0.0,0.0
NOR,2025-04-01,0.0,0.0
NPL,2025-04-01,0.0,0.0
NZL,2025-04-01,0.0,0.0
OMN,2025-04-01,0.0,0.0
PAK,2025-04-01,0.0,0.3166146690394747
PAN,2025-04-01,0.0,0.0
PER,2025-04-01,0.0,0.0
PHL,2025-04-01,0.0,0.31509163212133745
PNG,2025-04-01,0.0,0.027351799488041114
POL,2025-04-01,0.0,0.0
PRK,2025-04-01,0.0,0.0
PRT,2025-04-01,0.0,0.0
PRY,2025-04-01,0.0,0.0
QAT,2025-04-01,0.0,0.0
ROU,2025-04-01,0.0,0.0
RUS,2025-04-01,0.0,0.06568225702393533
RWA,2025-04-01,0.0,0.0
SAU,2025-04-01,0.0,0.0
SEN,2025-04-01,0.0,0.0
SGP,2025-04-01,0.0,0.0
SLB,2025-04-01,0.0,0.0
SLE,2025-04-01,0.0,0.0
SLV,2025-04-01,0.0,0.0
SOM,2025-04-01,1.0,0.9341565321797483
SRB,2025-04-01,0.0,0.0
STP,2025-04-01,0.0,0.0
SVK,2025-04-01,0.0,0.0
SVN,2025-04-01,0.0,0.0
SWE,2025-04-01,0.0,0.0
SWZ,2025-04-01,0.0,0.0
SYC,2025-04-01,0.0,0.0
SYR,2025-04-01,0.0,0.4941700214437001
TCD,2025-04-01,0.0,0.05923697853119455
TGO,2025-04-01,0.0,0.0
THA,2025-04-01,0.0,0.0
TJK,2025-04-01,0.0,0.0
TKM,2025-04-01,0.0,0.0
TLS,2025-04-01,0.0,0.0
TON,2025-04-01,0.0,0.0
TTO,2025-04-01,0.0,0.0
TUN,2025-04-01,0.0,0.0
TUR,2025-04-01,0.0,0.0
TZA,2025-04-01,0.0,0.0
UGA,2025-04-01,0.0,0.009031574759168232
UKR,2025-04-01,0.0,0.2572505166632247
URY,2025-04-01,0.0,0.0
USA,2025-04-01,0.0,0.005
UZB,2025-04-01,0.0,0.0
VEN,2025-04-01,0.0,0.004195445373159726
VNM,2025-04-01,0.0,0.0
VUT,2025-04-01,0.0,0.0
WSM,2025-04-01,0.0,0.0
YEM,2025-04-01,0.0,0.026004459799007167
ZAF,2025-04-01,0.0,0.015363699762061448
ZMB,2025-04-01,0.0,0.0
ZWE,2025-04-01,0.0,0.0
AFG,2025-05-01,0.0,0.2535398131714317
AGO,2025-05-01,0.0,0.0
ALB,2025-05-01,0.0,0.0
ARE,2025-05-01,0.0,0.0
ARG,2025-05-01,0.0,0.0
ARM,2025-05-01,0.0,0.0
AUS,2025-05-01,0.0,0.0
AUT,2025-05-01,0.0,0.0
AZE,2025-05-01,0.0,0.0
BDI,2025-05-01,0.0,0.007653780337887427
BEL,2025-05-01,0.0,0.0
BEN,2025-05-01,0.0,0.040666749591813704
BGD,2025-05-01,0.0,0.015591693222106948
BGR,2025-05-01,0.0,0.0
BHR,2025-05-01,0.0,0.0
BHS,2025-05-01,0.0,0.0
BIH,2025-05-01,0.0,0.0
BLR,2025-05-01,0.0,0.0
BLZ,2025-05-01,0.0,0.0
BOL,2025-05-01,0.0,0.0
BRA,2025-05-01,0.0,0.010225340665653717
BRB,2025-05-01,0.0,0.0
BRN,2025-05-01,0.0,0.0
BTN,2025-05-01,0.0,0.0
BWA,2025-05-01,0.0,0.0
CAF,2025-05-01,0.0,0.4058375442703395
CAN,2025-05-01,0.0,0.0
CHE,2025-05-01,0.0,0.0
CHL,2025-05-01,0.0,0.0
CHN,2025-05-01,0.0,0.0
CIV,2025-05-01,0.0,0.0
CMR,2025-05-01,0.0,0.4406606707898486
COL,2025-05-01,0.0,0.44097642426521466
COM,2025-05-01,0.0,0.0
CRI,2025-05-01,0.0,0.0
CUB,2025-05-01,0.0,0.0
CYP,2025-05-01,0.0,0.0
CZE,2025-05-01,0.0,0.0
DEU,2025-05-01,0.0,0.0
DJI,2025-05-01,0.0,0.0
DNK,2025-05-01,0.0,0.0
DOM,2025-05-01,0.0,0.0
DZA,2025-05-01,0.0,0.0
ECU,2025-05-01,0.0,0.027961714751609166
EGY,2025-05-01,0.0,0.0
ERI,2025-05-01,0.0,0.0
ESP,2025-05-01,0.0,0.0
EST,2025-05-01,0.0,0.0
ETH,2025-05-01,1.0,0.9048909581857787
FIN,2025-05-01,0.0,0.0
FJI,2025-05-01,0.0,0.0
FRA,2025-05-01,0.0,0.0
GAB,2025-05-01,0.0,0.0
GBR,2025-05-01,0.0,0.0
GEO,2025-05-01,0.0,0.0
GHA,2025-05-01,0.0,0.0030527430348752586
GIN,2025-05-01,0.0,0.0
GMB,2025-05-01,0.0,0.0
GNB,2025-05-01,0.0,0.0
GNQ,2025-05-01,0.0,0.0
GRC,2025-05-01,0.0,0.0
GRD,2025-05-01,0.0,0.0
GTM,2025-05-01,0.0,0.0
GUY,2025-05-01,0.0,0.0
HND,2025-05-01,0.0,0.0018403414984441075
HRV,2025-05-01,0.0,0.0
HUN,2025-05-01,0.0,0.0
IDN,2025-05-01,0.0,0.12868060262736586
IND,2025-05-01,0.0,0.5564393854548649
IRL,2025-05-01,0.0,0.0
IRN,2025-05-01,1.0,0.0
IRQ,2025-05-01,0.0,0.07373340783331606
ISL,2025-05-01,0.0,0.0
ISR,2025-05-01,0.0,0.045390367692839835
ITA,2025-05-01,0.0,0.0
JAM,2025-05-01,0.0,0.0
JOR,2025-05-01,0.0,0.0
JPN,2025-05-01,0.0,0.0
KAZ,2025-05-01,0.0,0.0
KEN,2025-05-01,0.0,0.029913258625699716
KGZ,2025-05-01,0.0,0.0
KHM,2025-05-01,1.0,0.0
KOR,2025-05-01,0.0,0.0
KWT,2025-05-01,0.0,0.0
LAO,2025-05-01,0.0,0.0
LBN,2025-05-01,0.0,0.3670231049397083
LBR,2025-05-01,0.0,0.0
LBY,2025-05-01,0.0,0.009868186521373855
LKA,2025-05-01,0.0,0.0
LSO,2025-05-01,0.0,0.0
LTU,2025-05-01,0.0,0.0
LUX,2025-05-01,0.0,0.0
LVA,2025-05-01,0.0,0.0
MAR,2025-05-01,0.0,0.0
MDA,2025-05-01,0.0,0.0
MDG,2025-05-01,0.0,0.0
MDV,2025-05-01,0.0,0.0
MEX,2025-05-01,0.0,0.050770770209682764
MKD,2025-05-01,0.0,0.0
MLI,2025-05-01,0.0,0.9195434287602058
MLT,2025-05-01,0.0,0.0
MMR,2025-05-01,0.0,0.5210253743747255
MNE,2025-05-01,0.0,0.0
MNG,2025-05-01,0.0,0.0
MOZ,2025-05-01,1.0,0.4417715798387684
MRT,2025-05-01,0.0,0.0
MUS,2025-05-01,0.0,0.0
MWI,2025-05-01,0.0,0.0
MYS,2025-05-01,0.0,0.0
NAM,2025-05-01,0.0,0.0
NER,2025-05-01,1.0,0.7300733605302863
NIC,2025-05-01,0.0,0.0
NLD,2025-05-01,0.0,0.0
NOR,2025-05-01,0.0,0.0
NPL,2025-05-01,0.0,0.0
NZL,2025-05-01,0.0,0.0
OMN,2025-05-01,0.0,0.0
PAK,2025-05-01,0.0,0.7041960850840304
PAN,2025-05-01,0.0,0.0
PER,2025-05-01,0.0,0.0
PHL,2025-05-01,0.0,0.6943988510802599
PNG,2025-05-01,0.0,0.0313970236293705
POL,2025-05-01,0.0,0.0
PRK,2025-05-01,0.0,0.0
PRT,2025-05-01,0.0,0.0
PRY,2025-05-01,0.0,0.0
QAT,2025-05-01,0.0,0.0
ROU,2025-05-01,0.0,0.0
RUS,2025-05-01,0.0,0.07757769956862244
RWA,2025-05-01,0.0,0.0
SAU,2025-05-01,0.0,0.0
SEN,2025-05-01,0.0,0.0
SGP,2025-05-01,0.0,0.0
SLB,2025-05-01,0.0,0.0
SLE,2025-05-01,0.0,0.0
SLV,2025-05-01,0.0,0.0
SOM,2025-05-01,1.0,0.9077132882728617
SRB,2025-05-01,0.0,0.0
STP,2025-05-01,0.0,0.0
SVK,2025-05-01,0.0,0.0
SVN,2025-05-01,0.0,0.0
SWE,2025-05-01,0.0,0.0
SWZ,2025-05-01,0.0,0.0
SYC,2025-05-01,0.0,0.0
SYR,2025-05-01,0.0,0.4175205677621666
TCD,2025-05-01,0.0,0.15675612828198313
TGO,2025-05-01,0.0,0.0
THA,2025-05-01,1.0,0.0
TJK,2025-05-01,0.0,0.0
TKM,2025-05-01,0.0,0.0
TLS,2025-05-01,0.0,0.0
TON,2025-05-01,0.0,0.0
TTO,2025-05-01,0.0,0.0
TUN,2025-05-01,0.0,0.0
TUR,2025-05-01,0.0,0.002955914391900552
TZA,2025-05-01,0.0,0.0
UGA,2025-05-01,0.0,0.0037823876680878974
UKR,2025-05-01,0.0,0.12801065065998254
URY,2025-05-01,0.0,0.0
USA,2025-05-01,0.0,0.0
UZB,2025-05-01,0.0,0.0
VEN,2025-05-01,0.0,0.0
VNM,2025-05-01,0.0,0.0
VUT,2025-05-01,0.0,0.0
WSM,2025-05-01,0.0,0.0
YEM,2025-05-01,0.0,0.0359163514904245
ZAF,2025-05-01,0.0,0.0018403414984441075
ZMB,2025-05-01,0.0,0.0
ZWE,2025-05-01,0.0,0.0
AFG,2025-06-01,0.0,0.1469813392729663
AGO,2025-06-01,0.0,0.0
ALB,2025-06-01,0.0,0.0
ARE,2025-06-01,0.0,0.0
ARG,2025-06-01,0.0,0.0
ARM,2025-06-01,0.0,0.0
AUS,2025-06-01,0.0,0.0
AUT,2025-06-01,0.0,0.0
AZE,2025-06-01,0.0,0.0
BDI,2025-06-01,0.0,0.0
BEL,2025-06-01,0.0,0.0
BEN,2025-06-01,0.0,0.054665480424821465
BGD,2025-06-01,0.0,0.01661169780857823
BGR,2025-06-01,0.0,0.0
BHR,2025-06-01,0.0,0.0
BHS,2025-06-01,0.0,0.0
BIH,2025-06-01,0.0,0.0
BLR,2025-06-01,0.0,0.0
BLZ,2025-06-01,0.0,0.0
BOL,2025-06-01,0.0,0.00418988061398522
BRA,2025-06-01,0.0,0.012851751148772603
BRB,2025-06-01,0.0,0.0
BRN,2025-06-01,0.0,0.0
BTN,2025-06-01,0.0,0.0
BWA,2025-06-01,0.0,0.0
CAF,2025-06-01,0.0,0.6188665298896747
CAN,2025-06-01,0.0,0.0
CHE,2025-06-01,0.0,0.0
CHL,2025-06-01,0.0,0.0
CHN,2025-06-01,0.0,0.0
CIV,2025-06-01,0.0,0.0
CMR,2025-06-01,0.0,0.3287154671673256
COL,2025-06-01,0.0,0.2582170284920762
COM,2025-06-01,0.0,0.0
CRI,2025-06-01,0.0,0.0
CUB,2025-06-01,0.0,0.0
CYP,2025-06-01,0.0,0.0
CZE,2025-06-01,0.0,0.0
DEU,2025-06-01,0.0,0.0
DJI,2025-06-01,0.0,0.0
DNK,2025-06-01,0.0,0.0
DOM,2025-06-01,0.0,0.0
DZA,2025-06-01,0.0,0.0
ECU,2025-06-01,0.0,0.026273375575712764
EGY,2025-06-01,0.0,0.0
ERI,2025-06-01,0.0,0.0
ESP,2025-06-01,0.0,0.0
EST,2025-06-01,0.0,0.0
ETH,2025-06-01,1.0,0.883884509289944
FIN,2025-06-01,0.0,0.0
FJI,2025-06-01,0.0,0.0
FRA,2025-06-01,0.0,0.0034731385485391136
GAB,2025-06-01,0.0,0.0
GBR,2025-06-01,0.0,0.0
GEO,2025-06-01,0.0,0.0
GHA,2025-06-01,0.0,0.0
GIN,2025-06-01,0.0,0.0
GMB,2025-06-01,0.0,0.0
GNB,2025-06-01,0.0,0.0
GNQ,2025-06-01,0.0,0.0
GRC,2025-06-01,0.0,0.0
GRD,2025-06-01,0.0,0.0
GTM,2025-06-01,0.0,0.0
GUY,2025-06-01,0.0,0.0
HND,2025-06-01,0.0,0.0
HRV,2025-06-01,0.0,0.0
HUN,2025-06-01,0.0,0.0
IDN,2025-06-01,0.0,0.04549025650966817
IND,2025-06-01,0.0,0.5855646583791773
IRL,2025-06-01,0.0,0.0
IRN,2025-06-01,0.0,0.1276069757658232
IRQ,2025-06-01,0.0,0.03291806389743687
ISL,2025-06-01,0.0,0.0
ISR,2025-06-01,0.0,0.11748690260765349
ITA,2025-06-01,0.0,0.0
JAM,2025-06-01,0.0,0.0
JOR,2025-06-01,0.0,0.0
JPN,2025-06-01,0.0,0.0
KAZ,2025-06-01,0.0,0.0
KEN,2025-06-01,0.0,0.05520548884846435
KGZ,2025-06-01,0.0,0.0
KHM,2025-06-01,1.0,0.0
KOR,2025-06-01,0.0,0.0
KWT,2025-06-01,0.0,0.0
LAO,2025-06-01,0.0,0.0
LBN,2025-06-01,0.0,0.2875227082296829
LBR,2025-06-01,0.0,0.0
LBY,2025-06-01,0.0,0.022981396426777857
LKA,2025-06-01,0.0,0.0
LSO,2025-06-01,0.0,0.0
LTU,2025-06-01,0.0,0.0
LUX,2025-06-01,0.0,0.0
LVA,2025-06-01,0.0,0.0
MAR,2025-06-01,0.0,0.00418988061398522
MDA,2025-06-01,0.0,0.0
MDG,2025-06-01,0.0,0.0
MDV,2025-06-01,0.0,0.0
MEX,2025-06-01,0.0,0.02750310872151169
MKD,2025-06-01,0.0,0.0
MLI,2025-06-01,0.0,0.9385691103321162
MLT,2025-06-01,0.0,0.0
MMR,2025-06-01,0.0,0.2978764037674665
MNE,2025-06-01,0.0,0.0
MNG,2025-06-01,0.0,0.0
MOZ,2025-06-01,1.0,0.5264559920911079
MRT,2025-06-01,0.0,0.0
MUS,2025-06-01,0.0,0.0
MWI,2025-06-01,0.0,0.0
MYS,2025-06-01,0.0,0.0
NAM,2025-06-01,0.0,0.0
NIC,2025-06-01,0.0,0.0
NLD,2025-06-01,0.0,0.0
NOR,2025-06-01,0.0,0.0
NPL,2025-06-01,0.0,0.0
NZL,2025-06-01,0.0,0.0
OMN,2025-06-01,0.0,0.0
PAK,2025-06-01,1.0,0.3706752485712995
PAN,2025-06-01,0.0,0.0
PER,2025-06-01,0.0,0.0
PHL,2025-06-01,0.0,0.2837206864699707
PNG,2025-06-01,0.0,0.002560806115357881
POL,2025-06-01,0.0,0.0
PRK,2025-06-01,0.0,0.0
PRT,2025-06-01,0.0,0.0
PRY,2025-06-01,0.0,0.0
QAT,2025-06-01,0.0,0.0
ROU,2025-06-01,0.0,0.0
RUS,2025-06-01,0.0,0.06319151764923255
RWA,2025-06-01,0.0,0.0
SAU,2025-06-01,0.0,0.0
SEN,2025-06-01,0.0,0.0
SGP,2025-06-01,0.0,0.0
SLB,2025-06-01,0.0,0.0
SLE,2025-06-01,0.0,0.0
SLV,2025-06-01,0.0,0.0
SRB,2025-06-01,0.0,0.0
STP,2025-06-01,0.0,0.0
SVK,2025-06-01,0.0,0.0
SVN,2025-06-01,0.0,0.0
SWE,2025-06-01,0.0,0.0
SWZ,2025-06-01,0.0,0.0
SYC,2025-06-01,0.0,0.0
SYR,2025-06-01,0.0,0.15515784422964857
TCD,2025-06-01,0.0,0.12220075793968627
TGO,2025-06-01,0.0,0.0
THA,2025-06-01,1.0,0.0
TJK,2025-06-01,0.0,0.0
TKM,2025-06-01,0.0,0.0
TLS,2025-06-01,0.0,0.0
TON,2025-06-01,0.0,0.0
TTO,2025-06-01,0.0,0.0
TUN,2025-06-01,0.0,0.0
TUR,2025-06-01,0.0,0.0
TZA,2025-06-01,0.0,0.0
UGA,2025-06-01,0.0,0.016677593666667476
UKR,2025-06-01,0.0,0.16083241854182362
URY,2025-06-01,0.0,0.0
USA,2025-06-01,0.0,0.0020901871809415767
UZB,2025-06-01,0.0,0.0
VEN,2025-06-01,0.0,0.0
VNM,2025-06-01,0.0,0.0
VUT,2025-06-01,0.0,0.0
WSM,2025-06-01,0.0,0.0
YEM,2025-06-01,0.0,0.06673142940308935
ZAF,2025-06-01,0.0,0.0
ZMB,2025-06-01,0.0,0.0
ZWE,2025-06-01,0.0,0.0
AFG,2025-07-01,0.0,0.18484246050468983
AGO,2025-07-01,0.0,0.00443636180336125
ALB,2025-07-01,0.0,0.00016151027212171767
ARE,2025-07-01,0.0,0.0
ARG,2025-07-01,0.0,0.0
ARM,2025-07-01,0.0,0.00016151027212171767
AUS,2025-07-01,0.0,0.00016151027212171767
AUT,2025-07-01,0.0,0.0
AZE,2025-07-01,0.0,0.0
BDI,2025-07-01,0.0,0.002144068053158964
BEL,2025-07-01,0.0,0.003977027697219525
BEN,2025-07-01,0.0,0.006332731086566319
BGD,2025-07-01,0.0,0.02502764163529516
BGR,2025-07-01,0.0,0.0
BHR,2025-07-01,0.0,0.00016151027212171767
BHS,2025-07-01,0.0,0.0
BIH,2025-07-01,0.0,0.00016151027212171767
BLR,2025-07-01,0.0,0.0
BLZ,2025-07-01,0.0,0.0
BOL,2025-07-01,0.0,0.004979143720853936
BRA,2025-07-01,0.0,0.033381687199470635
BRB,2025-07-01,0.0,0.0
BRN,2025-07-01,0.0,0.0
BTN,2025-07-01,0.0,0.0
BWA,2025-07-01,0.0,0.0
CAF,2025-07-01,0.0,0.4859377747303386
CAN,2025-07-01,0.0,0.003977027697219525
CHE,2025-07-01,0.0,0.00016151027212171767
CHL,2025-07-01,0.0,0.0
CHN,2025-07-01,0.0,0.0
CIV,2025-07-01,0.0,0.0
CMR,2025-07-01,0.0,0.21845484867682455
COL,2025-07-01,0.0,0.14116194989599168
COM,2025-07-01,0.0,0.0
CRI,2025-07-01,0.0,0.0
CUB,2025-07-01,0.0,0.0
CYP,2025-07-01,0.0,0.0
CZE,2025-07-01,0.0,0.003977027697219525
DEU,2025-07-01,0.0,0.0
DJI,2025-07-01,0.0,0.0
DNK,2025-07-01,0.0,0.00016151027212171767
DOM,2025-07-01,0.0,0.0
DZA,2025-07-01,0.0,0.0
ECU,2025-07-01,0.0,0.05011583849274089
EGY,2025-07-01,0.0,0.004162993005348852
ERI,2025-07-01,0.0,0.0
ESP,2025-07-01,0.0,0.002519715386895941
EST,2025-07-01,0.0,0.0011349614601862102
FIN,2025-07-01,0.0,0.00016151027212171767
FJI,2025-07-01,0.0,0.0
FRA,2025-07-01,0.0,0.002519715386895941
GAB,2025-07-01,0.0,0.0
GBR,2025-07-01,0.0,0.00016151027212171767
GEO,2025-07-01,0.0,0.00016151027212171767
GHA,2025-07-01,0.0,0.01074091594017352
GIN,2025-07-01,0.0,0.0
GMB,2025-07-01,0.0,0.0011349614601862102
GNB,2025-07-01,0.0,0.0011349614601862102
GNQ,2025-07-01,0.0,0.0
GRC,2025-07-01,0.0,0.0
GRD,2025-07-01,0.0,0.0
GTM,2025-07-01,0.0,0.007576399965313063
GUY,2025-07-01,0.0,0.0
HND,2025-07-01,0.0,0.0011928019266719456
HRV,2025-07-01,0.0,0.007871085363562402
HTI,2025-07-01,1.0,0.7209237190498355
HUN,2025-07-01,0.0,0.0
IDN,2025-07-01,0.0,0.010369566142268477
IND,2025-07-01,0.0,0.5640686557911395
IRL,2025-07-01,0.0,0.00016151027212171767
IRN,2025-07-01,0.0,0.26222917485731473
IRQ,2025-07-01,0.0,0.012775616946452448
ISL,2025-07-01,0.0,0.003977027697219525
ISR,2025-07-01,0.0,0.19947437106868604
ITA,2025-07-01,0.0,0.00016151027212171767
JAM,2025-07-01,0.0,0.002144068053158964
JOR,2025-07-01,0.0,0.0011349614601862102
JPN,2025-07-01,0.0,0.0012543973290650217
KAZ,2025-07-01,0.0,0.0
KEN,2025-07-01,0.0,0.06044550493906793
KGZ,2025-07-01,0.0,0.0
KHM,2025-07-01,0.0,0.049800913749627175
KOR,2025-07-01,0.0,0.0008135567910310533
KWT,2025-07-01,0.0,0.0
LAO,2025-07-01,0.0,0.0
LBN,2025-07-01,0.0,0.3413884295787659
LBR,2025-07-01,0.0,0.0
LBY,2025-07-01,0.0,0.041525826623072006
LKA,2025-07-01,0.0,0.0
LSO,2025-07-01,0.0,0.0
LTU,2025-07-01,0.0,0.00016151027212171767
LUX,2025-07-01,0.0,0.006404763920914347
LVA,2025-07-01,0.0,0.0
MAR,2025-07-01,0.0,0.030419394660918732
MDA,2025-07-01,0.0,0.003977027697219525
MDG,2025-07-01,0.0,0.0
MDV,2025-07-01,0.0,0.0011349614601862102
MEX,2025-07-01,0.0,0.018389531457860174
MKD,2025-07-01,0.0,0.00016151027212171767
MLI,2025-07-01,0.0,0.8545266308781432
MLT,2025-07-01,0.0,0.0011349614601862102
MMR,2025-07-01,0.0,0.17417281164728807
MNE,2025-07-01,0.0,0.00016151027212171767
MNG,2025-07-01,0.0,0.006404763920914347
MRT,2025-07-01,0.0,0.00016151027212171767
MUS,2025-07-01,0.0,0.00016151027212171767
MWI,2025-07-01,0.0,0.0
MYS,2025-07-01,0.0,0.00016151027212171767
NAM,2025-07-01,0.0,0.0
NIC,2025-07-01,0.0,0.0
NLD,2025-07-01,0.0,0.0
NOR,2025-07-01,0.0,0.00016151027212171767
NPL,2025-07-01,0.0,0.0
NZL,2025-07-01,0.0,0.00016151027212171767
OMN,2025-07-01,0.0,0.0
PAK,2025-07-01,1.0,0.4249137233590779
PAN,2025-07-01,0.0,0.0
PER,2025-07-01,0.0,0.0020087639684610616
PHL,2025-07-01,0.0,0.3332162978990133
PNG,2025-07-01,0.0,0.004321232458816352
POL,2025-07-01,0.0,0.00016151027212171767
PRK,2025-07-01,0.0,0.003977027697219525
PRT,2025-07-01,0.0,0.00016151027212171767
PRY,2025-07-01,0.0,0.00016151027212171767
QAT,2025-07-01,0.0,0.0
ROU,2025-07-01,0.0,0.00016151027212171767
RUS,2025-07-01,0.0,0.10903073497092693
RWA,2025-07-01,0.0,0.0
SAU,2025-07-01,0.0,0.0
SEN,2025-07-01,0.0,0.0
SGP,2025-07-01,0.0,0.0
SLB,2025-07-01,0.0,0.0
SLE,2025-07-01,0.0,0.0
SLV,2025-07-01,0.0,0.0
SRB,2025-07-01,0.0,0.00016151027212171767
STP,2025-07-01,0.0,0.0
SVK,2025-07-01,0.0,0.00016151027212171767
SVN,2025-07-01,0.0,0.00016151027212171767
SWE,2025-07-01,0.0,0.003977027697219525
SWZ,2025-07-01,0.0,0.0
SYC,2025-07-01,0.0,0.0
SYR,2025-07-01,0.0,0.1292068730751689
TCD,2025-07-01,0.0,0.22513482102021823
TGO,2025-07-01,0.0,0.0
THA,2025-07-01,0.0,0.31634349688113034
TJK,2025-07-01,0.0,0.0
TKM,2025-07-01,0.0,0.0
TLS,2025-07-01,0.0,0.0
TON,2025-07-01,0.0,0.0
TTO,2025-07-01,0.0,0.0009528582383726423
TUN,2025-07-01,0.0,0.0
TUR,2025-07-01,0.0,0.0
TZA,2025-07-01,0.0,0.0009528582383726423
UGA,2025-07-01,0.0,0.012406638343535585
UKR,2025-07-01,0.0,0.10858295602108083
URY,2025-07-01,0.0,0.0
USA,2025-07-01,0.0,0.0
UZB,2025-07-01,0.0,0.0
VEN,2025-07-01,0.0,0.0011928019266719456
VNM,2025-07-01,0.0,0.0
VUT,2025-07-01,0.0,0.0
WSM,2025-07-01,0.0,0.0
YEM,2025-07-01,0.0,0.036541452890376164
ZAF,2025-07-01,0.0,0.0041340026868095835
ZMB,2025-07-01,0.0,0.0
ZWE,2025-07-01,0.0,0.0
AFG,2025-08-01,1.0,0.05944460921948682
AGO,2025-08-01,0.0,0.00037341597293535385
ALB,2025-08-01,0.0,0.013529446158950846
ARE,2025-08-01,0.0,0.0016398582982125192
ARG,2025-08-01,0.0,0.0
ARM,2025-08-01,0.0,0.0
AUS,2025-08-01,0.0,0.00022069456016238256
AUT,2025-08-01,0.0,0.0021051559096849836
AZE,2025-08-01,0.0,0.002941973245365615
BDI,2025-08-01,0.0,0.00664955591545128
BEL,2025-08-01,0.0,0.00024289132791238959
BEN,2025-08-01,0.0,0.02122994247986483
BGD,2025-08-01,0.0,0.03389886287313475
BGR,2025-08-01,0.0,0.002861884972475479
BHR,2025-08-01,0.0,0.0011596374568072323
BHS,2025-08-01,0.0,0.003800637226596919
BIH,2025-08-01,0.0,0.0021051559096849836
BLR,2025-08-01,0.0,0.003081612077183033
BLZ,2025-08-01,0.0,0.0
BOL,2025-08-01,0.0,0.009110430857655121
BRA,2025-08-01,0.0,0.007655604551314576
BRB,2025-08-01,0.0,0.04064821921161698
BRN,2025-08-01,0.0,0.0016398582982125192
BTN,2025-08-01,0.0,0.0016398582982125192
BWA,2025-08-01,0.0,0.0006888179466715363
CAF,2025-08-01,0.0,0.38799181397140403
CAN,2025-08-01,0.0,0.0008174065568485302
CHE,2025-08-01,0.0,0.0022776133164968283
CHL,2025-08-01,0.0,0.0
CHN,2025-08-01,0.0,0.0
CIV,2025-08-01,0.0,0.01645391727945038
CMR,2025-08-01,0.0,0.3602455881527817
COL,2025-08-01,0.0,0.1549376775380008
COM,2025-08-01,0.0,0.0
CRI,2025-08-01,0.0,0.0
CUB,2025-08-01,0.0,0.0
CYP,2025-08-01,0.0,6.0677494058034984e-05
CZE,2025-08-01,0.0,0.0
DEU,2025-08-01,0.0,0.0
DJI,2025-08-01,0.0,0.0016398582982125192
DNK,2025-08-01,0.0,0.00362376896956131
DOM,2025-08-01,0.0,0.005
DZA,2025-08-01,0.0,0.0
ECU,2025-08-01,0.0,0.045120154338440965
EGY,2025-08-01,0.0,0.0
ERI,2025-08-01,0.0,0.003800637226596919
ESP,2025-08-01,0.0,0.0
EST,2025-08-01,0.0,0.0015157293194109972
FIN,2025-08-01,0.0,0.0011734984194522952
FJI,2025-08-01,0.0,0.0016398582982125192
FRA,2025-08-01,0.0,0.0
GAB,2025-08-01,0.0,0.0011336086594506275
GBR,2025-08-01,0.0,6.0677494058034984e-05
GEO,2025-08-01,0.0,0.0022776133164968283
GHA,2025-08-01,0.0,0.023908603569818044
GIN,2025-08-01,0.0,0.0
GMB,2025-08-01,0.0,0.00024289132791238959
GNB,2025-08-01,0.0,0.0016398582982125192
GNQ,2025-08-01,0.0,0.0016398582982125192
GRC,2025-08-01,0.0,0.0
GRD,2025-08-01,0.0,0.0016398582982125192
GTM,2025-08-01,0.0,0.0045409541483524465
GUY,2025-08-01,0.0,0.0019700057743090886
HND,2025-08-01,0.0,0.0014588934405839213
HRV,2025-08-01,0.0,0.0007590002566205022
HTI,2025-08-01,1.0,0.7563527820264936
HUN,2025-08-01,0.0,6.0677494058034984e-05
IDN,2025-08-01,0.0,0.010396492917115642
IND,2025-08-01,0.0,0.2866249344964652
IRL,2025-08-01,0.0,0.0022776133164968283
IRN,2025-08-01,0.0,0.2698459117079662
IRQ,2025-08-01,0.0,0.001980622754582884
ISL,2025-08-01,0.0,0.015632683950113656
ISR,2025-08-01,0.0,0.08681750365054006
ITA,2025-08-01,0.0,0.0021051559096849836
JAM,2025-08-01,0.0,0.0027390794937350083
JOR,2025-08-01,0.0,0.0
JPN,2025-08-01,0.0,0.0013386704198519784
KAZ,2025-08-01,0.0,0.0
KEN,2025-08-01,0.0,0.14570052765266792
KGZ,2025-08-01,0.0,0.0
KHM,2025-08-01,0.0,0.04010596538827759
KOR,2025-08-01,0.0,0.0040031651110090495
KWT,2025-08-01,0.0,0.0016398582982125192
LAO,2025-08-01,0.0,0.0007345301038311163
LBN,2025-08-01,0.0,0.26154360263246346
LBR,2025-08-01,0.0,0.0
LBY,2025-08-01,0.0,0.025854511850045423
LKA,2025-08-01,0.0,0.0
LSO,2025-08-01,0.0,0.0016398582982125192
LTU,2025-08-01,0.0,0.0022776133164968283
LUX,2025-08-01,0.0,0.004862618843880879
LVA,2025-08-01,0.0,0.0
MAR,2025-08-01,0.0,0.006533656556230458
MDA,2025-08-01,0.0,0.002861884972475479
MDG,2025-08-01,0.0,0.001980622754582884
MDV,2025-08-01,0.0,0.002861884972475479
MEX,2025-08-01,0.0,0.028587612771913157
MKD,2025-08-01,0.0,0.01394709759549594
MLI,2025-08-01,0.0,0.8427600650952976
MLT,2025-08-01,0.0,0.013524644299963341
MMR,2025-08-01,0.0,0.13416731600074278
MNE,2025-08-01,0.0,0.0011596374568072323
MNG,2025-08-01,0.0,0.01539041026456915
MRT,2025-08-01,0.0,0.00024289132791238959
MUS,2025-08-01,0.0,0.0011734984194522952
MWI,2025-08-01,0.0,0.0
MYS,2025-08-01,0.0,0.00040290839401673715
NAM,2025-08-01,0.0,0.0
NER,2025-08-01,0.0,0.6684167919540149
NIC,2025-08-01,0.0,0.0
NLD,2025-08-01,0.0,6.0677494058034984e-05
NOR,2025-08-01,0.0,0.0
NPL,2025-08-01,0.0,0.0
NZL,2025-08-01,0.0,6.0677494058034984e-05
OMN,2025-08-01,0.0,0.0016398582982125192
PAK,2025-08-01,1.0,0.8296354036151231
PAN,2025-08-01,0.0,0.0
PER,2025-08-01,0.0,0.0037178222960348767
PHL,2025-08-01,0.0,0.6906732015690331
PNG,2025-08-01,0.0,0.0
POL,2025-08-01,0.0,0.0021051559096849836
PRK,2025-08-01,0.0,0.0034445453639931536
PRT,2025-08-01,0.0,0.0022776133164968283
PRY,2025-08-01,0.0,0.0011734984194522952
QAT,2025-08-01,0.0,0.0016398582982125192
ROU,2025-08-01,0.0,0.00041676935666179997
RUS,2025-08-01,0.0,0.10786930509895713
RWA,2025-08-01,0.0,0.0044770147072862995
SAU,2025-08-01,0.0,0.00039528647026039503
SEN,2025-08-01,0.0,0.0
SGP,2025-08-01,0.0,0.0016398582982125192
SLB,2025-08-01,0.0,0.0016398582982125192
SLE,2025-08-01,0.0,0.0
SLV,2025-08-01,0.0,0.0
SRB,2025-08-01,0.0,0.0013311340160301957
STP,2025-08-01,0.0,0.01429133015603668
SVK,2025-08-01,0.0,0.0011734984194522952
SVN,2025-08-01,0.0,0.012600941942431457
SWE,2025-08-01,0.0,0.0011734984194522952
SWZ,2025-08-01,0.0,0.0023652922445694833
SYC,2025-08-01,0.0,0.0016398582982125192
SYR,2025-08-01,1.0,0.0948460480695872
TCD,2025-08-01,0.0,0.1859466519021742
TGO,2025-08-01,0.0,0.0019700057743090886
THA,2025-08-01,0.0,0.11807809122286013
TJK,2025-08-01,0.0,0.0016398582982125192
TKM,2025-08-01,0.0,0.0016398582982125192
TLS,2025-08-01,0.0,0.0016398582982125192
TON,2025-08-01,0.0,0.0016398582982125192
TTO,2025-08-01,0.0,0.001980622754582884
TUN,2025-08-01,0.0,0.00022069456016238256
TUR,2025-08-01,0.0,0.0008150250873220831
TZA,2025-08-01,0.0,0.0
UGA,2025-08-01,0.0,0.03136744225702476
UKR,2025-08-01,0.0,0.1687257329174452
URY,2025-08-01,0.0,0.01539041026456915
USA,2025-08-01,0.0,0.008245038075531792
UZB,2025-08-01,0.0,0.0
VEN,2025-08-01,0.0,0.001980622754582884
VNM,2025-08-01,0.0,0.0016398582982125192
VUT,2025-08-01,0.0,0.0016398582982125192
WSM,2025-08-01,0.0,0.0016398582982125192
YEM,2025-08-01,0.0,0.08785301112622661
ZAF,2025-08-01,0.0,0.024661179600799908
ZMB,2025-08-01,0.0,0.0
ZWE,2025-08-01,0.0,0.0
AFG,2025-09-01,1.0,0.018995729945227025
AGO,2025-09-01,0.0,0.0019285266813052638
ALB,2025-09-01,0.0,0.01431935198692193
ARE,2025-09-01,0.0,0.0022289887925374826
ARG,2025-09-01,0.0,0.0
ARM,2025-09-01,0.0,0.0
AUS,2025-09-01,0.0,0.000677593730502475
AUT,2025-09-01,0.0,0.0020184523560496854
AZE,2025-09-01,0.0,0.0020200075764264134
BDI,2025-09-01,0.0,0.007761939472957913
BEL,2025-09-01,0.0,0.0012042175992844815
BEN,2025-09-01,0.0,0.013180310926314616
BFA,2025-09-01,0.0,0.6641744393424034
BGD,2025-09-01,0.0,0.018445870796178165
BGR,2025-09-01,0.0,0.0012042175992844815
BHR,2025-09-01,0.0,0.0013452846506706168
BHS,2025-09-01,0.0,0.007126469744500363
BIH,2025-09-01,0.0,0.0013452846506706168
BLR,2025-09-01,0.0,0.00037046276697078577
BLZ,2025-09-01,0.0,5.79762445828541e-05
BOL,2025-09-01,0.0,0.0
BRA,2025-09-01,0.0,0.011588232650197166
BRB,2025-09-01,0.0,0.007126469744500363
BRN,2025-09-01,0.0,0.0022289887925374826
BTN,2025-09-01,0.0,0.0022289887925374826
BWA,2025-09-01,0.0,0.0015155739788371948
CAF,2025-09-01,0.0,0.4310159345128467
CAN,2025-09-01,0.0,0.001712719897402035
CHE,2025-09-01,0.0,0.0015069225376927644
CHL,2025-09-01,0.0,0.0
CHN,2025-09-01,0.0,0.00014106705138613508
CIV,2025-09-01,0.0,0.005
CMR,2025-09-01,0.0,0.22848107661652384
COL,2025-09-01,0.0,0.1906350574742291
COM,2025-09-01,0.0,0.00048584597362225616
CRI,2025-09-01,0.0,0.0008101798478135992
CUB,2025-09-01,0.0,0.0
CYP,2025-09-01,0.0,0.0016479895890788995
CZE,2025-09-01,0.0,0.0
DEU,2025-09-01,0.0,0.0004984099355554215
DJI,2025-09-01,0.0,0.0022289887925374826
DNK,2025-09-01,0.0,0.0020154248358103173
DOM,2025-09-01,0.0,0.0
DZA,2025-09-01,0.0,0.0009374339194305245
ECU,2025-09-01,0.0,0.020299569680739257
EGY,2025-09-01,0.0,0.000539216051082452
ERI,2025-09-01,0.0,0.01431935198692193
ESP,2025-09-01,0.0,0.0003544612128299884
EST,2025-09-01,0.0,0.0022289887925374826
FIN,2025-09-01,0.0,0.0023858876027811034
FJI,2025-09-01,0.0,0.0022289887925374826
FRA,2025-09-01,0.0,0.00014106705138613508
GAB,2025-09-01,0.0,0.0017377309162144147
GBR,2025-09-01,0.0,0.0006196174859196209
GEO,2025-09-01,0.0,0.0015746803662552674
GHA,2025-09-01,0.0,0.04189163338143274
GIN,2025-09-01,0.0,0.004382914718384555
GMB,2025-09-01,0.0,0.011048330503350851
GNB,2025-09-01,0.0,0.018787147410711195
GNQ,2025-09-01,0.0,0.0022289887925374826
GRC,2025-09-01,0.0,0.0
GRD,2025-09-01,0.0,0.0022289887925374826
GTM,2025-09-01,0.0,0.0008794576748476704
GUY,2025-09-01,0.0,0.002238373083379626
HND,2025-09-01,0.0,0.000539216051082452
HRV,2025-09-01,0.0,0.0015069225376927644
HUN,2025-09-01,0.0,0.0016479895890788995
IDN,2025-09-01,0.0,0.024616481075138422
IND,2025-09-01,0.0,0.2693517797045666
IRL,2025-09-01,0.0,0.0009802986689107574
IRN,2025-09-01,0.0,0.17998168261927064
IRQ,2025-09-01,0.0,0.004407358318925273
ISL,2025-09-01,0.0,0.0009223224243279034
ISR,2025-09-01,0.0,0.11140021045755322
ITA,2025-09-01,0.0,0.0003346017118080526
JAM,2025-09-01,0.0,0.000539216051082452
JOR,2025-09-01,0.0,5.79762445828541e-05
JPN,2025-09-01,0.0,0.0013452846506706168
KAZ,2025-09-01,0.0,0.0
KEN,2025-09-01,0.0,0.30612111386399
KGZ,2025-09-01,0.0,0.0
KHM,2025-09-01,0.0,0.02470422100846473
KOR,2025-09-01,0.0,0.001257001262418424
KWT,2025-09-01,0.0,0.0022289887925374826
LAO,2025-09-01,0.0,0.0013296706733432154
LBN,2025-09-01,0.0,0.037418055274150305
LBR,2025-09-01,0.0,5.79762445828541e-05
LBY,2025-09-01,0.0,0.023702133002143872
LKA,2025-09-01,0.0,0.00014106705138613508
LSO,2025-09-01,0.0,0.0022289887925374826
LTU,2025-09-01,0.0,0.0016479895890788995
LUX,2025-09-01,0.0,0.0020184523560496854
LVA,2025-09-01,0.0,0.0003694946763952808
MAR,2025-09-01,0.0,0.008320900090855083
MDA,2025-09-01,0.0,0.0020734010803931716
MDG,2025-09-01,0.0,0.000539216051082452
MDV,2025-09-01,0.0,0.0009802986689107574
MEX,2025-09-01,0.0,0.023248610719115596
MKD,2025-09-01,0.0,0.0020184523560496854
MLI,2025-09-01,0.0,0.5333283464704892
MLT,2025-09-01,0.0,0.0017059658336617536
MMR,2025-09-01,0.0,0.0479426378603126
MNE,2025-09-01,0.0,0.0016479895890788995
MNG,2025-09-01,0.0,0.006688455176053659
MRT,2025-09-01,0.0,0.0016479895890788995
MUS,2025-09-01,0.0,0.0023858876027811034
MWI,2025-09-01,0.0,5.79762445828541e-05
MYS,2025-09-01,0.0,0.0006196174859196209
NAM,2025-09-01,0.0,5.79762445828541e-05
NER,2025-09-01,0.0,0.6618062775508358
NGA,2025-09-01,0.0,0.8185502685350953
NIC,2025-09-01,0.0,5.79762445828541e-05
NLD,2025-09-01,0.0,0.0002850157741115682
NOR,2025-09-01,0.0,0.0005115298183569209
NPL,2025-09-01,0.0,0.01443393917140934
NZL,2025-09-01,0.0,0.0017059658336617536
OMN,2025-09-01,0.0,0.0022289887925374826
PAK,2025-09-01,1.0,0.8899853532420633
PAN,2025-09-01,0.0,0.0009672484533405317
PER,2025-09-01,0.0,0.004652134431582617
PHL,2025-09-01,0.0,0.5123414275888707
PNG,2025-09-01,0.0,0.007960610457884189
POL,2025-09-01,0.0,0.001712719897402035
PRK,2025-09-01,0.0,0.006955997567172254
PRT,2025-09-01,0.0,0.0017059658336617536
PRY,2025-09-01,0.0,0.001712719897402035
QAT,2025-09-01,0.0,0.0001733594512343245
ROU,2025-09-01,0.0,0.0017059658336617536
RUS,2025-09-01,0.0,0.10176399937142384
RWA,2025-09-01,0.0,0.0015155739788371948
SAU,2025-09-01,0.0,0.0003694946763952808
SEN,2025-09-01,0.0,0.0
SGP,2025-09-01,0.0,0.0022289887925374826
SLB,2025-09-01,0.0,0.0022289887925374826
SLE,2025-09-01,0.0,0.0003694946763952808
SLV,2025-09-01,0.0,0.0
SRB,2025-09-01,0.0,0.0008895660156870058
STP,2025-09-01,0.0,0.0022289887925374826
SVK,2025-09-01,0.0,0.0030218519232340165
SVN,2025-09-01,0.0,0.0017059658336617536
SWE,2025-09-01,0.0,0.0013452846506706168
SWZ,2025-09-01,0.0,0.0002541114697438105
SYC,2025-09-01,0.0,0.0022289887925374826
SYR,2025-09-01,1.0,0.7775003093050291
TCD,2025-09-01,0.0,0.07917924715477502
TGO,2025-09-01,0.0,0.0009374339194305245
THA,2025-09-01,0.0,0.12811726397909667
TJK,2025-09-01,0.0,0.0022289887925374826
TKM,2025-09-01,0.0,0.0022289887925374826
TLS,2025-09-01,0.0,0.0056643695593657775
TON,2025-09-01,0.0,0.0022289887925374826
TTO,2025-09-01,0.0,0.006460567980363187
TUN,2025-09-01,0.0,0.0008101798478135992
TUR,2025-09-01,0.0,0.0
TZA,2025-09-01,0.0,0.021470989220434094
UGA,2025-09-01,0.0,0.008761421231830133
UKR,2025-09-01,0.0,0.10926876544294206
URY,2025-09-01,0.0,0.0023858876027811034
USA,2025-09-01,0.0,0.029965028221195754
UZB,2025-09-01,0.0,0.0
VEN,2025-09-01,0.0,0.0
VNM,2025-09-01,0.0,0.0022289887925374826
VUT,2025-09-01,0.0,0.0022289887925374826
WSM,2025-09-01,0.0,0.0022289887925374826
YEM,2025-09-01,0.0,0.07755589568049985
ZAF,2025-09-01,0.0,0.021240023632737963
ZMB,2025-09-01,0.0,5.79762445828541e-05
ZWE,2025-09-01,0.0,0.0009374339194305245
AFG,2025-10-01,0.0,0.6492419547882331
AGO,2025-10-01,0.0,0.0
ALB,2025-10-01,0.0,0.0018834939827587485
ARE,2025-10-01,0.0,0.00184966629108238
ARG,2025-10-01,0.0,0.0
ARM,2025-10-01,0.0,0.0
AUS,2025-10-01,0.0,0.002421527922882559
AUT,2025-10-01,0.0,0.0018834939827587485
AZE,2025-10-01,0.0,0.007059338825560929
BDI,2025-10-01,0.0,0.015453835833184427
BEL,2025-10-01,0.0,0.002421527922882559
BEN,2025-10-01,0.0,0.005878712492181105
BFA,2025-10-01,0.0,0.885604921985076
BGD,2025-10-01,0.0,0.028773972854441752
BGR,2025-10-01,0.0,0.0018834939827587485
BHR,2025-10-01,0.0,0.0023484998648388563
BHS,2025-10-01,0.0,0.007059338825560929
BIH,2025-10-01,0.0,0.0023484998648388563
BLR,2025-10-01,0.0,0.002930734875060592
BLZ,2025-10-01,0.0,0.0
BOL,2025-10-01,0.0,0.0
BRA,2025-10-01,0.0,0.026060927347858275
BRB,2025-10-01,0.0,0.015247125308814393
BRN,2025-10-01,0.0,0.00184966629108238
BTN,2025-10-01,0.0,0.00184966629108238
BWA,2025-10-01,0.0,0.0010965608069681831
CAF,2025-10-01,0.0,0.4170907560050401
CAN,2025-10-01,0.0,0.0004859312068880943
CHE,2025-10-01,0.0,0.0018834939827587485
CHL,2025-10-01,0.0,0.0
CHN,2025-10-01,0.0,0.0001320655859932637
CIV,2025-10-01,0.0,0.008649828254243437
CMR,2025-10-01,0.0,0.3125737061847575
COL,2025-10-01,0.0,0.09927497956489334
COM,2025-10-01,0.0,0.001876775711198292
CRI,2025-10-01,0.0,0.0001320655859932637
CUB,2025-10-01,0.0,0.0
CYP,2025-10-01,0.0,0.0018834939827587485
CZE,2025-10-01,0.0,0.0
DEU,2025-10-01,0.0,0.0
DJI,2025-10-01,0.0,0.00184966629108238
DNK,2025-10-01,0.0,0.0018834939827587485
DOM,2025-10-01,0.0,0.001674360146252285
DZA,2025-10-01,0.0,0.001674360146252285
ECU,2025-10-01,0.0,0.11965636395197075
EGY,2025-10-01,0.0,0.031030886374830532
ERI,2025-10-01,0.0,0.00184966629108238
ESP,2025-10-01,0.0,0.0
EST,2025-10-01,0.0,0.012509640034853371
FIN,2025-10-01,0.0,0.0004859312068880943
FJI,2025-10-01,0.0,0.00184966629108238
FRA,2025-10-01,0.0,0.0
GAB,2025-10-01,0.0,0.0001320655859932637
GBR,2025-10-01,0.0,0.0
GEO,2025-10-01,0.0,0.002421527922882559
GHA,2025-10-01,0.0,0.049048993951206314
GIN,2025-10-01,0.0,0.0
GMB,2025-10-01,0.0,0.00184966629108238
GNB,2025-10-01,0.0,0.015247125308814393
GNQ,2025-10-01,0.0,0.00184966629108238
GRC,2025-10-01,0.0,0.0
GRD,2025-10-01,0.0,0.00184966629108238
GTM,2025-10-01,0.0,0.0015144679574453676
GUY,2025-10-01,0.0,0.0008473067049055229
HND,2025-10-01,0.0,0.0012976660926704742
HRV,2025-10-01,0.0,0.0004859312068880943
HUN,2025-10-01,0.0,0.0018834939827587485
IDN,2025-10-01,0.0,0.013339614571428187
IND,2025-10-01,0.0,0.31935529822174646
IRL,2025-10-01,0.0,0.002767362698265564
IRN,2025-10-01,0.0,0.2042353059764072
IRQ,2025-10-01,0.0,0.009062162769248809
ISL,2025-10-01,0.0,0.0018834939827587485
ISR,2025-10-01,0.0,0.17076111675967984
ITA,2025-10-01,0.0,0.0005768632715162478
JAM,2025-10-01,0.0,0.0005057463330457314
JOR,2025-10-01,0.0,0.0
JPN,2025-10-01,0.0,0.0018834939827587485
KAZ,2025-10-01,0.0,0.0
KEN,2025-10-01,0.0,0.38271734159638215
KGZ,2025-10-01,0.0,0.0
KHM,2025-10-01,1.0,0.0300730280580437
KOR,2025-10-01,0.0,0.0
KWT,2025-10-01,0.0,0.00184966629108238
LAO,2025-10-01,0.0,0.0007167938817135259
LBN,2025-10-01,0.0,0.07238956008849674
LBR,2025-10-01,0.0,0.00273906542056075
LBY,2025-10-01,0.0,0.030557712939214096
LKA,2025-10-01,0.0,0.0
LSO,2025-10-01,0.0,0.045221787492775264
LTU,2025-10-01,0.0,0.0004859312068880943
LUX,2025-10-01,0.0,0.012653485614147359
LVA,2025-10-01,0.0,0.0
MAR,2025-10-01,0.0,0.01392447714030699
MDA,2025-10-01,0.0,0.015247125308814393
MDG,2025-10-01,0.0,0.030862617983569797
MDV,2025-10-01,0.0,0.002767362698265564
MEX,2025-10-01,0.0,0.04505432828111057
MKD,2025-10-01,0.0,0.0018834939827587485
MLI,2025-10-01,0.0,0.9158187112181093
MLT,2025-10-01,0.0,0.0
MMR,2025-10-01,1.0,0.17321111104691927
MNE,2025-10-01,0.0,0.0018834939827587485
MNG,2025-10-01,0.0,0.004659482750263806
MRT,2025-10-01,0.0,0.002421527922882559
MUS,2025-10-01,0.0,0.0018834939827587485
MWI,2025-10-01,0.0,0.0009918239163981945
MYS,2025-10-01,0.0,0.0023484998648388563
NAM,2025-10-01,0.0,0.0015432053885518035
NER,2025-10-01,0.0,0.8100423909464918
NGA,2025-10-01,0.0,0.8713512977766875
NIC,2025-10-01,0.0,0.00020307227538230208
NLD,2025-10-01,0.0,5.903752794956121e-05
NOR,2025-10-01,0.0,0.0
NPL,2025-10-01,0.0,0.02174091767298714
NZL,2025-10-01,0.0,0.0018834939827587485
OMN,2025-10-01,0.0,0.00184966629108238
PAN,2025-10-01,0.0,0.0001320655859932637
PER,2025-10-01,0.0,0.0
PHL,2025-10-01,0.0,0.14113106253557267
PNG,2025-10-01,0.0,0.005196441414724092
POL,2025-10-01,0.0,0.0018834939827587485
PRK,2025-10-01,0.0,0.0
PRT,2025-10-01,0.0,0.0023484998648388563
PRY,2025-10-01,0.0,0.0004859312068880943
QAT,2025-10-01,0.0,0.00020307227538230208
ROU,2025-10-01,0.0,0.0018834939827587485
RUS,2025-10-01,0.0,0.09723794912659602
RWA,2025-10-01,0.0,0.0
SAU,2025-10-01,0.0,0.0007167938817135259
SEN,2025-10-01,0.0,0.0001320655859932637
SGP,2025-10-01,0.0,0.02226830247181691
SLB,2025-10-01,0.0,0.00184966629108238
SLE,2025-10-01,0.0,0.0
SLV,2025-10-01,0.0,0.0
SRB,2025-10-01,0.0,0.0
STP,2025-10-01,0.0,0.00184966629108238
SVK,2025-10-01,0.0,0.017168456523552363
SVN,2025-10-01,0.0,0.002767362698265564
SWE,2025-10-01,0.0,0.0004859312068880943
SWZ,2025-10-01,0.0,0.0001320655859932637
SYC,2025-10-01,0.0,0.00184966629108238
TCD,2025-10-01,0.0,0.16019697178795686
TGO,2025-10-01,0.0,0.0
THA,2025-10-01,1.0,0.16643839930268434
TJK,2025-10-01,0.0,0.0037456470293488007
TKM,2025-10-01,0.0,0.00184966629108238
TLS,2025-10-01,0.0,0.003642168660712834
TON,2025-10-01,0.0,0.00184966629108238
TTO,2025-10-01,0.0,0.004992504250922037
TUN,2025-10-01,0.0,0.0023484998648388563
TUR,2025-10-01,0.0,0.0
TZA,2025-10-01,0.0,0.009254941228756695
UGA,2025-10-01,0.0,0.0012378460113095576
UKR,2025-10-01,0.0,0.5692037915258208
URY,2025-10-01,0.0,0.029767612509897935
USA,2025-10-01,0.0,0.04636062816006595
UZB,2025-10-01,0.0,0.0
VEN,2025-10-01,0.0,0.014162879810844351
VNM,2025-10-01,0.0,0.00184966629108238
VUT,2025-10-01,0.0,0.00184966629108238
WSM,2025-10-01,0.0,0.00184966629108238
YEM,2025-10-01,0.0,0.08328201801003977
ZAF,2025-10-01,0.0,0.011795445502207246
ZMB,2025-10-01,0.0,0.0009918239163981945
ZWE,2025-10-01,0.0,0.0
AFG,2025-11-01,0.0,0.5879502176708505
AGO,2025-11-01,0.0,0.003982171659386591
ALB,2025-11-01,0.0,0.001152087863950408
ARE,2025-11-01,0.0,0.02927421164820973
ARG,2025-11-01,0.0,0.0
ARM,2025-11-01,0.0,0.00011191735984085464
AUS,2025-11-01,0.0,0.0012335921578327121
AUT,2025-11-01,0.0,0.00011191735984085464
AZE,2025-11-01,0.0,0.005348661727078639
BDI,2025-11-01,0.0,0.0011457609133531345
BEL,2025-11-01,0.0,0.00044343131767442533
BEN,2025-11-01,0.0,0.0
BFA,2025-11-01,0.0,0.9147235838869987
BGD,2025-11-01,0.0,0.05799249102559032
BGR,2025-11-01,0.0,0.0012335921578327121
BHR,2025-11-01,0.0,0.0005752105681927118
BHS,2025-11-01,0.0,0.06225952304868637
BIH,2025-11-01,0.0,0.0010401705041095533
BLR,2025-11-01,0.0,0.001765830699448853
BLZ,2025-11-01,0.0,0.0
BOL,2025-11-01,0.0,0.0
BRA,2025-11-01,0.0,0.02980157863437167
BRB,2025-11-01,0.0,0.001441547458193739
BRN,2025-11-01,0.0,0.001441547458193739
BTN,2025-11-01,0.0,0.005834189183019836
BWA,2025-11-01,0.0,0.0010399720100501169
CAF,2025-11-01,0.0,0.337904596060119
CAN,2025-11-01,0.0,0.00044343131767442533
CHE,2025-11-01,0.0,0.0013455095176735667
CHL,2025-11-01,0.0,0.0
CHN,2025-11-01,0.0,0.0
CIV,2025-11-01,0.0,0.0046393463151962935
CMR,2025-11-01,0.0,0.17437591313255044
COL,2025-11-01,0.0,0.16187900589825405
COM,2025-11-01,0.0,0.002862429322245066
CRI,2025-11-01,0.0,0.000460623983856683
CUB,2025-11-01,0.0,0.0
CYP,2025-11-01,0.0,0.0013455095176735667
CZE,2025-11-01,0.0,0.000460623983856683
DEU,2025-11-01,0.0,0.00019342165372315906
DJI,2025-11-01,0.0,0.001441547458193739
DNK,2025-11-01,0.0,0.0013455095176735667
DOM,2025-11-01,0.0,0.0008134173518788821
DZA,2025-11-01,0.0,0.003935372249564358
ECU,2025-11-01,0.0,0.06321180581703373
EGY,2025-11-01,0.0,0.026525395351456177
ERI,2025-11-01,0.0,0.0006347034828485239
ESP,2025-11-01,0.0,0.00019342165372315906
EST,2025-11-01,0.0,0.004289334763142329
FIN,2025-11-01,0.0,0.00055534867751528
FJI,2025-11-01,0.0,0.0660963074355196
FRA,2025-11-01,0.0,0.0
GAB,2025-11-01,0.0,0.007595070455283109
GBR,2025-11-01,0.0,0.0
GEO,2025-11-01,0.0,0.0010401705041095533
GHA,2025-11-01,0.0,0.062238216135643454
GIN,2025-11-01,0.0,0.00011191735984085464
GMB,2025-11-01,0.0,0.001441547458193739
GNB,2025-11-01,0.0,0.006192211682557493
GNQ,2025-11-01,0.0,0.001441547458193739
GRC,2025-11-01,0.0,0.00793775823292729
GRD,2025-11-01,0.0,0.001441547458193739
GTM,2025-11-01,0.0,0.0024432092686429187
GUY,2025-11-01,0.0,0.0027311902781588498
HND,2025-11-01,0.0,0.007132286803083787
HRV,2025-11-01,0.0,0.0012335921578327121
HUN,2025-11-01,0.0,0.0013455095176735667
IDN,2025-11-01,0.0,0.012995449452887447
IND,2025-11-01,0.0,0.12076800797982454
IRL,2025-11-01,0.0,0.0013455095176735667
IRN,2025-11-01,0.0,0.07446958247144135
IRQ,2025-11-01,0.0,0.01862963193761408
ISL,2025-11-01,0.0,0.03703780949396991
ISR,2025-11-01,0.0,0.108873144579289
ITA,2025-11-01,0.0,0.00044343131767442533
JAM,2025-11-01,0.0,0.010332343561474252
JOR,2025-11-01,0.0,0.00200804899861785
JPN,2025-11-01,0.0,0.0012335921578327121
KAZ,2025-11-01,0.0,0.00348071999056278
KEN,2025-11-01,0.0,0.23090823668352176
KGZ,2025-11-01,0.0,0.00011191735984085464
KHM,2025-11-01,1.0,0.06750540114954445
KOR,2025-11-01,0.0,0.00030967496562417206
KWT,2025-11-01,0.0,0.001441547458193739
LAO,2025-11-01,0.0,0.001441547458193739
LBN,2025-11-01,0.0,0.05204240809672344
LBR,2025-11-01,0.0,0.0026427524814663737
LBY,2025-11-01,0.0,0.022215500742432285
LKA,2025-11-01,0.0,0.000785678687690205
LSO,2025-11-01,0.0,0.013901601047759117
LTU,2025-11-01,0.0,0.0013455095176735667
LUX,2025-11-01,0.0,0.010048637823969718
LVA,2025-11-01,0.0,0.00011191735984085464
MAR,2025-11-01,0.0,0.0008134173518788821
MDA,2025-11-01,0.0,0.00042159232546502666
MDG,2025-11-01,0.0,0.0024432092686429187
MDV,2025-11-01,0.0,0.007951223120012597
MEX,2025-11-01,0.0,0.021809185493207806
MKD,2025-11-01,0.0,0.0006347034828485239
MLI,2025-11-01,0.0,0.8619402792912437
MLT,2025-11-01,0.0,0.0010032271500307957
MMR,2025-11-01,1.0,0.8164149016144375
MNE,2025-11-01,0.0,0.0013455095176735667
MNG,2025-11-01,0.0,0.013099977721891021
MRT,2025-11-01,0.0,0.00044343131767442533
MUS,2025-11-01,0.0,0.0013455095176735667
MWI,2025-11-01,0.0,0.0008134173518788821
MYS,2025-11-01,0.0,0.0
NAM,2025-11-01,0.0,0.000460623983856683
NER,2025-11-01,0.0,0.8088950688584585
NGA,2025-11-01,1.0,0.7204943599720245
NIC,2025-11-01,0.0,0.0
NLD,2025-11-01,0.0,0.0012335921578327121
NOR,2025-11-01,0.0,0.00034870662401582833
NPL,2025-11-01,0.0,0.05474358636339104
NZL,2025-11-01,0.0,0.007750355425575778
OMN,2025-11-01,0.0,0.001441547458193739
PAK,2025-11-01,0.0,0.9228987020021813
PAN,2025-11-01,0.0,0.000460623983856683
PER,2025-11-01,0.0,0.0
PHL,2025-11-01,0.0,0.14140290578113202
PNG,2025-11-01,0.0,0.008893816668598547
POL,2025-11-01,0.0,0.00030967496562417206
PRK,2025-11-01,0.0,0.0050611925204254405
PRT,2025-11-01,0.0,0.0013455095176735667
PRY,2025-11-01,0.0,0.00030967496562417206
QAT,2025-11-01,0.0,0.0008727429062768717
ROU,2025-11-01,0.0,0.0
RUS,2025-11-01,0.0,0.07695499814587546
RWA,2025-11-01,0.0,0.0010399720100501169
SAU,2025-11-01,0.0,0.0010399720100501169
SEN,2025-11-01,0.0,0.00026720233013352395
SGP,2025-11-01,0.0,0.001441547458193739
SLB,2025-11-01,0.0,0.001441547458193739
SLE,2025-11-01,0.0,0.0010399720100501169
SLV,2025-11-01,0.0,0.0
SOM,2025-11-01,0.0,0.9717285783708175
SRB,2025-11-01,0.0,0.0
STP,2025-11-01,0.0,0.011480457920288812
SVK,2025-11-01,0.0,0.001742382357372905
SVN,2025-11-01,0.0,0.007951223120012597
SWE,2025-11-01,0.0,0.0012335921578327121
SWZ,2025-11-01,0.0,0.002143256370640709
SYC,2025-11-01,0.0,0.001441547458193739
TCD,2025-11-01,0.0,0.06127680018862094
TGO,2025-11-01,0.0,0.004112048393362562
THA,2025-11-01,1.0,0.004370097316425834
TJK,2025-11-01,0.0,0.0014203821705387287
TKM,2025-11-01,0.0,0.0006347034828485239
TLS,2025-11-01,0.0,0.006471718513825913
TON,2025-11-01,0.0,0.001441547458193739
TTO,2025-11-01,0.0,0.0014566833789122662
TUN,2025-11-01,0.0,0.0012335921578327121
TUR,2025-11-01,0.0,0.005828285310735417
TZA,2025-11-01,0.0,0.005540437401537357
UGA,2025-11-01,0.0,0.021321860927425353
UKR,2025-11-01,0.0,0.5932448286558949
URY,2025-11-01,0.0,0.006734417800987592
USA,2025-11-01,0.0,0.01955062864646396
UZB,2025-11-01,0.0,0.00026720233013352395
VEN,2025-11-01,0.0,0.0024432092686429187
VNM,2025-11-01,0.0,0.001441547458193739
VUT,2025-11-01,0.0,0.001441547458193739
WSM,2025-11-01,0.0,0.001441547458193739
YEM,2025-11-01,0.0,0.0682247354806478
ZAF,2025-11-01,0.0,0.010683934013178919
ZMB,2025-11-01,0.0,0.0
ZWE,2025-11-01,0.0,0.0
AFG,2025-12-01,0.0,0.5987998976817837
AGO,2025-12-01,0.0,0.00026171535180119157
ALB,2025-12-01,0.0,0.023681317447059952
ARE,2025-12-01,0.0,0.0008487087540870983
ARG,2025-12-01,0.0,0.0
ARM,2025-12-01,0.0,0.00020688683778812963
AUS,2025-12-01,0.0,0.0
AUT,2025-12-01,0.0,0.00020688683778812963
AZE,2025-12-01,0.0,0.012123411091728608
BDI,2025-12-01,0.0,0.0
BEL,2025-12-01,0.0,5.6271183385017055e-05
BEN,2025-12-01,0.0,0.0018693851068077476
BFA,2025-12-01,0.0,0.7115737498658464
BGD,2025-12-01,0.0,0.025534770773163785
BGR,2025-12-01,0.0,0.001140145372703327
BHR,2025-12-01,0.0,0.0007198618955548209
BHS,2025-12-01,0.0,0.004749003303379454
BIH,2025-12-01,0.0,0.003917603025364543
BLR,2025-12-01,0.0,0.007405600137585875
BLZ,2025-12-01,0.0,0.0
BOL,2025-12-01,0.0,0.0018846705411729211
BRA,2025-12-01,0.0,0.03333069434037971
BRB,2025-12-01,0.0,0.0008487087540870983
BRN,2025-12-01,0.0,0.0008487087540870983
BTN,2025-12-01,0.0,0.0
BWA,2025-12-01,0.0,0.0004387393538255565
CAF,2025-12-01,0.0,0.24805712061253096
CAN,2025-12-01,0.0,5.6271183385017055e-05
CHE,2025-12-01,0.0,0.0009267487333429504
CHL,2025-12-01,0.0,0.0
CHN,2025-12-01,0.0,5.6271183385017055e-05
CIV,2025-12-01,0.0,0.005
CMR,2025-12-01,0.0,0.13003871824663368
COL,2025-12-01,0.0,0.4039752502339897
COM,2025-12-01,0.0,0.013825609569792617
CRI,2025-12-01,0.0,0.008535829051285899
CUB,2025-12-01,0.0,0.0006235370209023183
CYP,2025-12-01,0.0,0.0004725488574314266
CZE,2025-12-01,0.0,5.6271183385017055e-05
DEU,2025-12-01,0.0,0.00048167581088762857
DJI,2025-12-01,0.0,0.0008487087540870983
DNK,2025-12-01,0.0,0.0030009810271436994
DOM,2025-12-01,0.0,0.00020688683778812963
DZA,2025-12-01,0.0,0.00020688683778812963
ECU,2025-12-01,0.0,0.05991978230630845
EGY,2025-12-01,0.0,0.0020762719445958774
ERI,2025-12-01,0.0,0.0024830563415783463
ESP,2025-12-01,0.0,0.00048167581088762857
EST,2025-12-01,0.0,0.007842729747143718
ETH,2025-12-01,0.0,0.9148528999912378
FIN,2025-12-01,0.0,0.0004725488574314266
FJI,2025-12-01,0.0,0.026872177272375838
FRA,2025-12-01,0.0,0.0
GAB,2025-12-01,0.0,0.00811955137723949
GBR,2025-12-01,0.0,0.0
GEO,2025-12-01,0.0,0.002059166765754349
GHA,2025-12-01,0.0,0.08974077854183114
GIN,2025-12-01,0.0,0.0034739661229174655
GMB,2025-12-01,0.0,0.0008487087540870983
GNB,2025-12-01,0.0,0.0019219095259685706
GNQ,2025-12-01,0.0,0.0008487087540870983
GRC,2025-12-01,0.0,0.0678598540603637
GRD,2025-12-01,0.0,0.004749003303379454
GTM,2025-12-01,0.0,0.004008669128270992
GUY,2025-12-01,0.0,0.0028324122896449104
HND,2025-12-01,0.0,0.0013254419024364347
HRV,2025-12-01,0.0,0.0004725488574314266
HTI,2025-12-01,0.0,0.8919043402777479
HUN,2025-12-01,0.0,0.0009267487333429504
IDN,2025-12-01,0.0,0.009053933206657878
IND,2025-12-01,0.0,0.08042819981440484
IRL,2025-12-01,0.0,0.0030009810271436994
IRN,2025-12-01,1.0,0.1134816510324527
IRQ,2025-12-01,0.0,0.0
ISL,2025-12-01,0.0,0.004749003303379454
ISR,2025-12-01,0.0,0.016958710324743033
ITA,2025-12-01,0.0,0.00048167581088762857
JAM,2025-12-01,0.0,0.0
JOR,2025-12-01,0.0,0.0
JPN,2025-12-01,0.0,0.0007198618955548209
KAZ,2025-12-01,0.0,0.0
KEN,2025-12-01,0.0,0.10867521573769474
KGZ,2025-12-01,0.0,0.00020688683778812963
KHM,2025-12-01,0.0,0.038305474855807
KOR,2025-12-01,0.0,5.6271183385017055e-05
KWT,2025-12-01,0.0,0.0008487087540870983
LAO,2025-12-01,0.0,0.0008487087540870983
LBN,2025-12-01,0.0,0.08742456003683725
LBR,2025-12-01,0.0,0.00020688683778812963
LBY,2025-12-01,0.0,0.0018693851068077476
LKA,2025-12-01,0.0,0.0
LSO,2025-12-01,0.0,0.0008487087540870983
LTU,2025-12-01,0.0,0.0009267487333429504
LUX,2025-12-01,0.0,0.013153699983672917
LVA,2025-12-01,0.0,0.001563869310575613
MAR,2025-12-01,0.0,0.005
MDA,2025-12-01,0.0,0.0004725488574314266
MDG,2025-12-01,0.0,0.0013254419024364347
MDV,2025-12-01,0.0,0.009458856247439019
MEX,2025-12-01,0.0,0.03031558020922293
MKD,2025-12-01,0.0,0.00020688683778812963
MLI,2025-12-01,0.0,0.8532307456768494
MLT,2025-12-01,0.0,0.0
MNE,2025-12-01,0.0,0.0009267487333429504
MNG,2025-12-01,0.0,0.041187231763418215
MRT,2025-12-01,0.0,0.0009267487333429504
MUS,2025-12-01,0.0,0.002160095610635763
MWI,2025-12-01,0.0,0.0017150226881804409
MYS,2025-12-01,0.0,0.00020688683778812963
NAM,2025-12-01,0.0,0.0009239316121154436
NER,2025-12-01,0.0,0.693716716649671
NGA,2025-12-01,1.0,0.9465659610203544
NIC,2025-12-01,0.0,0.0
NLD,2025-12-01,0.0,0.001378331457370519
NOR,2025-12-01,0.0,0.0006235370209023183
NPL,2025-12-01,0.0,0.004873145979703356
NZL,2025-12-01,0.0,0.0013430264073893596
OMN,2025-12-01,0.0,0.014052320694631821
PAK,2025-12-01,0.0,0.9553285013043548
PAN,2025-12-01,0.0,0.0009267487333429504
PER,2025-12-01,0.0,0.006165419871015191
PHL,2025-12-01,0.0,0.1740213204007811
PNG,2025-12-01,0.0,0.015947494520332423
POL,2025-12-01,0.0,5.6271183385017055e-05
PRK,2025-12-01,0.0,0.0
PRT,2025-12-01,0.0,0.0004725488574314266
PRY,2025-12-01,0.0,0.0004725488574314266
QAT,2025-12-01,0.0,0.0004387393538255565
ROU,2025-12-01,0.0,0.0
RUS,2025-12-01,0.0,0.04886456141068619
RWA,2025-12-01,0.0,0.008855678700320719
SAU,2025-12-01,0.0,0.0004387393538255565
SEN,2025-12-01,0.0,0.0009239316121154436
SGP,2025-12-01,0.0,0.0008487087540870983
SLB,2025-12-01,0.0,0.0008487087540870983
SLE,2025-12-01,0.0,0.0004387393538255565
SLV,2025-12-01,0.0,0.00020688683778812963
SOM,2025-12-01,0.0,0.8115639177238612
SRB,2025-12-01,0.0,0.0
STP,2025-12-01,0.0,0.006652349595017537
SVK,2025-12-01,0.0,0.0004725488574314266
SVN,2025-12-01,0.0,0.026872177272375838
SWE,2025-12-01,0.0,0.0007198618955548209
SWZ,2025-12-01,0.0,0.0021065749080452435
SYC,2025-12-01,0.0,0.0008487087540870983
TCD,2025-12-01,0.0,0.0439998788183656
TGO,2025-12-01,0.0,0.0
THA,2025-12-01,0.0,0.16189151879029332
TJK,2025-12-01,0.0,0.0004686021895893212
TKM,2025-12-01,0.0,0.0024830563415783463
TLS,2025-12-01,0.0,0.006652349595017537
TON,2025-12-01,0.0,0.0008487087540870983
TTO,2025-12-01,0.0,0.0018693851068077476
TUN,2025-12-01,0.0,0.00023818608466719227
TUR,2025-12-01,0.0,0.0018846705411729211
TZA,2025-12-01,0.0,0.005939202069451588
UGA,2025-12-01,0.0,0.004585658640914048
UKR,2025-12-01,0.0,0.4459139051668815
URY,2025-12-01,0.0,0.008753535883716872
USA,2025-12-01,0.0,0.0
UZB,2025-12-01,0.0,0.0004450729224553219
VEN,2025-12-01,0.0,0.0
VNM,2025-12-01,0.0,0.0008487087540870983
VUT,2025-12-01,0.0,0.0008487087540870983
WSM,2025-12-01,0.0,0.0008487087540870983
YEM,2025-12-01,0.0,0.13183957109919234
ZAF,2025-12-01,0.0,0.05234592896587589
ZMB,2025-12-01,0.0,0.0
ZWE,2025-12-01,0.0,0.005673787637726895
AFG,2026-01-01,1.0,0.4527051758780154
AGO,2026-01-01,0.0,0.004445161858362926
ALB,2026-01-01,0.0,0.0015340239228783651
ARE,2026-01-01,0.0,0.0015797496915718734
ARG,2026-01-01,0.0,0.0
ARM,2026-01-01,0.0,0.0005049820123764917
AUS,2026-01-01,0.0,0.003620500071712004
AUT,2026-01-01,0.0,0.0
AZE,2026-01-01,0.0,0.009568735590941619
BDI,2026-01-01,0.0,0.027093245423269473
BEL,2026-01-01,0.0,0.001144357066686685
BEN,2026-01-01,0.0,0.0
BFA,2026-01-01,0.0,0.8490982520711511
BGD,2026-01-01,0.0,0.05145536847712433
BGR,2026-01-01,0.0,0.0015340239228783651
BHR,2026-01-01,0.0,0.001520800097744838
BHS,2026-01-01,0.0,0.0015797496915718734
BIH,2026-01-01,0.0,0.001144357066686685
BLR,2026-01-01,0.0,0.010046345153865585
BLZ,2026-01-01,0.0,0.0
BOL,2026-01-01,0.0,0.0006146765906674344
BRA,2026-01-01,0.0,0.019529536319049075
BRB,2026-01-01,0.0,0.0015797496915718734
BRN,2026-01-01,0.0,0.0015797496915718734
BTN,2026-01-01,0.0,0.00034719477855329177
BWA,2026-01-01,0.0,0.0022236979766766976
CAF,2026-01-01,0.0,0.12293996779493682
CAN,2026-01-01,0.0,0.0010845287204162535
CHE,2026-01-01,0.0,0.001520800097744838
CHL,2026-01-01,0.0,0.00040196003334917735
CHN,2026-01-01,0.0,0.0010845287204162535
CIV,2026-01-01,0.0,0.0
CMR,2026-01-01,0.0,0.13378642479297334
COL,2026-01-01,0.0,0.27134001932662083
COM,2026-01-01,0.0,0.010747107474336657
CRI,2026-01-01,0.0,0.01395683579392254
CUB,2026-01-01,0.0,0.00040196003334917735
CYP,2026-01-01,0.0,0.0
CZE,2026-01-01,0.0,0.00040196003334917735
DEU,2026-01-01,0.0,0.0012353658274035753
DJI,2026-01-01,0.0,0.012014405774227082
DNK,2026-01-01,0.0,0.0015340239228783651
DOM,2026-01-01,0.0,0.0
DZA,2026-01-01,0.0,0.0
ECU,2026-01-01,0.0,0.048478303408302115
EGY,2026-01-01,0.0,0.0
ERI,2026-01-01,0.0,0.00034719477855329177
ESP,2026-01-01,0.0,0.0015838901548988766
EST,2026-01-01,0.0,0.01395683579392254
ETH,2026-01-01,0.0,0.947277089156724
FIN,2026-01-01,0.0,0.0010845287204162535
FJI,2026-01-01,0.0,0.0015797496915718734
FRA,2026-01-01,0.0,0.0006146765906674344
GAB,2026-01-01,0.0,0.001144357066686685
GBR,2026-01-01,0.0,0.0007916268895408575
GEO,2026-01-01,0.0,0.001520800097744838
GHA,2026-01-01,0.0,0.11894789219531758
GIN,2026-01-01,0.0,0.002277251541121637
GMB,2026-01-01,0.0,0.013558397348532232
GNB,2026-01-01,0.0,0.00433131010461127
GNQ,2026-01-01,0.0,0.0034083583746259125
GRC,2026-01-01,0.0,0.09380841346797916
GRD,2026-01-01,0.0,0.0015797496915718734
GTM,2026-01-01,0.0,0.003191045580799475
GUY,2026-01-01,0.0,0.005310558172681992
HND,2026-01-01,0.0,0.0031985852765576616
HRV,2026-01-01,0.0,0.001144357066686685
HTI,2026-01-01,0.0,0.799152659347045
HUN,2026-01-01,0.0,0.001520800097744838
IDN,2026-01-01,0.0,0.016788193777287318
IND,2026-01-01,0.0,0.03571114870402614
IRL,2026-01-01,0.0,0.0010845287204162535
IRN,2026-01-01,1.0,0.12409785234057324
IRQ,2026-01-01,0.0,0.008186990099123981
ISL,2026-01-01,0.0,0.025317486335505113
ISR,2026-01-01,0.0,0.0
ITA,2026-01-01,0.0,0.0010845287204162535
JAM,2026-01-01,0.0,0.0007992949570430385
JOR,2026-01-01,0.0,0.010175309856634054
JPN,2026-01-01,0.0,0.0006574742290977602
KAZ,2026-01-01,0.0,0.0
KEN,2026-01-01,0.0,0.2267914822840881
KGZ,2026-01-01,0.0,0.0
KHM,2026-01-01,0.0,0.11108745290885508
KOR,2026-01-01,0.0,0.0015838901548988766
KWT,2026-01-01,0.0,0.0015797496915718734
LAO,2026-01-01,0.0,0.0015797496915718734
LBN,2026-01-01,1.0,0.03490646747843824
LBR,2026-01-01,0.0,0.0
LBY,2026-01-01,0.0,0.0011316233622791954
LKA,2026-01-01,0.0,0.0
LSO,2026-01-01,0.0,0.0015797496915718734
LTU,2026-01-01,0.0,0.001144357066686685
LUX,2026-01-01,0.0,0.010107758669798704
LVA,2026-01-01,0.0,0.005310558172681992
MAR,2026-01-01,0.0,0.0007992949570430385
MDA,2026-01-01,0.0,0.0010845287204162535
MDG,2026-01-01,0.0,0.005
MDV,2026-01-01,0.0,0.0015797496915718734
MEX,2026-01-01,0.0,0.03363743946823097
MKD,2026-01-01,0.0,0.0
MLI,2026-01-01,0.0,0.3445972904110235
MLT,2026-01-01,0.0,0.003641632948104877
MMR,2026-01-01,0.0,0.8845026896597293
MNE,2026-01-01,0.0,0.001144357066686685
MNG,2026-01-01,0.0,0.009205997114222887
MOZ,2026-01-01,0.0,0.4114374083116368
MRT,2026-01-01,0.0,0.001144357066686685
MUS,2026-01-01,0.0,0.002694257684655996
MWI,2026-01-01,0.0,0.0048004573176918496
MYS,2026-01-01,0.0,0.000897296144458397
NAM,2026-01-01,0.0,0.001520800097744838
NER,2026-01-01,0.0,0.7208054974130378
NIC,2026-01-01,0.0,0.0
NLD,2026-01-01,0.0,0.002418096242203235
NOR,2026-01-01,0.0,0.0005049820123764917
NPL,2026-01-01,0.0,0.002795909325850994
NZL,2026-01-01,0.0,0.0015340239228783651
OMN,2026-01-01,0.0,0.0015797496915718734
PAK,2026-01-01,0.0,0.9574770822778423
PAN,2026-01-01,0.0,0.0010845287204162535
PER,2026-01-01,0.0,0.003763729436906713
PHL,2026-01-01,0.0,0.3101153538977864
PNG,2026-01-01,0.0,0.03185138390207438
POL,2026-01-01,0.0,0.0010845287204162535
PRK,2026-01-01,0.0,0.0031420488316840755
PRT,2026-01-01,0.0,0.001144357066686685
PRY,2026-01-01,0.0,0.0010845287204162535
QAT,2026-01-01,0.0,0.0007611478722726551
ROU,2026-01-01,0.0,0.0
RUS,2026-01-01,0.0,0.035797431307821447
RWA,2026-01-01,0.0,0.004991337344250854
SAU,2026-01-01,0.0,0.0015797496915718734
SEN,2026-01-01,0.0,0.0015340239228783651
SGP,2026-01-01,0.0,0.0015797496915718734
SLB,2026-01-01,0.0,0.0015797496915718734
SLE,2026-01-01,0.0,0.004844743651463111
SLV,2026-01-01,0.0,0.0
SOM,2026-01-01,0.0,0.8901275841434341
SRB,2026-01-01,0.0,0.0
STP,2026-01-01,0.0,0.0015797496915718734
SVK,2026-01-01,0.0,0.0010845287204162535
SVN,2026-01-01,0.0,0.001144357066686685
SWE,2026-01-01,0.0,0.001144357066686685
SWZ,2026-01-01,0.0,0.006215767467225703
SYC,2026-01-01,0.0,0.0015797496915718734
SYR,2026-01-01,0.0,0.40941132447792944
TCD,2026-01-01,0.0,0.0
TGO,2026-01-01,0.0,0.00034719477855329177
THA,2026-01-01,0.0,0.12604782352923805
TJK,2026-01-01,0.0,0.007072352178537879
TKM,2026-01-01,0.0,0.00034719477855329177
TLS,2026-01-01,0.0,0.006215767467225703
TON,2026-01-01,0.0,0.0015797496915718734
TTO,2026-01-01,0.0,0.0007992949570430385
TUN,2026-01-01,0.0,0.0
TUR,2026-01-01,0.0,0.0006146765906674344
TZA,2026-01-01,0.0,0.0027397961613683615
UGA,2026-01-01,0.0,0.01899913719756808
UKR,2026-01-01,0.0,0.3860194709079774
URY,2026-01-01,0.0,0.056665099566010506
USA,2026-01-01,0.0,0.0006146765906674344
UZB,2026-01-01,0.0,0.0
VEN,2026-01-01,0.0,0.014572074871224661
VNM,2026-01-01,0.0,0.0015797496915718734
VUT,2026-01-01,0.0,0.0015797496915718734
WSM,2026-01-01,0.0,0.0015797496915718734
YEM,2026-01-01,0.0,0.1529819689940743
ZAF,2026-01-01,0.0,0.0007992949570430385
ZMB,2026-01-01,0.0,0.005633931610648658
ZWE,2026-01-01,0.0,0.0
AFG,2026-02-01,1.0,0.8815809609205166
AGO,2026-02-01,0.0,0.0
ALB,2026-02-01,0.0,0.0012033008076142845
ARE,2026-02-01,0.0,0.0
ARG,2026-02-01,0.0,0.0
ARM,2026-02-01,0.0,0.00028046301214308255
AUS,2026-02-01,0.0,0.005617559492088603
AUT,2026-02-01,0.0,0.00028046301214308255
AZE,2026-02-01,0.0,0.014273581877193933
BDI,2026-02-01,0.0,0.03867013173520185
BEL,2026-02-01,0.0,0.0016756556320863694
BEN,2026-02-01,0.0,0.004796121505499228
BFA,2026-02-01,0.0,0.6542695170615894
BGD,2026-02-01,0.0,0.08278601302007804
BGR,2026-02-01,0.0,0.001483763819757367
BHR,2026-02-01,0.0,0.0012033008076142845
BHS,2026-02-01,0.0,0.0034732937233731827
BIH,2026-02-01,0.0,0.0012033008076142845
BLR,2026-02-01,0.0,0.009187300340356147
BLZ,2026-02-01,0.0,0.00507658451764231
BOL,2026-02-01,0.0,0.0
BRA,2026-02-01,0.0,0.026806888552249025
BRB,2026-02-01,0.0,0.0034732937233731827
BRN,2026-02-01,0.0,0.0034732937233731827
BTN,2026-02-01,0.0,0.001225988468115729
BWA,2026-02-01,0.0,0.0006975827781970686
CAF,2026-02-01,0.0,0.1912300133427778
CAN,2026-02-01,0.0,0.005
CHE,2026-02-01,0.0,0.0012033008076142845
CHL,2026-02-01,0.0,0.0
CHN,2026-02-01,0.0,0.0010977891304561295
CIV,2026-02-01,0.0,0.0015925825775854894
CMR,2026-02-01,0.0,0.40246253805972665
COD,2026-02-01,0.0,0.2756118030983872
COL,2026-02-01,0.0,0.19155461468371385
COM,2026-02-01,0.0,0.0015463092700368627
CRI,2026-02-01,0.0,0.014325992201964559
CUB,2026-02-01,0.0,0.00028046301214308255
CYP,2026-02-01,0.0,0.0
CZE,2026-02-01,0.0,0.0010977891304561295
DEU,2026-02-01,0.0,0.001483763819757367
DJI,2026-02-01,0.0,0.0034732937233731827
DNK,2026-02-01,0.0,0.0016756556320863694
DOM,2026-02-01,0.0,0.0
DZA,2026-02-01,0.0,0.0
ECU,2026-02-01,0.0,0.0458904326185989
EGY,2026-02-01,0.0,0.0
ERI,2026-02-01,0.0,0.001225988468115729
ESP,2026-02-01,0.0,0.0009279069510571976
EST,2026-02-01,0.0,0.0016756556320863694
ETH,2026-02-01,0.0,0.8006000604000421
FIN,2026-02-01,0.0,0.0016756556320863694
FJI,2026-02-01,0.0,0.005818881230227002
FRA,2026-02-01,0.0,0.0
GAB,2026-02-01,0.0,0.0005155579796510754
GBR,2026-02-01,0.0,0.0
GEO,2026-02-01,0.0,0.0012033008076142845
GHA,2026-02-01,0.0,0.03674211926326343
GIN,2026-02-01,0.0,0.0
GMB,2026-02-01,0.0,0.0034732937233731827
GNB,2026-02-01,0.0,0.00018202479854599322
GNQ,2026-02-01,0.0,0.0238517499809599
GRC,2026-02-01,0.0,0.04779359784078993
GRD,2026-02-01,0.0,0.0034732937233731827
GTM,2026-02-01,0.0,0.00696164587123056
GUY,2026-02-01,0.0,0.02551357827946961
HND,2026-02-01,0.0,0.0024389195043481027
HRV,2026-02-01,0.0,0.001483763819757367
HTI,2026-02-01,0.0,0.4203316321329577
HUN,2026-02-01,0.0,0.0016756556320863694
IDN,2026-02-01,0.0,0.015845566514583177
IND,2026-02-01,0.0,0.25990769171134476
IRL,2026-02-01,0.0,0.0016756556320863694
IRQ,2026-02-01,0.0,0.0024467524167132797
ISL,2026-02-01,0.0,0.01654411335293956
ISR,2026-02-01,0.0,0.005
ITA,2026-02-01,0.0,0.0010977891304561295
JAM,2026-02-01,0.0,0.0
JOR,2026-02-01,0.0,0.0
JPN,2026-02-01,0.0,0.0012033008076142845
KAZ,2026-02-01,0.0,0.0
KEN,2026-02-01,0.0,0.12403646052564596
KGZ,2026-02-01,0.0,0.0
KHM,2026-02-01,0.0,0.098475044845657
KOR,2026-02-01,0.0,0.0010977891304561295
KWT,2026-02-01,0.0,0.0
LAO,2026-02-01,0.0,0.0005155579796510754
LBN,2026-02-01,1.0,0.04017095216071961
LBR,2026-02-01,0.0,0.0
LBY,2026-02-01,0.0,0.0021140624568572767
LKA,2026-02-01,0.0,0.0
LSO,2026-02-01,0.0,0.0034732937233731827
LTU,2026-02-01,0.0,0.001483763819757367
LUX,2026-02-01,0.0,0.04197401879448187
LVA,2026-02-01,0.0,0.007780661045592069
MAR,2026-02-01,0.0,0.0
MDA,2026-02-01,0.0,0.0
MDG,2026-02-01,0.0,0.010481076648201628
MDV,2026-02-01,0.0,0.016419819827691393
MEX,2026-02-01,0.0,0.04660514822883887
MKD,2026-02-01,0.0,0.0
MLI,2026-02-01,0.0,0.45212280269773336
MLT,2026-02-01,0.0,0.007115376773391699
MMR,2026-02-01,0.0,0.8622053811798078
MNE,2026-02-01,0.0,0.0012033008076142845
MNG,2026-02-01,0.0,0.010895749072108019
MOZ,2026-02-01,0.0,0.19782381600092247
MRT,2026-02-01,0.0,0.0012033008076142845
MUS,2026-02-01,0.0,0.0
MWI,2026-02-01,0.0,0.0031387160664310574
MYS,2026-02-01,0.0,0.0
NAM,2026-02-01,0.0,0.013794098397733151
NER,2026-02-01,0.0,0.5662625869442375
NIC,2026-02-01,0.0,0.005006025594846062
NLD,2026-02-01,0.0,0.0012033008076142845
NOR,2026-02-01,0.0,0.0012033008076142845
NPL,2026-02-01,0.0,0.0156272027181012
NZL,2026-02-01,0.0,0.026671121361751246
OMN,2026-02-01,0.0,0.0034732937233731827
PAK,2026-02-01,0.0,0.4922173553450856
PAN,2026-02-01,0.0,0.0012033008076142845
PER,2026-02-01,0.0,0.0004649997570692879
PHL,2026-02-01,0.0,0.16619786346614
PNG,2026-02-01,0.0,0.004593050285697146
POL,2026-02-01,0.0,0.0016756556320863694
PRK,2026-02-01,0.0,0.001225988468115729
PRT,2026-02-01,0.0,0.001483763819757367
PRY,2026-02-01,0.0,0.0016756556320863694
PSE,2026-02-01,0.0,0.47092077937929294
QAT,2026-02-01,0.0,0.006933351974845706
ROU,2026-02-01,0.0,0.0012033008076142845
RUS,2026-02-01,0.0,0.05416070390579435
RWA,2026-02-01,0.0,0.018126135814239087
SAU,2026-02-01,0.0,0.011469265375356686
SDN,2026-02-01,0.0,0.8507975521165371
SEN,2026-02-01,0.0,0.00028046301214308255
SGP,2026-02-01,0.0,0.0034732937233731827
SLB,2026-02-01,0.0,0.0034732937233731827
SLE,2026-02-01,0.0,0.001664741716608636
SLV,2026-02-01,0.0,0.0
SOM,2026-02-01,0.0,0.4932117238419908
SRB,2026-02-01,0.0,0.0
SSD,2026-02-01,0.0,0.466214701744772
STP,2026-02-01,0.0,0.0034732937233731827
SVK,2026-02-01,0.0,0.014325992201964559
SVN,2026-02-01,0.0,0.010895749072108019
SWE,2026-02-01,0.0,0.0016756556320863694
SWZ,2026-02-01,0.0,0.015924737713346335
SYC,2026-02-01,0.0,0.0034732937233731827
SYR,2026-02-01,0.0,0.6985091722091716
TCD,2026-02-01,0.0,0.05220714422873849
TGO,2026-02-01,0.0,0.009005275541810154
THA,2026-02-01,0.0,0.07218288545031917
TJK,2026-02-01,0.0,0.005
TKM,2026-02-01,0.0,0.009187300340356147
TLS,2026-02-01,0.0,0.005818881230227002
TON,2026-02-01,0.0,0.0034732937233731827
TTO,2026-02-01,0.0,0.0
TUN,2026-02-01,0.0,0.0
TUR,2026-02-01,0.0,0.006938343619640466
TZA,2026-02-01,0.0,0.0016068610441574956
UGA,2026-02-01,0.0,0.00781779037244222
UKR,2026-02-01,0.0,0.2200044269503481
URY,2026-02-01,0.0,0.01403304354901059
USA,2026-02-01,0.0,0.00812264827099151
UZB,2026-02-01,0.0,0.0
VEN,2026-02-01,0.0,0.010289939906763476
VNM,2026-02-01,0.0,0.0034732937233731827
VUT,2026-02-01,0.0,0.0034732937233731827
WSM,2026-02-01,0.0,0.0034732937233731827
YEM,2026-02-01,0.0,0.12076371074921033
ZAF,2026-02-01,0.0,0.0025790622139265644
ZMB,2026-02-01,0.0,0.0030446335599284046
ZWE,2026-02-01,0.0,0.00028046301214308255
