iso3,month,y_true,y_prob
AFG,2024-03-01,0.0,0.16814436040384298
AGO,2024-03-01,0.0,0.0
ALB,2024-03-01,0.0,0.0
ARE,2024-03-01,0.0,0.0
ARG,2024-03-01,0.0,0.0
ARM,2024-03-01,0.0,0.0
AUS,2024-03-01,0.0,0.0
AUT,2024-03-01,0.0,0.0
AZE,2024-03-01,0.0,0.0
BDI,2024-03-01,0.0,0.02298470457640035
BEL,2024-03-01,0.0,0.0
BEN,2024-03-01,0.0,0.0
BFA,2024-03-01,1.0,0.8298170546257905
BGD,2024-03-01,0.0,0.004269704616298059
BGR,2024-03-01,0.0,0.0
BHR,2024-03-01,0.0,0.0
BHS,2024-03-01,0.0,0.0
BIH,2024-03-01,0.0,0.0
BLR,2024-03-01,0.0,0.0
BLZ,2024-03-01,0.0,0.0
BOL,2024-03-01,0.0,0.0
BRA,2024-03-01,0.0,0.0012994082305642163
BRB,2024-03-01,0.0,0.0
BRN,2024-03-01,0.0,0.0
BTN,2024-03-01,0.0,0.0
BWA,2024-03-01,0.0,0.0
CAF,2024-03-01,0.0,0.8095375594549199
CAN,2024-03-01,0.0,0.0
CHE,2024-03-01,0.0,0.0
CHL,2024-03-01,0.0,0.0
CHN,2024-03-01,0.0,0.0
CIV,2024-03-01,0.0,0.0
CMR,2024-03-01,0.0,0.8309723832529095
COL,2024-03-01,0.0,0.12615604706597666
COM,2024-03-01,0.0,0.0
CRI,2024-03-01,0.0,0.0
CUB,2024-03-01,0.0,0.01
CYP,2024-03-01,0.0,0.0
CZE,2024-03-01,0.0,0.0
DEU,2024-03-01,0.0,0.0
DJI,2024-03-01,0.0,0.0
DNK,2024-03-01,0.0,0.0
DOM,2024-03-01,0.0,0.0
DZA,2024-03-01,0.0,0.0
ECU,2024-03-01,0.0,0.01412311944334349
EGY,2024-03-01,0.0,0.00963038878234093
ERI,2024-03-01,0.0,0.01
ESP,2024-03-01,0.0,0.0
EST,2024-03-01,0.0,0.0
FIN,2024-03-01,0.0,0.0
FJI,2024-03-01,0.0,0.0
FRA,2024-03-01,0.0,0.0
GAB,2024-03-01,0.0,0.0
GBR,2024-03-01,0.0,0.0
GEO,2024-03-01,0.0,0.0
GHA,2024-03-01,0.0,0.0
GIN,2024-03-01,0.0,0.0
GMB,2024-03-01,0.0,0.0
GNB,2024-03-01,0.0,0.0
GNQ,2024-03-01,0.0,0.0
GRC,2024-03-01,0.0,0.0
GRD,2024-03-01,0.0,0.0
GTM,2024-03-01,0.0,0.0
GUY,2024-03-01,0.0,0.0
HND,2024-03-01,0.0,0.0
HRV,2024-03-01,0.0,0.0
HUN,2024-03-01,0.0,0.0
IDN,2024-03-01,0.0,0.0012994082305642163
IND,2024-03-01,0.0,0.0
IRL,2024-03-01,0.0,0.0
IRN,2024-03-01,0.0,0.05363678446220144
IRQ,2024-03-01,0.0,0.16675206796278338
ISL,2024-03-01,0.0,0.0
ISR,2024-03-01,0.0,0.09897659983152833
ITA,2024-03-01,0.0,0.0
JAM,2024-03-01,0.0,0.0
JOR,2024-03-01,0.0,0.0
JPN,2024-03-01,0.0,0.0
KAZ,2024-03-01,0.0,0.0
KEN,2024-03-01,0.0,0.524603939089311
KGZ,2024-03-01,0.0,0.0
KHM,2024-03-01,0.0,0.0
KOR,2024-03-01,0.0,0.0
KWT,2024-03-01,0.0,0.0
LAO,2024-03-01,0.0,0.0
LBN,2024-03-01,0.0,0.368028790948363
LBR,2024-03-01,0.0,0.0
LBY,2024-03-01,0.0,0.0
LKA,2024-03-01,0.0,0.0
LSO,2024-03-01,0.0,0.0
LTU,2024-03-01,0.0,0.0
LUX,2024-03-01,0.0,0.0
LVA,2024-03-01,0.0,0.0
MAR,2024-03-01,0.0,0.0
MDA,2024-03-01,0.0,0.0
MDG,2024-03-01,0.0,0.0
MDV,2024-03-01,0.0,0.0
MEX,2024-03-01,0.0,0.033242074106718346
MKD,2024-03-01,0.0,0.0
MLT,2024-03-01,0.0,0.0
MNE,2024-03-01,0.0,0.0
MNG,2024-03-01,0.0,0.0
MRT,2024-03-01,0.0,0.0
MUS,2024-03-01,0.0,0.0
MWI,2024-03-01,0.0,0.0
MYS,2024-03-01,0.0,0.0
NAM,2024-03-01,0.0,0.0
NER,2024-03-01,0.0,0.6514724417358179
NIC,2024-03-01,0.0,0.0
NLD,2024-03-01,0.0,0.0
NOR,2024-03-01,0.0,0.0
NPL,2024-03-01,0.0,0.0
NZL,2024-03-01,0.0,0.0
OMN,2024-03-01,0.0,0.0
PAK,2024-03-01,0.0,0.06608637370823904
PAN,2024-03-01,0.0,0.0
PER,2024-03-01,0.0,0.0
PHL,2024-03-01,0.0,0.6266268096068054
PNG,2024-03-01,0.0,0.01818171332022843
POL,2024-03-01,0.0,0.0
PRK,2024-03-01,0.0,0.0
PRT,2024-03-01,0.0,0.0
PRY,2024-03-01,0.0,0.0
PSE,2024-03-01,0.0,0.3619765375318689
QAT,2024-03-01,0.0,0.0
ROU,2024-03-01,0.0,0.0
RUS,2024-03-01,0.0,0.028151184303235453
RWA,2024-03-01,0.0,0.0
SAU,2024-03-01,0.0,0.0
SDN,2024-03-01,0.0,0.701062643734181
SEN,2024-03-01,0.0,0.0
SGP,2024-03-01,0.0,0.0
SLB,2024-03-01,0.0,0.0
SLE,2024-03-01,0.0,0.0
SLV,2024-03-01,0.0,0.0
SRB,2024-03-01,0.0,0.0
STP,2024-03-01,0.0,0.0
SVK,2024-03-01,0.0,0.0
SVN,2024-03-01,0.0,0.0
SWE,2024-03-01,0.0,0.0
SWZ,2024-03-01,0.0,0.0
SYC,2024-03-01,0.0,0.0
SYR,2024-03-01,0.0,0.8235292503849893
TCD,2024-03-01,0.0,0.6268473335632823
TGO,2024-03-01,0.0,0.0
THA,2024-03-01,0.0,0.0
TJK,2024-03-01,0.0,0.0
TKM,2024-03-01,0.0,0.0
TLS,2024-03-01,0.0,0.0
TON,2024-03-01,0.0,0.0
TTO,2024-03-01,0.0,0.0
TUN,2024-03-01,0.0,0.0
TUR,2024-03-01,0.0,0.009848011522596784
TZA,2024-03-01,0.0,0.005
UGA,2024-03-01,0.0,0.07753524412800933
UKR,2024-03-01,1.0,0.3435520908261793
URY,2024-03-01,0.0,0.0
USA,2024-03-01,0.0,0.0
UZB,2024-03-01,0.0,0.0
VEN,2024-03-01,0.0,0.0
VNM,2024-03-01,0.0,0.0
VUT,2024-03-01,0.0,0.0
WSM,2024-03-01,0.0,0.0
YEM,2024-03-01,0.0,0.1615516278014296
ZAF,2024-03-01,0.0,0.0
ZMB,2024-03-01,0.0,0.0
ZWE,2024-03-01,0.0,0.0
AFG,2024-04-01,0.0,0.1431992983974173
AGO,2024-04-01,0.0,0.0
ALB,2024-04-01,0.0,0.0
ARE,2024-04-01,0.0,0.0
ARG,2024-04-01,0.0,0.0
ARM,2024-04-01,0.0,0.0
AUS,2024-04-01,0.0,0.0
AUT,2024-04-01,0.0,0.0
AZE,2024-04-01,0.0,0.004948545418563231
BDI,2024-04-01,0.0,0.004717688371394576
BEL,2024-04-01,0.0,0.0
BEN,2024-04-01,0.0,0.0
BFA,2024-04-01,1.0,0.8838127009426741
BGD,2024-04-01,0.0,0.009215204091876006
BGR,2024-04-01,0.0,0.0
BHR,2024-04-01,0.0,0.0
BHS,2024-04-01,0.0,0.0
BIH,2024-04-01,0.0,0.0
BLR,2024-04-01,0.0,0.0
BLZ,2024-04-01,0.0,0.0
BOL,2024-04-01,0.0,0.0
BRA,2024-04-01,0.0,0.0
BRB,2024-04-01,0.0,0.0
BRN,2024-04-01,0.0,0.0
BTN,2024-04-01,0.0,0.0
BWA,2024-04-01,0.0,0.0
CAF,2024-04-01,0.0,0.8784493358486607
CAN,2024-04-01,0.0,0.0
CHE,2024-04-01,0.0,0.0
CHL,2024-04-01,0.0,0.0
CHN,2024-04-01,0.0,0.0
CIV,2024-04-01,0.0,0.0
CMR,2024-04-01,0.0,0.8197159599576502
COL,2024-04-01,0.0,0.12261406061893972
COM,2024-04-01,0.0,0.0
CRI,2024-04-01,0.0,0.0
CUB,2024-04-01,0.0,0.0
CYP,2024-04-01,0.0,0.015
CZE,2024-04-01,0.0,0.0
DEU,2024-04-01,0.0,0.0
DJI,2024-04-01,0.0,0.0
DNK,2024-04-01,0.0,0.0
DOM,2024-04-01,0.0,0.0
DZA,2024-04-01,0.0,0.0
ECU,2024-04-01,0.0,0.004981500981870962
EGY,2024-04-01,0.0,0.008022197368550765
ERI,2024-04-01,0.0,0.005
ESP,2024-04-01,0.0,0.0
EST,2024-04-01,0.0,0.0
FIN,2024-04-01,0.0,0.0
FJI,2024-04-01,0.0,0.0
FRA,2024-04-01,0.0,0.0
GAB,2024-04-01,0.0,0.0
GBR,2024-04-01,0.0,0.0
GEO,2024-04-01,0.0,0.0
GHA,2024-04-01,0.0,0.0
GIN,2024-04-01,0.0,0.0
GMB,2024-04-01,0.0,0.0
GNB,2024-04-01,0.0,0.0
GNQ,2024-04-01,0.0,0.0
GRC,2024-04-01,0.0,0.0
GRD,2024-04-01,0.0,0.0
GTM,2024-04-01,0.0,0.0
GUY,2024-04-01,0.0,0.0
HND,2024-04-01,0.0,0.0
HRV,2024-04-01,0.0,0.0
HUN,2024-04-01,0.0,0.0
IDN,2024-04-01,0.0,0.009689535587120598
IND,2024-04-01,0.0,0.0
IRL,2024-04-01,0.0,0.0
IRN,2024-04-01,0.0,0.04038727259267207
IRQ,2024-04-01,0.0,0.1427963484016479
ISL,2024-04-01,0.0,0.0
ISR,2024-04-01,0.0,0.11990584373929242
ITA,2024-04-01,0.0,0.0
JAM,2024-04-01,0.0,0.0
JOR,2024-04-01,0.0,0.0
JPN,2024-04-01,0.0,0.0
KAZ,2024-04-01,0.0,0.0
KEN,2024-04-01,0.0,0.18758461254332917
KGZ,2024-04-01,0.0,0.0
KHM,2024-04-01,0.0,0.0
KOR,2024-04-01,0.0,0.0
KWT,2024-04-01,0.0,0.0
LAO,2024-04-01,0.0,0.0
LBN,2024-04-01,0.0,0.21305346084370136
LBR,2024-04-01,0.0,0.0
LBY,2024-04-01,0.0,0.013281711154788278
LKA,2024-04-01,0.0,0.0
LSO,2024-04-01,0.0,0.0
LTU,2024-04-01,0.0,0.0
LUX,2024-04-01,0.0,0.0
LVA,2024-04-01,0.0,0.0
MAR,2024-04-01,0.0,0.0
MDA,2024-04-01,0.0,0.0
MDG,2024-04-01,0.0,0.0
MDV,2024-04-01,0.0,0.0
MEX,2024-04-01,0.0,0.00720514638881139
MKD,2024-04-01,0.0,0.0
MLT,2024-04-01,0.0,0.0
MNE,2024-04-01,0.0,0.0
MNG,2024-04-01,0.0,0.0
MRT,2024-04-01,0.0,0.0
MUS,2024-04-01,0.0,0.0
MWI,2024-04-01,0.0,0.0
MYS,2024-04-01,0.0,0.0
NAM,2024-04-01,0.0,0.0
NER,2024-04-01,0.0,0.8951623420988661
NGA,2024-04-01,0.0,0.8190931881724504
NIC,2024-04-01,0.0,0.0
NLD,2024-04-01,0.0,0.0
NOR,2024-04-01,0.0,0.0
NPL,2024-04-01,0.0,0.0
NZL,2024-04-01,0.0,0.0
OMN,2024-04-01,0.0,0.0
PAK,2024-04-01,0.0,0.08107800508799819
PAN,2024-04-01,0.0,0.0
PER,2024-04-01,0.0,0.0
PHL,2024-04-01,0.0,0.6394592587522223
PNG,2024-04-01,0.0,0.0382108721018147
POL,2024-04-01,0.0,0.0
PRK,2024-04-01,0.0,0.0
PRT,2024-04-01,0.0,0.0
PRY,2024-04-01,0.0,0.0
PSE,2024-04-01,1.0,0.14039583604122316
QAT,2024-04-01,0.0,0.0
ROU,2024-04-01,0.0,0.0
RUS,2024-04-01,0.0,0.040535669553821985
RWA,2024-04-01,0.0,0.0
SAU,2024-04-01,0.0,0.0
SDN,2024-04-01,0.0,0.5951978414292628
SEN,2024-04-01,0.0,0.0
SGP,2024-04-01,0.0,0.0
SLB,2024-04-01,0.0,0.0
SLE,2024-04-01,0.0,0.0
SLV,2024-04-01,0.0,0.0
SRB,2024-04-01,0.0,0.0
STP,2024-04-01,0.0,0.0
SVK,2024-04-01,0.0,0.0
SVN,2024-04-01,0.0,0.0
SWE,2024-04-01,0.0,0.0
SWZ,2024-04-01,0.0,0.0
SYC,2024-04-01,0.0,0.0
SYR,2024-04-01,0.0,0.5064207716654976
TCD,2024-04-01,0.0,0.3940996566495975
TGO,2024-04-01,0.0,0.0
THA,2024-04-01,0.0,0.0
TJK,2024-04-01,0.0,0.0
TKM,2024-04-01,0.0,0.0
TLS,2024-04-01,0.0,0.0
TON,2024-04-01,0.0,0.0
TTO,2024-04-01,0.0,0.0
TUN,2024-04-01,0.0,0.004968370984027346
TUR,2024-04-01,0.0,0.008312925071182652
TZA,2024-04-01,0.0,0.0
UGA,2024-04-01,0.0,0.04140849889676537
UKR,2024-04-01,1.0,0.3305972322459606
URY,2024-04-01,0.0,0.0
USA,2024-04-01,0.0,0.0
UZB,2024-04-01,0.0,0.0
VEN,2024-04-01,0.0,0.0
VNM,2024-04-01,0.0,0.0
VUT,2024-04-01,0.0,0.0
WSM,2024-04-01,0.0,0.0
YEM,2024-04-01,0.0,0.21131643307493103
ZAF,2024-04-01,0.0,0.0
ZMB,2024-04-01,0.0,0.0
ZWE,2024-04-01,0.0,0.0
AFG,2024-05-01,0.0,0.19015314035871012
AGO,2024-05-01,0.0,0.0
ALB,2024-05-01,0.0,0.0
ARE,2024-05-01,0.0,0.0
ARG,2024-05-01,0.0,0.0
ARM,2024-05-01,0.0,0.0
AUS,2024-05-01,0.0,0.0
AUT,2024-05-01,0.0,0.0
AZE,2024-05-01,0.0,0.0
BDI,2024-05-01,0.0,0.00496309344069787
BEL,2024-05-01,0.0,0.0
BEN,2024-05-01,0.0,0.0
BGD,2024-05-01,0.0,0.018364140069277623
BGR,2024-05-01,0.0,0.0
BHR,2024-05-01,0.0,0.0
BHS,2024-05-01,0.0,0.0
BIH,2024-05-01,0.0,0.0
BLR,2024-05-01,0.0,0.0
BLZ,2024-05-01,0.0,0.0
BOL,2024-05-01,0.0,0.0
BRA,2024-05-01,0.0,0.0
BRB,2024-05-01,0.0,0.0
BRN,2024-05-01,0.0,0.0
BTN,2024-05-01,0.0,0.0
BWA,2024-05-01,0.0,0.0
CAF,2024-05-01,0.0,0.6715536417021901
CAN,2024-05-01,0.0,0.0
CHE,2024-05-01,0.0,0.0
CHL,2024-05-01,0.0,0.0
CHN,2024-05-01,0.0,0.0
CIV,2024-05-01,0.0,0.005
CMR,2024-05-01,0.0,0.7904767525610736
COL,2024-05-01,0.0,0.07624592288660714
COM,2024-05-01,0.0,0.0
CRI,2024-05-01,0.0,0.0
CUB,2024-05-01,0.0,0.0
CYP,2024-05-01,0.0,0.0
CZE,2024-05-01,0.0,0.0
DEU,2024-05-01,0.0,0.0
DJI,2024-05-01,0.0,0.005
DNK,2024-05-01,0.0,0.0
DOM,2024-05-01,0.0,0.0
DZA,2024-05-01,0.0,0.005
ECU,2024-05-01,0.0,0.005
EGY,2024-05-01,0.0,0.0
ERI,2024-05-01,0.0,0.0
ESP,2024-05-01,0.0,0.0
EST,2024-05-01,0.0,0.0
FIN,2024-05-01,0.0,0.0
FJI,2024-05-01,0.0,0.0
FRA,2024-05-01,0.0,0.0
GAB,2024-05-01,0.0,0.0
GBR,2024-05-01,0.0,0.0
GEO,2024-05-01,0.0,0.0
GHA,2024-05-01,0.0,0.0
GIN,2024-05-01,0.0,0.01
GMB,2024-05-01,0.0,0.0
GNB,2024-05-01,0.0,0.0
GNQ,2024-05-01,0.0,0.0
GRC,2024-05-01,0.0,0.0
GRD,2024-05-01,0.0,0.0
GTM,2024-05-01,0.0,0.0
GUY,2024-05-01,0.0,0.0
HND,2024-05-01,0.0,0.0
HRV,2024-05-01,0.0,0.0
HTI,2024-05-01,0.0,0.8724166584108605
HUN,2024-05-01,0.0,0.0
IDN,2024-05-01,0.0,0.019014975872459376
IND,2024-05-01,0.0,0.01
IRL,2024-05-01,0.0,0.0
IRN,2024-05-01,0.0,0.03714262536169633
IRQ,2024-05-01,0.0,0.12476811425865904
ISL,2024-05-01,0.0,0.0
ISR,2024-05-01,0.0,0.025
ITA,2024-05-01,0.0,0.0
JAM,2024-05-01,0.0,0.0
JOR,2024-05-01,0.0,0.0
JPN,2024-05-01,0.0,0.0
KAZ,2024-05-01,0.0,0.0
KEN,2024-05-01,0.0,0.14611390009750735
KGZ,2024-05-01,0.0,0.0
KHM,2024-05-01,0.0,0.0
KOR,2024-05-01,0.0,0.0
KWT,2024-05-01,0.0,0.0
LAO,2024-05-01,0.0,0.0
LBN,2024-05-01,0.0,0.29907275828973817
LBR,2024-05-01,0.0,0.0
LBY,2024-05-01,0.0,0.009473312837054585
LKA,2024-05-01,0.0,0.0
LSO,2024-05-01,0.0,0.0
LTU,2024-05-01,0.0,0.0
LUX,2024-05-01,0.0,0.0
LVA,2024-05-01,0.0,0.0
MAR,2024-05-01,0.0,0.0
MDA,2024-05-01,0.0,0.0
MDG,2024-05-01,0.0,0.0
MDV,2024-05-01,0.0,0.0
MEX,2024-05-01,0.0,0.004673545703860412
MKD,2024-05-01,0.0,0.0
MLT,2024-05-01,0.0,0.0
MNE,2024-05-01,0.0,0.0
MNG,2024-05-01,0.0,0.0
MRT,2024-05-01,0.0,0.0
MUS,2024-05-01,0.0,0.0
MWI,2024-05-01,0.0,0.0
MYS,2024-05-01,0.0,0.0
NAM,2024-05-01,0.0,0.0
NER,2024-05-01,0.0,0.8826514566312127
NGA,2024-05-01,0.0,0.8925555788312742
NIC,2024-05-01,0.0,0.0
NLD,2024-05-01,0.0,0.0
NOR,2024-05-01,0.0,0.0
NPL,2024-05-01,0.0,0.0
NZL,2024-05-01,0.0,0.0
OMN,2024-05-01,0.0,0.0
PAK,2024-05-01,0.0,0.05983533121204117
PAN,2024-05-01,0.0,0.0
PER,2024-05-01,0.0,0.0
PHL,2024-05-01,0.0,0.4700403917240192
PNG,2024-05-01,0.0,0.028948521793246897
POL,2024-05-01,0.0,0.0
PRK,2024-05-01,0.0,0.0
PRT,2024-05-01,0.0,0.0
PRY,2024-05-01,0.0,0.0
PSE,2024-05-01,1.0,0.1602661444562788
QAT,2024-05-01,0.0,0.0
ROU,2024-05-01,0.0,0.0
RUS,2024-05-01,0.0,0.047668570055190325
RWA,2024-05-01,0.0,0.0
SAU,2024-05-01,0.0,0.0
SDN,2024-05-01,0.0,0.6148191829582708
SEN,2024-05-01,0.0,0.0
SGP,2024-05-01,0.0,0.0
SLB,2024-05-01,0.0,0.0
SLE,2024-05-01,0.0,0.0
SLV,2024-05-01,0.0,0.0
SOM,2024-05-01,1.0,0.8723477156076893
SRB,2024-05-01,0.0,0.0
SSD,2024-05-01,0.0,0.7233031321976883
STP,2024-05-01,0.0,0.0
SVK,2024-05-01,0.0,0.0
SVN,2024-05-01,0.0,0.0
SWE,2024-05-01,0.0,0.0
SWZ,2024-05-01,0.0,0.0
SYC,2024-05-01,0.0,0.0
SYR,2024-05-01,0.0,0.3247743733511351
TCD,2024-05-01,0.0,0.1868499788571071
TGO,2024-05-01,0.0,0.0
THA,2024-05-01,0.0,0.0
TJK,2024-05-01,0.0,0.0
TKM,2024-05-01,0.0,0.0
TLS,2024-05-01,0.0,0.0
TON,2024-05-01,0.0,0.0
TTO,2024-05-01,0.0,0.0
TUN,2024-05-01,0.0,0.0
TUR,2024-05-01,0.0,0.0
TZA,2024-05-01,0.0,0.0
UGA,2024-05-01,0.0,0.042477962734964354
UKR,2024-05-01,0.0,0.5060627850426763
URY,2024-05-01,0.0,0.0
USA,2024-05-01,0.0,0.0
UZB,2024-05-01,0.0,0.0
VEN,2024-05-01,0.0,0.0
VNM,2024-05-01,0.0,0.0
VUT,2024-05-01,0.0,0.0
WSM,2024-05-01,0.0,0.0
YEM,2024-05-01,0.0,0.11613944269166648
ZAF,2024-05-01,0.0,0.0
ZMB,2024-05-01,0.0,0.0
ZWE,2024-05-01,0.0,0.0
AFG,2024-06-01,0.0,0.20125802591626563
AGO,2024-06-01,0.0,0.0
ALB,2024-06-01,0.0,0.0
ARE,2024-06-01,0.0,0.0
ARG,2024-06-01,0.0,0.0
ARM,2024-06-01,0.0,0.0
AUS,2024-06-01,0.0,0.0
AUT,2024-06-01,0.0,0.0
AZE,2024-06-01,0.0,0.0
BDI,2024-06-01,0.0,0.0
BEL,2024-06-01,0.0,0.0
BEN,2024-06-01,0.0,0.0
BGD,2024-06-01,0.0,0.0034481866773952525
BGR,2024-06-01,0.0,0.0
BHR,2024-06-01,0.0,0.0
BHS,2024-06-01,0.0,0.0
BIH,2024-06-01,0.0,0.0
BLR,2024-06-01,0.0,0.0
BLZ,2024-06-01,0.0,0.0
BOL,2024-06-01,0.0,0.0
BRA,2024-06-01,0.0,0.0
BRB,2024-06-01,0.0,0.0
BRN,2024-06-01,0.0,0.0
BTN,2024-06-01,0.0,0.0
BWA,2024-06-01,0.0,0.0
CAF,2024-06-01,0.0,0.53897926932868
CAN,2024-06-01,0.0,0.0
CHE,2024-06-01,0.0,0.0
CHL,2024-06-01,0.0,0.0
CHN,2024-06-01,0.0,0.0
CIV,2024-06-01,0.0,0.0
CMR,2024-06-01,0.0,0.7917227172448422
COL,2024-06-01,0.0,0.22115720472605296
COM,2024-06-01,0.0,0.0
CRI,2024-06-01,0.0,0.0
CUB,2024-06-01,0.0,0.0
CYP,2024-06-01,0.0,0.0
CZE,2024-06-01,0.0,0.0
DEU,2024-06-01,0.0,0.0
DJI,2024-06-01,0.0,0.0
DNK,2024-06-01,0.0,0.0
DOM,2024-06-01,0.0,0.0
DZA,2024-06-01,0.0,0.0
ECU,2024-06-01,0.0,0.0049170183993771256
EGY,2024-06-01,0.0,0.004889966582443558
ERI,2024-06-01,0.0,0.0
ESP,2024-06-01,0.0,0.0
EST,2024-06-01,0.0,0.0
FIN,2024-06-01,0.0,0.0
FJI,2024-06-01,0.0,0.0
FRA,2024-06-01,0.0,0.0
GAB,2024-06-01,0.0,0.0
GBR,2024-06-01,0.0,0.0
GEO,2024-06-01,0.0,0.0
GHA,2024-06-01,0.0,0.0
GIN,2024-06-01,0.0,0.0
GMB,2024-06-01,0.0,0.0
GNB,2024-06-01,0.0,0.0
GNQ,2024-06-01,0.0,0.0
GRC,2024-06-01,0.0,0.0
GRD,2024-06-01,0.0,0.0
GTM,2024-06-01,0.0,0.0
GUY,2024-06-01,0.0,0.0
HND,2024-06-01,0.0,0.0
HRV,2024-06-01,0.0,0.0
HTI,2024-06-01,0.0,0.8131872435382316
HUN,2024-06-01,0.0,0.0
IDN,2024-06-01,0.0,0.009385312322638423
IND,2024-06-01,0.0,0.0
IRL,2024-06-01,0.0,0.0
IRN,2024-06-01,0.0,0.03604558285041027
IRQ,2024-06-01,0.0,0.08736567825815846
ISL,2024-06-01,0.0,0.0
ISR,2024-06-01,0.0,0.05420387846749287
ITA,2024-06-01,0.0,0.0
JAM,2024-06-01,0.0,0.0
JOR,2024-06-01,0.0,0.0
JPN,2024-06-01,0.0,0.0
KAZ,2024-06-01,0.0,0.0
KEN,2024-06-01,0.0,0.12803271374958572
KGZ,2024-06-01,0.0,0.0
KHM,2024-06-01,0.0,0.0
KOR,2024-06-01,0.0,0.0
KWT,2024-06-01,0.0,0.0
LAO,2024-06-01,0.0,0.0
LBN,2024-06-01,0.0,0.18532998134004786
LBR,2024-06-01,0.0,0.0
LBY,2024-06-01,0.0,0.004968941527248633
LKA,2024-06-01,0.0,0.0
LSO,2024-06-01,0.0,0.0
LTU,2024-06-01,0.0,0.0
LUX,2024-06-01,0.0,0.0
LVA,2024-06-01,0.0,0.0
MAR,2024-06-01,0.0,0.0
MDA,2024-06-01,0.0,0.0
MDG,2024-06-01,0.0,0.0
MDV,2024-06-01,0.0,0.0
MEX,2024-06-01,0.0,0.028738903419251016
MKD,2024-06-01,0.0,0.0
MLI,2024-06-01,0.0,0.8506883879953648
MLT,2024-06-01,0.0,0.0
MNE,2024-06-01,0.0,0.0
MNG,2024-06-01,0.0,0.0
MOZ,2024-06-01,0.0,0.8669568595943159
MRT,2024-06-01,0.0,0.0
MUS,2024-06-01,0.0,0.0
MWI,2024-06-01,0.0,0.0
MYS,2024-06-01,0.0,0.0
NAM,2024-06-01,0.0,0.0
NER,2024-06-01,0.0,0.7368264913635268
NGA,2024-06-01,0.0,0.5974192030772837
NIC,2024-06-01,0.0,0.0
NLD,2024-06-01,0.0,0.0
NOR,2024-06-01,0.0,0.0
NPL,2024-06-01,0.0,0.0
NZL,2024-06-01,0.0,0.0
OMN,2024-06-01,0.0,0.0
PAK,2024-06-01,0.0,0.01443518479229295
PAN,2024-06-01,0.0,0.0
PER,2024-06-01,0.0,0.0
PHL,2024-06-01,0.0,0.2557085571689239
PNG,2024-06-01,0.0,0.03411368613185081
POL,2024-06-01,0.0,0.0
PRK,2024-06-01,0.0,0.0
PRT,2024-06-01,0.0,0.0
PRY,2024-06-01,0.0,0.0
QAT,2024-06-01,0.0,0.0
ROU,2024-06-01,0.0,0.0
RUS,2024-06-01,1.0,0.04767339746497847
RWA,2024-06-01,0.0,0.0
SAU,2024-06-01,0.0,0.0
SDN,2024-06-01,0.0,0.3772280674875001
SEN,2024-06-01,0.0,0.0
SGP,2024-06-01,0.0,0.0
SLB,2024-06-01,0.0,0.0
SLE,2024-06-01,0.0,0.0
SLV,2024-06-01,0.0,0.0
SOM,2024-06-01,1.0,0.9071234653712165
SRB,2024-06-01,0.0,0.0
SSD,2024-06-01,0.0,0.5928113592530712
STP,2024-06-01,0.0,0.0
SVK,2024-06-01,0.0,0.0
SVN,2024-06-01,0.0,0.005
SWE,2024-06-01,0.0,0.0
SWZ,2024-06-01,0.0,0.0
SYC,2024-06-01,0.0,0.0
SYR,2024-06-01,0.0,0.3797486057206968
TCD,2024-06-01,0.0,0.38434221303000454
TGO,2024-06-01,0.0,0.0
THA,2024-06-01,0.0,0.0
TJK,2024-06-01,0.0,0.0
TKM,2024-06-01,0.0,0.0
TLS,2024-06-01,0.0,0.0
TON,2024-06-01,0.0,0.0
TTO,2024-06-01,0.0,0.0
TUN,2024-06-01,0.0,0.0
TUR,2024-06-01,0.0,0.011908391682041825
TZA,2024-06-01,0.0,0.0
UGA,2024-06-01,0.0,0.054772124504291655
UKR,2024-06-01,1.0,0.5722206910405806
URY,2024-06-01,0.0,0.0
USA,2024-06-01,0.0,0.0
UZB,2024-06-01,0.0,0.0
VEN,2024-06-01,0.0,0.0
VNM,2024-06-01,0.0,0.0
VUT,2024-06-01,0.0,0.0
WSM,2024-06-01,0.0,0.0
YEM,2024-06-01,0.0,0.18837991273473875
ZAF,2024-06-01,0.0,0.0
ZMB,2024-06-01,0.0,0.0
ZWE,2024-06-01,0.0,0.0
AFG,2024-07-01,0.0,0.15745564966907658
AGO,2024-07-01,0.0,0.0
ALB,2024-07-01,0.0,0.0
ARE,2024-07-01,0.0,0.0
ARG,2024-07-01,0.0,0.0
ARM,2024-07-01,0.0,0.0
AUS,2024-07-01,0.0,0.0
AUT,2024-07-01,0.0,0.0
AZE,2024-07-01,0.0,0.0
BDI,2024-07-01,0.0,0.004298230119758363
BEL,2024-07-01,0.0,0.0
BEN,2024-07-01,0.0,0.0
BGD,2024-07-01,0.0,0.021816884806200035
BGR,2024-07-01,0.0,0.0
BHR,2024-07-01,0.0,0.0
BHS,2024-07-01,0.0,0.0
BIH,2024-07-01,0.0,0.0
BLR,2024-07-01,0.0,0.0
BLZ,2024-07-01,0.0,0.0
BOL,2024-07-01,0.0,0.0
BRA,2024-07-01,0.0,0.0
BRB,2024-07-01,0.0,0.0
BRN,2024-07-01,0.0,0.0
BTN,2024-07-01,0.0,0.0
BWA,2024-07-01,0.0,0.0
CAF,2024-07-01,0.0,0.7209379393924944
CAN,2024-07-01,0.0,0.0
CHE,2024-07-01,0.0,0.0
CHL,2024-07-01,0.0,0.0
CHN,2024-07-01,0.0,0.0
CIV,2024-07-01,0.0,0.005
CMR,2024-07-01,0.0,0.6810171903546157
COL,2024-07-01,0.0,0.12662315086055373
COM,2024-07-01,0.0,0.0
CRI,2024-07-01,0.0,0.0
CUB,2024-07-01,0.0,0.0
CYP,2024-07-01,0.0,0.0
CZE,2024-07-01,0.0,0.0
DEU,2024-07-01,0.0,0.0
DJI,2024-07-01,0.0,0.005
DNK,2024-07-01,0.0,0.0
DOM,2024-07-01,0.0,0.0
DZA,2024-07-01,0.0,0.0047716532345039924
ECU,2024-07-01,0.0,0.004472187431932062
EGY,2024-07-01,0.0,0.004836619494355226
ERI,2024-07-01,0.0,0.0
ESP,2024-07-01,0.0,0.0
EST,2024-07-01,0.0,0.0
FIN,2024-07-01,0.0,0.0
FJI,2024-07-01,0.0,0.0
FRA,2024-07-01,0.0,0.0
GAB,2024-07-01,0.0,0.0
GBR,2024-07-01,0.0,0.0
GEO,2024-07-01,0.0,0.0
GHA,2024-07-01,0.0,0.0
GIN,2024-07-01,0.0,0.0
GMB,2024-07-01,0.0,0.0
GNB,2024-07-01,0.0,0.0
GNQ,2024-07-01,0.0,0.0
GRC,2024-07-01,0.0,0.0
GRD,2024-07-01,0.0,0.0
GTM,2024-07-01,0.0,0.0
GUY,2024-07-01,0.0,0.0
HND,2024-07-01,0.0,0.0
HRV,2024-07-01,0.0,0.0
HTI,2024-07-01,0.0,0.6869825762330829
HUN,2024-07-01,0.0,0.0
IDN,2024-07-01,0.0,0.009777487051163524
IND,2024-07-01,0.0,0.0
IRL,2024-07-01,0.0,0.0
IRN,2024-07-01,0.0,0.023829438680171088
IRQ,2024-07-01,0.0,0.0666668421640069
ISL,2024-07-01,0.0,0.0
ISR,2024-07-01,0.0,0.05886342034156261
ITA,2024-07-01,0.0,0.0
JAM,2024-07-01,0.0,0.0
JOR,2024-07-01,0.0,0.0
JPN,2024-07-01,0.0,0.0
KAZ,2024-07-01,0.0,0.005
KEN,2024-07-01,0.0,0.046831266162082726
KGZ,2024-07-01,0.0,0.0
KHM,2024-07-01,0.0,0.0
KOR,2024-07-01,0.0,0.0
KWT,2024-07-01,0.0,0.0
LAO,2024-07-01,0.0,0.0
LBN,2024-07-01,1.0,0.2732644171128884
LBR,2024-07-01,0.0,0.0
LBY,2024-07-01,0.0,0.014724348022535059
LKA,2024-07-01,0.0,0.0
LSO,2024-07-01,0.0,0.0
LTU,2024-07-01,0.0,0.0
LUX,2024-07-01,0.0,0.0
LVA,2024-07-01,0.0,0.0
MAR,2024-07-01,0.0,0.0
MDA,2024-07-01,0.0,0.0
MDG,2024-07-01,0.0,0.0
MDV,2024-07-01,0.0,0.0
MEX,2024-07-01,0.0,0.02299072025881614
MKD,2024-07-01,0.0,0.0
MLI,2024-07-01,0.0,0.8221088167977004
MLT,2024-07-01,0.0,0.0
MNE,2024-07-01,0.0,0.0
MNG,2024-07-01,0.0,0.0
MOZ,2024-07-01,0.0,0.3808668189743029
MRT,2024-07-01,0.0,0.0
MUS,2024-07-01,0.0,0.0
MWI,2024-07-01,0.0,0.0
MYS,2024-07-01,0.0,0.0
NAM,2024-07-01,0.0,0.0
NER,2024-07-01,0.0,0.5533916438497167
NGA,2024-07-01,0.0,0.49647298645507204
NIC,2024-07-01,0.0,0.0
NLD,2024-07-01,0.0,0.0
NOR,2024-07-01,0.0,0.0
NPL,2024-07-01,0.0,0.0
NZL,2024-07-01,0.0,0.0
OMN,2024-07-01,0.0,0.0
PAK,2024-07-01,0.0,0.04349684050061576
PAN,2024-07-01,0.0,0.0
PER,2024-07-01,0.0,0.0
PHL,2024-07-01,0.0,0.25916660732476904
PNG,2024-07-01,0.0,0.04146879227240324
POL,2024-07-01,0.0,0.0
PRK,2024-07-01,0.0,0.0
PRT,2024-07-01,0.0,0.0
PRY,2024-07-01,0.0,0.0
QAT,2024-07-01,0.0,0.0
ROU,2024-07-01,0.0,0.0
RUS,2024-07-01,1.0,0.06127190150589582
RWA,2024-07-01,0.0,0.0
SAU,2024-07-01,0.0,0.0
SDN,2024-07-01,0.0,0.39082339029942004
SEN,2024-07-01,0.0,0.0
SGP,2024-07-01,0.0,0.0
SLB,2024-07-01,0.0,0.0
SLE,2024-07-01,0.0,0.0
SLV,2024-07-01,0.0,0.0
SRB,2024-07-01,0.0,0.0
SSD,2024-07-01,0.0,0.5236274036081124
STP,2024-07-01,0.0,0.0
SVK,2024-07-01,0.0,0.0
SVN,2024-07-01,0.0,0.01
SWE,2024-07-01,0.0,0.0
SWZ,2024-07-01,0.0,0.0
SYC,2024-07-01,0.0,0.0
SYR,2024-07-01,0.0,0.25136572100594007
TCD,2024-07-01,0.0,0.4002465558365331
TGO,2024-07-01,0.0,0.0
THA,2024-07-01,0.0,0.0
TJK,2024-07-01,0.0,0.0
TKM,2024-07-01,0.0,0.0
TLS,2024-07-01,0.0,0.0
TON,2024-07-01,0.0,0.0
TTO,2024-07-01,0.0,0.0
TUN,2024-07-01,0.0,0.0
TUR,2024-07-01,0.0,0.009432669153168158
TZA,2024-07-01,0.0,0.0
UGA,2024-07-01,0.0,0.0906330394527183
UKR,2024-07-01,1.0,0.587481010769378
URY,2024-07-01,0.0,0.0
USA,2024-07-01,0.0,0.0
UZB,2024-07-01,0.0,0.0
VEN,2024-07-01,0.0,0.0
VNM,2024-07-01,0.0,0.0
VUT,2024-07-01,0.0,0.0
WSM,2024-07-01,0.0,0.0
YEM,2024-07-01,0.0,0.1203891162475147
ZAF,2024-07-01,0.0,0.0
ZMB,2024-07-01,0.0,0.0
ZWE,2024-07-01,0.0,0.0
AFG,2024-08-01,0.0,0.19415663925024707
AGO,2024-08-01,0.0,0.0
ALB,2024-08-01,0.0,0.0
ARE,2024-08-01,0.0,0.0
ARG,2024-08-01,0.0,0.0
ARM,2024-08-01,0.0,0.0
AUS,2024-08-01,0.0,0.0
AUT,2024-08-01,0.0,0.0
AZE,2024-08-01,0.0,0.0
BDI,2024-08-01,0.0,0.014127154642298894
BEL,2024-08-01,0.0,0.0
BEN,2024-08-01,0.0,0.0
BGD,2024-08-01,0.0,0.024097880957339404
BGR,2024-08-01,0.0,0.0
BHR,2024-08-01,0.0,0.0
BHS,2024-08-01,0.0,0.0
BIH,2024-08-01,0.0,0.0
BLR,2024-08-01,0.0,0.0
BLZ,2024-08-01,0.0,0.0
BOL,2024-08-01,0.0,0.0
BRA,2024-08-01,0.0,0.0
BRB,2024-08-01,0.0,0.0
BRN,2024-08-01,0.0,0.0
BTN,2024-08-01,0.0,0.0
BWA,2024-08-01,0.0,0.0
CAF,2024-08-01,0.0,0.7085703192999888
CAN,2024-08-01,0.0,0.0
CHE,2024-08-01,0.0,0.0
CHL,2024-08-01,0.0,0.0
CHN,2024-08-01,0.0,0.0
CIV,2024-08-01,0.0,0.005
CMR,2024-08-01,0.0,0.2720613683519792
COL,2024-08-01,0.0,0.14376692769847943
COM,2024-08-01,0.0,0.0
CRI,2024-08-01,0.0,0.0
CUB,2024-08-01,0.0,0.0
CYP,2024-08-01,0.0,0.0
CZE,2024-08-01,0.0,0.0
DEU,2024-08-01,0.0,0.0
DJI,2024-08-01,0.0,0.0
DNK,2024-08-01,0.0,0.0
DOM,2024-08-01,0.0,0.0
DZA,2024-08-01,0.0,0.0
ECU,2024-08-01,0.0,0.0048840934451603625
EGY,2024-08-01,0.0,0.0
ERI,2024-08-01,0.0,0.0
ESP,2024-08-01,0.0,0.0
EST,2024-08-01,0.0,0.0
FIN,2024-08-01,0.0,0.0
FJI,2024-08-01,0.0,0.0
FRA,2024-08-01,0.0,0.0
GAB,2024-08-01,0.0,0.0
GBR,2024-08-01,0.0,0.0
GEO,2024-08-01,0.0,0.0
GHA,2024-08-01,0.0,0.0
GIN,2024-08-01,0.0,0.0
GMB,2024-08-01,0.0,0.0
GNB,2024-08-01,0.0,0.0
GNQ,2024-08-01,0.0,0.0
GRC,2024-08-01,0.0,0.0
GRD,2024-08-01,0.0,0.0
GTM,2024-08-01,0.0,0.0
GUY,2024-08-01,0.0,0.0
HND,2024-08-01,0.0,0.0
HRV,2024-08-01,0.0,0.0
HTI,2024-08-01,0.0,0.4861524795102895
HUN,2024-08-01,0.0,0.0
IDN,2024-08-01,0.0,0.03362023977626645
IND,2024-08-01,0.0,0.0
IRL,2024-08-01,0.0,0.0
IRN,2024-08-01,0.0,0.014562927659787563
IRQ,2024-08-01,0.0,0.16709870687167236
ISL,2024-08-01,0.0,0.0
ISR,2024-08-01,0.0,0.03762614255127129
ITA,2024-08-01,0.0,0.0
JAM,2024-08-01,0.0,0.0
JOR,2024-08-01,0.0,0.0
JPN,2024-08-01,0.0,0.0
KAZ,2024-08-01,0.0,0.0
KEN,2024-08-01,0.0,0.041691904919893365
KGZ,2024-08-01,0.0,0.0
KHM,2024-08-01,0.0,0.0
KOR,2024-08-01,0.0,0.0
KWT,2024-08-01,0.0,0.0
LAO,2024-08-01,0.0,0.0
LBN,2024-08-01,1.0,0.5255337220467164
LBR,2024-08-01,0.0,0.0
LBY,2024-08-01,0.0,0.022967187612850787
LKA,2024-08-01,0.0,0.0
LSO,2024-08-01,0.0,0.0
LTU,2024-08-01,0.0,0.0
LUX,2024-08-01,0.0,0.0
LVA,2024-08-01,0.0,0.0
MAR,2024-08-01,0.0,0.0
MDA,2024-08-01,0.0,0.0
MDG,2024-08-01,0.0,0.0
MDV,2024-08-01,0.0,0.0
MEX,2024-08-01,0.0,0.05424412557746867
MKD,2024-08-01,0.0,0.0
MLI,2024-08-01,0.0,0.4989396784463658
MLT,2024-08-01,0.0,0.0
MNE,2024-08-01,0.0,0.0
MNG,2024-08-01,0.0,0.0
MOZ,2024-08-01,0.0,0.16715173901970418
MRT,2024-08-01,0.0,0.0
MUS,2024-08-01,0.0,0.0
MWI,2024-08-01,0.0,0.0
MYS,2024-08-01,0.0,0.0
NAM,2024-08-01,0.0,0.0
NER,2024-08-01,0.0,0.3170456721971175
NGA,2024-08-01,0.0,0.35844646079776454
NIC,2024-08-01,0.0,0.0
NLD,2024-08-01,0.0,0.0
NOR,2024-08-01,0.0,0.0
NPL,2024-08-01,0.0,0.0
NZL,2024-08-01,0.0,0.0
OMN,2024-08-01,0.0,0.015
PAK,2024-08-01,0.0,0.05058543584889061
PAN,2024-08-01,0.0,0.0
PER,2024-08-01,0.0,0.0
PHL,2024-08-01,0.0,0.12905075088541518
PNG,2024-08-01,0.0,0.034506383100767916
POL,2024-08-01,0.0,0.0
PRK,2024-08-01,0.0,0.0
PRT,2024-08-01,0.0,0.0
PRY,2024-08-01,0.0,0.0
QAT,2024-08-01,0.0,0.015
ROU,2024-08-01,0.0,0.0
RWA,2024-08-01,0.0,0.0
SAU,2024-08-01,0.0,0.0
SDN,2024-08-01,1.0,0.4450653719038887
SEN,2024-08-01,0.0,0.0
SGP,2024-08-01,0.0,0.0
SLB,2024-08-01,0.0,0.0
SLE,2024-08-01,0.0,0.0
SLV,2024-08-01,0.0,0.0
SRB,2024-08-01,0.0,0.0
SSD,2024-08-01,0.0,0.3915560056903826
STP,2024-08-01,0.0,0.0
SVK,2024-08-01,0.0,0.0
SVN,2024-08-01,0.0,0.0
SWE,2024-08-01,0.0,0.0
SWZ,2024-08-01,0.0,0.0
SYC,2024-08-01,0.0,0.0
SYR,2024-08-01,0.0,0.686026794067892
TCD,2024-08-01,0.0,0.4059901475650213
TGO,2024-08-01,0.0,0.0
THA,2024-08-01,0.0,0.0
TJK,2024-08-01,0.0,0.0
TKM,2024-08-01,0.0,0.0
TLS,2024-08-01,0.0,0.0
TON,2024-08-01,0.0,0.0
TTO,2024-08-01,0.0,0.0
TUN,2024-08-01,0.0,0.0
TUR,2024-08-01,0.0,0.0
TZA,2024-08-01,0.0,0.0
UGA,2024-08-01,0.0,0.04578382349881252
URY,2024-08-01,0.0,0.0
USA,2024-08-01,0.0,0.0
UZB,2024-08-01,0.0,0.0
VEN,2024-08-01,0.0,0.01
VNM,2024-08-01,0.0,0.0
VUT,2024-08-01,0.0,0.0
WSM,2024-08-01,0.0,0.0
YEM,2024-08-01,0.0,0.10314623815339828
ZAF,2024-08-01,0.0,0.0
ZMB,2024-08-01,0.0,0.0
ZWE,2024-08-01,0.0,0.0
AFG,2024-09-01,0.0,0.17932642646690208
AGO,2024-09-01,0.0,0.0
ALB,2024-09-01,0.0,0.0
ARE,2024-09-01,0.0,0.0
ARG,2024-09-01,0.0,0.0
ARM,2024-09-01,0.0,0.0
AUS,2024-09-01,0.0,0.0
AUT,2024-09-01,0.0,0.0
AZE,2024-09-01,0.0,0.0
BDI,2024-09-01,0.0,0.005128382911221802
BEL,2024-09-01,0.0,0.0
BEN,2024-09-01,0.0,0.0
BGD,2024-09-01,0.0,0.005
BGR,2024-09-01,0.0,0.0
BHR,2024-09-01,0.0,0.0
BHS,2024-09-01,0.0,0.0
BIH,2024-09-01,0.0,0.0
BLR,2024-09-01,0.0,0.005
BLZ,2024-09-01,0.0,0.0
BOL,2024-09-01,0.0,0.0
BRA,2024-09-01,0.0,0.0
BRB,2024-09-01,0.0,0.0
BRN,2024-09-01,0.0,0.0
BTN,2024-09-01,0.0,0.0
BWA,2024-09-01,0.0,0.0
CAF,2024-09-01,0.0,0.5073056999537403
CAN,2024-09-01,0.0,0.0
CHE,2024-09-01,0.0,0.0
CHL,2024-09-01,0.0,0.0
CHN,2024-09-01,0.0,0.0
CIV,2024-09-01,0.0,0.0
CMR,2024-09-01,0.0,0.2817560618678205
COL,2024-09-01,0.0,0.14043519330956364
COM,2024-09-01,0.0,0.0
CRI,2024-09-01,0.0,0.0
CUB,2024-09-01,0.0,0.0
CYP,2024-09-01,0.0,0.0
CZE,2024-09-01,0.0,0.0
DEU,2024-09-01,0.0,0.0
DJI,2024-09-01,0.0,0.0
DNK,2024-09-01,0.0,0.0
DOM,2024-09-01,0.0,0.0
DZA,2024-09-01,0.0,0.0
ECU,2024-09-01,0.0,0.0
EGY,2024-09-01,0.0,0.0
ERI,2024-09-01,0.0,0.0
ESP,2024-09-01,0.0,0.0
EST,2024-09-01,0.0,0.0
FIN,2024-09-01,0.0,0.0
FJI,2024-09-01,0.0,0.0
FRA,2024-09-01,0.0,0.0
GAB,2024-09-01,0.0,0.0
GBR,2024-09-01,0.0,0.0
GEO,2024-09-01,0.0,0.0
GHA,2024-09-01,0.0,0.0
GIN,2024-09-01,0.0,0.0
GMB,2024-09-01,0.0,0.0
GNB,2024-09-01,0.0,0.0
GNQ,2024-09-01,0.0,0.0
GRC,2024-09-01,0.0,0.0
GRD,2024-09-01,0.0,0.0
GTM,2024-09-01,0.0,0.0
GUY,2024-09-01,0.0,0.0
HND,2024-09-01,0.0,0.0
HRV,2024-09-01,0.0,0.0
HTI,2024-09-01,0.0,0.5297601132174699
HUN,2024-09-01,0.0,0.0
IDN,2024-09-01,0.0,0.03266744691557856
IND,2024-09-01,0.0,0.004710403617011257
IRL,2024-09-01,0.0,0.0
IRN,2024-09-01,0.0,0.009460858263625565
IRQ,2024-09-01,0.0,0.27246319371995753
ISL,2024-09-01,0.0,0.0
ISR,2024-09-01,0.0,0.02441347649415166
ITA,2024-09-01,0.0,0.0
JAM,2024-09-01,0.0,0.0
JOR,2024-09-01,0.0,0.0
JPN,2024-09-01,0.0,0.0
KAZ,2024-09-01,0.0,0.0
KEN,2024-09-01,0.0,0.0044045941375422774
KGZ,2024-09-01,0.0,0.0
KHM,2024-09-01,0.0,0.0
KOR,2024-09-01,0.0,0.0
KWT,2024-09-01,0.0,0.0
LAO,2024-09-01,0.0,0.0
LBR,2024-09-01,0.0,0.0
LBY,2024-09-01,0.0,0.03480384639029704
LKA,2024-09-01,0.0,0.0
LSO,2024-09-01,0.0,0.0
LTU,2024-09-01,0.0,0.0
LUX,2024-09-01,0.0,0.0
LVA,2024-09-01,0.0,0.0
MAR,2024-09-01,0.0,0.0
MDA,2024-09-01,0.0,0.0
MDG,2024-09-01,0.0,0.0
MDV,2024-09-01,0.0,0.0
MEX,2024-09-01,0.0,0.0999300878962924
MKD,2024-09-01,0.0,0.0
MLI,2024-09-01,0.0,0.4687599786721369
MLT,2024-09-01,0.0,0.0
MNE,2024-09-01,0.0,0.0
MNG,2024-09-01,0.0,0.0
MOZ,2024-09-01,0.0,0.31568839332655346
MRT,2024-09-01,0.0,0.0
MUS,2024-09-01,0.0,0.0
MWI,2024-09-01,0.0,0.0
MYS,2024-09-01,0.0,0.0
NAM,2024-09-01,0.0,0.0
NER,2024-09-01,0.0,0.7318150845081974
NGA,2024-09-01,0.0,0.2552517101257124
NIC,2024-09-01,0.0,0.0
NLD,2024-09-01,0.0,0.0
NOR,2024-09-01,0.0,0.0
NPL,2024-09-01,0.0,0.0
NZL,2024-09-01,0.0,0.0
OMN,2024-09-01,0.0,0.005
PAK,2024-09-01,0.0,0.06047953243300353
PAN,2024-09-01,0.0,0.0
PER,2024-09-01,0.0,0.0
PHL,2024-09-01,0.0,0.10563198023436719
PNG,2024-09-01,0.0,0.03281546471346585
POL,2024-09-01,0.0,0.0
PRK,2024-09-01,0.0,0.0
PRT,2024-09-01,0.0,0.0
PRY,2024-09-01,0.0,0.0
PSE,2024-09-01,0.0,0.5621305007632981
QAT,2024-09-01,0.0,0.0
ROU,2024-09-01,0.0,0.0
RWA,2024-09-01,0.0,0.0
SAU,2024-09-01,0.0,0.0
SDN,2024-09-01,1.0,0.21868219040748163
SEN,2024-09-01,0.0,0.0
SGP,2024-09-01,0.0,0.0
SLB,2024-09-01,0.0,0.0
SLE,2024-09-01,0.0,0.0
SLV,2024-09-01,0.0,0.0
SOM,2024-09-01,0.0,0.9187314617163712
SRB,2024-09-01,0.0,0.0
SSD,2024-09-01,0.0,0.6035113664764343
STP,2024-09-01,0.0,0.0
SVK,2024-09-01,0.0,0.0
SVN,2024-09-01,0.0,0.0
SWE,2024-09-01,0.0,0.0
SWZ,2024-09-01,0.0,0.0
SYC,2024-09-01,0.0,0.0
SYR,2024-09-01,1.0,0.5239957508983749
TCD,2024-09-01,0.0,0.33869150683222166
TGO,2024-09-01,0.0,0.0
THA,2024-09-01,0.0,0.0
TJK,2024-09-01,0.0,0.005
TKM,2024-09-01,0.0,0.0
TLS,2024-09-01,0.0,0.0
TON,2024-09-01,0.0,0.0
TTO,2024-09-01,0.0,0.0
TUN,2024-09-01,0.0,0.0
TUR,2024-09-01,0.0,0.0165073169906308
TZA,2024-09-01,0.0,0.0
UGA,2024-09-01,0.0,0.05881098844957108
URY,2024-09-01,0.0,0.0
USA,2024-09-01,0.0,0.0
UZB,2024-09-01,0.0,0.0
VEN,2024-09-01,0.0,0.0
VNM,2024-09-01,0.0,0.0
VUT,2024-09-01,0.0,0.0
WSM,2024-09-01,0.0,0.0
YEM,2024-09-01,0.0,0.21108371962555805
ZAF,2024-09-01,0.0,0.0
ZMB,2024-09-01,0.0,0.0
ZWE,2024-09-01,0.0,0.0
AFG,2024-10-01,0.0,0.15175194210361512
AGO,2024-10-01,0.0,0.0
ALB,2024-10-01,0.0,0.0
ARE,2024-10-01,0.0,0.0
ARG,2024-10-01,0.0,0.0
ARM,2024-10-01,0.0,0.0
AUS,2024-10-01,0.0,0.0
AUT,2024-10-01,0.0,0.0
AZE,2024-10-01,0.0,0.0
BDI,2024-10-01,0.0,0.0
BEL,2024-10-01,0.0,0.0
BEN,2024-10-01,0.0,0.004982889509499273
BGD,2024-10-01,0.0,0.013587253279734424
BGR,2024-10-01,0.0,0.0
BHR,2024-10-01,0.0,0.0
BHS,2024-10-01,0.0,0.0
BIH,2024-10-01,0.0,0.0
BLR,2024-10-01,0.0,0.0
BLZ,2024-10-01,0.0,0.0
BOL,2024-10-01,0.0,0.005
BRA,2024-10-01,0.0,0.008203358114600719
BRB,2024-10-01,0.0,0.0
BRN,2024-10-01,0.0,0.0
BTN,2024-10-01,0.0,0.0
BWA,2024-10-01,0.0,0.0
CAF,2024-10-01,0.0,0.34832696754871656
CAN,2024-10-01,0.0,0.0
CHE,2024-10-01,0.0,0.0
CHL,2024-10-01,0.0,0.0
CHN,2024-10-01,0.0,0.0
CIV,2024-10-01,0.0,0.0
CMR,2024-10-01,0.0,0.218282852434717
COL,2024-10-01,0.0,0.0640375553768105
COM,2024-10-01,0.0,0.005
CRI,2024-10-01,0.0,0.0
CUB,2024-10-01,0.0,0.0
CYP,2024-10-01,0.0,0.0
CZE,2024-10-01,0.0,0.0
DEU,2024-10-01,0.0,0.0
DJI,2024-10-01,0.0,0.0
DNK,2024-10-01,0.0,0.0
DOM,2024-10-01,0.0,0.0
DZA,2024-10-01,0.0,0.0
ECU,2024-10-01,0.0,0.0
EGY,2024-10-01,0.0,0.004486471171554057
ERI,2024-10-01,0.0,0.0
ESP,2024-10-01,0.0,0.0
EST,2024-10-01,0.0,0.0
ETH,2024-10-01,0.0,0.8445663924409907
FIN,2024-10-01,0.0,0.0
FJI,2024-10-01,0.0,0.0
FRA,2024-10-01,0.0,0.0
GAB,2024-10-01,0.0,0.0
GBR,2024-10-01,0.0,0.0
GEO,2024-10-01,0.0,0.0
GHA,2024-10-01,0.0,0.0
GIN,2024-10-01,0.0,0.0
GMB,2024-10-01,0.0,0.0
GNB,2024-10-01,0.0,0.0
GNQ,2024-10-01,0.0,0.0
GRC,2024-10-01,0.0,0.0
GRD,2024-10-01,0.0,0.0
GTM,2024-10-01,0.0,0.0
GUY,2024-10-01,0.0,0.0
HND,2024-10-01,0.0,0.0
HRV,2024-10-01,0.0,0.0
HTI,2024-10-01,1.0,0.5745873824014673
HUN,2024-10-01,0.0,0.0
IDN,2024-10-01,0.0,0.01964311741506486
IND,2024-10-01,0.0,0.008203358114600717
IRL,2024-10-01,0.0,0.0
IRN,2024-10-01,0.0,0.019209440550518934
IRQ,2024-10-01,0.0,0.2853947907317668
ISL,2024-10-01,0.0,0.0
ISR,2024-10-01,0.0,0.027750305940049454
ITA,2024-10-01,0.0,0.0
JAM,2024-10-01,0.0,0.0
JOR,2024-10-01,0.0,0.0
JPN,2024-10-01,0.0,0.0
KAZ,2024-10-01,0.0,0.0
KEN,2024-10-01,0.0,0.0
KGZ,2024-10-01,0.0,0.0
KHM,2024-10-01,0.0,0.0
KOR,2024-10-01,0.0,0.0
KWT,2024-10-01,0.0,0.0
LAO,2024-10-01,0.0,0.0
LBR,2024-10-01,0.0,0.0
LBY,2024-10-01,0.0,0.0
LKA,2024-10-01,0.0,0.0
LSO,2024-10-01,0.0,0.0
LTU,2024-10-01,0.0,0.0
LUX,2024-10-01,0.0,0.0
LVA,2024-10-01,0.0,0.0
MAR,2024-10-01,0.0,0.0
MDA,2024-10-01,0.0,0.0
MDG,2024-10-01,0.0,0.0
MDV,2024-10-01,0.0,0.0
MEX,2024-10-01,0.0,0.057787562981088766
MKD,2024-10-01,0.0,0.0
MLI,2024-10-01,0.0,0.6849672510679684
MLT,2024-10-01,0.0,0.0
MNE,2024-10-01,0.0,0.0
MNG,2024-10-01,0.0,0.0
MOZ,2024-10-01,0.0,0.458789974361977
MRT,2024-10-01,0.0,0.0
MUS,2024-10-01,0.0,0.0
MWI,2024-10-01,0.0,0.0
MYS,2024-10-01,0.0,0.0
NAM,2024-10-01,0.0,0.0
NER,2024-10-01,0.0,0.5729747793585457
NGA,2024-10-01,0.0,0.35559948854052414
NIC,2024-10-01,0.0,0.005
NLD,2024-10-01,0.0,0.0
NOR,2024-10-01,0.0,0.0
NPL,2024-10-01,0.0,0.0
NZL,2024-10-01,0.0,0.0
OMN,2024-10-01,0.0,0.005
PAK,2024-10-01,0.0,0.04485831352335646
PAN,2024-10-01,0.0,0.0
PER,2024-10-01,0.0,0.0
PHL,2024-10-01,0.0,0.13683482208763476
PNG,2024-10-01,0.0,0.027460080121093702
POL,2024-10-01,0.0,0.0
PRK,2024-10-01,0.0,0.0
PRT,2024-10-01,0.0,0.0
PRY,2024-10-01,0.0,0.0
PSE,2024-10-01,0.0,0.46045131592359406
QAT,2024-10-01,0.0,0.0
ROU,2024-10-01,0.0,0.0
RUS,2024-10-01,0.0,0.4340561451048195
RWA,2024-10-01,0.0,0.0
SAU,2024-10-01,0.0,0.0
SEN,2024-10-01,0.0,0.0
SGP,2024-10-01,0.0,0.0
SLB,2024-10-01,0.0,0.0
SLE,2024-10-01,0.0,0.0
SLV,2024-10-01,0.0,0.0
SOM,2024-10-01,0.0,0.5506688871889357
SRB,2024-10-01,0.0,0.0
SSD,2024-10-01,1.0,0.6083628677489061
STP,2024-10-01,0.0,0.0
SVK,2024-10-01,0.0,0.0
SVN,2024-10-01,0.0,0.0
SWE,2024-10-01,0.0,0.0
SWZ,2024-10-01,0.0,0.0
SYC,2024-10-01,0.0,0.0
SYR,2024-10-01,1.0,0.7363795310482562
TCD,2024-10-01,0.0,0.4095628153054092
TGO,2024-10-01,0.0,0.0
THA,2024-10-01,0.0,0.0
TJK,2024-10-01,0.0,0.0
TKM,2024-10-01,0.0,0.0
TLS,2024-10-01,0.0,0.0
TON,2024-10-01,0.0,0.0
TTO,2024-10-01,0.0,0.0
TUN,2024-10-01,0.0,0.0
TUR,2024-10-01,0.0,0.018876483293493306
TZA,2024-10-01,0.0,0.005
UGA,2024-10-01,0.0,0.05476764083193136
URY,2024-10-01,0.0,0.0
USA,2024-10-01,0.0,0.0
UZB,2024-10-01,0.0,0.0
VEN,2024-10-01,0.0,0.004587962601825338
VNM,2024-10-01,0.0,0.0
VUT,2024-10-01,0.0,0.0
WSM,2024-10-01,0.0,0.0
YEM,2024-10-01,0.0,0.14524914159056784
ZAF,2024-10-01,0.0,0.0
ZMB,2024-10-01,0.0,0.0
ZWE,2024-10-01,0.0,0.0
AFG,2024-11-01,0.0,0.17206998095926843
AGO,2024-11-01,0.0,0.0
ALB,2024-11-01,0.0,0.0
ARE,2024-11-01,0.0,0.0
ARG,2024-11-01,0.0,0.0
ARM,2024-11-01,0.0,0.0
AUS,2024-11-01,0.0,0.0
AUT,2024-11-01,0.0,0.0
AZE,2024-11-01,0.0,0.0
BDI,2024-11-01,0.0,0.00497467765690809
BEL,2024-11-01,0.0,0.0
BEN,2024-11-01,0.0,0.0
BGD,2024-11-01,0.0,0.0
BGR,2024-11-01,0.0,0.0
BHR,2024-11-01,0.0,0.005
BHS,2024-11-01,0.0,0.0
BIH,2024-11-01,0.0,0.0
BLR,2024-11-01,0.0,0.0
BLZ,2024-11-01,0.0,0.0
BOL,2024-11-01,0.0,0.0
BRA,2024-11-01,0.0,0.0
BRB,2024-11-01,0.0,0.0
BRN,2024-11-01,0.0,0.0
BTN,2024-11-01,0.0,0.0
BWA,2024-11-01,0.0,0.0
CAF,2024-11-01,0.0,0.35382445261649714
CAN,2024-11-01,0.0,0.0
CHE,2024-11-01,0.0,0.0
CHL,2024-11-01,0.0,0.0
CHN,2024-11-01,0.0,0.0
CIV,2024-11-01,0.0,0.0
CMR,2024-11-01,0.0,0.23462718746392686
COL,2024-11-01,1.0,0.062044681471992984
COM,2024-11-01,0.0,0.0
CRI,2024-11-01,0.0,0.0
CUB,2024-11-01,0.0,0.0
CYP,2024-11-01,0.0,0.0
CZE,2024-11-01,0.0,0.0
DEU,2024-11-01,0.0,0.0
DJI,2024-11-01,0.0,0.015
DNK,2024-11-01,0.0,0.0
DOM,2024-11-01,0.0,0.0
DZA,2024-11-01,0.0,0.0
ECU,2024-11-01,0.0,0.0
EGY,2024-11-01,0.0,0.0
ERI,2024-11-01,0.0,0.0
ESP,2024-11-01,0.0,0.0
EST,2024-11-01,0.0,0.0
ETH,2024-11-01,0.0,0.6155864336168473
FIN,2024-11-01,0.0,0.0
FJI,2024-11-01,0.0,0.0
FRA,2024-11-01,0.0,0.0
GAB,2024-11-01,0.0,0.0
GBR,2024-11-01,0.0,0.0
GEO,2024-11-01,0.0,0.0
GHA,2024-11-01,0.0,0.0
GIN,2024-11-01,0.0,0.0
GMB,2024-11-01,0.0,0.0
GNB,2024-11-01,0.0,0.0
GNQ,2024-11-01,0.0,0.0
GRC,2024-11-01,0.0,0.0
GRD,2024-11-01,0.0,0.0
GTM,2024-11-01,0.0,0.0
GUY,2024-11-01,0.0,0.0
HND,2024-11-01,0.0,0.0
HRV,2024-11-01,0.0,0.0
HTI,2024-11-01,1.0,0.7268716604711216
HUN,2024-11-01,0.0,0.0
IDN,2024-11-01,0.0,0.013009403088169913
IND,2024-11-01,0.0,0.0
IRL,2024-11-01,0.0,0.0
IRN,2024-11-01,0.0,0.049042652691183006
IRQ,2024-11-01,0.0,0.25182332364708265
ISL,2024-11-01,0.0,0.0
ISR,2024-11-01,0.0,0.023843727418547615
ITA,2024-11-01,0.0,0.0
JAM,2024-11-01,0.0,0.0
JOR,2024-11-01,0.0,0.0
JPN,2024-11-01,0.0,0.0
KAZ,2024-11-01,0.0,0.0
KEN,2024-11-01,0.0,0.0
KGZ,2024-11-01,0.0,0.0
KHM,2024-11-01,0.0,0.0
KOR,2024-11-01,0.0,0.0
KWT,2024-11-01,0.0,0.0
LAO,2024-11-01,0.0,0.0
LBN,2024-11-01,1.0,0.5995199170045695
LBR,2024-11-01,0.0,0.0
LBY,2024-11-01,0.0,0.004706009799673343
LKA,2024-11-01,0.0,0.0
LSO,2024-11-01,0.0,0.0
LTU,2024-11-01,0.0,0.0
LUX,2024-11-01,0.0,0.0
LVA,2024-11-01,0.0,0.0
MAR,2024-11-01,0.0,0.0
MDA,2024-11-01,0.0,0.0
MDG,2024-11-01,0.0,0.0
MDV,2024-11-01,0.0,0.0
MEX,2024-11-01,0.0,0.04587331376795583
MKD,2024-11-01,0.0,0.0
MLI,2024-11-01,0.0,0.3110273918848225
MLT,2024-11-01,0.0,0.0
MNE,2024-11-01,0.0,0.0
MNG,2024-11-01,0.0,0.0
MOZ,2024-11-01,0.0,0.7624278444770946
MRT,2024-11-01,0.0,0.0
MUS,2024-11-01,0.0,0.0
MWI,2024-11-01,0.0,0.0
MYS,2024-11-01,0.0,0.0
NAM,2024-11-01,0.0,0.0
NER,2024-11-01,0.0,0.7134507454005036
NGA,2024-11-01,0.0,0.16366659490026123
NIC,2024-11-01,0.0,0.0
NLD,2024-11-01,0.0,0.0
NOR,2024-11-01,0.0,0.0
NPL,2024-11-01,0.0,0.0
NZL,2024-11-01,0.0,0.0
OMN,2024-11-01,0.0,0.005
PAK,2024-11-01,0.0,0.14443736471531196
PAN,2024-11-01,0.0,0.0
PER,2024-11-01,0.0,0.0
PHL,2024-11-01,0.0,0.07754097928337388
PNG,2024-11-01,0.0,0.052275174157612854
POL,2024-11-01,0.0,0.0
PRK,2024-11-01,0.0,0.0
PRT,2024-11-01,0.0,0.0
PRY,2024-11-01,0.0,0.0
PSE,2024-11-01,0.0,0.5562030827644756
QAT,2024-11-01,0.0,0.0
ROU,2024-11-01,0.0,0.0
RUS,2024-11-01,0.0,0.5184609999586938
RWA,2024-11-01,0.0,0.0
SAU,2024-11-01,0.0,0.0
SEN,2024-11-01,0.0,0.0
SGP,2024-11-01,0.0,0.0
SLB,2024-11-01,0.0,0.0
SLE,2024-11-01,0.0,0.005
SLV,2024-11-01,0.0,0.0
SOM,2024-11-01,1.0,0.5123686678863821
SRB,2024-11-01,0.0,0.0
SSD,2024-11-01,1.0,0.5503969650017294
STP,2024-11-01,0.0,0.0
SVK,2024-11-01,0.0,0.0
SVN,2024-11-01,0.0,0.0
SWE,2024-11-01,0.0,0.0
SWZ,2024-11-01,0.0,0.0
SYC,2024-11-01,0.0,0.0
TCD,2024-11-01,0.0,0.2976890182174003
TGO,2024-11-01,0.0,0.005
THA,2024-11-01,0.0,0.0
TJK,2024-11-01,0.0,0.0
TKM,2024-11-01,0.0,0.0
TLS,2024-11-01,0.0,0.0
TON,2024-11-01,0.0,0.0
TTO,2024-11-01,0.0,0.0
TUN,2024-11-01,0.0,0.0
TUR,2024-11-01,0.0,0.004532772990535383
TZA,2024-11-01,0.0,0.0
UGA,2024-11-01,0.0,0.03850748489523606
UKR,2024-11-01,0.0,0.792931819871394
URY,2024-11-01,0.0,0.0
USA,2024-11-01,0.0,0.0
UZB,2024-11-01,0.0,0.0
VEN,2024-11-01,0.0,0.0
VNM,2024-11-01,0.0,0.0
VUT,2024-11-01,0.0,0.0
WSM,2024-11-01,0.0,0.0
YEM,2024-11-01,0.0,0.17988104955793394
ZAF,2024-11-01,0.0,0.0
ZMB,2024-11-01,0.0,0.0
ZWE,2024-11-01,0.0,0.0
AFG,2024-12-01,0.0,0.13912448302522135
AGO,2024-12-01,0.0,0.0
ALB,2024-12-01,0.0,0.0
ARE,2024-12-01,0.0,0.0
ARG,2024-12-01,0.0,0.0
ARM,2024-12-01,0.0,0.0
AUS,2024-12-01,0.0,0.0
AUT,2024-12-01,0.0,0.0
AZE,2024-12-01,0.0,0.0
BDI,2024-12-01,0.0,0.004877235339853501
BEL,2024-12-01,0.0,0.0
BEN,2024-12-01,0.0,0.0
BGD,2024-12-01,0.0,0.0
BGR,2024-12-01,0.0,0.0
BHR,2024-12-01,0.0,0.0
BHS,2024-12-01,0.0,0.0
BIH,2024-12-01,0.0,0.0
BLR,2024-12-01,0.0,0.0
BLZ,2024-12-01,0.0,0.0
BOL,2024-12-01,0.0,0.0
BRA,2024-12-01,0.0,0.0
BRB,2024-12-01,0.0,0.0
BRN,2024-12-01,0.0,0.0
BTN,2024-12-01,0.0,0.0
BWA,2024-12-01,0.0,0.0
CAF,2024-12-01,0.0,0.26218506024015875
CAN,2024-12-01,0.0,0.0
CHE,2024-12-01,0.0,0.0
CHL,2024-12-01,0.0,0.0
CHN,2024-12-01,0.0,0.0
CIV,2024-12-01,0.0,0.0
CMR,2024-12-01,0.0,0.1420666326237639
COL,2024-12-01,1.0,0.03888049487602415
COM,2024-12-01,0.0,0.0
CRI,2024-12-01,0.0,0.0
CUB,2024-12-01,0.0,0.0
CYP,2024-12-01,0.0,0.005
CZE,2024-12-01,0.0,0.0
DEU,2024-12-01,0.0,0.0
DJI,2024-12-01,0.0,0.0
DNK,2024-12-01,0.0,0.0
DOM,2024-12-01,0.0,0.0
DZA,2024-12-01,0.0,0.0
ECU,2024-12-01,0.0,0.0
EGY,2024-12-01,0.0,0.006058415373954071
ERI,2024-12-01,0.0,0.0
ESP,2024-12-01,0.0,0.0
EST,2024-12-01,0.0,0.0
ETH,2024-12-01,0.0,0.6832111235780272
FIN,2024-12-01,0.0,0.0
FJI,2024-12-01,0.0,0.0
FRA,2024-12-01,0.0,0.0
GAB,2024-12-01,0.0,0.0
GBR,2024-12-01,0.0,0.0
GEO,2024-12-01,0.0,0.0
GHA,2024-12-01,0.0,0.0
GIN,2024-12-01,0.0,0.0
GMB,2024-12-01,0.0,0.0
GNB,2024-12-01,0.0,0.0
GNQ,2024-12-01,0.0,0.0
GRC,2024-12-01,0.0,0.0
GRD,2024-12-01,0.0,0.0
GTM,2024-12-01,0.0,0.0
GUY,2024-12-01,0.0,0.0
HND,2024-12-01,0.0,0.0
HRV,2024-12-01,0.0,0.0
HUN,2024-12-01,0.0,0.0
IDN,2024-12-01,0.0,0.04458609655012463
IND,2024-12-01,0.0,0.0
IRL,2024-12-01,0.0,0.0
IRN,2024-12-01,0.0,0.028513252416146915
IRQ,2024-12-01,0.0,0.24636225922359942
ISL,2024-12-01,0.0,0.0
ISR,2024-12-01,0.0,0.014867861201405956
ITA,2024-12-01,0.0,0.0
JAM,2024-12-01,0.0,0.0
JOR,2024-12-01,0.0,0.0
JPN,2024-12-01,0.0,0.0
KAZ,2024-12-01,0.0,0.0
KEN,2024-12-01,0.0,0.0
KGZ,2024-12-01,0.0,0.0
KHM,2024-12-01,0.0,0.0
KOR,2024-12-01,0.0,0.0
KWT,2024-12-01,0.0,0.0
LAO,2024-12-01,0.0,0.0
LBN,2024-12-01,1.0,0.495438407319262
LBR,2024-12-01,0.0,0.0
LBY,2024-12-01,0.0,0.0
LKA,2024-12-01,0.0,0.0
LSO,2024-12-01,0.0,0.0
LTU,2024-12-01,0.0,0.0
LUX,2024-12-01,0.0,0.0
LVA,2024-12-01,0.0,0.0
MAR,2024-12-01,0.0,0.0
MDA,2024-12-01,0.0,0.0
MDG,2024-12-01,0.0,0.0
MDV,2024-12-01,0.0,0.0
MEX,2024-12-01,0.0,0.0662279743555419
MKD,2024-12-01,0.0,0.0
MLI,2024-12-01,0.0,0.19171807531961665
MLT,2024-12-01,0.0,0.0
MMR,2024-12-01,0.0,0.5040795453042871
MNE,2024-12-01,0.0,0.0
MNG,2024-12-01,0.0,0.0
MOZ,2024-12-01,0.0,0.27007270453336046
MRT,2024-12-01,0.0,0.0
MUS,2024-12-01,0.0,0.0
MWI,2024-12-01,0.0,0.0
MYS,2024-12-01,0.0,0.0
NAM,2024-12-01,0.0,0.0
NER,2024-12-01,0.0,0.6649631008198565
NGA,2024-12-01,0.0,0.14386434918352353
NIC,2024-12-01,0.0,0.0
NLD,2024-12-01,0.0,0.0
NOR,2024-12-01,0.0,0.0
NPL,2024-12-01,0.0,0.0
NZL,2024-12-01,0.0,0.0
OMN,2024-12-01,0.0,0.0
PAK,2024-12-01,0.0,0.16791186034635852
PAN,2024-12-01,0.0,0.0
PER,2024-12-01,0.0,0.0
PHL,2024-12-01,0.0,0.07180371834031991
PNG,2024-12-01,0.0,0.014087835694237683
POL,2024-12-01,0.0,0.0
PRK,2024-12-01,0.0,0.0
PRT,2024-12-01,0.0,0.0
PRY,2024-12-01,0.0,0.0
PSE,2024-12-01,0.0,0.6144432577322592
QAT,2024-12-01,0.0,0.0
ROU,2024-12-01,0.0,0.0
RUS,2024-12-01,0.0,0.3676684713704608
RWA,2024-12-01,0.0,0.0
SAU,2024-12-01,0.0,0.0
SEN,2024-12-01,0.0,0.0
SGP,2024-12-01,0.0,0.0
SLB,2024-12-01,0.0,0.0
SLE,2024-12-01,0.0,0.0
SLV,2024-12-01,0.0,0.0
SOM,2024-12-01,1.0,0.8651892319603153
SRB,2024-12-01,0.0,0.0
STP,2024-12-01,0.0,0.0
SVK,2024-12-01,0.0,0.0
SVN,2024-12-01,0.0,0.0
SWE,2024-12-01,0.0,0.0
SWZ,2024-12-01,0.0,0.0
SYC,2024-12-01,0.0,0.0
SYR,2024-12-01,0.0,0.27737243811465356
TCD,2024-12-01,0.0,0.3248064288814812
TGO,2024-12-01,0.0,0.0
THA,2024-12-01,0.0,0.0
TJK,2024-12-01,0.0,0.0
TKM,2024-12-01,0.0,0.0
TLS,2024-12-01,0.0,0.0
TON,2024-12-01,0.0,0.0
TTO,2024-12-01,0.0,0.0
TUN,2024-12-01,0.0,0.0
TUR,2024-12-01,0.0,0.013026331554753244
TZA,2024-12-01,0.0,0.0
UGA,2024-12-01,0.0,0.022813078427303016
UKR,2024-12-01,0.0,0.75311131600934
URY,2024-12-01,0.0,0.0
USA,2024-12-01,0.0,0.0
UZB,2024-12-01,0.0,0.0
VEN,2024-12-01,0.0,0.0
VNM,2024-12-01,0.0,0.0
VUT,2024-12-01,0.0,0.0
WSM,2024-12-01,0.0,0.0
YEM,2024-12-01,0.0,0.23055859507647355
ZAF,2024-12-01,0.0,0.0
ZMB,2024-12-01,0.0,0.0
ZWE,2024-12-01,0.0,0.0
AFG,2025-01-01,0.0,0.1768613788582619
AGO,2025-01-01,0.0,0.0
ALB,2025-01-01,0.0,0.0
ARE,2025-01-01,0.0,0.0
ARG,2025-01-01,0.0,0.0
ARM,2025-01-01,0.0,0.0
AUS,2025-01-01,0.0,0.0
AUT,2025-01-01,0.0,0.0
AZE,2025-01-01,0.0,0.0
BDI,2025-01-01,0.0,0.0
BEL,2025-01-01,0.0,0.0
BEN,2025-01-01,0.0,0.0048763701829949175
BGD,2025-01-01,0.0,0.005
BGR,2025-01-01,0.0,0.0
BHR,2025-01-01,0.0,0.005
BHS,2025-01-01,0.0,0.0
BIH,2025-01-01,0.0,0.0
BLR,2025-01-01,0.0,0.0
BLZ,2025-01-01,0.0,0.0
BOL,2025-01-01,0.0,0.0
BRA,2025-01-01,0.0,0.0
BRB,2025-01-01,0.0,0.0
BRN,2025-01-01,0.0,0.0
BTN,2025-01-01,0.0,0.0
BWA,2025-01-01,0.0,0.0
CAF,2025-01-01,0.0,0.6233011812675884
CAN,2025-01-01,0.0,0.0
CHE,2025-01-01,0.0,0.0
CHL,2025-01-01,0.0,0.0
CHN,2025-01-01,0.0,0.0
CIV,2025-01-01,0.0,0.0
CMR,2025-01-01,0.0,0.43945138088683355
COM,2025-01-01,0.0,0.0
CRI,2025-01-01,0.0,0.0
CUB,2025-01-01,0.0,0.0
CYP,2025-01-01,0.0,0.0
CZE,2025-01-01,0.0,0.0
DEU,2025-01-01,0.0,0.0
DJI,2025-01-01,0.0,0.0
DNK,2025-01-01,0.0,0.0
DOM,2025-01-01,0.0,0.0
DZA,2025-01-01,0.0,0.0
ECU,2025-01-01,0.0,0.0
EGY,2025-01-01,0.0,0.004075823824945775
ERI,2025-01-01,0.0,0.0
ESP,2025-01-01,0.0,0.0
EST,2025-01-01,0.0,0.0
ETH,2025-01-01,0.0,0.7077640100369622
FIN,2025-01-01,0.0,0.0
FJI,2025-01-01,0.0,0.0
FRA,2025-01-01,0.0,0.0
GAB,2025-01-01,0.0,0.0
GBR,2025-01-01,0.0,0.0
GEO,2025-01-01,0.0,0.0
GHA,2025-01-01,0.0,0.0
GIN,2025-01-01,0.0,0.0
GMB,2025-01-01,0.0,0.0
GNB,2025-01-01,0.0,0.0
GNQ,2025-01-01,0.0,0.0
GRC,2025-01-01,0.0,0.0
GRD,2025-01-01,0.0,0.0
GTM,2025-01-01,0.0,0.0
GUY,2025-01-01,0.0,0.0
HND,2025-01-01,0.0,0.0
HRV,2025-01-01,0.0,0.0
HTI,2025-01-01,1.0,0.7977929442451593
HUN,2025-01-01,0.0,0.0
IDN,2025-01-01,0.0,0.040509504476578036
IND,2025-01-01,0.0,0.004707131987212876
IRL,2025-01-01,0.0,0.0
IRN,2025-01-01,0.0,0.014179916173421
IRQ,2025-01-01,0.0,0.21403066266129123
ISL,2025-01-01,0.0,0.0
ISR,2025-01-01,0.0,0.04823426533379426
ITA,2025-01-01,0.0,0.0
JAM,2025-01-01,0.0,0.0
JOR,2025-01-01,0.0,0.0
JPN,2025-01-01,0.0,0.0
KAZ,2025-01-01,0.0,0.0
KEN,2025-01-01,0.0,0.0
KGZ,2025-01-01,0.0,0.0
KHM,2025-01-01,0.0,0.0
KOR,2025-01-01,0.0,0.0
KWT,2025-01-01,0.0,0.0
LAO,2025-01-01,0.0,0.0
LBN,2025-01-01,0.0,0.6725394291314599
LBR,2025-01-01,0.0,0.0
LBY,2025-01-01,0.0,0.0
LKA,2025-01-01,0.0,0.0
LSO,2025-01-01,0.0,0.0
LTU,2025-01-01,0.0,0.0
LUX,2025-01-01,0.0,0.0
LVA,2025-01-01,0.0,0.0
MAR,2025-01-01,0.0,0.0
MDA,2025-01-01,0.0,0.0
MDG,2025-01-01,0.0,0.0
MDV,2025-01-01,0.0,0.0
MEX,2025-01-01,0.0,0.08566308609893214
MKD,2025-01-01,0.0,0.0
MLI,2025-01-01,0.0,0.494793884757791
MLT,2025-01-01,0.0,0.0
MMR,2025-01-01,0.0,0.5457200919283226
MNE,2025-01-01,0.0,0.0
MNG,2025-01-01,0.0,0.0
MOZ,2025-01-01,0.0,0.4374415167908891
MRT,2025-01-01,0.0,0.0
MUS,2025-01-01,0.0,0.0
MWI,2025-01-01,0.0,0.0
MYS,2025-01-01,0.0,0.0
NAM,2025-01-01,0.0,0.0
NER,2025-01-01,0.0,0.8705223692724365
NGA,2025-01-01,0.0,0.36355584979485445
NIC,2025-01-01,0.0,0.0
NLD,2025-01-01,0.0,0.0
NOR,2025-01-01,0.0,0.0
NPL,2025-01-01,0.0,0.0
NZL,2025-01-01,0.0,0.0
OMN,2025-01-01,0.0,0.0
PAK,2025-01-01,0.0,0.14746753190003378
PAN,2025-01-01,0.0,0.0
PER,2025-01-01,0.0,0.0
PHL,2025-01-01,0.0,0.044863017570290875
PNG,2025-01-01,0.0,0.018656490674688723
POL,2025-01-01,0.0,0.0
PRK,2025-01-01,0.0,0.0
PRT,2025-01-01,0.0,0.0
PRY,2025-01-01,0.0,0.0
PSE,2025-01-01,1.0,0.3723698331092745
QAT,2025-01-01,0.0,0.0
ROU,2025-01-01,0.0,0.0
RUS,2025-01-01,0.0,0.34989231358335493
RWA,2025-01-01,0.0,0.005
SAU,2025-01-01,0.0,0.0
SEN,2025-01-01,0.0,0.0
SGP,2025-01-01,0.0,0.0
SLB,2025-01-01,0.0,0.0
SLE,2025-01-01,0.0,0.0
SLV,2025-01-01,0.0,0.0
SRB,2025-01-01,0.0,0.0
STP,2025-01-01,0.0,0.0
SVK,2025-01-01,0.0,0.0
SVN,2025-01-01,0.0,0.0
SWE,2025-01-01,0.0,0.0
SWZ,2025-01-01,0.0,0.0
SYC,2025-01-01,0.0,0.0
SYR,2025-01-01,0.0,0.6862042194561976
TCD,2025-01-01,0.0,0.33209924210065256
TGO,2025-01-01,0.0,0.0
THA,2025-01-01,0.0,0.0
TJK,2025-01-01,0.0,0.0
TKM,2025-01-01,0.0,0.0
TLS,2025-01-01,0.0,0.0
TON,2025-01-01,0.0,0.0
TTO,2025-01-01,0.0,0.0
TUN,2025-01-01,0.0,0.0
TUR,2025-01-01,0.0,0.013259977527187392
TZA,2025-01-01,0.0,0.0
UGA,2025-01-01,0.0,0.01397339160080577
UKR,2025-01-01,0.0,0.7047095509062377
URY,2025-01-01,0.0,0.0
USA,2025-01-01,0.0,0.0
UZB,2025-01-01,0.0,0.0
VEN,2025-01-01,0.0,0.0
VNM,2025-01-01,0.0,0.0
VUT,2025-01-01,0.0,0.0
WSM,2025-01-01,0.0,0.0
YEM,2025-01-01,0.0,0.20544897854589833
ZAF,2025-01-01,0.0,0.0
ZMB,2025-01-01,0.0,0.0
ZWE,2025-01-01,0.0,0.0
AFG,2025-02-01,0.0,0.3827966200354951
AGO,2025-02-01,0.0,0.0
ALB,2025-02-01,0.0,0.0
ARE,2025-02-01,0.0,0.0
ARG,2025-02-01,0.0,0.0
ARM,2025-02-01,0.0,0.0
AUS,2025-02-01,0.0,0.0
AUT,2025-02-01,0.0,0.0
AZE,2025-02-01,0.0,0.0
BDI,2025-02-01,0.0,0.0
BEL,2025-02-01,0.0,0.0
BEN,2025-02-01,0.0,0.00924362242846539
BGD,2025-02-01,0.0,0.018916348365901073
BGR,2025-02-01,0.0,0.0
BHR,2025-02-01,0.0,0.0
BHS,2025-02-01,0.0,0.0
BIH,2025-02-01,0.0,0.0
BLR,2025-02-01,0.0,0.0
BLZ,2025-02-01,0.0,0.0
BOL,2025-02-01,0.0,0.0
BRA,2025-02-01,0.0,0.007812087389289838
BRB,2025-02-01,0.0,0.0
BRN,2025-02-01,0.0,0.0
BTN,2025-02-01,0.0,0.0
BWA,2025-02-01,0.0,0.0
CAF,2025-02-01,0.0,0.7488319826879065
CAN,2025-02-01,0.0,0.0
CHE,2025-02-01,0.0,0.0
CHL,2025-02-01,0.0,0.0
CHN,2025-02-01,0.0,0.0
CIV,2025-02-01,0.0,0.0
CMR,2025-02-01,0.0,0.6442713044793618
COL,2025-02-01,0.0,0.146607069730655
COM,2025-02-01,0.0,0.0
CRI,2025-02-01,0.0,0.0
CUB,2025-02-01,0.0,0.0
CYP,2025-02-01,0.0,0.0
CZE,2025-02-01,0.0,0.0
DEU,2025-02-01,0.0,0.0
DJI,2025-02-01,0.0,0.0
DNK,2025-02-01,0.0,0.0
DOM,2025-02-01,0.0,0.0
DZA,2025-02-01,0.0,0.0
ECU,2025-02-01,0.0,0.01
EGY,2025-02-01,0.0,0.004254070331240757
ERI,2025-02-01,0.0,0.0
ESP,2025-02-01,0.0,0.0
EST,2025-02-01,0.0,0.0
ETH,2025-02-01,0.0,0.5560680272288561
FIN,2025-02-01,0.0,0.0
FJI,2025-02-01,0.0,0.0
FRA,2025-02-01,0.0,0.0
GAB,2025-02-01,0.0,0.0
GBR,2025-02-01,0.0,0.0
GEO,2025-02-01,0.0,0.0
GHA,2025-02-01,0.0,0.0
GIN,2025-02-01,0.0,0.0
GMB,2025-02-01,0.0,0.0
GNB,2025-02-01,0.0,0.0
GNQ,2025-02-01,0.0,0.0
GRC,2025-02-01,0.0,0.0
GRD,2025-02-01,0.0,0.0
GTM,2025-02-01,0.0,0.0
GUY,2025-02-01,0.0,0.0
HND,2025-02-01,0.0,0.0
HRV,2025-02-01,0.0,0.0
HTI,2025-02-01,1.0,0.8471921637416665
HUN,2025-02-01,0.0,0.0
IDN,2025-02-01,0.0,0.01896264682941863
IND,2025-02-01,0.0,0.0
IRL,2025-02-01,0.0,0.0
IRN,2025-02-01,0.0,0.02460802163461651
IRQ,2025-02-01,0.0,0.1983258928281618
ISL,2025-02-01,0.0,0.0
ISR,2025-02-01,0.0,0.03429812691533214
ITA,2025-02-01,0.0,0.0
JAM,2025-02-01,0.0,0.0
JOR,2025-02-01,0.0,0.0
JPN,2025-02-01,0.0,0.0
KAZ,2025-02-01,0.0,0.0
KEN,2025-02-01,0.0,0.015892413398960213
KGZ,2025-02-01,0.0,0.0
KHM,2025-02-01,0.0,0.0
KOR,2025-02-01,0.0,0.0
KWT,2025-02-01,0.0,0.0
LAO,2025-02-01,0.0,0.0
LBN,2025-02-01,0.0,0.6537028291358363
LBR,2025-02-01,0.0,0.0
LBY,2025-02-01,0.0,0.0047988219402555436
LKA,2025-02-01,0.0,0.0
LSO,2025-02-01,0.0,0.0
LTU,2025-02-01,0.0,0.0
LUX,2025-02-01,0.0,0.0
LVA,2025-02-01,0.0,0.0
MAR,2025-02-01,0.0,0.0
MDA,2025-02-01,0.0,0.0
MDG,2025-02-01,0.0,0.0
MDV,2025-02-01,0.0,0.0
MEX,2025-02-01,0.0,0.10673163515734414
MKD,2025-02-01,0.0,0.0
MLI,2025-02-01,0.0,0.82266301404945
MLT,2025-02-01,0.0,0.0
MMR,2025-02-01,0.0,0.5862440162195972
MNE,2025-02-01,0.0,0.0
MNG,2025-02-01,0.0,0.0
MOZ,2025-02-01,0.0,0.6806668437694171
MRT,2025-02-01,0.0,0.0
MUS,2025-02-01,0.0,0.0
MWI,2025-02-01,0.0,0.0
MYS,2025-02-01,0.0,0.0
NAM,2025-02-01,0.0,0.0
NER,2025-02-01,0.0,0.8411372574638694
NGA,2025-02-01,0.0,0.4274298446255294
NIC,2025-02-01,0.0,0.0
NLD,2025-02-01,0.0,0.0
NOR,2025-02-01,0.0,0.0
NPL,2025-02-01,0.0,0.0
NZL,2025-02-01,0.0,0.0
OMN,2025-02-01,0.0,0.0
PAK,2025-02-01,0.0,0.13566788220875248
PAN,2025-02-01,0.0,0.0
PER,2025-02-01,0.0,0.0
PHL,2025-02-01,0.0,0.03711880090338822
PNG,2025-02-01,0.0,0.028863007057128635
POL,2025-02-01,0.0,0.0
PRK,2025-02-01,0.0,0.0
PRT,2025-02-01,0.0,0.0
PRY,2025-02-01,0.0,0.0
PSE,2025-02-01,1.0,0.2505055764545815
QAT,2025-02-01,0.0,0.0
ROU,2025-02-01,0.0,0.0
RUS,2025-02-01,0.0,0.24691482982607182
RWA,2025-02-01,0.0,0.005
SAU,2025-02-01,0.0,0.0
SEN,2025-02-01,0.0,0.0
SGP,2025-02-01,0.0,0.0
SLB,2025-02-01,0.0,0.0
SLE,2025-02-01,0.0,0.0
SLV,2025-02-01,0.0,0.0
SRB,2025-02-01,0.0,0.0
STP,2025-02-01,0.0,0.0
SVK,2025-02-01,0.0,0.0
SVN,2025-02-01,0.0,0.0
SWE,2025-02-01,0.0,0.0
SWZ,2025-02-01,0.0,0.0
SYC,2025-02-01,0.0,0.0
SYR,2025-02-01,0.0,0.7672156505982335
TCD,2025-02-01,0.0,0.306982378633774
TGO,2025-02-01,0.0,0.0
THA,2025-02-01,0.0,0.005
TJK,2025-02-01,0.0,0.0
TKM,2025-02-01,0.0,0.0
TLS,2025-02-01,0.0,0.0
TON,2025-02-01,0.0,0.0
TTO,2025-02-01,0.0,0.0
TUN,2025-02-01,0.0,0.0
TUR,2025-02-01,0.0,0.0
TZA,2025-02-01,0.0,0.0
UGA,2025-02-01,0.0,0.035474467278533
UKR,2025-02-01,0.0,0.38649638339654646
URY,2025-02-01,0.0,0.0
USA,2025-02-01,0.0,0.0
UZB,2025-02-01,0.0,0.0
VEN,2025-02-01,0.0,0.009788074518276384
VNM,2025-02-01,0.0,0.0
VUT,2025-02-01,0.0,0.0
WSM,2025-02-01,0.0,0.0
YEM,2025-02-01,0.0,0.21755129368532294
ZAF,2025-02-01,0.0,0.0
ZMB,2025-02-01,0.0,0.0
ZWE,2025-02-01,0.0,0.0
AFG,2025-03-01,0.0,0.39638182878242906
AGO,2025-03-01,0.0,0.0
ALB,2025-03-01,0.0,0.0
ARE,2025-03-01,0.0,0.0
ARG,2025-03-01,0.0,0.0
ARM,2025-03-01,0.0,0.0
AUS,2025-03-01,0.0,0.0
AUT,2025-03-01,0.0,0.0
AZE,2025-03-01,0.0,0.0
BDI,2025-03-01,0.0,0.009528913040681571
BEL,2025-03-01,0.0,0.0
BEN,2025-03-01,0.0,0.01824475512632693
BGD,2025-03-01,0.0,0.0
BGR,2025-03-01,0.0,0.0
BHR,2025-03-01,0.0,0.005
BHS,2025-03-01,0.0,0.0
BIH,2025-03-01,0.0,0.0
BLR,2025-03-01,0.0,0.0
BLZ,2025-03-01,0.0,0.0
BOL,2025-03-01,0.0,0.0
BRA,2025-03-01,0.0,0.0
BRB,2025-03-01,0.0,0.0
BRN,2025-03-01,0.0,0.0
BTN,2025-03-01,0.0,0.0
BWA,2025-03-01,0.0,0.0
CAF,2025-03-01,0.0,0.7085130391158221
CAN,2025-03-01,0.0,0.0
CHE,2025-03-01,0.0,0.0
CHL,2025-03-01,0.0,0.0
CHN,2025-03-01,0.0,0.0
CIV,2025-03-01,0.0,0.0
CMR,2025-03-01,0.0,0.6684468194972648
COL,2025-03-01,0.0,0.574784253616436
COM,2025-03-01,0.0,0.0
CRI,2025-03-01,0.0,0.0
CUB,2025-03-01,0.0,0.0
CYP,2025-03-01,0.0,0.0
CZE,2025-03-01,0.0,0.0
DEU,2025-03-01,0.0,0.0
DJI,2025-03-01,0.0,0.0
DNK,2025-03-01,0.0,0.0
DOM,2025-03-01,0.0,0.0
DZA,2025-03-01,0.0,0.0
ECU,2025-03-01,0.0,0.0
EGY,2025-03-01,0.0,0.0047291744490100835
ERI,2025-03-01,0.0,0.0
ESP,2025-03-01,0.0,0.0
EST,2025-03-01,0.0,0.0
ETH,2025-03-01,1.0,0.8753053991154995
FIN,2025-03-01,0.0,0.0
FJI,2025-03-01,0.0,0.0
FRA,2025-03-01,0.0,0.0
GAB,2025-03-01,0.0,0.0
GBR,2025-03-01,0.0,0.0
GEO,2025-03-01,0.0,0.0
GHA,2025-03-01,0.0,0.0
GIN,2025-03-01,0.0,0.0
GMB,2025-03-01,0.0,0.0
GNB,2025-03-01,0.0,0.0
GNQ,2025-03-01,0.0,0.0
GRC,2025-03-01,0.0,0.0
GRD,2025-03-01,0.0,0.0
GTM,2025-03-01,0.0,0.0
GUY,2025-03-01,0.0,0.0
HND,2025-03-01,0.0,0.0
HRV,2025-03-01,0.0,0.0
HUN,2025-03-01,0.0,0.0
IDN,2025-03-01,0.0,0.055958164636443
IND,2025-03-01,1.0,0.0
IRL,2025-03-01,0.0,0.0
IRN,2025-03-01,0.0,0.0009185894645189395
IRQ,2025-03-01,0.0,0.15864368881479585
ISL,2025-03-01,0.0,0.0
ISR,2025-03-01,0.0,0.028409255188233274
ITA,2025-03-01,0.0,0.0
JAM,2025-03-01,0.0,0.0
JOR,2025-03-01,0.0,0.0
JPN,2025-03-01,0.0,0.0
KAZ,2025-03-01,0.0,0.0
KEN,2025-03-01,0.0,0.009556732814849192
KGZ,2025-03-01,0.0,0.0
KHM,2025-03-01,0.0,0.0
KOR,2025-03-01,0.0,0.0
KWT,2025-03-01,0.0,0.0
LAO,2025-03-01,0.0,0.0
LBN,2025-03-01,0.0,0.5778133674077356
LBR,2025-03-01,0.0,0.0
LBY,2025-03-01,0.0,0.0
LKA,2025-03-01,0.0,0.0
LSO,2025-03-01,0.0,0.0
LTU,2025-03-01,0.0,0.0
LUX,2025-03-01,0.0,0.0
LVA,2025-03-01,0.0,0.0
MAR,2025-03-01,0.0,0.0
MDA,2025-03-01,0.0,0.0
MDG,2025-03-01,0.0,0.0
MDV,2025-03-01,0.0,0.0
MEX,2025-03-01,0.0,0.07695420670583614
MKD,2025-03-01,0.0,0.0
MLI,2025-03-01,0.0,0.915996743902885
MLT,2025-03-01,0.0,0.0
MMR,2025-03-01,0.0,0.3575356787459477
MNE,2025-03-01,0.0,0.0
MNG,2025-03-01,0.0,0.0
MOZ,2025-03-01,0.0,0.27593059810379694
MRT,2025-03-01,0.0,0.0
MUS,2025-03-01,0.0,0.0
MWI,2025-03-01,0.0,0.0
MYS,2025-03-01,0.0,0.0
NAM,2025-03-01,0.0,0.0
NER,2025-03-01,0.0,0.8888253040292373
NGA,2025-03-01,1.0,0.5065571135136191
NIC,2025-03-01,0.0,0.0
NLD,2025-03-01,0.0,0.0
NOR,2025-03-01,0.0,0.0
NPL,2025-03-01,0.0,0.0
NZL,2025-03-01,0.0,0.0
OMN,2025-03-01,0.0,0.005
PAK,2025-03-01,0.0,0.47546645380026026
PAN,2025-03-01,0.0,0.0
PER,2025-03-01,0.0,0.0
PHL,2025-03-01,0.0,0.38514991814087524
PNG,2025-03-01,0.0,0.043643485264748705
POL,2025-03-01,0.0,0.0
PRK,2025-03-01,0.0,0.0
PRT,2025-03-01,0.0,0.0
PRY,2025-03-01,0.0,0.0
QAT,2025-03-01,0.0,0.0
ROU,2025-03-01,0.0,0.0
RUS,2025-03-01,0.0,0.0766533729994187
RWA,2025-03-01,0.0,0.0
SAU,2025-03-01,0.0,0.0
SEN,2025-03-01,0.0,0.0
SGP,2025-03-01,0.0,0.0
SLB,2025-03-01,0.0,0.0
SLE,2025-03-01,0.0,0.0
SLV,2025-03-01,0.0,0.0
SRB,2025-03-01,0.0,0.0
STP,2025-03-01,0.0,0.0
SVK,2025-03-01,0.0,0.0
SVN,2025-03-01,0.0,0.0
SWE,2025-03-01,0.0,0.0
SWZ,2025-03-01,0.0,0.0
SYC,2025-03-01,0.0,0.0
SYR,2025-03-01,0.0,0.5535010962043452
TCD,2025-03-01,0.0,0.2617749641085443
TGO,2025-03-01,0.0,0.0
THA,2025-03-01,0.0,0.0
TJK,2025-03-01,0.0,0.0
TKM,2025-03-01,0.0,0.0
TLS,2025-03-01,0.0,0.0
TON,2025-03-01,0.0,0.0
TTO,2025-03-01,0.0,0.0
TUN,2025-03-01,0.0,0.0
TUR,2025-03-01,0.0,0.0026982097186700775
TZA,2025-03-01,0.0,0.0
UGA,2025-03-01,0.0,0.057118797164761224
UKR,2025-03-01,0.0,0.3903663173523184
URY,2025-03-01,0.0,0.0
USA,2025-03-01,0.0,0.0
UZB,2025-03-01,0.0,0.0
VEN,2025-03-01,0.0,0.004985233313644418
VNM,2025-03-01,0.0,0.0
VUT,2025-03-01,0.0,0.0
WSM,2025-03-01,0.0,0.0
YEM,2025-03-01,0.0,0.17561934188487224
ZAF,2025-03-01,0.0,0.0
ZMB,2025-03-01,0.0,0.0
ZWE,2025-03-01,0.0,0.0
AFG,2025-04-01,0.0,0.3725958088352131
AGO,2025-04-01,0.0,0.0
ALB,2025-04-01,0.0,0.0
ARE,2025-04-01,0.0,0.0
ARG,2025-04-01,0.0,0.0
ARM,2025-04-01,0.0,0.0
AUS,2025-04-01,0.0,0.0
AUT,2025-04-01,0.0,0.0
AZE,2025-04-01,0.0,0.0
BDI,2025-04-01,0.0,0.030089652338436614
BEL,2025-04-01,0.0,0.0
BEN,2025-04-01,0.0,0.043609444569935756
BGD,2025-04-01,0.0,0.0
BGR,2025-04-01,0.0,0.0
BHR,2025-04-01,0.0,0.0
BHS,2025-04-01,0.0,0.0
BIH,2025-04-01,0.0,0.0
BLR,2025-04-01,0.0,0.0
BLZ,2025-04-01,0.0,0.0
BOL,2025-04-01,0.0,0.0
BRA,2025-04-01,0.0,0.0
BRB,2025-04-01,0.0,0.0
BRN,2025-04-01,0.0,0.0
BTN,2025-04-01,0.0,0.0
BWA,2025-04-01,0.0,0.0
CAF,2025-04-01,0.0,0.7952911823402392
CAN,2025-04-01,0.0,0.0
CHE,2025-04-01,0.0,0.0
CHL,2025-04-01,0.0,0.0
CHN,2025-04-01,0.0,0.0
CIV,2025-04-01,0.0,0.0
CMR,2025-04-01,0.0,0.7053180586079845
COL,2025-04-01,0.0,0.4599533284098095
COM,2025-04-01,0.0,0.0
CRI,2025-04-01,0.0,0.0
CUB,2025-04-01,0.0,0.0
CYP,2025-04-01,0.0,0.0
CZE,2025-04-01,0.0,0.0
DEU,2025-04-01,0.0,0.0
DJI,2025-04-01,0.0,0.0
DNK,2025-04-01,0.0,0.0
DOM,2025-04-01,0.0,0.0
DZA,2025-04-01,0.0,0.0
ECU,2025-04-01,0.0,0.005
EGY,2025-04-01,0.0,0.0
ERI,2025-04-01,0.0,0.0
ESP,2025-04-01,0.0,0.0
EST,2025-04-01,0.0,0.0
ETH,2025-04-01,1.0,0.8916911939699639
FIN,2025-04-01,0.0,0.0
FJI,2025-04-01,0.0,0.0
FRA,2025-04-01,0.0,0.0
GAB,2025-04-01,0.0,0.0
GBR,2025-04-01,0.0,0.0
GEO,2025-04-01,0.0,0.0
GHA,2025-04-01,0.0,0.0
GIN,2025-04-01,0.0,0.0
GMB,2025-04-01,0.0,0.0
GNB,2025-04-01,0.0,0.0
GNQ,2025-04-01,0.0,0.0
GRC,2025-04-01,0.0,0.0
GRD,2025-04-01,0.0,0.0
GTM,2025-04-01,0.0,0.0
GUY,2025-04-01,0.0,0.0
HND,2025-04-01,0.0,0.0
HRV,2025-04-01,0.0,0.0
HUN,2025-04-01,0.0,0.0
IDN,2025-04-01,0.0,0.018505466002139224
IND,2025-04-01,1.0,0.0
IRL,2025-04-01,0.0,0.0
IRN,2025-04-01,1.0,0.01843006956769867
IRQ,2025-04-01,0.0,0.1121715205196753
ISL,2025-04-01,0.0,0.0
ISR,2025-04-01,0.0,0.026913847226629796
ITA,2025-04-01,0.0,0.0
JAM,2025-04-01,0.0,0.0
JOR,2025-04-01,0.0,0.0
JPN,2025-04-01,0.0,0.0
KAZ,2025-04-01,0.0,0.0
KEN,2025-04-01,0.0,0.0
KGZ,2025-04-01,0.0,0.0
KHM,2025-04-01,0.0,0.0
KOR,2025-04-01,0.0,0.0
KWT,2025-04-01,0.0,0.0
LAO,2025-04-01,0.0,0.0
LBN,2025-04-01,0.0,0.7044400024611096
LBR,2025-04-01,0.0,0.0
LBY,2025-04-01,0.0,0.0
LKA,2025-04-01,0.0,0.0
LSO,2025-04-01,0.0,0.0
LTU,2025-04-01,0.0,0.0
LUX,2025-04-01,0.0,0.0
LVA,2025-04-01,0.0,0.0
MAR,2025-04-01,0.0,0.0
MDA,2025-04-01,0.0,0.0
MDG,2025-04-01,0.0,0.0
MDV,2025-04-01,0.0,0.0
MEX,2025-04-01,0.0,0.050627443193351454
MKD,2025-04-01,0.0,0.0
MLI,2025-04-01,0.0,0.8185908811455563
MLT,2025-04-01,0.0,0.0
MMR,2025-04-01,0.0,0.4891211159382991
MNE,2025-04-01,0.0,0.0
MNG,2025-04-01,0.0,0.0
MOZ,2025-04-01,0.0,0.6560030221564582
MRT,2025-04-01,0.0,0.0
MUS,2025-04-01,0.0,0.0
MWI,2025-04-01,0.0,0.0
MYS,2025-04-01,0.0,0.0
NAM,2025-04-01,0.0,0.0
NER,2025-04-01,1.0,0.9042425561694281
NGA,2025-04-01,1.0,0.8702358609630042
NIC,2025-04-01,0.0,0.0
NLD,2025-04-01,0.0,0.0
NOR,2025-04-01,0.0,0.0
NPL,2025-04-01,0.0,0.0
NZL,2025-04-01,0.0,0.0
OMN,2025-04-01,0.0,0.0
PAK,2025-04-01,0.0,0.3632156463573298
PAN,2025-04-01,0.0,0.0
PER,2025-04-01,0.0,0.0
PHL,2025-04-01,0.0,0.46705738217195253
PNG,2025-04-01,0.0,0.009670331858122301
POL,2025-04-01,0.0,0.0
PRK,2025-04-01,0.0,0.0
PRT,2025-04-01,0.0,0.0
PRY,2025-04-01,0.0,0.0
QAT,2025-04-01,0.0,0.0
ROU,2025-04-01,0.0,0.0
RUS,2025-04-01,0.0,0.11032623902211566
RWA,2025-04-01,0.0,0.0
SAU,2025-04-01,0.0,0.0
SEN,2025-04-01,0.0,0.0
SGP,2025-04-01,0.0,0.0
SLB,2025-04-01,0.0,0.0
SLE,2025-04-01,0.0,0.0
SLV,2025-04-01,0.0,0.0
SOM,2025-04-01,1.0,0.920198980953959
SRB,2025-04-01,0.0,0.0
STP,2025-04-01,0.0,0.0
SVK,2025-04-01,0.0,0.0
SVN,2025-04-01,0.0,0.0
SWE,2025-04-01,0.0,0.0
SWZ,2025-04-01,0.0,0.0
SYC,2025-04-01,0.0,0.0
SYR,2025-04-01,0.0,0.5218725927543371
TCD,2025-04-01,0.0,0.1688154173342982
TGO,2025-04-01,0.0,0.0
THA,2025-04-01,0.0,0.0
TJK,2025-04-01,0.0,0.0
TKM,2025-04-01,0.0,0.0
TLS,2025-04-01,0.0,0.0
TON,2025-04-01,0.0,0.0
TTO,2025-04-01,0.0,0.0
TUN,2025-04-01,0.0,0.01
TUR,2025-04-01,0.0,0.008734415303506366
TZA,2025-04-01,0.0,0.0
UGA,2025-04-01,0.0,0.04951823138672129
UKR,2025-04-01,0.0,0.30900255599753484
URY,2025-04-01,0.0,0.0
USA,2025-04-01,0.0,0.0
UZB,2025-04-01,0.0,0.0
VEN,2025-04-01,0.0,0.0
VNM,2025-04-01,0.0,0.0
VUT,2025-04-01,0.0,0.0
WSM,2025-04-01,0.0,0.0
YEM,2025-04-01,0.0,0.21588285896241988
ZAF,2025-04-01,0.0,0.0
ZMB,2025-04-01,0.0,0.0
ZWE,2025-04-01,0.0,0.0
AFG,2025-05-01,0.0,0.4122353283112983
AGO,2025-05-01,0.0,0.0
ALB,2025-05-01,0.0,0.0
ARE,2025-05-01,0.0,0.0
ARG,2025-05-01,0.0,0.0
ARM,2025-05-01,0.0,0.0
AUS,2025-05-01,0.0,0.0
AUT,2025-05-01,0.0,0.0
AZE,2025-05-01,0.0,0.0
BDI,2025-05-01,0.0,0.038750410642042404
BEL,2025-05-01,0.0,0.0
BEN,2025-05-01,0.0,0.027740496835559788
BGD,2025-05-01,0.0,0.006422919045400441
BGR,2025-05-01,0.0,0.0
BHR,2025-05-01,0.0,0.0
BHS,2025-05-01,0.0,0.0
BIH,2025-05-01,0.0,0.0
BLR,2025-05-01,0.0,0.0
BLZ,2025-05-01,0.0,0.0
BOL,2025-05-01,0.0,0.0
BRA,2025-05-01,0.0,0.0
BRB,2025-05-01,0.0,0.0
BRN,2025-05-01,0.0,0.0
BTN,2025-05-01,0.0,0.0
BWA,2025-05-01,0.0,0.0
CAF,2025-05-01,0.0,0.47384643023563655
CAN,2025-05-01,0.0,0.0
CHE,2025-05-01,0.0,0.0
CHL,2025-05-01,0.0,0.0
CHN,2025-05-01,0.0,0.0
CIV,2025-05-01,0.0,0.0
CMR,2025-05-01,0.0,0.7104597378752114
COL,2025-05-01,0.0,0.21755178083226798
COM,2025-05-01,0.0,0.0
CRI,2025-05-01,0.0,0.0
CUB,2025-05-01,0.0,0.0
CYP,2025-05-01,0.0,0.0
CZE,2025-05-01,0.0,0.0
DEU,2025-05-01,0.0,0.0
DJI,2025-05-01,0.0,0.0
DNK,2025-05-01,0.0,0.0
DOM,2025-05-01,0.0,0.0
DZA,2025-05-01,0.0,0.0
ECU,2025-05-01,0.0,0.0
EGY,2025-05-01,0.0,0.00911654470819204
ERI,2025-05-01,0.0,0.0
ESP,2025-05-01,0.0,0.0
EST,2025-05-01,0.0,0.0
ETH,2025-05-01,1.0,0.9213958488481944
FIN,2025-05-01,0.0,0.0
FJI,2025-05-01,0.0,0.0
FRA,2025-05-01,0.0,0.0
GAB,2025-05-01,0.0,0.0
GBR,2025-05-01,0.0,0.0
GEO,2025-05-01,0.0,0.0
GHA,2025-05-01,0.0,0.0
GIN,2025-05-01,0.0,0.0
GMB,2025-05-01,0.0,0.0
GNB,2025-05-01,0.0,0.0
GNQ,2025-05-01,0.0,0.0
GRC,2025-05-01,0.0,0.0
GRD,2025-05-01,0.0,0.0
GTM,2025-05-01,0.0,0.0
GUY,2025-05-01,0.0,0.0
HND,2025-05-01,0.0,0.0
HRV,2025-05-01,0.0,0.0
HUN,2025-05-01,0.0,0.0
IDN,2025-05-01,0.0,0.028393698270774932
IND,2025-05-01,0.0,0.17017062927994486
IRL,2025-05-01,0.0,0.0
IRN,2025-05-01,1.0,0.003704277536339606
IRQ,2025-05-01,0.0,0.05150979550467378
ISL,2025-05-01,0.0,0.0
ISR,2025-05-01,0.0,0.018613496244028874
ITA,2025-05-01,0.0,0.0
JAM,2025-05-01,0.0,0.0
JOR,2025-05-01,0.0,0.0
JPN,2025-05-01,0.0,0.0
KAZ,2025-05-01,0.0,0.0
KEN,2025-05-01,0.0,0.015828222941050733
KGZ,2025-05-01,0.0,0.0
KHM,2025-05-01,1.0,0.0
KOR,2025-05-01,0.0,0.0
KWT,2025-05-01,0.0,0.0
LAO,2025-05-01,0.0,0.0
LBN,2025-05-01,0.0,0.4600895336339212
LBR,2025-05-01,0.0,0.0
LBY,2025-05-01,0.0,0.03089868059631541
LKA,2025-05-01,0.0,0.0
LSO,2025-05-01,0.0,0.0
LTU,2025-05-01,0.0,0.0
LUX,2025-05-01,0.0,0.0
LVA,2025-05-01,0.0,0.0
MAR,2025-05-01,0.0,0.0
MDA,2025-05-01,0.0,0.0
MDG,2025-05-01,0.0,0.0
MDV,2025-05-01,0.0,0.0
MEX,2025-05-01,0.0,0.03327121669387512
MKD,2025-05-01,0.0,0.0
MLI,2025-05-01,0.0,0.9352028711039257
MLT,2025-05-01,0.0,0.0
MMR,2025-05-01,0.0,0.46049353034947815
MNE,2025-05-01,0.0,0.0
MNG,2025-05-01,0.0,0.0
MOZ,2025-05-01,1.0,0.4136753935898764
MRT,2025-05-01,0.0,0.0
MUS,2025-05-01,0.0,0.0
MWI,2025-05-01,0.0,0.0
MYS,2025-05-01,0.0,0.0
NAM,2025-05-01,0.0,0.0
NER,2025-05-01,1.0,0.8709354181803021
NIC,2025-05-01,0.0,0.0
NLD,2025-05-01,0.0,0.0
NOR,2025-05-01,0.0,0.0
NPL,2025-05-01,0.0,0.0
NZL,2025-05-01,0.0,0.0
OMN,2025-05-01,0.0,0.0
PAK,2025-05-01,0.0,0.6503987010279798
PAN,2025-05-01,0.0,0.0
PER,2025-05-01,0.0,0.0
PHL,2025-05-01,0.0,0.5398478418696313
PNG,2025-05-01,0.0,0.023915442696581315
POL,2025-05-01,0.0,0.0
PRK,2025-05-01,0.0,0.0
PRT,2025-05-01,0.0,0.0
PRY,2025-05-01,0.0,0.0
QAT,2025-05-01,0.0,0.0
ROU,2025-05-01,0.0,0.0
RUS,2025-05-01,0.0,0.032829629210862486
RWA,2025-05-01,0.0,0.01
SAU,2025-05-01,0.0,0.0
SEN,2025-05-01,0.0,0.0
SGP,2025-05-01,0.0,0.0
SLB,2025-05-01,0.0,0.0
SLE,2025-05-01,0.0,0.0
SLV,2025-05-01,0.0,0.0
SOM,2025-05-01,1.0,0.5864833721742646
SRB,2025-05-01,0.0,0.0
STP,2025-05-01,0.0,0.0
SVK,2025-05-01,0.0,0.0
SVN,2025-05-01,0.0,0.0
SWE,2025-05-01,0.0,0.0
SWZ,2025-05-01,0.0,0.0
SYC,2025-05-01,0.0,0.0
SYR,2025-05-01,0.0,0.4337654727438584
TCD,2025-05-01,0.0,0.3059286566737715
TGO,2025-05-01,0.0,0.0
THA,2025-05-01,1.0,0.0
TJK,2025-05-01,0.0,0.0
TKM,2025-05-01,0.0,0.0
TLS,2025-05-01,0.0,0.0
TON,2025-05-01,0.0,0.0
TTO,2025-05-01,0.0,0.0
TUN,2025-05-01,0.0,0.0
TUR,2025-05-01,0.0,0.018705600070203287
TZA,2025-05-01,0.0,0.0
UGA,2025-05-01,0.0,0.027056578469865863
UKR,2025-05-01,0.0,0.35166210241313456
URY,2025-05-01,0.0,0.0
USA,2025-05-01,0.0,0.0
UZB,2025-05-01,0.0,0.0
VEN,2025-05-01,0.0,0.0
VNM,2025-05-01,0.0,0.0
VUT,2025-05-01,0.0,0.0
WSM,2025-05-01,0.0,0.0
YEM,2025-05-01,0.0,0.19562012941027546
ZAF,2025-05-01,0.0,0.0
ZMB,2025-05-01,0.0,0.0
ZWE,2025-05-01,0.0,0.0
AFG,2025-06-01,0.0,0.29320113106950485
AGO,2025-06-01,0.0,0.0
ALB,2025-06-01,0.0,0.0
ARE,2025-06-01,0.0,0.0
ARG,2025-06-01,0.0,0.0
ARM,2025-06-01,0.0,0.0
AUS,2025-06-01,0.0,0.0
AUT,2025-06-01,0.0,0.0
AZE,2025-06-01,0.0,0.0
BDI,2025-06-01,0.0,0.051220336345590776
BEL,2025-06-01,0.0,0.0
BEN,2025-06-01,0.0,0.12478086184801401
BGD,2025-06-01,0.0,0.004935425236774132
BGR,2025-06-01,0.0,0.0
BHR,2025-06-01,0.0,0.0
BHS,2025-06-01,0.0,0.0
BIH,2025-06-01,0.0,0.0
BLR,2025-06-01,0.0,0.0
BLZ,2025-06-01,0.0,0.0
BOL,2025-06-01,0.0,0.0
BRA,2025-06-01,0.0,0.013769153191061059
BRB,2025-06-01,0.0,0.0
BRN,2025-06-01,0.0,0.0
BTN,2025-06-01,0.0,0.0
BWA,2025-06-01,0.0,0.0
CAF,2025-06-01,0.0,0.5667252786174432
CAN,2025-06-01,0.0,0.0
CHE,2025-06-01,0.0,0.0
CHL,2025-06-01,0.0,0.0
CHN,2025-06-01,0.0,0.0
CIV,2025-06-01,0.0,0.0
CMR,2025-06-01,0.0,0.5852003057794829
COL,2025-06-01,0.0,0.3463325492903823
COM,2025-06-01,0.0,0.0
CRI,2025-06-01,0.0,0.0
CUB,2025-06-01,0.0,0.0
CYP,2025-06-01,0.0,0.0
CZE,2025-06-01,0.0,0.0
DEU,2025-06-01,0.0,0.0
DJI,2025-06-01,0.0,0.0
DNK,2025-06-01,0.0,0.0
DOM,2025-06-01,0.0,0.0
DZA,2025-06-01,0.0,0.005
ECU,2025-06-01,0.0,0.005
EGY,2025-06-01,0.0,0.0
ERI,2025-06-01,0.0,0.0
ESP,2025-06-01,0.0,0.0
EST,2025-06-01,0.0,0.0
ETH,2025-06-01,1.0,0.8469221381251374
FIN,2025-06-01,0.0,0.0
FJI,2025-06-01,0.0,0.0
FRA,2025-06-01,0.0,0.0
GAB,2025-06-01,0.0,0.0
GBR,2025-06-01,0.0,0.0
GEO,2025-06-01,0.0,0.0
GHA,2025-06-01,0.0,0.0
GIN,2025-06-01,0.0,0.0
GMB,2025-06-01,0.0,0.0
GNB,2025-06-01,0.0,0.0
GNQ,2025-06-01,0.0,0.0
GRC,2025-06-01,0.0,0.0
GRD,2025-06-01,0.0,0.0
GTM,2025-06-01,0.0,0.0
GUY,2025-06-01,0.0,0.0
HND,2025-06-01,0.0,0.0
HRV,2025-06-01,0.0,0.0
HUN,2025-06-01,0.0,0.0
IDN,2025-06-01,0.0,0.019003219864716158
IND,2025-06-01,0.0,0.20232599318011882
IRL,2025-06-01,0.0,0.0
IRN,2025-06-01,0.0,0.10608776564767282
IRQ,2025-06-01,0.0,0.07910364050137972
ISL,2025-06-01,0.0,0.0
ISR,2025-06-01,0.0,0.07623575055681829
ITA,2025-06-01,0.0,0.0
JAM,2025-06-01,0.0,0.0
JOR,2025-06-01,0.0,0.0
JPN,2025-06-01,0.0,0.0
KAZ,2025-06-01,0.0,0.0
KEN,2025-06-01,0.0,0.01665821335299122
KGZ,2025-06-01,0.0,0.0
KHM,2025-06-01,1.0,0.0
KOR,2025-06-01,0.0,0.0
KWT,2025-06-01,0.0,0.0
LAO,2025-06-01,0.0,0.0
LBN,2025-06-01,0.0,0.40004771095395425
LBR,2025-06-01,0.0,0.0
LBY,2025-06-01,0.0,0.01814226163025586
LKA,2025-06-01,0.0,0.0
LSO,2025-06-01,0.0,0.0
LTU,2025-06-01,0.0,0.0
LUX,2025-06-01,0.0,0.0
LVA,2025-06-01,0.0,0.0
MAR,2025-06-01,0.0,0.0
MDA,2025-06-01,0.0,0.0
MDG,2025-06-01,0.0,0.0
MDV,2025-06-01,0.0,0.0
MEX,2025-06-01,0.0,0.028260765398900052
MKD,2025-06-01,0.0,0.0
MLI,2025-06-01,0.0,0.7170591586704329
MLT,2025-06-01,0.0,0.0
MMR,2025-06-01,0.0,0.18150014731224132
MNE,2025-06-01,0.0,0.0
MNG,2025-06-01,0.0,0.0
MOZ,2025-06-01,1.0,0.6083635315762796
MRT,2025-06-01,0.0,0.005
MUS,2025-06-01,0.0,0.0
MWI,2025-06-01,0.0,0.0
MYS,2025-06-01,0.0,0.0
NAM,2025-06-01,0.0,0.0
NIC,2025-06-01,0.0,0.0
NLD,2025-06-01,0.0,0.0
NOR,2025-06-01,0.0,0.0
NPL,2025-06-01,0.0,0.0
NZL,2025-06-01,0.0,0.0
OMN,2025-06-01,0.0,0.0
PAK,2025-06-01,1.0,0.3304661002975965
PAN,2025-06-01,0.0,0.0
PER,2025-06-01,0.0,0.0
PHL,2025-06-01,0.0,0.2554638752382512
PNG,2025-06-01,0.0,0.004495896184560774
POL,2025-06-01,0.0,0.0
PRK,2025-06-01,0.0,0.0
PRT,2025-06-01,0.0,0.0
PRY,2025-06-01,0.0,0.0
QAT,2025-06-01,0.0,0.0
ROU,2025-06-01,0.0,0.0
RUS,2025-06-01,0.0,0.07969253723733208
RWA,2025-06-01,0.0,0.0
SAU,2025-06-01,0.0,0.0
SEN,2025-06-01,0.0,0.0
SGP,2025-06-01,0.0,0.0
SLB,2025-06-01,0.0,0.0
SLE,2025-06-01,0.0,0.0
SLV,2025-06-01,0.0,0.0
SRB,2025-06-01,0.0,0.0
STP,2025-06-01,0.0,0.0
SVK,2025-06-01,0.0,0.0
SVN,2025-06-01,0.0,0.0
SWE,2025-06-01,0.0,0.0
SWZ,2025-06-01,0.0,0.0
SYC,2025-06-01,0.0,0.0
SYR,2025-06-01,0.0,0.16654743951771672
TCD,2025-06-01,0.0,0.29377866622885995
TGO,2025-06-01,0.0,0.005
THA,2025-06-01,1.0,0.0
TJK,2025-06-01,0.0,0.0
TKM,2025-06-01,0.0,0.0
TLS,2025-06-01,0.0,0.0
TON,2025-06-01,0.0,0.0
TTO,2025-06-01,0.0,0.0
TUN,2025-06-01,0.0,0.005
TUR,2025-06-01,0.0,0.017288158707839296
TZA,2025-06-01,0.0,0.0
UGA,2025-06-01,0.0,0.043775915800588504
UKR,2025-06-01,0.0,0.19070149949272377
URY,2025-06-01,0.0,0.0
USA,2025-06-01,0.0,0.0
UZB,2025-06-01,0.0,0.0
VEN,2025-06-01,0.0,0.01
VNM,2025-06-01,0.0,0.0
VUT,2025-06-01,0.0,0.0
WSM,2025-06-01,0.0,0.0
YEM,2025-06-01,0.0,0.12206575611256937
ZAF,2025-06-01,0.0,0.0
ZMB,2025-06-01,0.0,0.0
ZWE,2025-06-01,0.0,0.0
AFG,2025-07-01,0.0,0.3275687765314251
AGO,2025-07-01,0.0,0.0
ALB,2025-07-01,0.0,0.0
ARE,2025-07-01,0.0,0.0
ARG,2025-07-01,0.0,0.0
ARM,2025-07-01,0.0,0.0
AUS,2025-07-01,0.0,0.0
AUT,2025-07-01,0.0,0.0
AZE,2025-07-01,0.0,0.0
BDI,2025-07-01,0.0,0.0516961815378353
BEL,2025-07-01,0.0,0.0
BEN,2025-07-01,0.0,0.09749776326873981
BGD,2025-07-01,0.0,0.004877418910543351
BGR,2025-07-01,0.0,0.0
BHR,2025-07-01,0.0,0.0
BHS,2025-07-01,0.0,0.0
BIH,2025-07-01,0.0,0.0
BLR,2025-07-01,0.0,0.0
BLZ,2025-07-01,0.0,0.0
BOL,2025-07-01,0.0,0.0
BRA,2025-07-01,0.0,0.004729268527930081
BRB,2025-07-01,0.0,0.0
BRN,2025-07-01,0.0,0.0
BTN,2025-07-01,0.0,0.0
BWA,2025-07-01,0.0,0.0
CAF,2025-07-01,0.0,0.5869443328917126
CAN,2025-07-01,0.0,0.0
CHE,2025-07-01,0.0,0.0
CHL,2025-07-01,0.0,0.0
CHN,2025-07-01,0.0,0.0
CIV,2025-07-01,0.0,0.0
CMR,2025-07-01,0.0,0.566055753343296
COL,2025-07-01,0.0,0.21346504975273206
COM,2025-07-01,0.0,0.0
CRI,2025-07-01,0.0,0.0
CUB,2025-07-01,0.0,0.0
CYP,2025-07-01,0.0,0.0
CZE,2025-07-01,0.0,0.0
DEU,2025-07-01,0.0,0.0
DJI,2025-07-01,0.0,0.0
DNK,2025-07-01,0.0,0.0
DOM,2025-07-01,0.0,0.0
DZA,2025-07-01,0.0,0.0
ECU,2025-07-01,0.0,0.004850393161541762
EGY,2025-07-01,0.0,0.008499960933582209
ERI,2025-07-01,0.0,0.005
ESP,2025-07-01,0.0,0.0
EST,2025-07-01,0.0,0.0
FIN,2025-07-01,0.0,0.0
FJI,2025-07-01,0.0,0.0
FRA,2025-07-01,0.0,0.0
GAB,2025-07-01,0.0,0.0
GBR,2025-07-01,0.0,0.005
GEO,2025-07-01,0.0,0.0
GHA,2025-07-01,0.0,0.0
GIN,2025-07-01,0.0,0.0
GMB,2025-07-01,0.0,0.0
GNB,2025-07-01,0.0,0.0
GNQ,2025-07-01,0.0,0.0
GRC,2025-07-01,0.0,0.0
GRD,2025-07-01,0.0,0.0
GTM,2025-07-01,0.0,0.0
GUY,2025-07-01,0.0,0.0
HND,2025-07-01,0.0,0.0
HRV,2025-07-01,0.0,0.0
HTI,2025-07-01,1.0,0.8403150425452616
HUN,2025-07-01,0.0,0.0
IDN,2025-07-01,0.0,0.009948183511877038
IND,2025-07-01,0.0,0.18040193974654695
IRL,2025-07-01,0.0,0.0
IRN,2025-07-01,0.0,0.36560401942826
IRQ,2025-07-01,0.0,0.08184050435709243
ISL,2025-07-01,0.0,0.0
ISR,2025-07-01,0.0,0.06804643866057666
ITA,2025-07-01,0.0,0.0
JAM,2025-07-01,0.0,0.0
JOR,2025-07-01,0.0,0.0
JPN,2025-07-01,0.0,0.0
KAZ,2025-07-01,0.0,0.0
KEN,2025-07-01,0.0,0.055182434688769426
KGZ,2025-07-01,0.0,0.0
KHM,2025-07-01,0.0,0.04473964716293886
KOR,2025-07-01,0.0,0.0
KWT,2025-07-01,0.0,0.0
LAO,2025-07-01,0.0,0.0
LBN,2025-07-01,0.0,0.38620658510470135
LBR,2025-07-01,0.0,0.0
LBY,2025-07-01,0.0,0.028442958544464346
LKA,2025-07-01,0.0,0.0
LSO,2025-07-01,0.0,0.0
LTU,2025-07-01,0.0,0.0
LUX,2025-07-01,0.0,0.0
LVA,2025-07-01,0.0,0.0
MAR,2025-07-01,0.0,0.0
MDA,2025-07-01,0.0,0.0
MDG,2025-07-01,0.0,0.0
MDV,2025-07-01,0.0,0.0
MEX,2025-07-01,0.0,0.04182276817795017
MKD,2025-07-01,0.0,0.0
MLI,2025-07-01,0.0,0.8053645432755018
MLT,2025-07-01,0.0,0.0
MMR,2025-07-01,0.0,0.18450463553437768
MNE,2025-07-01,0.0,0.0
MNG,2025-07-01,0.0,0.0
MRT,2025-07-01,0.0,0.0
MUS,2025-07-01,0.0,0.0
MWI,2025-07-01,0.0,0.0
MYS,2025-07-01,0.0,0.0
NAM,2025-07-01,0.0,0.0
NIC,2025-07-01,0.0,0.0
NLD,2025-07-01,0.0,0.0
NOR,2025-07-01,0.0,0.0
NPL,2025-07-01,0.0,0.0
NZL,2025-07-01,0.0,0.0
OMN,2025-07-01,0.0,0.0
PAK,2025-07-01,1.0,0.6303647610324884
PAN,2025-07-01,0.0,0.0
PER,2025-07-01,0.0,0.0
PHL,2025-07-01,0.0,0.17236617566405876
PNG,2025-07-01,0.0,0.0
POL,2025-07-01,0.0,0.0
PRK,2025-07-01,0.0,0.0
PRT,2025-07-01,0.0,0.0
PRY,2025-07-01,0.0,0.0
QAT,2025-07-01,0.0,0.0
ROU,2025-07-01,0.0,0.0
RUS,2025-07-01,0.0,0.11713837171696563
RWA,2025-07-01,0.0,0.0
SAU,2025-07-01,0.0,0.0
SEN,2025-07-01,0.0,0.0
SGP,2025-07-01,0.0,0.0
SLB,2025-07-01,0.0,0.0
SLE,2025-07-01,0.0,0.0
SLV,2025-07-01,0.0,0.0
SRB,2025-07-01,0.0,0.0
STP,2025-07-01,0.0,0.0
SVK,2025-07-01,0.0,0.0
SVN,2025-07-01,0.0,0.0
SWE,2025-07-01,0.0,0.0
SWZ,2025-07-01,0.0,0.0
SYC,2025-07-01,0.0,0.0
SYR,2025-07-01,0.0,0.27264656302604834
TCD,2025-07-01,0.0,0.3072403907845446
TGO,2025-07-01,0.0,0.01
THA,2025-07-01,0.0,0.06928739591891872
TJK,2025-07-01,0.0,0.005
TKM,2025-07-01,0.0,0.0
TLS,2025-07-01,0.0,0.0
TON,2025-07-01,0.0,0.0
TTO,2025-07-01,0.0,0.0
TUN,2025-07-01,0.0,0.005
TUR,2025-07-01,0.0,0.012621657685206506
TZA,2025-07-01,0.0,0.0
UGA,2025-07-01,0.0,0.0318051833753018
UKR,2025-07-01,0.0,0.24890164284787908
URY,2025-07-01,0.0,0.0
USA,2025-07-01,0.0,0.0
UZB,2025-07-01,0.0,0.0
VEN,2025-07-01,0.0,0.0
VNM,2025-07-01,0.0,0.0
VUT,2025-07-01,0.0,0.0
WSM,2025-07-01,0.0,0.0
YEM,2025-07-01,0.0,0.0919687611085876
ZAF,2025-07-01,0.0,0.0
ZMB,2025-07-01,0.0,0.0
ZWE,2025-07-01,0.0,0.0
AFG,2025-08-01,1.0,0.16805210073400254
AGO,2025-08-01,0.0,0.0
ALB,2025-08-01,0.0,0.0
ARE,2025-08-01,0.0,0.0
ARG,2025-08-01,0.0,0.0
ARM,2025-08-01,0.0,0.0
AUS,2025-08-01,0.0,0.0
AUT,2025-08-01,0.0,0.0
AZE,2025-08-01,0.0,0.0
BDI,2025-08-01,0.0,0.029995158570792206
BEL,2025-08-01,0.0,0.0
BEN,2025-08-01,0.0,0.10727589448306439
BGD,2025-08-01,0.0,0.013088923183147378
BGR,2025-08-01,0.0,0.0
BHR,2025-08-01,0.0,0.0
BHS,2025-08-01,0.0,0.0
BIH,2025-08-01,0.0,0.0
BLR,2025-08-01,0.0,0.0
BLZ,2025-08-01,0.0,0.0
BOL,2025-08-01,0.0,0.0
BRA,2025-08-01,0.0,0.0023887302588537305
BRB,2025-08-01,0.0,0.0
BRN,2025-08-01,0.0,0.0
BTN,2025-08-01,0.0,0.0
BWA,2025-08-01,0.0,0.0
CAF,2025-08-01,0.0,0.7129600156127149
CAN,2025-08-01,0.0,0.0
CHE,2025-08-01,0.0,0.0
CHL,2025-08-01,0.0,0.0
CHN,2025-08-01,0.0,0.0
CIV,2025-08-01,0.0,0.04424637126704851
CMR,2025-08-01,0.0,0.3565892412111124
COL,2025-08-01,0.0,0.18941074097977872
COM,2025-08-01,0.0,0.0
CRI,2025-08-01,0.0,0.0
CUB,2025-08-01,0.0,0.0
CYP,2025-08-01,0.0,0.0
CZE,2025-08-01,0.0,0.0
DEU,2025-08-01,0.0,0.0
DJI,2025-08-01,0.0,0.0
DNK,2025-08-01,0.0,0.0
DOM,2025-08-01,0.0,0.005
DZA,2025-08-01,0.0,0.009535330644819056
ECU,2025-08-01,0.0,0.032118344595094106
EGY,2025-08-01,0.0,0.004893736208934219
ERI,2025-08-01,0.0,0.0
ESP,2025-08-01,0.0,0.0
EST,2025-08-01,0.0,0.0
FIN,2025-08-01,0.0,0.0
FJI,2025-08-01,0.0,0.0
FRA,2025-08-01,0.0,0.0
GAB,2025-08-01,0.0,0.0
GBR,2025-08-01,0.0,0.0
GEO,2025-08-01,0.0,0.0
GHA,2025-08-01,0.0,0.0
GIN,2025-08-01,0.0,0.0
GMB,2025-08-01,0.0,0.0
GNB,2025-08-01,0.0,0.0
GNQ,2025-08-01,0.0,0.0
GRC,2025-08-01,0.0,0.0
GRD,2025-08-01,0.0,0.0
GTM,2025-08-01,0.0,0.0
GUY,2025-08-01,0.0,0.0
HND,2025-08-01,0.0,0.0
HRV,2025-08-01,0.0,0.0
HTI,2025-08-01,1.0,0.7565455395598074
HUN,2025-08-01,0.0,0.0
IDN,2025-08-01,0.0,0.010881452937722873
IND,2025-08-01,0.0,0.0987501733425233
IRL,2025-08-01,0.0,0.0
IRN,2025-08-01,0.0,0.5205595170380103
IRQ,2025-08-01,0.0,0.083464929272204
ISL,2025-08-01,0.0,0.0
ISR,2025-08-01,0.0,0.13622612056200625
ITA,2025-08-01,0.0,0.0
JAM,2025-08-01,0.0,0.0
JOR,2025-08-01,0.0,0.0
JPN,2025-08-01,0.0,0.0
KAZ,2025-08-01,0.0,0.0
KEN,2025-08-01,0.0,0.2499318790869615
KGZ,2025-08-01,0.0,0.0
KHM,2025-08-01,0.0,0.038728829748334054
KOR,2025-08-01,0.0,0.0
KWT,2025-08-01,0.0,0.0
LAO,2025-08-01,0.0,0.0
LBN,2025-08-01,0.0,0.3157337121654331
LBR,2025-08-01,0.0,0.0
LBY,2025-08-01,0.0,0.034027397565435526
LKA,2025-08-01,0.0,0.0
LSO,2025-08-01,0.0,0.0
LTU,2025-08-01,0.0,0.0
LUX,2025-08-01,0.0,0.0
LVA,2025-08-01,0.0,0.0
MAR,2025-08-01,0.0,0.0
MDA,2025-08-01,0.0,0.0
MDG,2025-08-01,0.0,0.0
MDV,2025-08-01,0.0,0.0
MEX,2025-08-01,0.0,0.042147309309200374
MKD,2025-08-01,0.0,0.0
MLI,2025-08-01,0.0,0.8716349374476131
MLT,2025-08-01,0.0,0.0
MMR,2025-08-01,0.0,0.12037610482586113
MNE,2025-08-01,0.0,0.0
MNG,2025-08-01,0.0,0.0
MRT,2025-08-01,0.0,0.005
MUS,2025-08-01,0.0,0.0
MWI,2025-08-01,0.0,0.0
MYS,2025-08-01,0.0,0.0
NAM,2025-08-01,0.0,0.0
NER,2025-08-01,0.0,0.8697613193594773
NIC,2025-08-01,0.0,0.0
NLD,2025-08-01,0.0,0.0
NOR,2025-08-01,0.0,0.0
NPL,2025-08-01,0.0,0.0
NZL,2025-08-01,0.0,0.0
OMN,2025-08-01,0.0,0.0
PAK,2025-08-01,1.0,0.45034119426795327
PAN,2025-08-01,0.0,0.0
PER,2025-08-01,0.0,0.0
PHL,2025-08-01,0.0,0.2822655267958505
PNG,2025-08-01,0.0,0.0
POL,2025-08-01,0.0,0.0
PRK,2025-08-01,0.0,0.0
PRT,2025-08-01,0.0,0.0
PRY,2025-08-01,0.0,0.0
QAT,2025-08-01,0.0,0.0
ROU,2025-08-01,0.0,0.0
RUS,2025-08-01,0.0,0.09796657371898893
RWA,2025-08-01,0.0,0.0
SAU,2025-08-01,0.0,0.0
SEN,2025-08-01,0.0,0.0
SGP,2025-08-01,0.0,0.0
SLB,2025-08-01,0.0,0.0
SLE,2025-08-01,0.0,0.0
SLV,2025-08-01,0.0,0.0
SRB,2025-08-01,0.0,0.0
STP,2025-08-01,0.0,0.0
SVK,2025-08-01,0.0,0.0
SVN,2025-08-01,0.0,0.0
SWE,2025-08-01,0.0,0.0
SWZ,2025-08-01,0.0,0.0
SYC,2025-08-01,0.0,0.0
SYR,2025-08-01,1.0,0.25402557078270804
TCD,2025-08-01,0.0,0.3212979353683833
TGO,2025-08-01,0.0,0.005
THA,2025-08-01,0.0,0.023952961379273264
TJK,2025-08-01,0.0,0.009930721419574209
TKM,2025-08-01,0.0,0.0
TLS,2025-08-01,0.0,0.0
TON,2025-08-01,0.0,0.0
TTO,2025-08-01,0.0,0.0
TUN,2025-08-01,0.0,0.0049307214195742095
TUR,2025-08-01,0.0,0.0049060028079306916
TZA,2025-08-01,0.0,0.0
UGA,2025-08-01,0.0,0.031824851403704765
UKR,2025-08-01,0.0,0.21733976192952217
URY,2025-08-01,0.0,0.0
USA,2025-08-01,0.0,0.0
UZB,2025-08-01,0.0,0.0
VEN,2025-08-01,0.0,0.004885592497868712
VNM,2025-08-01,0.0,0.0
VUT,2025-08-01,0.0,0.0
WSM,2025-08-01,0.0,0.0
YEM,2025-08-01,0.0,0.06326874202721725
ZAF,2025-08-01,0.0,0.0
ZMB,2025-08-01,0.0,0.005
ZWE,2025-08-01,0.0,0.0049307214195742095
AFG,2025-09-01,1.0,0.1702869522527383
AGO,2025-09-01,0.0,0.0
ALB,2025-09-01,0.0,0.0
ARE,2025-09-01,0.0,0.0
ARG,2025-09-01,0.0,0.0
ARM,2025-09-01,0.0,0.0
AUS,2025-09-01,0.0,0.0
AUT,2025-09-01,0.0,0.0
AZE,2025-09-01,0.0,0.0
BDI,2025-09-01,0.0,0.02830150219044948
BEL,2025-09-01,0.0,0.0
BEN,2025-09-01,0.0,0.03674325621061966
BFA,2025-09-01,0.0,0.8883963564016697
BGD,2025-09-01,0.0,0.004459180847462844
BGR,2025-09-01,0.0,0.0
BHR,2025-09-01,0.0,0.0
BHS,2025-09-01,0.0,0.0
BIH,2025-09-01,0.0,0.0
BLR,2025-09-01,0.0,0.0
BLZ,2025-09-01,0.0,0.0
BOL,2025-09-01,0.0,0.0
BRA,2025-09-01,0.0,0.0
BRB,2025-09-01,0.0,0.0
BRN,2025-09-01,0.0,0.0
BTN,2025-09-01,0.0,0.0
BWA,2025-09-01,0.0,0.0
CAF,2025-09-01,0.0,0.6228336652405346
CAN,2025-09-01,0.0,0.0
CHE,2025-09-01,0.0,0.0
CHL,2025-09-01,0.0,0.0
CHN,2025-09-01,0.0,0.0
CIV,2025-09-01,0.0,0.01440650134557784
CMR,2025-09-01,0.0,0.5134632305950503
COL,2025-09-01,0.0,0.2688309238280164
COM,2025-09-01,0.0,0.0
CRI,2025-09-01,0.0,0.0
CUB,2025-09-01,0.0,0.0
CYP,2025-09-01,0.0,0.0
CZE,2025-09-01,0.0,0.0
DEU,2025-09-01,0.0,0.0
DJI,2025-09-01,0.0,0.01448471156226789
DNK,2025-09-01,0.0,0.0
DOM,2025-09-01,0.0,0.0
DZA,2025-09-01,0.0,0.0
ECU,2025-09-01,0.0,0.059944613126512225
EGY,2025-09-01,0.0,0.017860329576017468
ERI,2025-09-01,0.0,0.0
ESP,2025-09-01,0.0,0.0
EST,2025-09-01,0.0,0.0
FIN,2025-09-01,0.0,0.0
FJI,2025-09-01,0.0,0.0
FRA,2025-09-01,0.0,0.0
GAB,2025-09-01,0.0,0.0
GBR,2025-09-01,0.0,0.005
GEO,2025-09-01,0.0,0.0
GHA,2025-09-01,0.0,0.0
GIN,2025-09-01,0.0,0.0
GMB,2025-09-01,0.0,0.0
GNB,2025-09-01,0.0,0.0
GNQ,2025-09-01,0.0,0.0
GRC,2025-09-01,0.0,0.0
GRD,2025-09-01,0.0,0.0
GTM,2025-09-01,0.0,0.0
GUY,2025-09-01,0.0,0.0
HND,2025-09-01,0.0,0.0
HRV,2025-09-01,0.0,0.0
HUN,2025-09-01,0.0,0.0
IDN,2025-09-01,0.0,0.009013663820022015
IND,2025-09-01,0.0,0.1155657366345016
IRL,2025-09-01,0.0,0.0
IRN,2025-09-01,0.0,0.33594737418114706
IRQ,2025-09-01,0.0,0.09880933066540677
ISL,2025-09-01,0.0,0.0
ISR,2025-09-01,0.0,0.12962912054395254
ITA,2025-09-01,0.0,0.0
JAM,2025-09-01,0.0,0.0
JOR,2025-09-01,0.0,0.0
JPN,2025-09-01,0.0,0.0
KAZ,2025-09-01,0.0,0.0
KEN,2025-09-01,0.0,0.1938823853755283
KGZ,2025-09-01,0.0,0.0
KHM,2025-09-01,0.0,0.10057993111161827
KOR,2025-09-01,0.0,0.0
KWT,2025-09-01,0.0,0.0
LAO,2025-09-01,0.0,0.0
LBN,2025-09-01,0.0,0.21909494639162572
LBR,2025-09-01,0.0,0.0
LBY,2025-09-01,0.0,0.043924500305258594
LKA,2025-09-01,0.0,0.0
LSO,2025-09-01,0.0,0.0
LTU,2025-09-01,0.0,0.0
LUX,2025-09-01,0.0,0.0
LVA,2025-09-01,0.0,0.0
MAR,2025-09-01,0.0,0.0
MDA,2025-09-01,0.0,0.0
MDG,2025-09-01,0.0,0.0
MDV,2025-09-01,0.0,0.0
MEX,2025-09-01,0.0,0.03827693628996389
MKD,2025-09-01,0.0,0.0
MLI,2025-09-01,0.0,0.6848967112175521
MLT,2025-09-01,0.0,0.0
MMR,2025-09-01,0.0,0.14445334031769172
MNE,2025-09-01,0.0,0.0
MNG,2025-09-01,0.0,0.0
MRT,2025-09-01,0.0,0.0
MUS,2025-09-01,0.0,0.0
MWI,2025-09-01,0.0,0.0
MYS,2025-09-01,0.0,0.0
NAM,2025-09-01,0.0,0.0
NER,2025-09-01,0.0,0.8213008523977934
NGA,2025-09-01,0.0,0.8113952550556549
NIC,2025-09-01,0.0,0.0
NLD,2025-09-01,0.0,0.0
NOR,2025-09-01,0.0,0.0
NPL,2025-09-01,0.0,0.019805717380970807
NZL,2025-09-01,0.0,0.0
OMN,2025-09-01,0.0,0.0
PAK,2025-09-01,1.0,0.3775582369609032
PAN,2025-09-01,0.0,0.0
PER,2025-09-01,0.0,0.0
PHL,2025-09-01,0.0,0.03898337177989644
PNG,2025-09-01,0.0,0.0
POL,2025-09-01,0.0,0.0
PRK,2025-09-01,0.0,0.0
PRT,2025-09-01,0.0,0.0
PRY,2025-09-01,0.0,0.0
QAT,2025-09-01,0.0,0.005
ROU,2025-09-01,0.0,0.0
RUS,2025-09-01,0.0,0.09989910167918768
RWA,2025-09-01,0.0,0.005
SAU,2025-09-01,0.0,0.0
SEN,2025-09-01,0.0,0.0
SGP,2025-09-01,0.0,0.0
SLB,2025-09-01,0.0,0.0
SLE,2025-09-01,0.0,0.0
SLV,2025-09-01,0.0,0.0
SRB,2025-09-01,0.0,0.0
STP,2025-09-01,0.0,0.0
SVK,2025-09-01,0.0,0.0
SVN,2025-09-01,0.0,0.0
SWE,2025-09-01,0.0,0.0
SWZ,2025-09-01,0.0,0.0
SYC,2025-09-01,0.0,0.0
SYR,2025-09-01,1.0,0.8504713054060469
TCD,2025-09-01,0.0,0.27640687505253164
TGO,2025-09-01,0.0,0.0
THA,2025-09-01,0.0,0.04164844663340647
TJK,2025-09-01,0.0,0.0
TKM,2025-09-01,0.0,0.01
TLS,2025-09-01,0.0,0.0
TON,2025-09-01,0.0,0.0
TTO,2025-09-01,0.0,0.0
TUN,2025-09-01,0.0,0.0
TUR,2025-09-01,0.0,0.008451501928357492
TZA,2025-09-01,0.0,0.0
UGA,2025-09-01,0.0,0.020856142170613042
UKR,2025-09-01,0.0,0.40303208431883847
URY,2025-09-01,0.0,0.0
USA,2025-09-01,0.0,0.0
UZB,2025-09-01,0.0,0.0
VEN,2025-09-01,0.0,0.008459098586377927
VNM,2025-09-01,0.0,0.0
VUT,2025-09-01,0.0,0.0
WSM,2025-09-01,0.0,0.0
YEM,2025-09-01,0.0,0.08049844502085285
ZAF,2025-09-01,0.0,0.0
ZMB,2025-09-01,0.0,0.0
ZWE,2025-09-01,0.0,0.004484711562267889
AFG,2025-10-01,0.0,0.9041351653933378
AGO,2025-10-01,0.0,0.0
ALB,2025-10-01,0.0,0.0
ARE,2025-10-01,0.0,0.0
ARG,2025-10-01,0.0,0.0
ARM,2025-10-01,0.0,0.0
AUS,2025-10-01,0.0,0.0
AUT,2025-10-01,0.0,0.0
AZE,2025-10-01,0.0,0.0
BDI,2025-10-01,0.0,0.004930056049361119
BEL,2025-10-01,0.0,0.0
BEN,2025-10-01,0.0,0.044253022544949124
BFA,2025-10-01,0.0,0.9348003900549717
BGD,2025-10-01,0.0,0.007236807444692055
BGR,2025-10-01,0.0,0.0
BHR,2025-10-01,0.0,0.0
BHS,2025-10-01,0.0,0.0
BIH,2025-10-01,0.0,0.0
BLR,2025-10-01,0.0,0.0
BLZ,2025-10-01,0.0,0.0
BOL,2025-10-01,0.0,0.0
BRA,2025-10-01,0.0,0.0030698327240732846
BRB,2025-10-01,0.0,0.0
BRN,2025-10-01,0.0,0.0
BTN,2025-10-01,0.0,0.0
BWA,2025-10-01,0.0,0.0
CAF,2025-10-01,0.0,0.5058210224299369
CAN,2025-10-01,0.0,0.0
CHE,2025-10-01,0.0,0.0
CHL,2025-10-01,0.0,0.0
CHN,2025-10-01,0.0,0.0
CIV,2025-10-01,0.0,0.00988194091632172
CMR,2025-10-01,0.0,0.45722371265927875
COL,2025-10-01,0.0,0.17055269730299602
COM,2025-10-01,0.0,0.0
CRI,2025-10-01,0.0,0.0
CUB,2025-10-01,0.0,0.0
CYP,2025-10-01,0.0,0.0
CZE,2025-10-01,0.0,0.0
DEU,2025-10-01,0.0,0.0
DJI,2025-10-01,0.0,0.025
DNK,2025-10-01,0.0,0.0
DOM,2025-10-01,0.0,0.0
DZA,2025-10-01,0.0,0.03194911851233396
ECU,2025-10-01,0.0,0.0676905844554864
EGY,2025-10-01,0.0,0.011463317704407876
ERI,2025-10-01,0.0,0.0
ESP,2025-10-01,0.0,0.0
EST,2025-10-01,0.0,0.0
FIN,2025-10-01,0.0,0.0
FJI,2025-10-01,0.0,0.0
FRA,2025-10-01,0.0,0.0
GAB,2025-10-01,0.0,0.0
GBR,2025-10-01,0.0,0.0
GEO,2025-10-01,0.0,0.0
GHA,2025-10-01,0.0,0.009556181935705578
GIN,2025-10-01,0.0,0.0
GMB,2025-10-01,0.0,0.0
GNB,2025-10-01,0.0,0.0
GNQ,2025-10-01,0.0,0.0
GRC,2025-10-01,0.0,0.0
GRD,2025-10-01,0.0,0.0
GTM,2025-10-01,0.0,0.0
GUY,2025-10-01,0.0,0.0
HND,2025-10-01,0.0,0.0
HRV,2025-10-01,0.0,0.0
HUN,2025-10-01,0.0,0.0
IDN,2025-10-01,0.0,0.012713631082797052
IND,2025-10-01,0.0,0.08079267840851471
IRL,2025-10-01,0.0,0.0
IRN,2025-10-01,0.0,0.2941912896189788
IRQ,2025-10-01,0.0,0.19045617699826115
ISL,2025-10-01,0.0,0.0
ISR,2025-10-01,0.0,0.14907197629310967
ITA,2025-10-01,0.0,0.0
JAM,2025-10-01,0.0,0.0
JOR,2025-10-01,0.0,0.0
JPN,2025-10-01,0.0,0.0
KAZ,2025-10-01,0.0,0.0
KEN,2025-10-01,0.0,0.18069954913382447
KGZ,2025-10-01,0.0,0.0
KHM,2025-10-01,1.0,0.052703399021265813
KOR,2025-10-01,0.0,0.0
KWT,2025-10-01,0.0,0.0
LAO,2025-10-01,0.0,0.0
LBN,2025-10-01,0.0,0.21978402050748436
LBR,2025-10-01,0.0,0.0
LBY,2025-10-01,0.0,0.02172776738605653
LKA,2025-10-01,0.0,0.0
LSO,2025-10-01,0.0,0.0
LTU,2025-10-01,0.0,0.0
LUX,2025-10-01,0.0,0.0
LVA,2025-10-01,0.0,0.0
MAR,2025-10-01,0.0,0.0
MDA,2025-10-01,0.0,0.0
MDG,2025-10-01,0.0,0.02
MDV,2025-10-01,0.0,0.0
MEX,2025-10-01,0.0,0.02867506955522838
MKD,2025-10-01,0.0,0.0
MLI,2025-10-01,0.0,0.9464918644964871
MLT,2025-10-01,0.0,0.0
MMR,2025-10-01,1.0,0.321001985585735
MNE,2025-10-01,0.0,0.0
MNG,2025-10-01,0.0,0.0
MRT,2025-10-01,0.0,0.0
MUS,2025-10-01,0.0,0.0
MWI,2025-10-01,0.0,0.0
MYS,2025-10-01,0.0,0.0
NAM,2025-10-01,0.0,0.0
NER,2025-10-01,0.0,0.8846665308979296
NGA,2025-10-01,0.0,0.8767004299586506
NIC,2025-10-01,0.0,0.0
NLD,2025-10-01,0.0,0.0
NOR,2025-10-01,0.0,0.0
NPL,2025-10-01,0.0,0.0
NZL,2025-10-01,0.0,0.0
OMN,2025-10-01,0.0,0.0
PAN,2025-10-01,0.0,0.0
PER,2025-10-01,0.0,0.0
PHL,2025-10-01,0.0,0.05269282377231939
PNG,2025-10-01,0.0,0.0
POL,2025-10-01,0.0,0.0
PRK,2025-10-01,0.0,0.0
PRT,2025-10-01,0.0,0.0
PRY,2025-10-01,0.0,0.0
QAT,2025-10-01,0.0,0.014967962843679019
ROU,2025-10-01,0.0,0.004762005345638593
RUS,2025-10-01,0.0,0.14576225237210097
RWA,2025-10-01,0.0,0.0
SAU,2025-10-01,0.0,0.0
SEN,2025-10-01,0.0,0.0
SGP,2025-10-01,0.0,0.0
SLB,2025-10-01,0.0,0.0
SLE,2025-10-01,0.0,0.0
SLV,2025-10-01,0.0,0.0
SRB,2025-10-01,0.0,0.0
STP,2025-10-01,0.0,0.004613253580985362
SVK,2025-10-01,0.0,0.0
SVN,2025-10-01,0.0,0.0
SWE,2025-10-01,0.0,0.0
SWZ,2025-10-01,0.0,0.0
SYC,2025-10-01,0.0,0.0
TCD,2025-10-01,0.0,0.14782722527658676
TGO,2025-10-01,0.0,0.0
THA,2025-10-01,1.0,0.04594875848088492
TJK,2025-10-01,0.0,0.004762005345638593
TKM,2025-10-01,0.0,0.0
TLS,2025-10-01,0.0,0.0
TON,2025-10-01,0.0,0.0
TTO,2025-10-01,0.0,0.0
TUN,2025-10-01,0.0,0.009593730407523511
TUR,2025-10-01,0.0,0.013436699591358183
TZA,2025-10-01,0.0,0.01
UGA,2025-10-01,0.0,0.004219892875655129
UKR,2025-10-01,0.0,0.6446597187138623
URY,2025-10-01,0.0,0.0
USA,2025-10-01,0.0,0.0
UZB,2025-10-01,0.0,0.0
VEN,2025-10-01,0.0,0.02666405399858535
VNM,2025-10-01,0.0,0.0
VUT,2025-10-01,0.0,0.0
WSM,2025-10-01,0.0,0.0
YEM,2025-10-01,0.0,0.1486748546956543
ZAF,2025-10-01,0.0,0.0
ZMB,2025-10-01,0.0,0.0
ZWE,2025-10-01,0.0,0.0
AFG,2025-11-01,0.0,0.6725042676382936
AGO,2025-11-01,0.0,0.0
ALB,2025-11-01,0.0,0.0
ARE,2025-11-01,0.0,0.0
ARG,2025-11-01,0.0,0.0
ARM,2025-11-01,0.0,0.0
AUS,2025-11-01,0.0,0.0
AUT,2025-11-01,0.0,0.0
AZE,2025-11-01,0.0,0.0
BDI,2025-11-01,0.0,0.0
BEL,2025-11-01,0.0,0.0
BEN,2025-11-01,0.0,0.03232017116032695
BFA,2025-11-01,0.0,0.9095835803566762
BGD,2025-11-01,0.0,0.004243942952059107
BGR,2025-11-01,0.0,0.0
BHR,2025-11-01,0.0,0.0
BHS,2025-11-01,0.0,0.0
BIH,2025-11-01,0.0,0.0
BLR,2025-11-01,0.0,0.0
BLZ,2025-11-01,0.0,0.0
BOL,2025-11-01,0.0,0.0
BRA,2025-11-01,0.0,0.0021344878048817958
BRB,2025-11-01,0.0,0.0
BRN,2025-11-01,0.0,0.0
BTN,2025-11-01,0.0,0.0
BWA,2025-11-01,0.0,0.0
CAF,2025-11-01,0.0,0.419784395646343
CAN,2025-11-01,0.0,0.0
CHE,2025-11-01,0.0,0.0
CHL,2025-11-01,0.0,0.0
CHN,2025-11-01,0.0,0.0
CIV,2025-11-01,0.0,0.0
CMR,2025-11-01,0.0,0.29479406276491654
COL,2025-11-01,0.0,0.28017639917877885
COM,2025-11-01,0.0,0.004955060387604157
CRI,2025-11-01,0.0,0.0
CUB,2025-11-01,0.0,0.0
CYP,2025-11-01,0.0,0.0
CZE,2025-11-01,0.0,0.0
DEU,2025-11-01,0.0,0.0
DJI,2025-11-01,0.0,0.0
DNK,2025-11-01,0.0,0.0
DOM,2025-11-01,0.0,0.0
DZA,2025-11-01,0.0,0.0
ECU,2025-11-01,0.0,0.048671802195657976
EGY,2025-11-01,0.0,0.008296481924742215
ERI,2025-11-01,0.0,0.0
ESP,2025-11-01,0.0,0.0
EST,2025-11-01,0.0,0.0
FIN,2025-11-01,0.0,0.0
FJI,2025-11-01,0.0,0.0
FRA,2025-11-01,0.0,0.0
GAB,2025-11-01,0.0,0.0
GBR,2025-11-01,0.0,0.0
GEO,2025-11-01,0.0,0.0
GHA,2025-11-01,0.0,0.0
GIN,2025-11-01,0.0,0.0
GMB,2025-11-01,0.0,0.0
GNB,2025-11-01,0.0,0.0
GNQ,2025-11-01,0.0,0.0
GRC,2025-11-01,0.0,0.0
GRD,2025-11-01,0.0,0.0
GTM,2025-11-01,0.0,0.0
GUY,2025-11-01,0.0,0.0
HND,2025-11-01,0.0,0.0
HRV,2025-11-01,0.0,0.0
HUN,2025-11-01,0.0,0.0
IDN,2025-11-01,0.0,0.004685882013280723
IND,2025-11-01,0.0,0.08073005950144241
IRL,2025-11-01,0.0,0.0
IRN,2025-11-01,0.0,0.19947073163315404
IRQ,2025-11-01,0.0,0.2049588173092811
ISL,2025-11-01,0.0,0.0
ISR,2025-11-01,0.0,0.1169613311490964
ITA,2025-11-01,0.0,0.0
JAM,2025-11-01,0.0,0.0
JOR,2025-11-01,0.0,0.0
JPN,2025-11-01,0.0,0.0
KAZ,2025-11-01,0.0,0.0
KEN,2025-11-01,0.0,0.08469216853322874
KGZ,2025-11-01,0.0,0.0
KHM,2025-11-01,1.0,0.10398739295452364
KOR,2025-11-01,0.0,0.0
KWT,2025-11-01,0.0,0.0
LAO,2025-11-01,0.0,0.0
LBN,2025-11-01,0.0,0.19435264036512423
LBR,2025-11-01,0.0,0.0
LBY,2025-11-01,0.0,0.0189623823479259
LKA,2025-11-01,0.0,0.0
LSO,2025-11-01,0.0,0.0
LTU,2025-11-01,0.0,0.0
LUX,2025-11-01,0.0,0.0
LVA,2025-11-01,0.0,0.0
MAR,2025-11-01,0.0,0.0
MDA,2025-11-01,0.0,0.0
MDG,2025-11-01,0.0,0.008227378220153852
MDV,2025-11-01,0.0,0.0
MEX,2025-11-01,0.0,0.031310857541052374
MKD,2025-11-01,0.0,0.0
MLI,2025-11-01,0.0,0.9328025625731294
MLT,2025-11-01,0.0,0.0
MMR,2025-11-01,1.0,0.575431072275096
MNE,2025-11-01,0.0,0.0
MNG,2025-11-01,0.0,0.0
MRT,2025-11-01,0.0,0.004460598398651498
MUS,2025-11-01,0.0,0.0
MWI,2025-11-01,0.0,0.0
MYS,2025-11-01,0.0,0.0
NAM,2025-11-01,0.0,0.0
NER,2025-11-01,0.0,0.9163126591291076
NGA,2025-11-01,1.0,0.6893450996982299
NIC,2025-11-01,0.0,0.005
NLD,2025-11-01,0.0,0.0
NOR,2025-11-01,0.0,0.0
NPL,2025-11-01,0.0,0.0
NZL,2025-11-01,0.0,0.0
OMN,2025-11-01,0.0,0.0
PAK,2025-11-01,0.0,0.878765271199629
PAN,2025-11-01,0.0,0.0
PER,2025-11-01,0.0,0.0
PHL,2025-11-01,0.0,0.07819008033695594
PNG,2025-11-01,0.0,0.0
POL,2025-11-01,0.0,0.0
PRK,2025-11-01,0.0,0.0
PRT,2025-11-01,0.0,0.0
PRY,2025-11-01,0.0,0.0
QAT,2025-11-01,0.0,0.0
ROU,2025-11-01,0.0,0.0
RUS,2025-11-01,0.0,0.1088280938470721
RWA,2025-11-01,0.0,0.0
SAU,2025-11-01,0.0,0.0
SEN,2025-11-01,0.0,0.0
SGP,2025-11-01,0.0,0.0
SLB,2025-11-01,0.0,0.0
SLE,2025-11-01,0.0,0.0
SLV,2025-11-01,0.0,0.0
SOM,2025-11-01,0.0,0.841048754523381
SRB,2025-11-01,0.0,0.0
STP,2025-11-01,0.0,0.0
SVK,2025-11-01,0.0,0.0
SVN,2025-11-01,0.0,0.0
SWE,2025-11-01,0.0,0.0
SWZ,2025-11-01,0.0,0.0
SYC,2025-11-01,0.0,0.0
TCD,2025-11-01,0.0,0.09900160587697698
TGO,2025-11-01,0.0,0.0
THA,2025-11-01,1.0,0.048432060200070036
TJK,2025-11-01,0.0,0.0
TKM,2025-11-01,0.0,0.0
TLS,2025-11-01,0.0,0.0
TON,2025-11-01,0.0,0.0
TTO,2025-11-01,0.0,0.0
TUN,2025-11-01,0.0,0.0
TUR,2025-11-01,0.0,0.0036140023997424716
TZA,2025-11-01,0.0,0.0
UGA,2025-11-01,0.0,0.014709126626545251
UKR,2025-11-01,0.0,0.6890399324153899
URY,2025-11-01,0.0,0.0
USA,2025-11-01,0.0,0.0
UZB,2025-11-01,0.0,0.0
VEN,2025-11-01,0.0,0.015789350461050875
VNM,2025-11-01,0.0,0.0
VUT,2025-11-01,0.0,0.0
WSM,2025-11-01,0.0,0.0
YEM,2025-11-01,0.0,0.12814179939616324
ZAF,2025-11-01,0.0,0.0
ZMB,2025-11-01,0.0,0.0
ZWE,2025-11-01,0.0,0.004920313433826947
AFG,2025-12-01,0.0,0.8316316712230474
AGO,2025-12-01,0.0,0.0
ALB,2025-12-01,0.0,0.0
ARE,2025-12-01,0.0,0.0
ARG,2025-12-01,0.0,0.0
ARM,2025-12-01,0.0,0.0
AUS,2025-12-01,0.0,0.0
AUT,2025-12-01,0.0,0.0
AZE,2025-12-01,0.0,0.0
BDI,2025-12-01,0.0,0.004321804471992098
BEL,2025-12-01,0.0,0.0
BEN,2025-12-01,0.0,0.0
BFA,2025-12-01,0.0,0.8122484297516772
BGD,2025-12-01,0.0,0.004515166583789154
BGR,2025-12-01,0.0,0.0
BHR,2025-12-01,0.0,0.0
BHS,2025-12-01,0.0,0.0
BIH,2025-12-01,0.0,0.0
BLR,2025-12-01,0.0,0.0
BLZ,2025-12-01,0.0,0.0
BOL,2025-12-01,0.0,0.0
BRA,2025-12-01,0.0,0.0
BRB,2025-12-01,0.0,0.0
BRN,2025-12-01,0.0,0.0
BTN,2025-12-01,0.0,0.0
BWA,2025-12-01,0.0,0.0
CAF,2025-12-01,0.0,0.20427033435050018
CAN,2025-12-01,0.0,0.0
CHE,2025-12-01,0.0,0.0
CHL,2025-12-01,0.0,0.0
CHN,2025-12-01,0.0,0.0
CIV,2025-12-01,0.0,0.0
CMR,2025-12-01,0.0,0.27772194720997473
COL,2025-12-01,0.0,0.31475001228080424
COM,2025-12-01,0.0,0.005
CRI,2025-12-01,0.0,0.0
CUB,2025-12-01,0.0,0.0
CYP,2025-12-01,0.0,0.0
CZE,2025-12-01,0.0,0.0
DEU,2025-12-01,0.0,0.0
DJI,2025-12-01,0.0,0.0
DNK,2025-12-01,0.0,0.0
DOM,2025-12-01,0.0,0.0
DZA,2025-12-01,0.0,0.0
ECU,2025-12-01,0.0,0.02564719703042911
EGY,2025-12-01,0.0,0.0021567562898708015
ERI,2025-12-01,0.0,0.005
ESP,2025-12-01,0.0,0.0
EST,2025-12-01,0.0,0.0
ETH,2025-12-01,0.0,0.772140511248088
FIN,2025-12-01,0.0,0.0
FJI,2025-12-01,0.0,0.0
FRA,2025-12-01,0.0,0.0
GAB,2025-12-01,0.0,0.0
GBR,2025-12-01,0.0,0.0
GEO,2025-12-01,0.0,0.0023165414231375845
GHA,2025-12-01,0.0,0.0
GIN,2025-12-01,0.0,0.0
GMB,2025-12-01,0.0,0.0
GNB,2025-12-01,0.0,0.005
GNQ,2025-12-01,0.0,0.0
GRC,2025-12-01,0.0,0.0
GRD,2025-12-01,0.0,0.0
GTM,2025-12-01,0.0,0.0
GUY,2025-12-01,0.0,0.0
HND,2025-12-01,0.0,0.0
HRV,2025-12-01,0.0,0.0
HTI,2025-12-01,0.0,0.8942793244249225
HUN,2025-12-01,0.0,0.0
IDN,2025-12-01,0.0,0.02239703881063585
IND,2025-12-01,0.0,0.13110857827541633
IRL,2025-12-01,0.0,0.0
IRN,2025-12-01,1.0,0.1115293050492784
IRQ,2025-12-01,0.0,0.175021863754264
ISL,2025-12-01,0.0,0.0
ISR,2025-12-01,0.0,0.06957840447758677
ITA,2025-12-01,0.0,0.0
JAM,2025-12-01,0.0,0.0
JOR,2025-12-01,0.0,0.0
JPN,2025-12-01,0.0,0.0
KAZ,2025-12-01,0.0,0.0
KEN,2025-12-01,0.0,0.11368087093101735
KGZ,2025-12-01,0.0,0.0
KHM,2025-12-01,0.0,0.24008895648875295
KOR,2025-12-01,0.0,0.0
KWT,2025-12-01,0.0,0.0
LAO,2025-12-01,0.0,0.0
LBN,2025-12-01,0.0,0.1825609823923078
LBR,2025-12-01,0.0,0.0
LBY,2025-12-01,0.0,0.01321282412343363
LKA,2025-12-01,0.0,0.0
LSO,2025-12-01,0.0,0.0
LTU,2025-12-01,0.0,0.0
LUX,2025-12-01,0.0,0.0
LVA,2025-12-01,0.0,0.0
MAR,2025-12-01,0.0,0.0
MDA,2025-12-01,0.0,0.0
MDG,2025-12-01,0.0,0.0
MDV,2025-12-01,0.0,0.0
MEX,2025-12-01,0.0,0.02027112814250555
MKD,2025-12-01,0.0,0.0
MLI,2025-12-01,0.0,0.8756259675333169
MLT,2025-12-01,0.0,0.0
MNE,2025-12-01,0.0,0.0
MNG,2025-12-01,0.0,0.0
MRT,2025-12-01,0.0,0.012316541423137584
MUS,2025-12-01,0.0,0.0
MWI,2025-12-01,0.0,0.0
MYS,2025-12-01,0.0,0.005
NAM,2025-12-01,0.0,0.0023165414231375845
NER,2025-12-01,0.0,0.854247143321246
NGA,2025-12-01,1.0,0.8827106008845975
NIC,2025-12-01,0.0,0.0
NLD,2025-12-01,0.0,0.0
NOR,2025-12-01,0.0,0.0
NPL,2025-12-01,0.0,0.0
NZL,2025-12-01,0.0,0.0
OMN,2025-12-01,0.0,0.0
PAK,2025-12-01,0.0,0.8910148270365285
PAN,2025-12-01,0.0,0.0
PER,2025-12-01,0.0,0.0
PHL,2025-12-01,0.0,0.14703536151918828
PNG,2025-12-01,0.0,0.0
POL,2025-12-01,0.0,0.0
PRK,2025-12-01,0.0,0.0
PRT,2025-12-01,0.0,0.0
PRY,2025-12-01,0.0,0.0
QAT,2025-12-01,0.0,0.0
ROU,2025-12-01,0.0,0.0
RUS,2025-12-01,0.0,0.11105380226654724
RWA,2025-12-01,0.0,0.0
SAU,2025-12-01,0.0,0.0
SEN,2025-12-01,0.0,0.0
SGP,2025-12-01,0.0,0.0
SLB,2025-12-01,0.0,0.0
SLE,2025-12-01,0.0,0.0
SLV,2025-12-01,0.0,0.0
SOM,2025-12-01,0.0,0.5333606571374537
SRB,2025-12-01,0.0,0.0
STP,2025-12-01,0.0,0.0
SVK,2025-12-01,0.0,0.0
SVN,2025-12-01,0.0,0.0
SWE,2025-12-01,0.0,0.0
SWZ,2025-12-01,0.0,0.0
SYC,2025-12-01,0.0,0.0
TCD,2025-12-01,0.0,0.08169074319536428
TGO,2025-12-01,0.0,0.0
THA,2025-12-01,0.0,0.06733980494069518
TJK,2025-12-01,0.0,0.0
TKM,2025-12-01,0.0,0.0
TLS,2025-12-01,0.0,0.0
TON,2025-12-01,0.0,0.0
TTO,2025-12-01,0.0,0.0
TUN,2025-12-01,0.0,0.0
TUR,2025-12-01,0.0,0.002013060303128025
TZA,2025-12-01,0.0,0.01
UGA,2025-12-01,0.0,0.0021567562898708015
UKR,2025-12-01,0.0,0.5589360382336769
URY,2025-12-01,0.0,0.0
USA,2025-12-01,0.0,0.0
UZB,2025-12-01,0.0,0.0
VEN,2025-12-01,0.0,0.011917054023156133
VNM,2025-12-01,0.0,0.0
VUT,2025-12-01,0.0,0.0
WSM,2025-12-01,0.0,0.0
YEM,2025-12-01,0.0,0.13902995101860516
ZAF,2025-12-01,0.0,0.0
ZMB,2025-12-01,0.0,0.0
ZWE,2025-12-01,0.0,0.0
AFG,2026-01-01,1.0,0.6275624325584032
AGO,2026-01-01,0.0,0.0
ALB,2026-01-01,0.0,0.0
ARE,2026-01-01,0.0,0.0
ARG,2026-01-01,0.0,0.0
ARM,2026-01-01,0.0,0.0
AUS,2026-01-01,0.0,0.0
AUT,2026-01-01,0.0,0.0
AZE,2026-01-01,0.0,0.0
BDI,2026-01-01,0.0,0.015174056929459088
BEL,2026-01-01,0.0,0.0
BEN,2026-01-01,0.0,0.0019209111201298674
BFA,2026-01-01,0.0,0.9511976780524845
BGD,2026-01-01,0.0,0.008488272746910027
BGR,2026-01-01,0.0,0.0
BHR,2026-01-01,0.0,0.0
BHS,2026-01-01,0.0,0.0
BIH,2026-01-01,0.0,0.0
BLR,2026-01-01,0.0,0.0
BLZ,2026-01-01,0.0,0.0
BOL,2026-01-01,0.0,0.0
BRA,2026-01-01,0.0,0.009653446882500763
BRB,2026-01-01,0.0,0.0
BRN,2026-01-01,0.0,0.0
BTN,2026-01-01,0.0,0.0
BWA,2026-01-01,0.0,0.0
CAF,2026-01-01,0.0,0.32162112060480263
CAN,2026-01-01,0.0,0.0
CHE,2026-01-01,0.0,0.0
CHL,2026-01-01,0.0,0.0
CHN,2026-01-01,0.0,0.0
CIV,2026-01-01,0.0,0.003763729436906714
CMR,2026-01-01,0.0,0.3262613251993914
COL,2026-01-01,0.0,0.2918833982138747
COM,2026-01-01,0.0,0.0
CRI,2026-01-01,0.0,0.0
CUB,2026-01-01,0.0,0.004935158031932225
CYP,2026-01-01,0.0,0.0
CZE,2026-01-01,0.0,0.0
DEU,2026-01-01,0.0,0.0
DJI,2026-01-01,0.0,0.0
DNK,2026-01-01,0.0,0.0
DOM,2026-01-01,0.0,0.0
DZA,2026-01-01,0.0,0.005
ECU,2026-01-01,0.0,0.030849682719061935
EGY,2026-01-01,0.0,0.015683604350445957
ERI,2026-01-01,0.0,0.0
ESP,2026-01-01,0.0,0.0
EST,2026-01-01,0.0,0.0
ETH,2026-01-01,0.0,0.7216222705609795
FIN,2026-01-01,0.0,0.0
FJI,2026-01-01,0.0,0.0
FRA,2026-01-01,0.0,0.0
GAB,2026-01-01,0.0,0.0
GBR,2026-01-01,0.0,0.0
GEO,2026-01-01,0.0,0.0
GHA,2026-01-01,0.0,0.004095904636220063
GIN,2026-01-01,0.0,0.0
GMB,2026-01-01,0.0,0.0
GNB,2026-01-01,0.0,0.0
GNQ,2026-01-01,0.0,0.0
GRC,2026-01-01,0.0,0.0
GRD,2026-01-01,0.0,0.0
GTM,2026-01-01,0.0,0.0
GUY,2026-01-01,0.0,0.0
HND,2026-01-01,0.0,0.0
HRV,2026-01-01,0.0,0.0
HTI,2026-01-01,0.0,0.8514622162965544
HUN,2026-01-01,0.0,0.0
IDN,2026-01-01,0.0,0.022758220416439948
IND,2026-01-01,0.0,0.09090908961242113
IRL,2026-01-01,0.0,0.0
IRN,2026-01-01,1.0,0.1341018770503139
IRQ,2026-01-01,0.0,0.10233059134964645
ISL,2026-01-01,0.0,0.0
ISR,2026-01-01,0.0,0.0645570025287802
ITA,2026-01-01,0.0,0.0
JAM,2026-01-01,0.0,0.0
JOR,2026-01-01,0.0,0.0
JPN,2026-01-01,0.0,0.0
KAZ,2026-01-01,0.0,0.0
KEN,2026-01-01,0.0,0.10622583590713475
KGZ,2026-01-01,0.0,0.0
KHM,2026-01-01,0.0,0.09981761143950245
KOR,2026-01-01,0.0,0.0
KWT,2026-01-01,0.0,0.0
LAO,2026-01-01,0.0,0.0
LBN,2026-01-01,1.0,0.15727702539329524
LBR,2026-01-01,0.0,0.0
LBY,2026-01-01,0.0,0.01838112767269315
LKA,2026-01-01,0.0,0.0
LSO,2026-01-01,0.0,0.0
LTU,2026-01-01,0.0,0.0
LUX,2026-01-01,0.0,0.0
LVA,2026-01-01,0.0,0.0
MAR,2026-01-01,0.0,0.0
MDA,2026-01-01,0.0,0.0
MDG,2026-01-01,0.0,0.0
MDV,2026-01-01,0.0,0.0
MEX,2026-01-01,0.0,0.015543955471256176
MKD,2026-01-01,0.0,0.0
MLI,2026-01-01,0.0,0.32053640543863027
MLT,2026-01-01,0.0,0.0
MMR,2026-01-01,0.0,0.6480167976478093
MNE,2026-01-01,0.0,0.0
MNG,2026-01-01,0.0,0.0
MOZ,2026-01-01,0.0,0.2577142119818794
MRT,2026-01-01,0.0,0.0
MUS,2026-01-01,0.0,0.0
MWI,2026-01-01,0.0,0.0
MYS,2026-01-01,0.0,0.0
NAM,2026-01-01,0.0,0.0
NER,2026-01-01,0.0,0.8227131191590523
NIC,2026-01-01,0.0,0.0
NLD,2026-01-01,0.0,0.0
NOR,2026-01-01,0.0,0.0
NPL,2026-01-01,0.0,0.0
NZL,2026-01-01,0.0,0.0
OMN,2026-01-01,0.0,0.0
PAK,2026-01-01,0.0,0.8465009877488954
PAN,2026-01-01,0.0,0.0
PER,2026-01-01,0.0,0.0
PHL,2026-01-01,0.0,0.2264024656325355
PNG,2026-01-01,0.0,0.0
POL,2026-01-01,0.0,0.0
PRK,2026-01-01,0.0,0.0
PRT,2026-01-01,0.0,0.0
PRY,2026-01-01,0.0,0.0
QAT,2026-01-01,0.0,0.0
ROU,2026-01-01,0.0,0.004524435416417732
RUS,2026-01-01,0.0,0.07505271114711777
RWA,2026-01-01,0.0,0.0
SAU,2026-01-01,0.0,0.00481039192021851
SEN,2026-01-01,0.0,0.0
SGP,2026-01-01,0.0,0.0
SLB,2026-01-01,0.0,0.0
SLE,2026-01-01,0.0,0.0
SLV,2026-01-01,0.0,0.0
SOM,2026-01-01,0.0,0.7591135695929144
SRB,2026-01-01,0.0,0.0
STP,2026-01-01,0.0,0.0
SVK,2026-01-01,0.0,0.0
SVN,2026-01-01,0.0,0.0
SWE,2026-01-01,0.0,0.0
SWZ,2026-01-01,0.0,0.0
SYC,2026-01-01,0.0,0.0
SYR,2026-01-01,0.0,0.45521354111107715
TCD,2026-01-01,0.0,0.09306740649770187
TGO,2026-01-01,0.0,0.0
THA,2026-01-01,0.0,0.11180962720254589
TJK,2026-01-01,0.0,0.0
TKM,2026-01-01,0.0,0.0
TLS,2026-01-01,0.0,0.0
TON,2026-01-01,0.0,0.0
TTO,2026-01-01,0.0,0.0
TUN,2026-01-01,0.0,0.0
TUR,2026-01-01,0.0,0.016393197050770775
TZA,2026-01-01,0.0,0.004947991532289679
UGA,2026-01-01,0.0,0.020572008907530036
UKR,2026-01-01,0.0,0.582618493718305
URY,2026-01-01,0.0,0.0
USA,2026-01-01,0.0,0.0
UZB,2026-01-01,0.0,0.0
VEN,2026-01-01,0.0,0.009614037100151697
VNM,2026-01-01,0.0,0.0
VUT,2026-01-01,0.0,0.0
WSM,2026-01-01,0.0,0.0
YEM,2026-01-01,0.0,0.10263888054737252
ZAF,2026-01-01,0.0,0.0
ZMB,2026-01-01,0.0,0.0
ZWE,2026-01-01,0.0,0.004750345000627274
AFG,2026-02-01,1.0,0.9274852682978871
AGO,2026-02-01,0.0,0.0
ALB,2026-02-01,0.0,0.0
ARE,2026-02-01,0.0,0.0
ARG,2026-02-01,0.0,0.0
ARM,2026-02-01,0.0,0.0
AUS,2026-02-01,0.0,0.0
AUT,2026-02-01,0.0,0.0
AZE,2026-02-01,0.0,0.003691658630665381
BDI,2026-02-01,0.0,0.03849020042204885
BEL,2026-02-01,0.0,0.0
BEN,2026-02-01,0.0,0.016743219353505253
BFA,2026-02-01,0.0,0.825046948709239
BGD,2026-02-01,0.0,0.026482409222590132
BGR,2026-02-01,0.0,0.0
BHR,2026-02-01,0.0,0.0
BHS,2026-02-01,0.0,0.0
BIH,2026-02-01,0.0,0.0
BLR,2026-02-01,0.0,0.0
BLZ,2026-02-01,0.0,0.0
BOL,2026-02-01,0.0,0.0
BRA,2026-02-01,0.0,0.004339287940786423
BRB,2026-02-01,0.0,0.0
BRN,2026-02-01,0.0,0.0
BTN,2026-02-01,0.0,0.0
BWA,2026-02-01,0.0,0.0
CAF,2026-02-01,0.0,0.28840660058716217
CAN,2026-02-01,0.0,0.0
CHE,2026-02-01,0.0,0.0
CHL,2026-02-01,0.0,0.0
CHN,2026-02-01,0.0,0.0
CIV,2026-02-01,0.0,0.004885984131373509
CMR,2026-02-01,0.0,0.48832166777609437
COD,2026-02-01,0.0,0.5253380813210891
COL,2026-02-01,0.0,0.2293446232796275
COM,2026-02-01,0.0,0.0
CRI,2026-02-01,0.0,0.0
CUB,2026-02-01,0.0,0.009692057850226744
CYP,2026-02-01,0.0,0.0
CZE,2026-02-01,0.0,0.0
DEU,2026-02-01,0.0,0.0
DJI,2026-02-01,0.0,0.0
DNK,2026-02-01,0.0,0.0
DOM,2026-02-01,0.0,0.0
DZA,2026-02-01,0.0,0.00377707069212175
ECU,2026-02-01,0.0,0.01771284175527256
EGY,2026-02-01,0.0,0.01449745227453219
ERI,2026-02-01,0.0,0.004885984131373509
ESP,2026-02-01,0.0,0.0
EST,2026-02-01,0.0,0.0
ETH,2026-02-01,0.0,0.7579101193509743
FIN,2026-02-01,0.0,0.0
FJI,2026-02-01,0.0,0.0
FRA,2026-02-01,0.0,0.0
GAB,2026-02-01,0.0,0.0
GBR,2026-02-01,0.0,0.0
GEO,2026-02-01,0.0,0.0
GHA,2026-02-01,0.0,0.0
GIN,2026-02-01,0.0,0.0
GMB,2026-02-01,0.0,0.0
GNB,2026-02-01,0.0,0.005
GNQ,2026-02-01,0.0,0.0
GRC,2026-02-01,0.0,0.0
GRD,2026-02-01,0.0,0.0
GTM,2026-02-01,0.0,0.0
GUY,2026-02-01,0.0,0.0
HND,2026-02-01,0.0,0.0
HRV,2026-02-01,0.0,0.0
HTI,2026-02-01,0.0,0.5503788398545766
HUN,2026-02-01,0.0,0.0
IDN,2026-02-01,0.0,0.048286757400804126
IND,2026-02-01,0.0,0.11845001687779097
IRL,2026-02-01,0.0,0.0
IRQ,2026-02-01,0.0,0.12281627899202403
ISL,2026-02-01,0.0,0.0
ISR,2026-02-01,0.0,0.03974965193101406
ITA,2026-02-01,0.0,0.0
JAM,2026-02-01,0.0,0.0
JOR,2026-02-01,0.0,0.0
JPN,2026-02-01,0.0,0.0
KAZ,2026-02-01,0.0,0.0
KEN,2026-02-01,0.0,0.03340194638440845
KGZ,2026-02-01,0.0,0.0
KHM,2026-02-01,0.0,0.2561474058095749
KOR,2026-02-01,0.0,0.0
KWT,2026-02-01,0.0,0.0
LAO,2026-02-01,0.0,0.0
LBN,2026-02-01,1.0,0.1668297905626455
LBR,2026-02-01,0.0,0.0
LBY,2026-02-01,0.0,0.034516965665653904
LKA,2026-02-01,0.0,0.0
LSO,2026-02-01,0.0,0.0
LTU,2026-02-01,0.0,0.0
LUX,2026-02-01,0.0,0.0
LVA,2026-02-01,0.0,0.0
MAR,2026-02-01,0.0,0.0
MDA,2026-02-01,0.0,0.0
MDG,2026-02-01,0.0,0.0
MDV,2026-02-01,0.0,0.0
MEX,2026-02-01,0.0,0.02571876812283671
MKD,2026-02-01,0.0,0.0
MLI,2026-02-01,0.0,0.5712873931684428
MLT,2026-02-01,0.0,0.0
MMR,2026-02-01,0.0,0.7980983363265906
MNE,2026-02-01,0.0,0.0
MNG,2026-02-01,0.0,0.0
MOZ,2026-02-01,0.0,0.37749606382056333
MRT,2026-02-01,0.0,0.0
MUS,2026-02-01,0.0,0.0
MWI,2026-02-01,0.0,0.0
MYS,2026-02-01,0.0,0.0
NAM,2026-02-01,0.0,0.0
NER,2026-02-01,0.0,0.6431790847064509
NIC,2026-02-01,0.0,0.0
NLD,2026-02-01,0.0,0.0
NOR,2026-02-01,0.0,0.0
NPL,2026-02-01,0.0,0.0
NZL,2026-02-01,0.0,0.0
OMN,2026-02-01,0.0,0.0
PAK,2026-02-01,0.0,0.6060239605489294
PAN,2026-02-01,0.0,0.0
PER,2026-02-01,0.0,0.0
PHL,2026-02-01,0.0,0.10856629989427027
PNG,2026-02-01,0.0,0.0
POL,2026-02-01,0.0,0.0
PRK,2026-02-01,0.0,0.0
PRT,2026-02-01,0.0,0.0
PRY,2026-02-01,0.0,0.0
PSE,2026-02-01,0.0,0.5223003424591833
QAT,2026-02-01,0.0,0.0
ROU,2026-02-01,0.0,0.0
RUS,2026-02-01,0.0,0.09455863104075499
RWA,2026-02-01,0.0,0.032009752381329776
SAU,2026-02-01,0.0,0.0
SDN,2026-02-01,0.0,0.8098874220217285
SEN,2026-02-01,0.0,0.0
SGP,2026-02-01,0.0,0.0
SLB,2026-02-01,0.0,0.0
SLE,2026-02-01,0.0,0.019945899680242886
SLV,2026-02-01,0.0,0.0
SOM,2026-02-01,0.0,0.5015208256415936
SRB,2026-02-01,0.0,0.0
SSD,2026-02-01,0.0,0.7461755169602458
STP,2026-02-01,0.0,0.0
SVK,2026-02-01,0.0,0.0
SVN,2026-02-01,0.0,0.0
SWE,2026-02-01,0.0,0.0
SWZ,2026-02-01,0.0,0.0
SYC,2026-02-01,0.0,0.0
SYR,2026-02-01,0.0,0.8043303043292088
TCD,2026-02-01,0.0,0.12514405074182544
TGO,2026-02-01,0.0,0.0
THA,2026-02-01,0.0,0.10727747776929408
TJK,2026-02-01,0.0,0.0049673987089239955
TKM,2026-02-01,0.0,0.0
TLS,2026-02-01,0.0,0.0
TON,2026-02-01,0.0,0.0
TTO,2026-02-01,0.0,0.0
TUN,2026-02-01,0.0,0.0
TUR,2026-02-01,0.0,0.01764823334857334
TZA,2026-02-01,0.0,0.024159686036440534
UGA,2026-02-01,0.0,0.027655953943932516
UKR,2026-02-01,0.0,0.46913591717192576
URY,2026-02-01,0.0,0.0
USA,2026-02-01,0.0,0.0
UZB,2026-02-01,0.0,0.0
VEN,2026-02-01,0.0,0.018353268332246125
VNM,2026-02-01,0.0,0.0
VUT,2026-02-01,0.0,0.0
WSM,2026-02-01,0.0,0.0
YEM,2026-02-01,0.0,0.23933291122012387
ZAF,2026-02-01,0.0,0.0
ZMB,2026-02-01,0.0,0.0
ZWE,2026-02-01,0.0,0.0
