iso3,month,y_true,y_prob
AFG,2024-03-01,0.0,0.23894381264639253
AGO,2024-03-01,0.0,0.003209485755798872
ALB,2024-03-01,0.0,0.005249921285191317
ARE,2024-03-01,0.0,0.0
ARG,2024-03-01,0.0,0.0
ARM,2024-03-01,0.0,0.024739118913383117
AUS,2024-03-01,0.0,0.0
AUT,2024-03-01,0.0,0.0
AZE,2024-03-01,0.0,0.09191568889536876
BDI,2024-03-01,0.0,0.0
BEL,2024-03-01,0.0,0.0
BEN,2024-03-01,0.0,0.00018512199794075898
BFA,2024-03-01,1.0,0.9131832956523824
BGD,2024-03-01,0.0,0.051982042868752486
BGR,2024-03-01,0.0,0.0
BHR,2024-03-01,0.0,0.0
BHS,2024-03-01,0.0,0.0
BIH,2024-03-01,0.0,0.0003937233433063811
BLR,2024-03-01,0.0,0.0
BLZ,2024-03-01,0.0,0.0005788453412471401
BOL,2024-03-01,0.0,0.0059474789322074674
BRA,2024-03-01,0.0,0.1747431924803038
BRB,2024-03-01,0.0,0.0
BRN,2024-03-01,0.0,0.0
BTN,2024-03-01,0.0,0.0003937233433063811
BWA,2024-03-01,0.0,0.0003937233433063811
CAF,2024-03-01,0.0,0.4764602352965517
CAN,2024-03-01,0.0,0.0
CHE,2024-03-01,0.0,0.0
CHL,2024-03-01,0.0,0.0009877036090705825
CHN,2024-03-01,0.0,0.002379785258177788
CIV,2024-03-01,0.0,0.00018512199794075898
CMR,2024-03-01,0.0,0.3621070646816228
COL,2024-03-01,0.0,0.04211448927939748
COM,2024-03-01,0.0,0.00018512199794075898
CRI,2024-03-01,0.0,0.0014592082291322577
CUB,2024-03-01,0.0,0.0
CYP,2024-03-01,0.0,0.005187133007626619
CZE,2024-03-01,0.0,0.0
DEU,2024-03-01,0.0,0.0
DJI,2024-03-01,0.0,0.0
DNK,2024-03-01,0.0,0.0
DOM,2024-03-01,0.0,0.002679706466155699
DZA,2024-03-01,0.0,0.004321885767294099
ECU,2024-03-01,0.0,0.015350152728508175
EGY,2024-03-01,0.0,0.002777581627786304
ERI,2024-03-01,0.0,0.025736801545087253
ESP,2024-03-01,0.0,0.0
EST,2024-03-01,0.0,0.0
FIN,2024-03-01,0.0,0.0
FJI,2024-03-01,0.0,0.0
FRA,2024-03-01,0.0,0.0
GAB,2024-03-01,0.0,0.0003937233433063811
GBR,2024-03-01,0.0,0.0
GEO,2024-03-01,0.0,0.0014592082291322577
GHA,2024-03-01,0.0,0.004121648121800742
GIN,2024-03-01,0.0,0.004904470683176235
GMB,2024-03-01,0.0,0.00018512199794075898
GNB,2024-03-01,0.0,0.00018512199794075898
GNQ,2024-03-01,0.0,0.0003937233433063811
GRC,2024-03-01,0.0,0.0
GRD,2024-03-01,0.0,0.0
GTM,2024-03-01,0.0,0.0
GUY,2024-03-01,0.0,0.00018512199794075898
HND,2024-03-01,0.0,0.0
HRV,2024-03-01,0.0,0.0
HUN,2024-03-01,0.0,0.0
IDN,2024-03-01,0.0,0.10890907711949634
IND,2024-03-01,0.0,0.010235971038957459
IRL,2024-03-01,0.0,0.0
IRN,2024-03-01,0.0,0.00599639156388869
IRQ,2024-03-01,0.0,0.20327899076603317
ISL,2024-03-01,0.0,0.0
ISR,2024-03-01,0.0,0.08740955943659755
ITA,2024-03-01,0.0,0.0
JAM,2024-03-01,0.0,0.0
JOR,2024-03-01,0.0,0.0
JPN,2024-03-01,0.0,0.0
KAZ,2024-03-01,0.0,0.0
KEN,2024-03-01,0.0,0.2918855073460885
KGZ,2024-03-01,0.0,0.0003937233433063811
KHM,2024-03-01,0.0,0.0005788453412471401
KOR,2024-03-01,0.0,0.0
KWT,2024-03-01,0.0,0.0
LAO,2024-03-01,0.0,0.0005788453412471401
LBN,2024-03-01,0.0,0.056133601426064154
LBR,2024-03-01,0.0,0.0
LBY,2024-03-01,0.0,0.019737031825196715
LKA,2024-03-01,0.0,0.0
LSO,2024-03-01,0.0,0.00018512199794075898
LTU,2024-03-01,0.0,0.0
LUX,2024-03-01,0.0,0.0
LVA,2024-03-01,0.0,0.0
MAR,2024-03-01,0.0,0.0003937233433063811
MDA,2024-03-01,0.0,0.0003937233433063811
MDG,2024-03-01,0.0,0.0
MDV,2024-03-01,0.0,0.0
MEX,2024-03-01,0.0,0.09911149123674462
MKD,2024-03-01,0.0,0.0
MLT,2024-03-01,0.0,0.0
MNE,2024-03-01,0.0,0.0
MNG,2024-03-01,0.0,0.0003937233433063811
MRT,2024-03-01,0.0,0.0
MUS,2024-03-01,0.0,0.0
MWI,2024-03-01,0.0,0.00018512199794075898
MYS,2024-03-01,0.0,0.0
NAM,2024-03-01,0.0,0.00018512199794075898
NER,2024-03-01,0.0,0.9353483172366563
NIC,2024-03-01,0.0,0.0005788453412471401
NLD,2024-03-01,0.0,0.0
NOR,2024-03-01,0.0,0.0
NPL,2024-03-01,0.0,0.00018512199794075898
NZL,2024-03-01,0.0,0.0
OMN,2024-03-01,0.0,0.0
PAK,2024-03-01,0.0,0.06735358573404192
PAN,2024-03-01,0.0,0.002285983122849318
PER,2024-03-01,0.0,0.005319671061010944
PHL,2024-03-01,0.0,0.8252307760884343
PNG,2024-03-01,0.0,0.014354414325630137
POL,2024-03-01,0.0,0.0
PRK,2024-03-01,0.0,0.0005788453412471401
PRT,2024-03-01,0.0,0.0
PRY,2024-03-01,0.0,0.0003937233433063811
PSE,2024-03-01,0.0,0.2761444986942465
QAT,2024-03-01,0.0,0.0
ROU,2024-03-01,0.0,0.0
RUS,2024-03-01,0.0,0.07495092267806212
RWA,2024-03-01,0.0,0.00018512199794075898
SAU,2024-03-01,0.0,0.0
SDN,2024-03-01,0.0,0.9200276074555728
SEN,2024-03-01,0.0,0.00018512199794075898
SGP,2024-03-01,0.0,0.0
SLB,2024-03-01,0.0,0.0005788453412471401
SLE,2024-03-01,0.0,0.00018512199794075898
SLV,2024-03-01,0.0,0.005504793058951704
SRB,2024-03-01,0.0,0.0
STP,2024-03-01,0.0,0.0
SVK,2024-03-01,0.0,0.0
SVN,2024-03-01,0.0,0.0
SWE,2024-03-01,0.0,0.0
SWZ,2024-03-01,0.0,0.0
SYC,2024-03-01,0.0,0.0
SYR,2024-03-01,0.0,0.8747166983676157
TCD,2024-03-01,0.0,0.39633574785830766
TGO,2024-03-01,0.0,0.00018512199794075898
THA,2024-03-01,0.0,0.00018512199794075898
TJK,2024-03-01,0.0,0.0005788453412471401
TKM,2024-03-01,0.0,0.0003937233433063811
TLS,2024-03-01,0.0,0.00018512199794075898
TON,2024-03-01,0.0,0.0016443302270730167
TTO,2024-03-01,0.0,0.0
TUN,2024-03-01,0.0,0.0003937233433063811
TUR,2024-03-01,0.0,0.0014592082291322577
TZA,2024-03-01,0.0,0.002487368166516304
UGA,2024-03-01,0.0,0.6541130408361022
UKR,2024-03-01,1.0,0.004934154102999814
URY,2024-03-01,0.0,0.0
USA,2024-03-01,0.0,0.0
UZB,2024-03-01,0.0,0.0
VEN,2024-03-01,0.0,0.0017462871985995793
VNM,2024-03-01,0.0,0.0011131575158379763
VUT,2024-03-01,0.0,0.0005788453412471401
WSM,2024-03-01,0.0,0.0003937233433063811
YEM,2024-03-01,0.0,0.5814283834332313
ZAF,2024-03-01,0.0,0.14651074782950527
ZMB,2024-03-01,0.0,0.0
ZWE,2024-03-01,0.0,0.014555833824395993
AFG,2024-04-01,0.0,0.5103480580469476
AGO,2024-04-01,0.0,0.0
ALB,2024-04-01,0.0,0.0
ARE,2024-04-01,0.0,0.0
ARG,2024-04-01,0.0,0.0
ARM,2024-04-01,0.0,0.006846372797979438
AUS,2024-04-01,0.0,0.0
AUT,2024-04-01,0.0,0.0
AZE,2024-04-01,0.0,0.014162740977911165
BDI,2024-04-01,0.0,0.0054412547090419115
BEL,2024-04-01,0.0,0.0
BEN,2024-04-01,0.0,0.0
BFA,2024-04-01,1.0,0.8888736882899049
BGD,2024-04-01,0.0,0.04325458830764527
BGR,2024-04-01,0.0,0.0
BHR,2024-04-01,0.0,0.0
BHS,2024-04-01,0.0,0.0
BIH,2024-04-01,0.0,0.0
BLR,2024-04-01,0.0,0.0
BLZ,2024-04-01,0.0,0.0
BOL,2024-04-01,0.0,0.0
BRA,2024-04-01,0.0,0.1698960843163224
BRB,2024-04-01,0.0,0.0
BRN,2024-04-01,0.0,0.0
BTN,2024-04-01,0.0,0.0
BWA,2024-04-01,0.0,0.0
CAF,2024-04-01,0.0,0.7482919923412494
CAN,2024-04-01,0.0,0.0
CHE,2024-04-01,0.0,0.0
CHL,2024-04-01,0.0,0.0
CHN,2024-04-01,0.0,0.004012957073024954
CIV,2024-04-01,0.0,0.0
CMR,2024-04-01,0.0,0.37400591254895865
COL,2024-04-01,0.0,0.03722917673363098
COM,2024-04-01,0.0,0.0
CRI,2024-04-01,0.0,0.002522644015941384
CUB,2024-04-01,0.0,0.0
CYP,2024-04-01,0.0,0.006967916059638623
CZE,2024-04-01,0.0,0.0
DEU,2024-04-01,0.0,0.0
DJI,2024-04-01,0.0,0.0
DNK,2024-04-01,0.0,0.0
DOM,2024-04-01,0.0,0.0
DZA,2024-04-01,0.0,0.0
ECU,2024-04-01,0.0,0.023969083599654804
EGY,2024-04-01,0.0,0.002313642237400776
ERI,2024-04-01,0.0,0.014728875241298374
ESP,2024-04-01,0.0,0.0
EST,2024-04-01,0.0,0.0
FIN,2024-04-01,0.0,0.0
FJI,2024-04-01,0.0,0.0
FRA,2024-04-01,0.0,0.0
GAB,2024-04-01,0.0,0.0
GBR,2024-04-01,0.0,0.0
GEO,2024-04-01,0.0,0.002522644015941384
GHA,2024-04-01,0.0,0.0
GIN,2024-04-01,0.0,0.0
GMB,2024-04-01,0.0,0.0
GNB,2024-04-01,0.0,0.0
GNQ,2024-04-01,0.0,0.0
GRC,2024-04-01,0.0,0.0
GRD,2024-04-01,0.0,0.0
GTM,2024-04-01,0.0,0.0
GUY,2024-04-01,0.0,0.0
HND,2024-04-01,0.0,0.004631445394299229
HRV,2024-04-01,0.0,0.0
HUN,2024-04-01,0.0,0.0
IDN,2024-04-01,0.0,0.004862678564609318
IND,2024-04-01,0.0,0.00935645831276385
IRL,2024-04-01,0.0,0.0
IRN,2024-04-01,0.0,0.0010421066635624325
IRQ,2024-04-01,0.0,0.2682123552517512
ISL,2024-04-01,0.0,0.0
ISR,2024-04-01,0.0,0.8376071118453217
ITA,2024-04-01,0.0,0.0
JAM,2024-04-01,0.0,0.0
JOR,2024-04-01,0.0,0.002522644015941384
JPN,2024-04-01,0.0,0.0
KAZ,2024-04-01,0.0,0.0
KEN,2024-04-01,0.0,0.3211921303051545
KGZ,2024-04-01,0.0,0.0
KHM,2024-04-01,0.0,0.0
KOR,2024-04-01,0.0,0.0
KWT,2024-04-01,0.0,0.0
LAO,2024-04-01,0.0,0.0
LBN,2024-04-01,0.0,0.04331511407941651
LBR,2024-04-01,0.0,0.0
LBY,2024-04-01,0.0,0.011141958047979185
LKA,2024-04-01,0.0,0.0
LSO,2024-04-01,0.0,0.0
LTU,2024-04-01,0.0,0.0
LUX,2024-04-01,0.0,0.0
LVA,2024-04-01,0.0,0.0
MAR,2024-04-01,0.0,0.0
MDA,2024-04-01,0.0,0.0
MDG,2024-04-01,0.0,0.0
MDV,2024-04-01,0.0,0.0
MEX,2024-04-01,0.0,0.07802301138159744
MKD,2024-04-01,0.0,0.0
MLT,2024-04-01,0.0,0.0
MNE,2024-04-01,0.0,0.0
MNG,2024-04-01,0.0,0.0
MRT,2024-04-01,0.0,0.0
MUS,2024-04-01,0.0,0.0
MWI,2024-04-01,0.0,0.0
MYS,2024-04-01,0.0,0.0
NAM,2024-04-01,0.0,0.0
NER,2024-04-01,0.0,0.9465063683702758
NGA,2024-04-01,0.0,0.38192244556827193
NIC,2024-04-01,0.0,0.0
NLD,2024-04-01,0.0,0.0
NOR,2024-04-01,0.0,0.0
NPL,2024-04-01,0.0,0.0
NZL,2024-04-01,0.0,0.0
OMN,2024-04-01,0.0,0.0
PAK,2024-04-01,0.0,0.08083743392976725
PAN,2024-04-01,0.0,0.0
PER,2024-04-01,0.0,0.0010421066635624325
PHL,2024-04-01,0.0,0.8107562804237571
PNG,2024-04-01,0.0,0.004876392378916804
POL,2024-04-01,0.0,0.0
PRK,2024-04-01,0.0,0.0
PRT,2024-04-01,0.0,0.0
PRY,2024-04-01,0.0,0.0
PSE,2024-04-01,1.0,0.7912099770677102
QAT,2024-04-01,0.0,0.0
ROU,2024-04-01,0.0,0.0
RUS,2024-04-01,0.0,0.513872564448029
RWA,2024-04-01,0.0,0.0
SAU,2024-04-01,0.0,0.0
SDN,2024-04-01,0.0,0.9352771428274648
SEN,2024-04-01,0.0,0.0
SGP,2024-04-01,0.0,0.0
SLB,2024-04-01,0.0,0.019862803221951487
SLE,2024-04-01,0.0,0.0
SLV,2024-04-01,0.0,0.002522644015941384
SRB,2024-04-01,0.0,0.0
STP,2024-04-01,0.0,0.0
SVK,2024-04-01,0.0,0.0
SVN,2024-04-01,0.0,0.0
SWE,2024-04-01,0.0,0.0
SWZ,2024-04-01,0.0,0.0
SYC,2024-04-01,0.0,0.0
SYR,2024-04-01,0.0,0.8097188844343115
TCD,2024-04-01,0.0,0.6484598719775175
TGO,2024-04-01,0.0,0.0
THA,2024-04-01,0.0,0.0
TJK,2024-04-01,0.0,0.0
TKM,2024-04-01,0.0,0.0
TLS,2024-04-01,0.0,0.0
TON,2024-04-01,0.0,0.002522644015941384
TTO,2024-04-01,0.0,0.0
TUN,2024-04-01,0.0,0.0
TUR,2024-04-01,0.0,0.0010421066635624325
TZA,2024-04-01,0.0,0.00790489609911018
UGA,2024-04-01,0.0,0.7258280361986903
UKR,2024-04-01,1.0,0.027230540276348726
URY,2024-04-01,0.0,0.0
USA,2024-04-01,0.0,0.0
UZB,2024-04-01,0.0,0.0
VEN,2024-04-01,0.0,0.0027899470192778585
VNM,2024-04-01,0.0,0.0
VUT,2024-04-01,0.0,0.0
WSM,2024-04-01,0.0,0.0
YEM,2024-04-01,0.0,0.573918926660557
ZAF,2024-04-01,0.0,0.012724702691473673
ZMB,2024-04-01,0.0,0.0
ZWE,2024-04-01,0.0,0.005
AFG,2024-05-01,0.0,0.5863534942126136
AGO,2024-05-01,0.0,0.00039490707337098426
ALB,2024-05-01,0.0,0.0
ARE,2024-05-01,0.0,0.0
ARG,2024-05-01,0.0,0.0
ARM,2024-05-01,0.0,0.00017573335252404413
AUS,2024-05-01,0.0,0.0
AUT,2024-05-01,0.0,0.0
AZE,2024-05-01,0.0,0.014063900753021073
BDI,2024-05-01,0.0,0.02277918626355164
BEL,2024-05-01,0.0,0.0
BEN,2024-05-01,0.0,0.00017573335252404413
BGD,2024-05-01,0.0,0.05460277937535178
BGR,2024-05-01,0.0,0.0
BHR,2024-05-01,0.0,0.0
BHS,2024-05-01,0.0,0.0
BIH,2024-05-01,0.0,0.00017573335252404413
BLR,2024-05-01,0.0,0.0
BLZ,2024-05-01,0.0,0.00017573335252404413
BOL,2024-05-01,0.0,0.00017573335252404413
BRA,2024-05-01,0.0,0.1600477409547086
BRB,2024-05-01,0.0,0.0
BRN,2024-05-01,0.0,0.0
BTN,2024-05-01,0.0,0.0
BWA,2024-05-01,0.0,0.00017573335252404413
CAF,2024-05-01,0.0,0.4670418219555381
CAN,2024-05-01,0.0,0.0
CHE,2024-05-01,0.0,0.0
CHL,2024-05-01,0.0,0.0
CHN,2024-05-01,0.0,0.004299160346695555
CIV,2024-05-01,0.0,0.0033627465519798193
CMR,2024-05-01,0.0,0.7322060471283055
COL,2024-05-01,0.0,0.10683610824774466
COM,2024-05-01,0.0,0.0
CRI,2024-05-01,0.0,0.0
CUB,2024-05-01,0.0,0.0
CYP,2024-05-01,0.0,0.0
CZE,2024-05-01,0.0,0.0
DEU,2024-05-01,0.0,0.0
DJI,2024-05-01,0.0,0.0
DNK,2024-05-01,0.0,0.0
DOM,2024-05-01,0.0,0.006459691849257046
DZA,2024-05-01,0.0,0.002945433338477591
ECU,2024-05-01,0.0,0.007906913602497522
EGY,2024-05-01,0.0,0.001930113573032485
ERI,2024-05-01,0.0,0.038806792617392845
ESP,2024-05-01,0.0,0.0
EST,2024-05-01,0.0,0.0
FIN,2024-05-01,0.0,0.0
FJI,2024-05-01,0.0,0.0
FRA,2024-05-01,0.0,0.0
GAB,2024-05-01,0.0,0.00017573335252404413
GBR,2024-05-01,0.0,0.0
GEO,2024-05-01,0.0,0.0
GHA,2024-05-01,0.0,0.00017573335252404413
GIN,2024-05-01,0.0,0.00017573335252404413
GMB,2024-05-01,0.0,0.0
GNB,2024-05-01,0.0,0.00017573335252404413
GNQ,2024-05-01,0.0,0.00017573335252404413
GRC,2024-05-01,0.0,0.0
GRD,2024-05-01,0.0,0.0
GTM,2024-05-01,0.0,0.0049819522912743245
GUY,2024-05-01,0.0,0.005069366773211573
HND,2024-05-01,0.0,0.021271299523679947
HRV,2024-05-01,0.0,0.0
HTI,2024-05-01,0.0,0.7222290934027898
HUN,2024-05-01,0.0,0.0
IDN,2024-05-01,0.0,0.05644721092189276
IND,2024-05-01,0.0,0.019463539272240125
IRL,2024-05-01,0.0,0.0
IRN,2024-05-01,0.0,0.006581226911314373
IRQ,2024-05-01,0.0,0.20269046980045072
ISL,2024-05-01,0.0,0.0
ISR,2024-05-01,0.0,0.0
ITA,2024-05-01,0.0,0.0
JAM,2024-05-01,0.0,0.0
JOR,2024-05-01,0.0,0.0
JPN,2024-05-01,0.0,0.0
KAZ,2024-05-01,0.0,0.0
KEN,2024-05-01,0.0,0.3217966471201196
KGZ,2024-05-01,0.0,0.0
KHM,2024-05-01,0.0,0.00017573335252404413
KOR,2024-05-01,0.0,0.0
KWT,2024-05-01,0.0,0.0
LAO,2024-05-01,0.0,0.00017573335252404413
LBN,2024-05-01,0.0,0.020268627153892216
LBR,2024-05-01,0.0,0.0
LBY,2024-05-01,0.0,0.0
LKA,2024-05-01,0.0,0.0
LSO,2024-05-01,0.0,0.0
LTU,2024-05-01,0.0,0.0
LUX,2024-05-01,0.0,0.0
LVA,2024-05-01,0.0,0.0
MAR,2024-05-01,0.0,0.00017573335252404413
MDA,2024-05-01,0.0,0.00017573335252404413
MDG,2024-05-01,0.0,0.0
MDV,2024-05-01,0.0,0.0
MEX,2024-05-01,0.0,0.05264662201802432
MKD,2024-05-01,0.0,0.0
MLT,2024-05-01,0.0,0.0
MNE,2024-05-01,0.0,0.0
MNG,2024-05-01,0.0,0.00017573335252404413
MRT,2024-05-01,0.0,0.0
MUS,2024-05-01,0.0,0.0
MWI,2024-05-01,0.0,0.0033627465519798193
MYS,2024-05-01,0.0,0.0
NAM,2024-05-01,0.0,0.00017573335252404413
NER,2024-05-01,0.0,0.12808690533287184
NGA,2024-05-01,0.0,0.7277917811836724
NIC,2024-05-01,0.0,0.00017573335252404413
NLD,2024-05-01,0.0,0.0
NOR,2024-05-01,0.0,0.0
NPL,2024-05-01,0.0,0.005135308402322895
NZL,2024-05-01,0.0,0.0
OMN,2024-05-01,0.0,0.0
PAK,2024-05-01,0.0,0.12348428844268772
PAN,2024-05-01,0.0,0.0
PER,2024-05-01,0.0,0.003164607059324531
PHL,2024-05-01,0.0,0.5706940354678713
PNG,2024-05-01,0.0,0.49640660145422993
POL,2024-05-01,0.0,0.0
PRK,2024-05-01,0.0,0.00017573335252404413
PRT,2024-05-01,0.0,0.0
PRY,2024-05-01,0.0,0.0
PSE,2024-05-01,1.0,0.07366414440687606
QAT,2024-05-01,0.0,0.0
ROU,2024-05-01,0.0,0.0
RUS,2024-05-01,0.0,0.11931198528117108
RWA,2024-05-01,0.0,0.0
SAU,2024-05-01,0.0,0.0015352064996615009
SDN,2024-05-01,0.0,0.9078834796443097
SEN,2024-05-01,0.0,0.00017573335252404413
SGP,2024-05-01,0.0,0.0
SLB,2024-05-01,0.0,0.00017573335252404413
SLE,2024-05-01,0.0,0.0
SLV,2024-05-01,0.0,0.008636236799420669
SOM,2024-05-01,1.0,0.7721899455727143
SRB,2024-05-01,0.0,0.0
SSD,2024-05-01,0.0,0.4196519535690088
STP,2024-05-01,0.0,0.00017573335252404413
SVK,2024-05-01,0.0,0.0
SVN,2024-05-01,0.0,0.0
SWE,2024-05-01,0.0,0.0
SWZ,2024-05-01,0.0,0.00017573335252404413
SYC,2024-05-01,0.0,0.0
SYR,2024-05-01,0.0,0.915690447010525
TCD,2024-05-01,0.0,0.8603927955647447
TGO,2024-05-01,0.0,0.00017573335252404413
THA,2024-05-01,0.0,0.0027696999859535467
TJK,2024-05-01,0.0,0.00017573335252404413
TKM,2024-05-01,0.0,0.00017573335252404413
TLS,2024-05-01,0.0,0.00017573335252404413
TON,2024-05-01,0.0,0.0
TTO,2024-05-01,0.0,0.0
TUN,2024-05-01,0.0,0.00017573335252404413
TUR,2024-05-01,0.0,0.0015352064996615009
TZA,2024-05-01,0.0,0.0
UGA,2024-05-01,0.0,0.7194300506859109
UKR,2024-05-01,0.0,0.03362103518807459
URY,2024-05-01,0.0,0.0
USA,2024-05-01,0.0,0.0
UZB,2024-05-01,0.0,0.0
VEN,2024-05-01,0.0,0.002895103970275756
VNM,2024-05-01,0.0,0.0027696999859535467
VUT,2024-05-01,0.0,0.00017573335252404413
WSM,2024-05-01,0.0,0.0
YEM,2024-05-01,0.0,0.8577381904860811
ZAF,2024-05-01,0.0,0.22455068862789027
ZMB,2024-05-01,0.0,0.0
ZWE,2024-05-01,0.0,0.01
AFG,2024-06-01,0.0,0.5706149951092194
AGO,2024-06-01,0.0,0.0
ALB,2024-06-01,0.0,0.0
ARE,2024-06-01,0.0,0.0
ARG,2024-06-01,0.0,0.0
ARM,2024-06-01,0.0,0.0
AUS,2024-06-01,0.0,0.0
AUT,2024-06-01,0.0,0.0
AZE,2024-06-01,0.0,0.012984933376074412
BDI,2024-06-01,0.0,0.027324240416147397
BEL,2024-06-01,0.0,0.0
BEN,2024-06-01,0.0,0.0
BGD,2024-06-01,0.0,0.08027260620132878
BGR,2024-06-01,0.0,0.0
BHR,2024-06-01,0.0,0.0
BHS,2024-06-01,0.0,0.0
BIH,2024-06-01,0.0,0.00036660092569370444
BLR,2024-06-01,0.0,0.0
BLZ,2024-06-01,0.0,0.0
BOL,2024-06-01,0.0,0.00036660092569370444
BRA,2024-06-01,0.0,0.15042964491951916
BRB,2024-06-01,0.0,0.0
BRN,2024-06-01,0.0,0.0
BTN,2024-06-01,0.0,0.0
BWA,2024-06-01,0.0,0.0
CAF,2024-06-01,0.0,0.5087958053765049
CAN,2024-06-01,0.0,0.0
CHE,2024-06-01,0.0,0.0
CHL,2024-06-01,0.0,0.0
CHN,2024-06-01,0.0,0.0
CIV,2024-06-01,0.0,0.0
CMR,2024-06-01,0.0,0.7778213233430487
COL,2024-06-01,0.0,0.1086782024345553
COM,2024-06-01,0.0,0.0
CRI,2024-06-01,0.0,0.0
CUB,2024-06-01,0.0,0.0
CYP,2024-06-01,0.0,0.0
CZE,2024-06-01,0.0,0.0
DEU,2024-06-01,0.0,0.0
DJI,2024-06-01,0.0,0.0
DNK,2024-06-01,0.0,0.0
DOM,2024-06-01,0.0,0.0
DZA,2024-06-01,0.0,0.0
ECU,2024-06-01,0.0,0.0019147067579636768
EGY,2024-06-01,0.0,0.0
ERI,2024-06-01,0.0,0.03217270781655056
ESP,2024-06-01,0.0,0.0
EST,2024-06-01,0.0,0.0
FIN,2024-06-01,0.0,0.0
FJI,2024-06-01,0.0,0.0
FRA,2024-06-01,0.0,0.0
GAB,2024-06-01,0.0,0.00036660092569370444
GBR,2024-06-01,0.0,0.0
GEO,2024-06-01,0.0,0.0
GHA,2024-06-01,0.0,0.00036660092569370444
GIN,2024-06-01,0.0,0.0
GMB,2024-06-01,0.0,0.0
GNB,2024-06-01,0.0,0.0
GNQ,2024-06-01,0.0,0.00036660092569370444
GRC,2024-06-01,0.0,0.0
GRD,2024-06-01,0.0,0.0
GTM,2024-06-01,0.0,0.0
GUY,2024-06-01,0.0,0.0051565763483495475
HND,2024-06-01,0.0,0.03386657460101249
HRV,2024-06-01,0.0,0.0
HTI,2024-06-01,0.0,0.6511429253669521
HUN,2024-06-01,0.0,0.0
IDN,2024-06-01,0.0,0.05938010052878125
IND,2024-06-01,0.0,0.015038214297456012
IRL,2024-06-01,0.0,0.0
IRN,2024-06-01,0.0,0.014382469037808855
IRQ,2024-06-01,0.0,0.23897007348362723
ISL,2024-06-01,0.0,0.0
ISR,2024-06-01,0.0,0.0
ITA,2024-06-01,0.0,0.0
JAM,2024-06-01,0.0,0.0
JOR,2024-06-01,0.0,0.0
JPN,2024-06-01,0.0,0.0
KAZ,2024-06-01,0.0,0.0
KEN,2024-06-01,0.0,0.29965943679087387
KGZ,2024-06-01,0.0,0.0
KHM,2024-06-01,0.0,0.0
KOR,2024-06-01,0.0,0.0
KWT,2024-06-01,0.0,0.0
LAO,2024-06-01,0.0,0.00036660092569370444
LBN,2024-06-01,0.0,0.016475689313595453
LBR,2024-06-01,0.0,0.0
LBY,2024-06-01,0.0,0.00036660092569370444
LKA,2024-06-01,0.0,0.0
LSO,2024-06-01,0.0,0.0
LTU,2024-06-01,0.0,0.0
LUX,2024-06-01,0.0,0.0
LVA,2024-06-01,0.0,0.0
MAR,2024-06-01,0.0,0.00036660092569370444
MDA,2024-06-01,0.0,0.0
MDG,2024-06-01,0.0,0.0
MDV,2024-06-01,0.0,0.0
MEX,2024-06-01,0.0,0.00522360088753471
MKD,2024-06-01,0.0,0.0
MLI,2024-06-01,0.0,0.9319711761655263
MLT,2024-06-01,0.0,0.0
MNE,2024-06-01,0.0,0.0
MNG,2024-06-01,0.0,0.0
MOZ,2024-06-01,0.0,0.8341008633833042
MRT,2024-06-01,0.0,0.0
MUS,2024-06-01,0.0,0.0
MWI,2024-06-01,0.0,0.0
MYS,2024-06-01,0.0,0.0
NAM,2024-06-01,0.0,0.0
NER,2024-06-01,0.0,0.1400247923394598
NGA,2024-06-01,0.0,0.7500064241498272
NIC,2024-06-01,0.0,0.00036660092569370444
NLD,2024-06-01,0.0,0.0
NOR,2024-06-01,0.0,0.0
NPL,2024-06-01,0.0,0.00036660092569370444
NZL,2024-06-01,0.0,0.0
OMN,2024-06-01,0.0,0.0
PAK,2024-06-01,0.0,0.12900190337311532
PAN,2024-06-01,0.0,0.0
PER,2024-06-01,0.0,0.0
PHL,2024-06-01,0.0,0.6469724765451196
PNG,2024-06-01,0.0,0.45223077040134063
POL,2024-06-01,0.0,0.0
PRK,2024-06-01,0.0,0.00036660092569370444
PRT,2024-06-01,0.0,0.0
PRY,2024-06-01,0.0,0.0
QAT,2024-06-01,0.0,0.0
ROU,2024-06-01,0.0,0.0
RUS,2024-06-01,1.0,0.14237607226198118
RWA,2024-06-01,0.0,0.0
SAU,2024-06-01,0.0,0.0
SDN,2024-06-01,0.0,0.9171009365164718
SEN,2024-06-01,0.0,0.0
SGP,2024-06-01,0.0,0.0
SLB,2024-06-01,0.0,0.0
SLE,2024-06-01,0.0,0.0
SLV,2024-06-01,0.0,0.014520434503574615
SOM,2024-06-01,1.0,0.7792977535768989
SRB,2024-06-01,0.0,0.0
SSD,2024-06-01,0.0,0.14951388495082538
STP,2024-06-01,0.0,0.0
SVK,2024-06-01,0.0,0.0
SVN,2024-06-01,0.0,0.0
SWE,2024-06-01,0.0,0.0
SWZ,2024-06-01,0.0,0.0
SYC,2024-06-01,0.0,0.0
SYR,2024-06-01,0.0,0.8850556301037265
TCD,2024-06-01,0.0,0.8708405867943071
TGO,2024-06-01,0.0,0.0
THA,2024-06-01,0.0,0.0
TJK,2024-06-01,0.0,0.0045235992775018675
TKM,2024-06-01,0.0,0.00036660092569370444
TLS,2024-06-01,0.0,0.0
TON,2024-06-01,0.0,0.0
TTO,2024-06-01,0.0,0.0
TUN,2024-06-01,0.0,0.00036660092569370444
TUR,2024-06-01,0.0,0.0019147067579636768
TZA,2024-06-01,0.0,0.0
UGA,2024-06-01,0.0,0.526555294342456
UKR,2024-06-01,1.0,0.005055547701461257
URY,2024-06-01,0.0,0.0
USA,2024-06-01,0.0,0.0
UZB,2024-06-01,0.0,0.0
VEN,2024-06-01,0.0,0.00036660092569370444
VNM,2024-06-01,0.0,0.0
VUT,2024-06-01,0.0,0.0
WSM,2024-06-01,0.0,0.0
YEM,2024-06-01,0.0,0.8416260538017601
ZAF,2024-06-01,0.0,0.24394274152081935
ZMB,2024-06-01,0.0,0.0
ZWE,2024-06-01,0.0,0.0
AFG,2024-07-01,0.0,0.5749151060907318
AGO,2024-07-01,0.0,0.0002275727897619309
ALB,2024-07-01,0.0,0.0
ARE,2024-07-01,0.0,0.0
ARG,2024-07-01,0.0,0.0
ARM,2024-07-01,0.0,0.0
AUS,2024-07-01,0.0,0.0
AUT,2024-07-01,0.0,0.0
AZE,2024-07-01,0.0,0.013703265433475212
BDI,2024-07-01,0.0,0.015881797586152595
BEL,2024-07-01,0.0,0.0
BEN,2024-07-01,0.0,0.0
BGD,2024-07-01,0.0,0.03837982185512293
BGR,2024-07-01,0.0,0.0
BHR,2024-07-01,0.0,0.0
BHS,2024-07-01,0.0,0.0
BIH,2024-07-01,0.0,0.0
BLR,2024-07-01,0.0,0.0
BLZ,2024-07-01,0.0,0.0
BOL,2024-07-01,0.0,0.0
BRA,2024-07-01,0.0,0.010993703898934407
BRB,2024-07-01,0.0,0.0
BRN,2024-07-01,0.0,0.0
BTN,2024-07-01,0.0,0.0
BWA,2024-07-01,0.0,0.0
CAF,2024-07-01,0.0,0.3906039687840923
CAN,2024-07-01,0.0,0.0
CHE,2024-07-01,0.0,0.0
CHL,2024-07-01,0.0,0.0
CHN,2024-07-01,0.0,0.0013996717522158889
CIV,2024-07-01,0.0,0.0
CMR,2024-07-01,0.0,0.7784343273088655
COL,2024-07-01,0.0,0.10801117779624196
COM,2024-07-01,0.0,0.0
CRI,2024-07-01,0.0,0.0
CUB,2024-07-01,0.0,0.0
CYP,2024-07-01,0.0,0.0
CZE,2024-07-01,0.0,0.0
DEU,2024-07-01,0.0,0.0
DJI,2024-07-01,0.0,0.0
DNK,2024-07-01,0.0,0.0
DOM,2024-07-01,0.0,0.0026131973805063437
DZA,2024-07-01,0.0,0.0026131973805063437
ECU,2024-07-01,0.0,0.005307435802750234
EGY,2024-07-01,0.0,0.0029215980120071237
ERI,2024-07-01,0.0,0.02574294274494644
ESP,2024-07-01,0.0,0.0
EST,2024-07-01,0.0,0.0
FIN,2024-07-01,0.0,0.0
FJI,2024-07-01,0.0,0.0
FRA,2024-07-01,0.0,0.0
GAB,2024-07-01,0.0,0.0
GBR,2024-07-01,0.0,0.0
GEO,2024-07-01,0.0,0.0
GHA,2024-07-01,0.0,0.0
GIN,2024-07-01,0.0,0.0
GMB,2024-07-01,0.0,0.0
GNB,2024-07-01,0.0,0.0
GNQ,2024-07-01,0.0,0.0
GRC,2024-07-01,0.0,0.0
GRD,2024-07-01,0.0,0.0
GTM,2024-07-01,0.0,0.0
GUY,2024-07-01,0.0,0.006080015526337286
HND,2024-07-01,0.0,0.026982848734798077
HRV,2024-07-01,0.0,0.0
HTI,2024-07-01,0.0,0.7363486093495126
HUN,2024-07-01,0.0,0.0
IDN,2024-07-01,0.0,0.053062035907122836
IND,2024-07-01,0.0,0.0
IRL,2024-07-01,0.0,0.0
IRN,2024-07-01,0.0,0.011742579838504335
IRQ,2024-07-01,0.0,0.17766062719081485
ISL,2024-07-01,0.0,0.0
ISR,2024-07-01,0.0,0.0
ITA,2024-07-01,0.0,0.0
JAM,2024-07-01,0.0,0.0
JOR,2024-07-01,0.0,0.025
JPN,2024-07-01,0.0,0.0
KAZ,2024-07-01,0.0,0.0013996717522158889
KEN,2024-07-01,0.0,0.32474289057876765
KGZ,2024-07-01,0.0,0.0
KHM,2024-07-01,0.0,0.0
KOR,2024-07-01,0.0,0.0
KWT,2024-07-01,0.0,0.0
LAO,2024-07-01,0.0,0.0
LBN,2024-07-01,1.0,0.062370433561241556
LBR,2024-07-01,0.0,0.0021278576094056166
LBY,2024-07-01,0.0,0.004667096450700187
LKA,2024-07-01,0.0,0.0
LSO,2024-07-01,0.0,0.0
LTU,2024-07-01,0.0,0.0
LUX,2024-07-01,0.0,0.0
LVA,2024-07-01,0.0,0.0
MAR,2024-07-01,0.0,0.0012135256282904548
MDA,2024-07-01,0.0,0.0
MDG,2024-07-01,0.0,0.0
MDV,2024-07-01,0.0,0.0
MEX,2024-07-01,0.0,0.04847992047610154
MKD,2024-07-01,0.0,0.0
MLI,2024-07-01,0.0,0.9227071723561014
MLT,2024-07-01,0.0,0.0
MNE,2024-07-01,0.0,0.0
MNG,2024-07-01,0.0,0.0
MOZ,2024-07-01,0.0,0.8107252927431594
MRT,2024-07-01,0.0,0.0
MUS,2024-07-01,0.0,0.0
MWI,2024-07-01,0.0,0.0
MYS,2024-07-01,0.0,0.0
NAM,2024-07-01,0.0,0.0
NER,2024-07-01,0.0,0.1611502108269136
NGA,2024-07-01,0.0,0.7474793511203476
NIC,2024-07-01,0.0,0.0
NLD,2024-07-01,0.0,0.0
NOR,2024-07-01,0.0,0.0
NPL,2024-07-01,0.0,0.0
NZL,2024-07-01,0.0,0.0
OMN,2024-07-01,0.0,0.0
PAK,2024-07-01,0.0,0.1064810587223071
PAN,2024-07-01,0.0,0.0012135256282904548
PER,2024-07-01,0.0,0.0014410984180523855
PHL,2024-07-01,0.0,0.43543054772035034
PNG,2024-07-01,0.0,0.4352211691300614
POL,2024-07-01,0.0,0.0
PRK,2024-07-01,0.0,0.0
PRT,2024-07-01,0.0,0.0
PRY,2024-07-01,0.0,0.0
QAT,2024-07-01,0.0,0.0
ROU,2024-07-01,0.0,0.0
RUS,2024-07-01,1.0,0.1453262096767621
RWA,2024-07-01,0.0,0.0
SAU,2024-07-01,0.0,0.0013996717522158889
SDN,2024-07-01,0.0,0.886266805669256
SEN,2024-07-01,0.0,0.0
SGP,2024-07-01,0.0,0.0
SLB,2024-07-01,0.0,0.0
SLE,2024-07-01,0.0,0.0
SLV,2024-07-01,0.0,0.006132554732514531
SRB,2024-07-01,0.0,0.0
SSD,2024-07-01,0.0,0.10739289841362137
STP,2024-07-01,0.0,0.0
SVK,2024-07-01,0.0,0.0
SVN,2024-07-01,0.0,0.0
SWE,2024-07-01,0.0,0.0
SWZ,2024-07-01,0.0,0.0
SYC,2024-07-01,0.0,0.0
SYR,2024-07-01,0.0,0.9039055724287008
TCD,2024-07-01,0.0,0.8629175709501965
TGO,2024-07-01,0.0,0.0
THA,2024-07-01,0.0,0.0002275727897619309
TJK,2024-07-01,0.0,0.0002275727897619309
TKM,2024-07-01,0.0,0.0
TLS,2024-07-01,0.0,0.0
TON,2024-07-01,0.0,0.0012135256282904548
TTO,2024-07-01,0.0,0.0
TUN,2024-07-01,0.0,0.0
TUR,2024-07-01,0.0,0.005307435802750234
TZA,2024-07-01,0.0,0.0002275727897619309
UGA,2024-07-01,0.0,0.36887322435630565
UKR,2024-07-01,1.0,0.5268943673483752
URY,2024-07-01,0.0,0.0
USA,2024-07-01,0.0,0.0013996717522158889
UZB,2024-07-01,0.0,0.0
VEN,2024-07-01,0.0,0.0029215980120071237
VNM,2024-07-01,0.0,0.0026131973805063437
VUT,2024-07-01,0.0,0.0
WSM,2024-07-01,0.0,0.0
YEM,2024-07-01,0.0,0.8393883070645649
ZAF,2024-07-01,0.0,0.2053321895954194
ZMB,2024-07-01,0.0,0.0
ZWE,2024-07-01,0.0,0.0
AFG,2024-08-01,0.0,0.5736672671738758
AGO,2024-08-01,0.0,0.0
ALB,2024-08-01,0.0,0.0
ARE,2024-08-01,0.0,0.0
ARG,2024-08-01,0.0,0.0
ARM,2024-08-01,0.0,0.0
AUS,2024-08-01,0.0,0.0
AUT,2024-08-01,0.0,0.0
AZE,2024-08-01,0.0,0.04303664230453973
BDI,2024-08-01,0.0,0.013148702497286559
BEL,2024-08-01,0.0,0.0
BEN,2024-08-01,0.0,0.0
BGD,2024-08-01,0.0,0.03838994866933863
BGR,2024-08-01,0.0,0.0
BHR,2024-08-01,0.0,0.0
BHS,2024-08-01,0.0,0.0
BIH,2024-08-01,0.0,0.0
BLR,2024-08-01,0.0,0.0
BLZ,2024-08-01,0.0,0.0
BOL,2024-08-01,0.0,0.0
BRA,2024-08-01,0.0,0.0026294923898318636
BRB,2024-08-01,0.0,0.0
BRN,2024-08-01,0.0,0.0
BTN,2024-08-01,0.0,0.0
BWA,2024-08-01,0.0,0.0
CAF,2024-08-01,0.0,0.2710465979561924
CAN,2024-08-01,0.0,0.0
CHE,2024-08-01,0.0,0.0
CHL,2024-08-01,0.0,0.0
CHN,2024-08-01,0.0,0.0
CIV,2024-08-01,0.0,0.0
CMR,2024-08-01,0.0,0.7724056173977936
COL,2024-08-01,0.0,0.0932009787007205
COM,2024-08-01,0.0,0.0
CRI,2024-08-01,0.0,0.0
CUB,2024-08-01,0.0,0.0
CYP,2024-08-01,0.0,0.0
CZE,2024-08-01,0.0,0.0
DEU,2024-08-01,0.0,0.0
DJI,2024-08-01,0.0,0.0
DNK,2024-08-01,0.0,0.0
DOM,2024-08-01,0.0,0.0
DZA,2024-08-01,0.0,0.0031594191334875952
ECU,2024-08-01,0.0,0.0007250843249063367
EGY,2024-08-01,0.0,0.003302108027510891
ERI,2024-08-01,0.0,0.02277729535354876
ESP,2024-08-01,0.0,0.0
EST,2024-08-01,0.0,0.0
FIN,2024-08-01,0.0,0.0
FJI,2024-08-01,0.0,0.0
FRA,2024-08-01,0.0,0.0
GAB,2024-08-01,0.0,0.0
GBR,2024-08-01,0.0,0.0
GEO,2024-08-01,0.0,0.0
GHA,2024-08-01,0.0,0.0
GIN,2024-08-01,0.0,0.0
GMB,2024-08-01,0.0,0.0
GNB,2024-08-01,0.0,0.0
GNQ,2024-08-01,0.0,0.0
GRC,2024-08-01,0.0,0.0
GRD,2024-08-01,0.0,0.0
GTM,2024-08-01,0.0,0.0
GUY,2024-08-01,0.0,0.0
HND,2024-08-01,0.0,0.011136530483764768
HRV,2024-08-01,0.0,0.0
HTI,2024-08-01,0.0,0.6754604957079429
HUN,2024-08-01,0.0,0.0
IDN,2024-08-01,0.0,0.10303735574456752
IND,2024-08-01,0.0,0.009838731070342492
IRL,2024-08-01,0.0,0.0
IRN,2024-08-01,0.0,0.009906179208510758
IRQ,2024-08-01,0.0,0.18764518174234548
ISL,2024-08-01,0.0,0.0
ISR,2024-08-01,0.0,0.0024336533379223967
ITA,2024-08-01,0.0,0.0
JAM,2024-08-01,0.0,0.0
JOR,2024-08-01,0.0,0.0
JPN,2024-08-01,0.0,0.0
KAZ,2024-08-01,0.0,0.0
KEN,2024-08-01,0.0,0.31511950324266225
KGZ,2024-08-01,0.0,0.0
KHM,2024-08-01,0.0,0.0
KOR,2024-08-01,0.0,0.0
KWT,2024-08-01,0.0,0.0
LAO,2024-08-01,0.0,0.0
LBN,2024-08-01,1.0,0.0517769402934828
LBR,2024-08-01,0.0,0.003265947443955069
LBY,2024-08-01,0.0,0.0
LKA,2024-08-01,0.0,0.0
LSO,2024-08-01,0.0,0.0
LTU,2024-08-01,0.0,0.0
LUX,2024-08-01,0.0,0.0
LVA,2024-08-01,0.0,0.0
MAR,2024-08-01,0.0,0.0
MDA,2024-08-01,0.0,0.0
MDG,2024-08-01,0.0,0.0
MDV,2024-08-01,0.0,0.0
MEX,2024-08-01,0.0,0.1443568508784048
MKD,2024-08-01,0.0,0.0
MLI,2024-08-01,0.0,0.9239300887529821
MLT,2024-08-01,0.0,0.0
MNE,2024-08-01,0.0,0.0
MNG,2024-08-01,0.0,0.0
MOZ,2024-08-01,0.0,0.7767335936386328
MRT,2024-08-01,0.0,0.0
MUS,2024-08-01,0.0,0.0
MWI,2024-08-01,0.0,0.0
MYS,2024-08-01,0.0,0.0
NAM,2024-08-01,0.0,0.0
NER,2024-08-01,0.0,0.15244404698736316
NGA,2024-08-01,0.0,0.7042079654987825
NIC,2024-08-01,0.0,0.0
NLD,2024-08-01,0.0,0.0
NOR,2024-08-01,0.0,0.0
NPL,2024-08-01,0.0,0.0
NZL,2024-08-01,0.0,0.0
OMN,2024-08-01,0.0,0.0
PAK,2024-08-01,0.0,0.02391055213052748
PAN,2024-08-01,0.0,0.0
PER,2024-08-01,0.0,0.005056096967905924
PHL,2024-08-01,0.0,0.40166627709497144
PNG,2024-08-01,0.0,0.40300051419410804
POL,2024-08-01,0.0,0.0
PRK,2024-08-01,0.0,0.0
PRT,2024-08-01,0.0,0.0
PRY,2024-08-01,0.0,0.0
QAT,2024-08-01,0.0,0.0
ROU,2024-08-01,0.0,0.0
RWA,2024-08-01,0.0,0.0
SAU,2024-08-01,0.0,0.0
SDN,2024-08-01,1.0,0.8293267337993013
SEN,2024-08-01,0.0,0.0
SGP,2024-08-01,0.0,0.0
SLB,2024-08-01,0.0,0.0
SLE,2024-08-01,0.0,0.0
SLV,2024-08-01,0.0,0.004558767657928369
SRB,2024-08-01,0.0,0.0
SSD,2024-08-01,0.0,0.25725788341595823
STP,2024-08-01,0.0,0.0
SVK,2024-08-01,0.0,0.0
SVN,2024-08-01,0.0,0.0
SWE,2024-08-01,0.0,0.0
SWZ,2024-08-01,0.0,0.0
SYC,2024-08-01,0.0,0.0
SYR,2024-08-01,0.0,0.37334660562334276
TCD,2024-08-01,0.0,0.8511291793900513
TGO,2024-08-01,0.0,0.0
THA,2024-08-01,0.0,0.0033545767147382
TJK,2024-08-01,0.0,0.0
TKM,2024-08-01,0.0,0.0
TLS,2024-08-01,0.0,0.0
TON,2024-08-01,0.0,0.0
TTO,2024-08-01,0.0,0.0
TUN,2024-08-01,0.0,0.0
TUR,2024-08-01,0.0,0.008624663185591722
TZA,2024-08-01,0.0,0.0
UGA,2024-08-01,0.0,0.681227077235536
URY,2024-08-01,0.0,0.0
USA,2024-08-01,0.0,0.0
UZB,2024-08-01,0.0,0.0
VEN,2024-08-01,0.0,0.010828501766032266
VNM,2024-08-01,0.0,0.0
VUT,2024-08-01,0.0,0.0
WSM,2024-08-01,0.0,0.0
YEM,2024-08-01,0.0,0.85403521556948
ZAF,2024-08-01,0.0,0.20695759816377635
ZMB,2024-08-01,0.0,0.0
ZWE,2024-08-01,0.0,0.0
AFG,2024-09-01,0.0,0.16190983310620047
AGO,2024-09-01,0.0,0.0
ALB,2024-09-01,0.0,0.0
ARE,2024-09-01,0.0,0.0
ARG,2024-09-01,0.0,0.0
ARM,2024-09-01,0.0,0.0
AUS,2024-09-01,0.0,0.0
AUT,2024-09-01,0.0,0.0
AZE,2024-09-01,0.0,0.01888342729077932
BDI,2024-09-01,0.0,0.04144161742532395
BEL,2024-09-01,0.0,0.0
BEN,2024-09-01,0.0,0.0
BGD,2024-09-01,0.0,0.05688146168766808
BGR,2024-09-01,0.0,0.0
BHR,2024-09-01,0.0,0.0
BHS,2024-09-01,0.0,0.0
BIH,2024-09-01,0.0,0.0
BLR,2024-09-01,0.0,0.0
BLZ,2024-09-01,0.0,0.0
BOL,2024-09-01,0.0,0.0
BRA,2024-09-01,0.0,0.2095945755562239
BRB,2024-09-01,0.0,0.0
BRN,2024-09-01,0.0,0.0
BTN,2024-09-01,0.0,0.0
BWA,2024-09-01,0.0,0.0
CAF,2024-09-01,0.0,0.24783603600275342
CAN,2024-09-01,0.0,0.0
CHE,2024-09-01,0.0,0.0
CHL,2024-09-01,0.0,0.0
CHN,2024-09-01,0.0,0.0
CIV,2024-09-01,0.0,0.004692664858554741
CMR,2024-09-01,0.0,0.7536292916148121
COL,2024-09-01,0.0,0.07927768563136355
COM,2024-09-01,0.0,0.0
CRI,2024-09-01,0.0,0.0
CUB,2024-09-01,0.0,0.0
CYP,2024-09-01,0.0,0.0
CZE,2024-09-01,0.0,0.0
DEU,2024-09-01,0.0,0.0
DJI,2024-09-01,0.0,0.0006603657060419037
DNK,2024-09-01,0.0,0.0
DOM,2024-09-01,0.0,0.00209541210617635
DZA,2024-09-01,0.0,0.0043413456994012495
ECU,2024-09-01,0.0,0.002302077921235671
EGY,2024-09-01,0.0,0.005160145061729495
ERI,2024-09-01,0.0,0.022474356134727688
ESP,2024-09-01,0.0,0.0
EST,2024-09-01,0.0,0.0
FIN,2024-09-01,0.0,0.0
FJI,2024-09-01,0.0,0.0
FRA,2024-09-01,0.0,0.0
GAB,2024-09-01,0.0,0.0
GBR,2024-09-01,0.0,0.0
GEO,2024-09-01,0.0,0.0
GHA,2024-09-01,0.0,0.0
GIN,2024-09-01,0.0,0.0
GMB,2024-09-01,0.0,0.0
GNB,2024-09-01,0.0,0.0
GNQ,2024-09-01,0.0,0.0
GRC,2024-09-01,0.0,0.0
GRD,2024-09-01,0.0,0.0
GTM,2024-09-01,0.0,0.0051142144231362055
GUY,2024-09-01,0.0,0.0
HND,2024-09-01,0.0,0.03139225481075728
HRV,2024-09-01,0.0,0.0
HTI,2024-09-01,0.0,0.7459257024513489
HUN,2024-09-01,0.0,0.0
IDN,2024-09-01,0.0,0.11176483648933261
IND,2024-09-01,0.0,0.02179448683979996
IRL,2024-09-01,0.0,0.0
IRN,2024-09-01,0.0,0.024759610368307997
IRQ,2024-09-01,0.0,0.21563393843847997
ISL,2024-09-01,0.0,0.0
ISR,2024-09-01,0.0,0.0036954638453173087
ITA,2024-09-01,0.0,0.0
JAM,2024-09-01,0.0,0.0
JOR,2024-09-01,0.0,0.0
JPN,2024-09-01,0.0,0.0
KAZ,2024-09-01,0.0,0.0
KEN,2024-09-01,0.0,0.30016409380434605
KGZ,2024-09-01,0.0,0.0
KHM,2024-09-01,0.0,0.0
KOR,2024-09-01,0.0,0.0
KWT,2024-09-01,0.0,0.0
LAO,2024-09-01,0.0,0.0
LBR,2024-09-01,0.0,0.0018034379469465964
LBY,2024-09-01,0.0,0.010440428457892552
LKA,2024-09-01,0.0,0.0
LSO,2024-09-01,0.0,0.0
LTU,2024-09-01,0.0,0.0
LUX,2024-09-01,0.0,0.0
LVA,2024-09-01,0.0,0.0
MAR,2024-09-01,0.0,0.0
MDA,2024-09-01,0.0,0.0
MDG,2024-09-01,0.0,0.02358618750332953
MDV,2024-09-01,0.0,0.0
MEX,2024-09-01,0.0,0.13979970497764
MKD,2024-09-01,0.0,0.0
MLI,2024-09-01,0.0,0.9243492569354201
MLT,2024-09-01,0.0,0.0
MNE,2024-09-01,0.0,0.0
MNG,2024-09-01,0.0,0.0
MOZ,2024-09-01,0.0,0.7463186717081406
MRT,2024-09-01,0.0,0.0
MUS,2024-09-01,0.0,0.0
MWI,2024-09-01,0.0,0.0
MYS,2024-09-01,0.0,0.0
NAM,2024-09-01,0.0,0.0
NER,2024-09-01,0.0,0.18946565311158053
NGA,2024-09-01,0.0,0.6979883441554212
NIC,2024-09-01,0.0,0.0
NLD,2024-09-01,0.0,0.0
NOR,2024-09-01,0.0,0.0
NPL,2024-09-01,0.0,0.002523982173880204
NZL,2024-09-01,0.0,0.0
OMN,2024-09-01,0.0,0.0
PAK,2024-09-01,0.0,0.11547976989456804
PAN,2024-09-01,0.0,0.0
PER,2024-09-01,0.0,0.0021707761928063157
PHL,2024-09-01,0.0,0.40400012186571616
PNG,2024-09-01,0.0,0.3834147917869703
POL,2024-09-01,0.0,0.0
PRK,2024-09-01,0.0,0.0
PRT,2024-09-01,0.0,0.0
PRY,2024-09-01,0.0,0.0
PSE,2024-09-01,0.0,0.7105321103875443
QAT,2024-09-01,0.0,0.0
ROU,2024-09-01,0.0,0.0
RWA,2024-09-01,0.0,0.0
SAU,2024-09-01,0.0,0.0
SDN,2024-09-01,1.0,0.8236682434020234
SEN,2024-09-01,0.0,0.0
SGP,2024-09-01,0.0,0.0
SLB,2024-09-01,0.0,0.0
SLE,2024-09-01,0.0,0.0
SLV,2024-09-01,0.0,0.002523982173880204
SOM,2024-09-01,0.0,0.9544597723406193
SRB,2024-09-01,0.0,0.0
SSD,2024-09-01,0.0,0.3057346585566851
STP,2024-09-01,0.0,0.0
SVK,2024-09-01,0.0,0.0
SVN,2024-09-01,0.0,0.0
SWE,2024-09-01,0.0,0.0
SWZ,2024-09-01,0.0,0.0
SYC,2024-09-01,0.0,0.0
SYR,2024-09-01,1.0,0.8774095929595519
TCD,2024-09-01,0.0,0.8458033975476166
TGO,2024-09-01,0.0,0.0
THA,2024-09-01,0.0,0.006209696989336896
TJK,2024-09-01,0.0,0.0015027818081041419
TKM,2024-09-01,0.0,0.0
TLS,2024-09-01,0.0,0.0
TON,2024-09-01,0.0,0.0
TTO,2024-09-01,0.0,0.0
TUN,2024-09-01,0.0,0.0
TUR,2024-09-01,0.0,0.0049765616734367265
TZA,2024-09-01,0.0,0.0006603657060419037
UGA,2024-09-01,0.0,0.7634355588385147
URY,2024-09-01,0.0,0.0
USA,2024-09-01,0.0,0.0
UZB,2024-09-01,0.0,0.0
VEN,2024-09-01,0.0,0.008443573719571247
VNM,2024-09-01,0.0,0.0005850016194119377
VUT,2024-09-01,0.0,0.0
WSM,2024-09-01,0.0,0.0
YEM,2024-09-01,0.0,0.2431217880801949
ZAF,2024-09-01,0.0,0.22552603067883248
ZMB,2024-09-01,0.0,0.0
ZWE,2024-09-01,0.0,0.0
AFG,2024-10-01,0.0,0.5296922642736367
AGO,2024-10-01,0.0,0.0
ALB,2024-10-01,0.0,0.0
ARE,2024-10-01,0.0,0.0
ARG,2024-10-01,0.0,0.0
ARM,2024-10-01,0.0,0.0
AUS,2024-10-01,0.0,0.0
AUT,2024-10-01,0.0,0.0
AZE,2024-10-01,0.0,0.022898858416258498
BDI,2024-10-01,0.0,0.0166513199188742
BEL,2024-10-01,0.0,0.0
BEN,2024-10-01,0.0,0.0
BGD,2024-10-01,0.0,0.06567601727829246
BGR,2024-10-01,0.0,0.0
BHR,2024-10-01,0.0,0.0
BHS,2024-10-01,0.0,0.0
BIH,2024-10-01,0.0,0.0
BLR,2024-10-01,0.0,0.0
BLZ,2024-10-01,0.0,0.0
BOL,2024-10-01,0.0,0.0
BRA,2024-10-01,0.0,0.24697856898574858
BRB,2024-10-01,0.0,0.0
BRN,2024-10-01,0.0,0.0
BTN,2024-10-01,0.0,0.0
BWA,2024-10-01,0.0,0.0
CAF,2024-10-01,0.0,0.26281116237680296
CAN,2024-10-01,0.0,0.0
CHE,2024-10-01,0.0,0.0
CHL,2024-10-01,0.0,0.0
CHN,2024-10-01,0.0,0.0
CIV,2024-10-01,0.0,0.0
CMR,2024-10-01,0.0,0.7321808213579892
COL,2024-10-01,0.0,0.07156406553981962
COM,2024-10-01,0.0,0.01594653531616324
CRI,2024-10-01,0.0,0.0011240883188516607
CUB,2024-10-01,0.0,0.0
CYP,2024-10-01,0.0,0.0011240883188516607
CZE,2024-10-01,0.0,0.0
DEU,2024-10-01,0.0,0.0
DJI,2024-10-01,0.0,0.0
DNK,2024-10-01,0.0,0.0
DOM,2024-10-01,0.0,0.0024591844157773523
DZA,2024-10-01,0.0,0.0032780648244908135
ECU,2024-10-01,0.0,0.0036049301770997477
EGY,2024-10-01,0.0,0.005269160850291015
ERI,2024-10-01,0.0,0.007726679943945855
ESP,2024-10-01,0.0,0.0
EST,2024-10-01,0.0,0.0
ETH,2024-10-01,0.0,0.93663413194134
FIN,2024-10-01,0.0,0.0
FJI,2024-10-01,0.0,0.0
FRA,2024-10-01,0.0,0.0
GAB,2024-10-01,0.0,0.0
GBR,2024-10-01,0.0,0.0
GEO,2024-10-01,0.0,0.0011240883188516607
GHA,2024-10-01,0.0,0.0
GIN,2024-10-01,0.0,0.0
GMB,2024-10-01,0.0,0.0
GNB,2024-10-01,0.0,0.0
GNQ,2024-10-01,0.0,0.0
GRC,2024-10-01,0.0,0.0
GRD,2024-10-01,0.0,0.0
GTM,2024-10-01,0.0,0.004055352018760356
GUY,2024-10-01,0.0,0.0019429687275651216
HND,2024-10-01,0.0,0.031985549743306
HRV,2024-10-01,0.0,0.0
HTI,2024-10-01,1.0,0.7032309290140081
HUN,2024-10-01,0.0,0.0
IDN,2024-10-01,0.0,0.11733003682906024
IND,2024-10-01,0.0,0.4539354113735512
IRL,2024-10-01,0.0,0.0
IRN,2024-10-01,0.0,0.004409541188738274
IRQ,2024-10-01,0.0,0.15825673293550735
ISL,2024-10-01,0.0,0.0
ISR,2024-10-01,0.0,0.0
ITA,2024-10-01,0.0,0.0
JAM,2024-10-01,0.0,0.0
JOR,2024-10-01,0.0,0.006068910360801526
JPN,2024-10-01,0.0,0.0
KAZ,2024-10-01,0.0,0.0
KEN,2024-10-01,0.0,0.2766438592828332
KGZ,2024-10-01,0.0,0.0
KHM,2024-10-01,0.0,0.0
KOR,2024-10-01,0.0,0.0
KWT,2024-10-01,0.0,0.0
LAO,2024-10-01,0.0,0.0
LBR,2024-10-01,0.0,0.0
LBY,2024-10-01,0.0,0.016415224580389787
LKA,2024-10-01,0.0,0.0
LSO,2024-10-01,0.0,0.0
LTU,2024-10-01,0.0,0.0
LUX,2024-10-01,0.0,0.0
LVA,2024-10-01,0.0,0.0011240883188516607
MAR,2024-10-01,0.0,0.0019429687275651216
MDA,2024-10-01,0.0,0.0
MDG,2024-10-01,0.0,0.008038038696160132
MDV,2024-10-01,0.0,0.0
MEX,2024-10-01,0.0,0.17160489254286015
MKD,2024-10-01,0.0,0.0
MLI,2024-10-01,0.0,0.909788935955302
MLT,2024-10-01,0.0,0.0
MNE,2024-10-01,0.0,0.0
MNG,2024-10-01,0.0,0.0
MOZ,2024-10-01,0.0,0.7492525190468762
MRT,2024-10-01,0.0,0.0
MUS,2024-10-01,0.0,0.0
MWI,2024-10-01,0.0,0.0
MYS,2024-10-01,0.0,0.0
NAM,2024-10-01,0.0,0.0
NER,2024-10-01,0.0,0.1405968608321591
NGA,2024-10-01,0.0,0.6502528702014567
NIC,2024-10-01,0.0,0.0
NLD,2024-10-01,0.0,0.0
NOR,2024-10-01,0.0,0.0
NPL,2024-10-01,0.0,0.0
NZL,2024-10-01,0.0,0.0
OMN,2024-10-01,0.0,0.0
PAK,2024-10-01,0.0,0.11144073774515036
PAN,2024-10-01,0.0,0.0
PER,2024-10-01,0.0,0.005645217252668171
PHL,2024-10-01,0.0,0.4525817199790207
PNG,2024-10-01,0.0,0.40351203946697306
POL,2024-10-01,0.0,0.0
PRK,2024-10-01,0.0,0.0
PRT,2024-10-01,0.0,0.0
PRY,2024-10-01,0.0,0.0
PSE,2024-10-01,0.0,0.6807897483185654
QAT,2024-10-01,0.0,0.0
ROU,2024-10-01,0.0,0.0
RUS,2024-10-01,0.0,0.025795877010218383
RWA,2024-10-01,0.0,0.0
SAU,2024-10-01,0.0,0.0
SEN,2024-10-01,0.0,0.0
SGP,2024-10-01,0.0,0.0
SLB,2024-10-01,0.0,0.0
SLE,2024-10-01,0.0,0.0
SLV,2024-10-01,0.0,0.0030670570464167825
SOM,2024-10-01,0.0,0.937196629806834
SRB,2024-10-01,0.0,0.0
SSD,2024-10-01,1.0,0.2604995292611116
STP,2024-10-01,0.0,0.0
SVK,2024-10-01,0.0,0.0
SVN,2024-10-01,0.0,0.0
SWE,2024-10-01,0.0,0.0
SWZ,2024-10-01,0.0,0.0
SYC,2024-10-01,0.0,0.0
SYR,2024-10-01,1.0,0.8586316204187932
TCD,2024-10-01,0.0,0.7906310922331364
TGO,2024-10-01,0.0,0.0
THA,2024-10-01,0.0,0.0
TJK,2024-10-01,0.0,0.0
TKM,2024-10-01,0.0,0.0
TLS,2024-10-01,0.0,0.0
TON,2024-10-01,0.0,0.0011240883188516607
TTO,2024-10-01,0.0,0.0
TUN,2024-10-01,0.0,0.0019429687275651216
TUR,2024-10-01,0.0,0.00612408831885166
TZA,2024-10-01,0.0,0.0
UGA,2024-10-01,0.0,0.7134100021068192
URY,2024-10-01,0.0,0.0
USA,2024-10-01,0.0,0.0
UZB,2024-10-01,0.0,0.0
VEN,2024-10-01,0.0,0.0073863919925194945
VNM,2024-10-01,0.0,0.0013350960969256917
VUT,2024-10-01,0.0,0.0
WSM,2024-10-01,0.0,0.0
YEM,2024-10-01,0.0,0.2517785502058389
ZAF,2024-10-01,0.0,0.07987500262391144
ZMB,2024-10-01,0.0,0.0
ZWE,2024-10-01,0.0,0.0
AFG,2024-11-01,0.0,0.5857336134839284
AGO,2024-11-01,0.0,0.0
ALB,2024-11-01,0.0,0.0
ARE,2024-11-01,0.0,0.0
ARG,2024-11-01,0.0,0.0
ARM,2024-11-01,0.0,0.0
AUS,2024-11-01,0.0,0.0
AUT,2024-11-01,0.0,0.0
AZE,2024-11-01,0.0,0.009293899792216311
BDI,2024-11-01,0.0,0.006557819861703847
BEL,2024-11-01,0.0,0.0
BEN,2024-11-01,0.0,0.0006706451391812701
BGD,2024-11-01,0.0,0.07953351265447112
BGR,2024-11-01,0.0,0.0
BHR,2024-11-01,0.0,0.0
BHS,2024-11-01,0.0,0.0
BIH,2024-11-01,0.0,0.0
BLR,2024-11-01,0.0,0.0
BLZ,2024-11-01,0.0,0.0
BOL,2024-11-01,0.0,0.0
BRA,2024-11-01,0.0,0.2237628799612409
BRB,2024-11-01,0.0,0.0
BRN,2024-11-01,0.0,0.0
BTN,2024-11-01,0.0,0.0
BWA,2024-11-01,0.0,0.0
CAF,2024-11-01,0.0,0.260012306995567
CAN,2024-11-01,0.0,0.0
CHE,2024-11-01,0.0,0.0
CHL,2024-11-01,0.0,0.0
CHN,2024-11-01,0.0,0.0
CIV,2024-11-01,0.0,0.0
CMR,2024-11-01,0.0,0.6997798329120302
COL,2024-11-01,1.0,0.07978136312663561
COM,2024-11-01,0.0,0.007464714292373108
CRI,2024-11-01,0.0,0.0018807232389242
CUB,2024-11-01,0.0,0.0
CYP,2024-11-01,0.0,0.0018807232389242
CZE,2024-11-01,0.0,0.0
DEU,2024-11-01,0.0,0.0
DJI,2024-11-01,0.0,0.0
DNK,2024-11-01,0.0,0.0
DOM,2024-11-01,0.0,0.0014970766624774706
DZA,2024-11-01,0.0,0.0014970766624774706
ECU,2024-11-01,0.0,0.0018807232389242
EGY,2024-11-01,0.0,0.0013107836570663072
ERI,2024-11-01,0.0,0.0210405270977615
ESP,2024-11-01,0.0,0.0
EST,2024-11-01,0.0,0.0
ETH,2024-11-01,0.0,0.9213979665904808
FIN,2024-11-01,0.0,0.0
FJI,2024-11-01,0.0,0.0
FRA,2024-11-01,0.0,0.0
GAB,2024-11-01,0.0,0.0
GBR,2024-11-01,0.0,0.0
GEO,2024-11-01,0.0,0.0018807232389242
GHA,2024-11-01,0.0,0.0
GIN,2024-11-01,0.0,0.0006706451391812701
GMB,2024-11-01,0.0,0.0
GNB,2024-11-01,0.0,0.0
GNQ,2024-11-01,0.0,0.0
GRC,2024-11-01,0.0,0.0
GRD,2024-11-01,0.0,0.0
GTM,2024-11-01,0.0,0.003604430879334837
GUY,2024-11-01,0.0,0.0
HND,2024-11-01,0.0,0.018447469200519838
HRV,2024-11-01,0.0,0.0
HTI,2024-11-01,1.0,0.474349292039242
HUN,2024-11-01,0.0,0.0
IDN,2024-11-01,0.0,0.1427128904302391
IND,2024-11-01,0.0,0.46184980734756365
IRL,2024-11-01,0.0,0.0
IRN,2024-11-01,0.0,0.017341839294032026
IRQ,2024-11-01,0.0,0.1885823766430516
ISL,2024-11-01,0.0,0.0
ISR,2024-11-01,0.0,0.0
ITA,2024-11-01,0.0,0.0
JAM,2024-11-01,0.0,0.0
JOR,2024-11-01,0.0,0.0
JPN,2024-11-01,0.0,0.0
KAZ,2024-11-01,0.0,0.0
KEN,2024-11-01,0.0,0.23687777918015698
KGZ,2024-11-01,0.0,0.0
KHM,2024-11-01,0.0,0.0006706451391812701
KOR,2024-11-01,0.0,0.0
KWT,2024-11-01,0.0,0.0
LAO,2024-11-01,0.0,0.0
LBN,2024-11-01,1.0,0.10309307979292534
LBR,2024-11-01,0.0,0.0017351908480495025
LBY,2024-11-01,0.0,0.009594118442320856
LKA,2024-11-01,0.0,0.0
LSO,2024-11-01,0.0,0.0010645457088682324
LTU,2024-11-01,0.0,0.0
LUX,2024-11-01,0.0,0.0
LVA,2024-11-01,0.0,0.0018807232389242
MAR,2024-11-01,0.0,0.0
MDA,2024-11-01,0.0,0.0
MDG,2024-11-01,0.0,0.00578056554932714
MDV,2024-11-01,0.0,0.0
MEX,2024-11-01,0.0,0.16848492304004797
MKD,2024-11-01,0.0,0.0
MLI,2024-11-01,0.0,0.8799385016038902
MLT,2024-11-01,0.0,0.0
MNE,2024-11-01,0.0,0.0
MNG,2024-11-01,0.0,0.0
MOZ,2024-11-01,0.0,0.42690404691849154
MRT,2024-11-01,0.0,0.0006706451391812701
MUS,2024-11-01,0.0,0.0
MWI,2024-11-01,0.0,0.0
MYS,2024-11-01,0.0,0.0
NAM,2024-11-01,0.0,0.0
NER,2024-11-01,0.0,0.15233126468982688
NGA,2024-11-01,0.0,0.6311027937146517
NIC,2024-11-01,0.0,0.0006706451391812701
NLD,2024-11-01,0.0,0.0
NOR,2024-11-01,0.0,0.0
NPL,2024-11-01,0.0,0.0006706451391812701
NZL,2024-11-01,0.0,0.0
OMN,2024-11-01,0.0,0.0
PAK,2024-11-01,0.0,0.10026310811800025
PAN,2024-11-01,0.0,0.0
PER,2024-11-01,0.0,0.0
PHL,2024-11-01,0.0,0.4538497942447853
PNG,2024-11-01,0.0,0.32910357121285494
POL,2024-11-01,0.0,0.0
PRK,2024-11-01,0.0,0.0006706451391812701
PRT,2024-11-01,0.0,0.0
PRY,2024-11-01,0.0,0.0
PSE,2024-11-01,0.0,0.6576228031809157
QAT,2024-11-01,0.0,0.0
ROU,2024-11-01,0.0,0.0
RUS,2024-11-01,0.0,0.7393534009851634
RWA,2024-11-01,0.0,0.0006706451391812701
SAU,2024-11-01,0.0,0.0
SEN,2024-11-01,0.0,0.0006706451391812701
SGP,2024-11-01,0.0,0.0
SLB,2024-11-01,0.0,0.0006706451391812701
SLE,2024-11-01,0.0,0.0006706451391812701
SLV,2024-11-01,0.0,0.004262157369092434
SOM,2024-11-01,1.0,0.921578127159748
SRB,2024-11-01,0.0,0.0
SSD,2024-11-01,1.0,0.24613335632169825
STP,2024-11-01,0.0,0.0
SVK,2024-11-01,0.0,0.0
SVN,2024-11-01,0.0,0.0
SWE,2024-11-01,0.0,0.0
SWZ,2024-11-01,0.0,0.0
SYC,2024-11-01,0.0,0.0
TCD,2024-11-01,0.0,0.32859446610893683
TGO,2024-11-01,0.0,0.0006706451391812701
THA,2024-11-01,0.0,0.0
TJK,2024-11-01,0.0,0.0021677218016587407
TKM,2024-11-01,0.0,0.0
TLS,2024-11-01,0.0,0.0
TON,2024-11-01,0.0,0.0018807232389242
TTO,2024-11-01,0.0,0.0
TUN,2024-11-01,0.0,0.0
TUR,2024-11-01,0.0,0.008992793183470056
TZA,2024-11-01,0.0,0.0
UGA,2024-11-01,0.0,0.67687728183874
UKR,2024-11-01,0.0,0.7676666448524493
URY,2024-11-01,0.0,0.0
USA,2024-11-01,0.0,0.0
UZB,2024-11-01,0.0,0.0
VEN,2024-11-01,0.0,0.004769182565102353
VNM,2024-11-01,0.0,0.0014970766624774706
VUT,2024-11-01,0.0,0.0006706451391812701
WSM,2024-11-01,0.0,0.0
YEM,2024-11-01,0.0,0.19515598175072352
ZAF,2024-11-01,0.0,0.1968581411835284
ZMB,2024-11-01,0.0,0.0
ZWE,2024-11-01,0.0,0.0006706451391812701
AFG,2024-12-01,0.0,0.12643382549234652
AGO,2024-12-01,0.0,0.0
ALB,2024-12-01,0.0,0.0
ARE,2024-12-01,0.0,0.0
ARG,2024-12-01,0.0,0.0
ARM,2024-12-01,0.0,0.0
AUS,2024-12-01,0.0,0.0
AUT,2024-12-01,0.0,0.0
AZE,2024-12-01,0.0,0.039659879480582076
BDI,2024-12-01,0.0,0.020829606139817644
BEL,2024-12-01,0.0,0.0
BEN,2024-12-01,0.0,0.0005735345212686769
BGD,2024-12-01,0.0,0.03745731968457282
BGR,2024-12-01,0.0,0.0
BHR,2024-12-01,0.0,0.0
BHS,2024-12-01,0.0,0.0
BIH,2024-12-01,0.0,0.0
BLR,2024-12-01,0.0,0.0
BLZ,2024-12-01,0.0,0.0
BOL,2024-12-01,0.0,0.0
BRA,2024-12-01,0.0,0.2750949207956739
BRB,2024-12-01,0.0,0.0
BRN,2024-12-01,0.0,0.0
BTN,2024-12-01,0.0,0.0
BWA,2024-12-01,0.0,0.0
CAF,2024-12-01,0.0,0.47356106631621736
CAN,2024-12-01,0.0,0.0
CHE,2024-12-01,0.0,0.0
CHL,2024-12-01,0.0,0.0
CHN,2024-12-01,0.0,0.0
CIV,2024-12-01,0.0,0.0
CMR,2024-12-01,0.0,0.6710170066977141
COL,2024-12-01,1.0,0.09222587219646028
COM,2024-12-01,0.0,0.010424505982225179
CRI,2024-12-01,0.0,0.0
CUB,2024-12-01,0.0,0.0
CYP,2024-12-01,0.0,0.0
CZE,2024-12-01,0.0,0.0
DEU,2024-12-01,0.0,0.0
DJI,2024-12-01,0.0,0.0
DNK,2024-12-01,0.0,0.0
DOM,2024-12-01,0.0,0.003672199170158757
DZA,2024-12-01,0.0,0.0
ECU,2024-12-01,0.0,0.003898565063844149
EGY,2024-12-01,0.0,0.007882163088465172
ERI,2024-12-01,0.0,0.019299199484842974
ESP,2024-12-01,0.0,0.0
EST,2024-12-01,0.0,0.0
ETH,2024-12-01,0.0,0.9298058506893938
FIN,2024-12-01,0.0,0.0
FJI,2024-12-01,0.0,0.0
FRA,2024-12-01,0.0,0.0
GAB,2024-12-01,0.0,0.0
GBR,2024-12-01,0.0,0.0
GEO,2024-12-01,0.0,0.0
GHA,2024-12-01,0.0,0.0
GIN,2024-12-01,0.0,0.0005735345212686769
GMB,2024-12-01,0.0,0.0
GNB,2024-12-01,0.0,0.0
GNQ,2024-12-01,0.0,0.0
GRC,2024-12-01,0.0,0.0
GRD,2024-12-01,0.0,0.0
GTM,2024-12-01,0.0,0.001587879620722826
GUY,2024-12-01,0.0,0.0
HND,2024-12-01,0.0,0.02122662698462565
HRV,2024-12-01,0.0,0.0
HUN,2024-12-01,0.0,0.0
IDN,2024-12-01,0.0,0.0
IND,2024-12-01,0.0,0.007522537239495929
IRL,2024-12-01,0.0,0.0
IRN,2024-12-01,0.0,0.008906847489230927
IRQ,2024-12-01,0.0,0.17355568665989624
ISL,2024-12-01,0.0,0.0
ISR,2024-12-01,0.0,0.003862373614391138
ITA,2024-12-01,0.0,0.0
JAM,2024-12-01,0.0,0.0
JOR,2024-12-01,0.0,0.004872101194659169
JPN,2024-12-01,0.0,0.0
KAZ,2024-12-01,0.0,0.0
KEN,2024-12-01,0.0,0.24772047875669756
KGZ,2024-12-01,0.0,0.0
KHM,2024-12-01,0.0,0.0005735345212686769
KOR,2024-12-01,0.0,0.0
KWT,2024-12-01,0.0,0.0
LAO,2024-12-01,0.0,0.0
LBN,2024-12-01,1.0,0.8378083192912278
LBR,2024-12-01,0.0,0.0026211720226843043
LBY,2024-12-01,0.0,0.0072603827221533355
LKA,2024-12-01,0.0,0.0
LSO,2024-12-01,0.0,0.0
LTU,2024-12-01,0.0,0.0
LUX,2024-12-01,0.0,0.0
LVA,2024-12-01,0.0,0.0
MAR,2024-12-01,0.0,0.0
MDA,2024-12-01,0.0,0.0
MDG,2024-12-01,0.0,0.009791682712012655
MDV,2024-12-01,0.0,0.0
MEX,2024-12-01,0.0,0.1801215936057748
MKD,2024-12-01,0.0,0.0
MLI,2024-12-01,0.0,0.8908505789743757
MLT,2024-12-01,0.0,0.0
MMR,2024-12-01,0.0,0.3351284075137271
MNE,2024-12-01,0.0,0.0
MNG,2024-12-01,0.0,0.0
MOZ,2024-12-01,0.0,0.1944192244304805
MRT,2024-12-01,0.0,0.0005735345212686769
MUS,2024-12-01,0.0,0.0
MWI,2024-12-01,0.0,0.0
MYS,2024-12-01,0.0,0.0
NAM,2024-12-01,0.0,0.0
NER,2024-12-01,0.0,0.13277776191520277
NGA,2024-12-01,0.0,0.6041239146103249
NIC,2024-12-01,0.0,0.0005735345212686769
NLD,2024-12-01,0.0,0.0
NOR,2024-12-01,0.0,0.0
NPL,2024-12-01,0.0,0.0005735345212686769
NZL,2024-12-01,0.0,0.0
OMN,2024-12-01,0.0,0.0
PAK,2024-12-01,0.0,0.07123764852818003
PAN,2024-12-01,0.0,0.0
PER,2024-12-01,0.0,0.004846420422383789
PHL,2024-12-01,0.0,0.3617408040406112
PNG,2024-12-01,0.0,0.34741194885702176
POL,2024-12-01,0.0,0.0
PRK,2024-12-01,0.0,0.0005735345212686769
PRT,2024-12-01,0.0,0.0
PRY,2024-12-01,0.0,0.0
PSE,2024-12-01,0.0,0.6749765852767114
QAT,2024-12-01,0.0,0.0
ROU,2024-12-01,0.0,0.0
RUS,2024-12-01,0.0,0.7778743317593353
RWA,2024-12-01,0.0,0.0005735345212686769
SAU,2024-12-01,0.0,0.0
SEN,2024-12-01,0.0,0.0005735345212686769
SGP,2024-12-01,0.0,0.0
SLB,2024-12-01,0.0,0.0005735345212686769
SLE,2024-12-01,0.0,0.0005735345212686769
SLV,2024-12-01,0.0,0.000707810107197548
SOM,2024-12-01,1.0,0.9239778093875034
SRB,2024-12-01,0.0,0.0
STP,2024-12-01,0.0,0.0
SVK,2024-12-01,0.0,0.0
SVN,2024-12-01,0.0,0.0
SWE,2024-12-01,0.0,0.0
SWZ,2024-12-01,0.0,0.0
SYC,2024-12-01,0.0,0.0
SYR,2024-12-01,0.0,0.31509125246062086
TCD,2024-12-01,0.0,0.8675020139612666
TGO,2024-12-01,0.0,0.0005735345212686769
THA,2024-12-01,0.0,0.003764289477915278
TJK,2024-12-01,0.0,0.0040761110596136295
TKM,2024-12-01,0.0,0.0
TLS,2024-12-01,0.0,0.0
TON,2024-12-01,0.0,0.0
TTO,2024-12-01,0.0,0.0
TUN,2024-12-01,0.0,0.0
TUR,2024-12-01,0.0,0.005466871062716494
TZA,2024-12-01,0.0,0.001587879620722826
UGA,2024-12-01,0.0,0.6521696315446239
UKR,2024-12-01,0.0,0.7502791903167945
URY,2024-12-01,0.0,0.0
USA,2024-12-01,0.0,0.0
UZB,2024-12-01,0.0,0.0
VEN,2024-12-01,0.0,0.007620591146023625
VNM,2024-12-01,0.0,0.0
VUT,2024-12-01,0.0,0.0005735345212686769
WSM,2024-12-01,0.0,0.0
YEM,2024-12-01,0.0,0.2667669601753235
ZAF,2024-12-01,0.0,0.22246634880117813
ZMB,2024-12-01,0.0,0.0
ZWE,2024-12-01,0.0,0.0005735345212686769
AFG,2025-01-01,0.0,0.5391809197210155
AGO,2025-01-01,0.0,0.0005946552225860457
ALB,2025-01-01,0.0,0.0
ARE,2025-01-01,0.0,0.0
ARG,2025-01-01,0.0,0.0
ARM,2025-01-01,0.0,0.0
AUS,2025-01-01,0.0,0.0
AUT,2025-01-01,0.0,0.0
AZE,2025-01-01,0.0,0.02935441607964325
BDI,2025-01-01,0.0,0.02361116476469101
BEL,2025-01-01,0.0,0.0
BEN,2025-01-01,0.0,0.0
BGD,2025-01-01,0.0,0.07649386002717597
BGR,2025-01-01,0.0,0.0
BHR,2025-01-01,0.0,0.0
BHS,2025-01-01,0.0,0.0
BIH,2025-01-01,0.0,0.0
BLR,2025-01-01,0.0,0.0
BLZ,2025-01-01,0.0,0.0017213798518082352
BOL,2025-01-01,0.0,0.0
BRA,2025-01-01,0.0,0.26909686173704417
BRB,2025-01-01,0.0,0.0
BRN,2025-01-01,0.0,0.0
BTN,2025-01-01,0.0,0.0
BWA,2025-01-01,0.0,0.0
CAF,2025-01-01,0.0,0.5867769887301236
CAN,2025-01-01,0.0,0.0
CHE,2025-01-01,0.0,0.0
CHL,2025-01-01,0.0,0.0
CHN,2025-01-01,0.0,0.0
CIV,2025-01-01,0.0,0.001522866879381825
CMR,2025-01-01,0.0,0.7047207198769573
COM,2025-01-01,0.0,0.0
CRI,2025-01-01,0.0,0.0
CUB,2025-01-01,0.0,0.0
CYP,2025-01-01,0.0,0.0
CZE,2025-01-01,0.0,0.0
DEU,2025-01-01,0.0,0.0
DJI,2025-01-01,0.0,0.0005946552225860457
DNK,2025-01-01,0.0,0.0
DOM,2025-01-01,0.0,0.0034818858560794045
DZA,2025-01-01,0.0,0.0
ECU,2025-01-01,0.0,0.0034586793888104774
EGY,2025-01-01,0.0,0.010958662127546768
ERI,2025-01-01,0.0,0.023670110212593333
ESP,2025-01-01,0.0,0.0
EST,2025-01-01,0.0,0.0
ETH,2025-01-01,0.0,0.9132197911882995
FIN,2025-01-01,0.0,0.0
FJI,2025-01-01,0.0,0.0
FRA,2025-01-01,0.0,0.0
GAB,2025-01-01,0.0,0.0
GBR,2025-01-01,0.0,0.0
GEO,2025-01-01,0.0,0.0009833492179178109
GHA,2025-01-01,0.0,0.0
GIN,2025-01-01,0.0,0.0
GMB,2025-01-01,0.0,0.0
GNB,2025-01-01,0.0,0.0
GNQ,2025-01-01,0.0,0.0
GRC,2025-01-01,0.0,0.0
GRD,2025-01-01,0.0,0.0
GTM,2025-01-01,0.0,0.0005946552225860457
GUY,2025-01-01,0.0,0.0
HND,2025-01-01,0.0,0.016247706499031463
HRV,2025-01-01,0.0,0.0
HTI,2025-01-01,1.0,0.38246940810000696
HUN,2025-01-01,0.0,0.0
IDN,2025-01-01,0.0,0.01772925053973793
IND,2025-01-01,0.0,0.367678626072601
IRL,2025-01-01,0.0,0.0
IRN,2025-01-01,0.0,0.020669385851675007
IRQ,2025-01-01,0.0,0.14392269728296292
ISL,2025-01-01,0.0,0.0
ISR,2025-01-01,0.0,0.0
ITA,2025-01-01,0.0,0.0
JAM,2025-01-01,0.0,0.0
JOR,2025-01-01,0.0,0.0065550002445054455
JPN,2025-01-01,0.0,0.0
KAZ,2025-01-01,0.0,0.0
KEN,2025-01-01,0.0,0.15706772724450924
KGZ,2025-01-01,0.0,0.0
KHM,2025-01-01,0.0,0.0
KOR,2025-01-01,0.0,0.0
KWT,2025-01-01,0.0,0.0
LAO,2025-01-01,0.0,0.0
LBN,2025-01-01,0.0,0.8428126500057256
LBR,2025-01-01,0.0,0.006284950135625983
LBY,2025-01-01,0.0,0.00752565117409175
LKA,2025-01-01,0.0,0.0
LSO,2025-01-01,0.0,0.0
LTU,2025-01-01,0.0,0.0
LUX,2025-01-01,0.0,0.0
LVA,2025-01-01,0.0,0.0
MAR,2025-01-01,0.0,0.0
MDA,2025-01-01,0.0,0.0
MDG,2025-01-01,0.0,0.002189956456823574
MDV,2025-01-01,0.0,0.0
MEX,2025-01-01,0.0,0.15719959890762303
MKD,2025-01-01,0.0,0.0
MLI,2025-01-01,0.0,0.8248884621627488
MLT,2025-01-01,0.0,0.0
MMR,2025-01-01,0.0,0.3735437995442977
MNE,2025-01-01,0.0,0.0
MNG,2025-01-01,0.0,0.0
MOZ,2025-01-01,0.0,0.2682841716495633
MRT,2025-01-01,0.0,0.0
MUS,2025-01-01,0.0,0.0
MWI,2025-01-01,0.0,0.0
MYS,2025-01-01,0.0,0.0
NAM,2025-01-01,0.0,0.0
NER,2025-01-01,0.0,0.04927206001097757
NGA,2025-01-01,0.0,0.6042447711809591
NIC,2025-01-01,0.0,0.0
NLD,2025-01-01,0.0,0.0
NOR,2025-01-01,0.0,0.0
NPL,2025-01-01,0.0,0.003862514451397427
NZL,2025-01-01,0.0,0.0
OMN,2025-01-01,0.0,0.0
PAK,2025-01-01,0.0,0.0886811325877323
PAN,2025-01-01,0.0,0.0009833492179178109
PER,2025-01-01,0.0,0.00213365671420665
PHL,2025-01-01,0.0,0.36543090247064647
PNG,2025-01-01,0.0,0.33107608136428107
POL,2025-01-01,0.0,0.0
PRK,2025-01-01,0.0,0.0
PRT,2025-01-01,0.0,0.0
PRY,2025-01-01,0.0,0.0
PSE,2025-01-01,1.0,0.6544253458823873
QAT,2025-01-01,0.0,0.0
ROU,2025-01-01,0.0,0.0
RUS,2025-01-01,0.0,0.7873260968498712
RWA,2025-01-01,0.0,0.0
SAU,2025-01-01,0.0,0.0
SEN,2025-01-01,0.0,0.0
SGP,2025-01-01,0.0,0.0
SLB,2025-01-01,0.0,0.0
SLE,2025-01-01,0.0,0.0017213798518082352
SLV,2025-01-01,0.0,0.008327749525394643
SRB,2025-01-01,0.0,0.0
STP,2025-01-01,0.0,0.0
SVK,2025-01-01,0.0,0.0
SVN,2025-01-01,0.0,0.0
SWE,2025-01-01,0.0,0.0
SWZ,2025-01-01,0.0,0.0
SYC,2025-01-01,0.0,0.0
SYR,2025-01-01,0.0,0.34639154390151516
TCD,2025-01-01,0.0,0.8236679498422323
TGO,2025-01-01,0.0,0.0017213798518082352
THA,2025-01-01,0.0,0.0028640241662244315
TJK,2025-01-01,0.0,0.003980107028723786
TKM,2025-01-01,0.0,0.0
TLS,2025-01-01,0.0,0.0
TON,2025-01-01,0.0,0.006186614925805451
TTO,2025-01-01,0.0,0.0
TUN,2025-01-01,0.0,0.0
TUR,2025-01-01,0.0,0.007210350422445044
TZA,2025-01-01,0.0,0.0005946552225860457
UGA,2025-01-01,0.0,0.32499311641474776
UKR,2025-01-01,0.0,0.7536967940015981
URY,2025-01-01,0.0,0.0
USA,2025-01-01,0.0,0.0
UZB,2025-01-01,0.0,0.0
VEN,2025-01-01,0.0,0.014239040208815746
VNM,2025-01-01,0.0,0.0
VUT,2025-01-01,0.0,0.0
WSM,2025-01-01,0.0,0.0
YEM,2025-01-01,0.0,0.7973052823539689
ZAF,2025-01-01,0.0,0.21734766548939125
ZMB,2025-01-01,0.0,0.0
ZWE,2025-01-01,0.0,0.0
AFG,2025-02-01,0.0,0.11380277056026253
AGO,2025-02-01,0.0,0.00048259267818545447
ALB,2025-02-01,0.0,0.0
ARE,2025-02-01,0.0,0.0
ARG,2025-02-01,0.0,0.0
ARM,2025-02-01,0.0,0.0
AUS,2025-02-01,0.0,0.0
AUT,2025-02-01,0.0,0.0
AZE,2025-02-01,0.0,0.04481361151608874
BDI,2025-02-01,0.0,0.019887114537444933
BEL,2025-02-01,0.0,0.0
BEN,2025-02-01,0.0,0.00494291283764968
BGD,2025-02-01,0.0,0.06138464064571658
BGR,2025-02-01,0.0,0.0
BHR,2025-02-01,0.0,0.0
BHS,2025-02-01,0.0,0.0
BIH,2025-02-01,0.0,0.0
BLR,2025-02-01,0.0,0.0
BLZ,2025-02-01,0.0,0.0007156777098313314
BOL,2025-02-01,0.0,0.0
BRA,2025-02-01,0.0,0.24815644682453405
BRB,2025-02-01,0.0,0.0
BRN,2025-02-01,0.0,0.0
BTN,2025-02-01,0.0,0.0
BWA,2025-02-01,0.0,0.0
CAF,2025-02-01,0.0,0.3304487866571466
CAN,2025-02-01,0.0,0.0
CHE,2025-02-01,0.0,0.0
CHL,2025-02-01,0.0,0.0
CHN,2025-02-01,0.0,0.0025084793668739406
CIV,2025-02-01,0.0,0.0007156777098313314
CMR,2025-02-01,0.0,0.6715420684017326
COL,2025-02-01,0.0,0.2598212959832132
COM,2025-02-01,0.0,0.0007156777098313314
CRI,2025-02-01,0.0,0.0007156777098313314
CUB,2025-02-01,0.0,0.0
CYP,2025-02-01,0.0,0.0007156777098313314
CZE,2025-02-01,0.0,0.0
DEU,2025-02-01,0.0,0.0
DJI,2025-02-01,0.0,0.00048259267818545447
DNK,2025-02-01,0.0,0.0
DOM,2025-02-01,0.0,0.006767836512553711
DZA,2025-02-01,0.0,0.002378910124105385
ECU,2025-02-01,0.0,0.0026517238036895385
EGY,2025-02-01,0.0,0.01755642551017921
ERI,2025-02-01,0.0,0.013981022444113034
ESP,2025-02-01,0.0,0.0
EST,2025-02-01,0.0,0.0
ETH,2025-02-01,0.0,0.9123490757770959
FIN,2025-02-01,0.0,0.0
FJI,2025-02-01,0.0,0.0
FRA,2025-02-01,0.0,0.0
GAB,2025-02-01,0.0,0.0
GBR,2025-02-01,0.0,0.0
GEO,2025-02-01,0.0,0.0007156777098313314
GHA,2025-02-01,0.0,0.006854084118822124
GIN,2025-02-01,0.0,0.0007156777098313314
GMB,2025-02-01,0.0,0.0007156777098313314
GNB,2025-02-01,0.0,0.0007156777098313314
GNQ,2025-02-01,0.0,0.0
GRC,2025-02-01,0.0,0.0
GRD,2025-02-01,0.0,0.0
GTM,2025-02-01,0.0,0.0
GUY,2025-02-01,0.0,0.0
HND,2025-02-01,0.0,0.014711479313099655
HRV,2025-02-01,0.0,0.0
HTI,2025-02-01,1.0,0.7690925020398218
HUN,2025-02-01,0.0,0.0
IDN,2025-02-01,0.0,0.0288283268848806
IND,2025-02-01,0.0,0.3855802568270406
IRL,2025-02-01,0.0,0.0
IRN,2025-02-01,0.0,0.00638169686080958
IRQ,2025-02-01,0.0,0.14206034835769482
ISL,2025-02-01,0.0,0.0
ISR,2025-02-01,0.0,0.0
ITA,2025-02-01,0.0,0.0
JAM,2025-02-01,0.0,0.0
JOR,2025-02-01,0.0,0.0007156777098313314
JPN,2025-02-01,0.0,0.0025084793668739406
KAZ,2025-02-01,0.0,0.0
KEN,2025-02-01,0.0,0.16442860677495605
KGZ,2025-02-01,0.0,0.0
KHM,2025-02-01,0.0,0.0007156777098313314
KOR,2025-02-01,0.0,0.0
KWT,2025-02-01,0.0,0.0
LAO,2025-02-01,0.0,0.0
LBN,2025-02-01,0.0,0.9413589067447102
LBR,2025-02-01,0.0,0.0011982703880167858
LBY,2025-02-01,0.0,0.005474357159050019
LKA,2025-02-01,0.0,0.0
LSO,2025-02-01,0.0,0.0007156777098313314
LTU,2025-02-01,0.0,0.0
LUX,2025-02-01,0.0,0.0
LVA,2025-02-01,0.0,0.0007156777098313314
MAR,2025-02-01,0.0,0.0
MDA,2025-02-01,0.0,0.0
MDG,2025-02-01,0.0,0.005398884911615675
MDV,2025-02-01,0.0,0.0
MEX,2025-02-01,0.0,0.1535182740348722
MKD,2025-02-01,0.0,0.0
MLI,2025-02-01,0.0,0.46747654760666685
MLT,2025-02-01,0.0,0.0
MMR,2025-02-01,0.0,0.27926704371755795
MNE,2025-02-01,0.0,0.0
MNG,2025-02-01,0.0,0.0
MOZ,2025-02-01,0.0,0.22790019282385945
MRT,2025-02-01,0.0,0.0007156777098313314
MUS,2025-02-01,0.0,0.0
MWI,2025-02-01,0.0,0.0007156777098313314
MYS,2025-02-01,0.0,0.0
NAM,2025-02-01,0.0,0.0007156777098313314
NER,2025-02-01,0.0,0.16497611220087127
NGA,2025-02-01,0.0,0.28853439835916483
NIC,2025-02-01,0.0,0.0
NLD,2025-02-01,0.0,0.0
NOR,2025-02-01,0.0,0.0
NPL,2025-02-01,0.0,0.0007156777098313314
NZL,2025-02-01,0.0,0.0
OMN,2025-02-01,0.0,0.0
PAK,2025-02-01,0.0,0.09497473700658654
PAN,2025-02-01,0.0,0.0
PER,2025-02-01,0.0,0.00766358488215425
PHL,2025-02-01,0.0,0.38001189315183553
PNG,2025-02-01,0.0,0.27085337808580656
POL,2025-02-01,0.0,0.0
PRK,2025-02-01,0.0,0.0
PRT,2025-02-01,0.0,0.0
PRY,2025-02-01,0.0,0.0
PSE,2025-02-01,1.0,0.6042584817740112
QAT,2025-02-01,0.0,0.0
ROU,2025-02-01,0.0,0.0
RUS,2025-02-01,0.0,0.7735412751181262
RWA,2025-02-01,0.0,0.0007156777098313314
SAU,2025-02-01,0.0,0.0
SEN,2025-02-01,0.0,0.0007156777098313314
SGP,2025-02-01,0.0,0.0
SLB,2025-02-01,0.0,0.0007156777098313314
SLE,2025-02-01,0.0,0.0007156777098313314
SLV,2025-02-01,0.0,0.0007156777098313314
SRB,2025-02-01,0.0,0.0
STP,2025-02-01,0.0,0.0007156777098313314
SVK,2025-02-01,0.0,0.0
SVN,2025-02-01,0.0,0.0
SWE,2025-02-01,0.0,0.0
SWZ,2025-02-01,0.0,0.0007156777098313314
SYC,2025-02-01,0.0,0.0
SYR,2025-02-01,0.0,0.9589566941265756
TCD,2025-02-01,0.0,0.83002813610135
TGO,2025-02-01,0.0,0.0007156777098313314
THA,2025-02-01,0.0,0.003491757485147731
TJK,2025-02-01,0.0,0.0
TKM,2025-02-01,0.0,0.0
TLS,2025-02-01,0.0,0.0007156777098313314
TON,2025-02-01,0.0,0.0007156777098313314
TTO,2025-02-01,0.0,0.0
TUN,2025-02-01,0.0,0.0
TUR,2025-02-01,0.0,0.008474312830774601
TZA,2025-02-01,0.0,0.002766138284772357
UGA,2025-02-01,0.0,0.2954399498677163
UKR,2025-02-01,0.0,0.712748705770016
URY,2025-02-01,0.0,0.0
USA,2025-02-01,0.0,0.0
UZB,2025-02-01,0.0,0.0
VEN,2025-02-01,0.0,0.016537419322294435
VNM,2025-02-01,0.0,0.0
VUT,2025-02-01,0.0,0.0007156777098313314
WSM,2025-02-01,0.0,0.0
YEM,2025-02-01,0.0,0.8174838542732599
ZAF,2025-02-01,0.0,0.20226115332138606
ZMB,2025-02-01,0.0,0.0007156777098313314
ZWE,2025-02-01,0.0,0.0007156777098313314
AFG,2025-03-01,0.0,0.5678638671038887
AGO,2025-03-01,0.0,0.00036814217339168584
ALB,2025-03-01,0.0,0.0
ARE,2025-03-01,0.0,0.0
ARG,2025-03-01,0.0,0.0
ARM,2025-03-01,0.0,0.0
AUS,2025-03-01,0.0,0.0
AUT,2025-03-01,0.0,0.0
AZE,2025-03-01,0.0,0.028907130558607226
BDI,2025-03-01,0.0,0.039942892527865696
BEL,2025-03-01,0.0,0.0
BEN,2025-03-01,0.0,0.009506410879178303
BGD,2025-03-01,0.0,0.06287867040592135
BGR,2025-03-01,0.0,0.0
BHR,2025-03-01,0.0,0.0
BHS,2025-03-01,0.0,0.0
BIH,2025-03-01,0.0,0.0
BLR,2025-03-01,0.0,0.0
BLZ,2025-03-01,0.0,0.0005619278254394265
BOL,2025-03-01,0.0,0.0005619278254394265
BRA,2025-03-01,0.0,0.0227932019343395
BRB,2025-03-01,0.0,0.0
BRN,2025-03-01,0.0,0.0
BTN,2025-03-01,0.0,0.0
BWA,2025-03-01,0.0,0.0
CAF,2025-03-01,0.0,0.575822710310251
CAN,2025-03-01,0.0,0.0
CHE,2025-03-01,0.0,0.0
CHL,2025-03-01,0.0,0.0
CHN,2025-03-01,0.0,0.0
CIV,2025-03-01,0.0,0.0
CMR,2025-03-01,0.0,0.6519703328453929
COL,2025-03-01,0.0,0.270543227189191
COM,2025-03-01,0.0,0.0005619278254394265
CRI,2025-03-01,0.0,0.0
CUB,2025-03-01,0.0,0.0
CYP,2025-03-01,0.0,0.0
CZE,2025-03-01,0.0,0.0
DEU,2025-03-01,0.0,0.0
DJI,2025-03-01,0.0,0.00036814217339168584
DNK,2025-03-01,0.0,0.0
DOM,2025-03-01,0.0,0.0005619278254394265
DZA,2025-03-01,0.0,0.002763717699167512
ECU,2025-03-01,0.0,0.004529063169839867
EGY,2025-03-01,0.0,0.001799058399278773
ERI,2025-03-01,0.0,0.0
ESP,2025-03-01,0.0,0.0
EST,2025-03-01,0.0,0.0
ETH,2025-03-01,1.0,0.9136864787050663
FIN,2025-03-01,0.0,0.0
FJI,2025-03-01,0.0,0.0
FRA,2025-03-01,0.0,0.0
GAB,2025-03-01,0.0,0.0
GBR,2025-03-01,0.0,0.0
GEO,2025-03-01,0.0,0.0005619278254394265
GHA,2025-03-01,0.0,0.008779278056469279
GIN,2025-03-01,0.0,0.0005619278254394265
GMB,2025-03-01,0.0,0.0005619278254394265
GNB,2025-03-01,0.0,0.0005619278254394265
GNQ,2025-03-01,0.0,0.0
GRC,2025-03-01,0.0,0.0
GRD,2025-03-01,0.0,0.0
GTM,2025-03-01,0.0,0.0
GUY,2025-03-01,0.0,0.0005619278254394265
HND,2025-03-01,0.0,0.019099646763858148
HRV,2025-03-01,0.0,0.0
HUN,2025-03-01,0.0,0.0
IDN,2025-03-01,0.0,0.11475984494919285
IND,2025-03-01,1.0,0.3603600019991059
IRL,2025-03-01,0.0,0.0
IRN,2025-03-01,0.0,0.004289638151347477
IRQ,2025-03-01,0.0,0.1493152531690306
ISL,2025-03-01,0.0,0.0
ISR,2025-03-01,0.0,0.0023793331861338045
ITA,2025-03-01,0.0,0.0
JAM,2025-03-01,0.0,0.0
JOR,2025-03-01,0.0,0.0
JPN,2025-03-01,0.0,0.0
KAZ,2025-03-01,0.0,0.0
KEN,2025-03-01,0.0,0.2835602873792737
KGZ,2025-03-01,0.0,0.0
KHM,2025-03-01,0.0,0.0005619278254394265
KOR,2025-03-01,0.0,0.0
KWT,2025-03-01,0.0,0.0
LAO,2025-03-01,0.0,0.0005619278254394265
LBN,2025-03-01,0.0,0.8934096459838935
LBR,2025-03-01,0.0,0.0034168088061088345
LBY,2025-03-01,0.0,0.0
LKA,2025-03-01,0.0,0.0
LSO,2025-03-01,0.0,0.0005619278254394265
LTU,2025-03-01,0.0,0.0
LUX,2025-03-01,0.0,0.0
LVA,2025-03-01,0.0,0.0
MAR,2025-03-01,0.0,0.0005619278254394265
MDA,2025-03-01,0.0,0.0
MDG,2025-03-01,0.0,0.009824249694914093
MDV,2025-03-01,0.0,0.0
MEX,2025-03-01,0.0,0.15883471650853032
MKD,2025-03-01,0.0,0.0
MLI,2025-03-01,0.0,0.44996998062925925
MLT,2025-03-01,0.0,0.0
MMR,2025-03-01,0.0,0.23019784656975292
MNE,2025-03-01,0.0,0.0
MNG,2025-03-01,0.0,0.0
MOZ,2025-03-01,0.0,0.7509240523736538
MRT,2025-03-01,0.0,0.0005619278254394265
MUS,2025-03-01,0.0,0.0
MWI,2025-03-01,0.0,0.0
MYS,2025-03-01,0.0,0.0
NAM,2025-03-01,0.0,0.0005619278254394265
NER,2025-03-01,0.0,0.10023980940798997
NGA,2025-03-01,1.0,0.35834373180244067
NIC,2025-03-01,0.0,0.0005619278254394265
NLD,2025-03-01,0.0,0.0
NOR,2025-03-01,0.0,0.0
NPL,2025-03-01,0.0,0.0005619278254394265
NZL,2025-03-01,0.0,0.0
OMN,2025-03-01,0.0,0.002259261588779169
PAK,2025-03-01,0.0,0.05688012238948414
PAN,2025-03-01,0.0,0.0005619278254394265
PER,2025-03-01,0.0,0.00036814217339168584
PHL,2025-03-01,0.0,0.0
PNG,2025-03-01,0.0,0.2891269648390796
POL,2025-03-01,0.0,0.0
PRK,2025-03-01,0.0,0.0005619278254394265
PRT,2025-03-01,0.0,0.0
PRY,2025-03-01,0.0,0.0
QAT,2025-03-01,0.0,0.0
ROU,2025-03-01,0.0,0.0
RUS,2025-03-01,0.0,0.7681962469139553
RWA,2025-03-01,0.0,0.0005619278254394265
SAU,2025-03-01,0.0,0.0005619278254394265
SEN,2025-03-01,0.0,0.0005619278254394265
SGP,2025-03-01,0.0,0.0
SLB,2025-03-01,0.0,0.0005619278254394265
SLE,2025-03-01,0.0,0.0005619278254394265
SLV,2025-03-01,0.0,0.0005619278254394265
SRB,2025-03-01,0.0,0.0
STP,2025-03-01,0.0,0.0
SVK,2025-03-01,0.0,0.0
SVN,2025-03-01,0.0,0.0
SWE,2025-03-01,0.0,0.0
SWZ,2025-03-01,0.0,0.0005619278254394265
SYC,2025-03-01,0.0,0.0
SYR,2025-03-01,0.0,0.9418954873930322
TCD,2025-03-01,0.0,0.8115513329168574
TGO,2025-03-01,0.0,0.0005619278254394265
THA,2025-03-01,0.0,0.0005619278254394265
TJK,2025-03-01,0.0,0.001755600562379474
TKM,2025-03-01,0.0,0.0
TLS,2025-03-01,0.0,0.0005619278254394265
TON,2025-03-01,0.0,0.0005619278254394265
TTO,2025-03-01,0.0,0.0
TUN,2025-03-01,0.0,0.0
TUR,2025-03-01,0.0,0.014540892961372438
TZA,2025-03-01,0.0,0.00036814217339168584
UGA,2025-03-01,0.0,0.7268931570618702
UKR,2025-03-01,0.0,0.7019332232325601
URY,2025-03-01,0.0,0.0
USA,2025-03-01,0.0,0.0
UZB,2025-03-01,0.0,0.0
VEN,2025-03-01,0.0,0.0023260482434838874
VNM,2025-03-01,0.0,0.0005619278254394265
VUT,2025-03-01,0.0,0.0005619278254394265
WSM,2025-03-01,0.0,0.002259261588779169
YEM,2025-03-01,0.0,0.8136938910790091
ZAF,2025-03-01,0.0,0.18381748983852614
ZMB,2025-03-01,0.0,0.0005619278254394265
ZWE,2025-03-01,0.0,0.0005619278254394265
AFG,2025-04-01,0.0,0.5183735829485233
AGO,2025-04-01,0.0,0.0
ALB,2025-04-01,0.0,0.0
ARE,2025-04-01,0.0,0.0
ARG,2025-04-01,0.0,0.0
ARM,2025-04-01,0.0,0.0
AUS,2025-04-01,0.0,0.0
AUT,2025-04-01,0.0,0.0
AZE,2025-04-01,0.0,0.02801391057794365
BDI,2025-04-01,0.0,0.04860571155159608
BEL,2025-04-01,0.0,0.0
BEN,2025-04-01,0.0,0.019922964502797014
BGD,2025-04-01,0.0,0.05467150740178885
BGR,2025-04-01,0.0,0.0
BHR,2025-04-01,0.0,0.0
BHS,2025-04-01,0.0,0.0
BIH,2025-04-01,0.0,0.0
BLR,2025-04-01,0.0,0.0
BLZ,2025-04-01,0.0,0.0
BOL,2025-04-01,0.0,0.0
BRA,2025-04-01,0.0,0.0161463448336525
BRB,2025-04-01,0.0,0.0
BRN,2025-04-01,0.0,0.0
BTN,2025-04-01,0.0,0.0
BWA,2025-04-01,0.0,0.0
CAF,2025-04-01,0.0,0.5159572884183568
CAN,2025-04-01,0.0,0.0
CHE,2025-04-01,0.0,0.0
CHL,2025-04-01,0.0,0.0
CHN,2025-04-01,0.0,0.00428946591915019
CIV,2025-04-01,0.0,0.0038923101638642056
CMR,2025-04-01,0.0,0.6209426807289209
COL,2025-04-01,0.0,0.8221394372685029
COM,2025-04-01,0.0,0.0
CRI,2025-04-01,0.0,0.0
CUB,2025-04-01,0.0,0.0
CYP,2025-04-01,0.0,0.0
CZE,2025-04-01,0.0,0.0
DEU,2025-04-01,0.0,0.0
DJI,2025-04-01,0.0,0.0
DNK,2025-04-01,0.0,0.0
DOM,2025-04-01,0.0,0.0029526343583702284
DZA,2025-04-01,0.0,0.002701442057533639
ECU,2025-04-01,0.0,0.010695529462187008
EGY,2025-04-01,0.0,0.005425926063616751
ERI,2025-04-01,0.0,0.011171298986081353
ESP,2025-04-01,0.0,0.0
EST,2025-04-01,0.0,0.0
ETH,2025-04-01,1.0,0.5942325809435184
FIN,2025-04-01,0.0,0.0
FJI,2025-04-01,0.0,0.0
FRA,2025-04-01,0.0,0.0
GAB,2025-04-01,0.0,0.0
GBR,2025-04-01,0.0,0.0
GEO,2025-04-01,0.0,0.0
GHA,2025-04-01,0.0,0.018456906639848378
GIN,2025-04-01,0.0,0.0
GMB,2025-04-01,0.0,0.0
GNB,2025-04-01,0.0,0.0
GNQ,2025-04-01,0.0,0.0
GRC,2025-04-01,0.0,0.0
GRD,2025-04-01,0.0,0.0
GTM,2025-04-01,0.0,0.0010734909687043163
GUY,2025-04-01,0.0,0.002701442057533639
HND,2025-04-01,0.0,0.021081364996061263
HRV,2025-04-01,0.0,0.0
HUN,2025-04-01,0.0,0.0
IDN,2025-04-01,0.0,0.157650373540518
IND,2025-04-01,1.0,0.06143715779231654
IRL,2025-04-01,0.0,0.0
IRN,2025-04-01,1.0,0.018212846366953982
IRQ,2025-04-01,0.0,0.16147164220500798
ISL,2025-04-01,0.0,0.0
ISR,2025-04-01,0.0,0.0007051798240082299
ITA,2025-04-01,0.0,0.0
JAM,2025-04-01,0.0,0.0
JOR,2025-04-01,0.0,0.0036195906578357657
JPN,2025-04-01,0.0,0.0
KAZ,2025-04-01,0.0,0.0
KEN,2025-04-01,0.0,0.2238713751133956
KGZ,2025-04-01,0.0,0.0
KHM,2025-04-01,0.0,0.0
KOR,2025-04-01,0.0,0.0
KWT,2025-04-01,0.0,0.0
LAO,2025-04-01,0.0,0.0
LBN,2025-04-01,0.0,0.9248663431153339
LBR,2025-04-01,0.0,0.0
LBY,2025-04-01,0.0,0.0
LKA,2025-04-01,0.0,0.0
LSO,2025-04-01,0.0,0.0
LTU,2025-04-01,0.0,0.0
LUX,2025-04-01,0.0,0.0
LVA,2025-04-01,0.0,0.0
MAR,2025-04-01,0.0,0.002701442057533639
MDA,2025-04-01,0.0,0.0
MDG,2025-04-01,0.0,0.0
MDV,2025-04-01,0.0,0.0
MEX,2025-04-01,0.0,0.15179442872547014
MKD,2025-04-01,0.0,0.0
MLI,2025-04-01,0.0,0.8608103723705791
MLT,2025-04-01,0.0,0.0
MMR,2025-04-01,0.0,0.23519295993908235
MNE,2025-04-01,0.0,0.0
MNG,2025-04-01,0.0,0.0
MOZ,2025-04-01,0.0,0.71176698429428
MRT,2025-04-01,0.0,0.0
MUS,2025-04-01,0.0,0.0
MWI,2025-04-01,0.0,0.0
MYS,2025-04-01,0.0,0.0
NAM,2025-04-01,0.0,0.0
NER,2025-04-01,1.0,0.12736751943068497
NGA,2025-04-01,1.0,0.3436382044639569
NIC,2025-04-01,0.0,0.0010734909687043163
NLD,2025-04-01,0.0,0.0
NOR,2025-04-01,0.0,0.0
NPL,2025-04-01,0.0,0.004026125327074545
NZL,2025-04-01,0.0,0.0
OMN,2025-04-01,0.0,0.0
PAK,2025-04-01,0.0,0.09641014650922991
PAN,2025-04-01,0.0,0.0
PER,2025-04-01,0.0,0.007919112301341158
PHL,2025-04-01,0.0,0.3228908884784071
PNG,2025-04-01,0.0,0.32700498405303763
POL,2025-04-01,0.0,0.0
PRK,2025-04-01,0.0,0.0
PRT,2025-04-01,0.0,0.0
PRY,2025-04-01,0.0,0.0
QAT,2025-04-01,0.0,0.0
ROU,2025-04-01,0.0,0.0
RUS,2025-04-01,0.0,0.7431118216687116
RWA,2025-04-01,0.0,0.0010734909687043163
SAU,2025-04-01,0.0,0.0
SEN,2025-04-01,0.0,0.0010734909687043163
SGP,2025-04-01,0.0,0.0
SLB,2025-04-01,0.0,0.0
SLE,2025-04-01,0.0,0.0
SLV,2025-04-01,0.0,0.007254213745601287
SOM,2025-04-01,1.0,0.9586303756174666
SRB,2025-04-01,0.0,0.0
STP,2025-04-01,0.0,0.0
SVK,2025-04-01,0.0,0.0
SVN,2025-04-01,0.0,0.0
SWE,2025-04-01,0.0,0.0
SWZ,2025-04-01,0.0,0.0
SYC,2025-04-01,0.0,0.0
SYR,2025-04-01,0.0,0.9440891372464323
TCD,2025-04-01,0.0,0.7481750192927277
TGO,2025-04-01,0.0,0.0
THA,2025-04-01,0.0,0.0004992890360427851
TJK,2025-04-01,0.0,0.0010734909687043163
TKM,2025-04-01,0.0,0.0
TLS,2025-04-01,0.0,0.0
TON,2025-04-01,0.0,0.0
TTO,2025-04-01,0.0,0.0
TUN,2025-04-01,0.0,0.0
TUR,2025-04-01,0.0,0.00873864982450878
TZA,2025-04-01,0.0,0.0
UGA,2025-04-01,0.0,0.31965698255239805
UKR,2025-04-01,0.0,0.6545102287671297
URY,2025-04-01,0.0,0.0
USA,2025-04-01,0.0,0.0
UZB,2025-04-01,0.0,0.0
VEN,2025-04-01,0.0,0.014796761191301711
VNM,2025-04-01,0.0,0.0017132586918090808
VUT,2025-04-01,0.0,0.0010734909687043163
WSM,2025-04-01,0.0,0.0
YEM,2025-04-01,0.0,0.20036941734796387
ZAF,2025-04-01,0.0,0.1827254856344685
ZMB,2025-04-01,0.0,0.0
ZWE,2025-04-01,0.0,0.0
AFG,2025-05-01,0.0,0.7418032057101425
AGO,2025-05-01,0.0,0.0
ALB,2025-05-01,0.0,0.0
ARE,2025-05-01,0.0,0.0
ARG,2025-05-01,0.0,0.0
ARM,2025-05-01,0.0,0.0009975168932671162
AUS,2025-05-01,0.0,0.0
AUT,2025-05-01,0.0,0.0
AZE,2025-05-01,0.0,0.01580908149196914
BDI,2025-05-01,0.0,0.05413734480368296
BEL,2025-05-01,0.0,0.0
BEN,2025-05-01,0.0,0.011124099192932009
BGD,2025-05-01,0.0,0.16526462110380485
BGR,2025-05-01,0.0,0.0
BHR,2025-05-01,0.0,0.0
BHS,2025-05-01,0.0,0.0
BIH,2025-05-01,0.0,0.0
BLR,2025-05-01,0.0,0.0
BLZ,2025-05-01,0.0,0.0
BOL,2025-05-01,0.0,0.0
BRA,2025-05-01,0.0,0.004332375690607735
BRB,2025-05-01,0.0,0.0
BRN,2025-05-01,0.0,0.0
BTN,2025-05-01,0.0,0.0
BWA,2025-05-01,0.0,0.0
CAF,2025-05-01,0.0,0.6814370155356453
CAN,2025-05-01,0.0,0.0
CHE,2025-05-01,0.0,0.0
CHL,2025-05-01,0.0,0.0
CHN,2025-05-01,0.0,0.0
CIV,2025-05-01,0.0,0.014609161895955023
CMR,2025-05-01,0.0,0.652577492149165
COL,2025-05-01,0.0,0.2529918734032194
COM,2025-05-01,0.0,0.0
CRI,2025-05-01,0.0,0.0
CUB,2025-05-01,0.0,0.0
CYP,2025-05-01,0.0,0.0
CZE,2025-05-01,0.0,0.0
DEU,2025-05-01,0.0,0.0
DJI,2025-05-01,0.0,0.0
DNK,2025-05-01,0.0,0.0
DOM,2025-05-01,0.0,0.0
DZA,2025-05-01,0.0,0.0
ECU,2025-05-01,0.0,0.001224882535239428
EGY,2025-05-01,0.0,0.02242685700622154
ERI,2025-05-01,0.0,0.0
ESP,2025-05-01,0.0,0.0
EST,2025-05-01,0.0,0.0
ETH,2025-05-01,1.0,0.887804807124794
FIN,2025-05-01,0.0,0.0
FJI,2025-05-01,0.0,0.0
FRA,2025-05-01,0.0,0.0
GAB,2025-05-01,0.0,0.0
GBR,2025-05-01,0.0,0.0
GEO,2025-05-01,0.0,0.0
GHA,2025-05-01,0.0,0.011693350840011489
GIN,2025-05-01,0.0,0.0
GMB,2025-05-01,0.0,0.0
GNB,2025-05-01,0.0,0.0
GNQ,2025-05-01,0.0,0.0
GRC,2025-05-01,0.0,0.0
GRD,2025-05-01,0.0,0.0
GTM,2025-05-01,0.0,0.0
GUY,2025-05-01,0.0,0.0
HND,2025-05-01,0.0,0.009952499607517854
HRV,2025-05-01,0.0,0.0
HUN,2025-05-01,0.0,0.0
IDN,2025-05-01,0.0,0.10555192281294663
IND,2025-05-01,0.0,0.02919534454182628
IRL,2025-05-01,0.0,0.0
IRN,2025-05-01,1.0,0.0017989282043752693
IRQ,2025-05-01,0.0,0.20763094623373501
ISL,2025-05-01,0.0,0.0
ISR,2025-05-01,0.0,0.00771973448205439
ITA,2025-05-01,0.0,0.0
JAM,2025-05-01,0.0,0.0
JOR,2025-05-01,0.0,0.03906416851108126
JPN,2025-05-01,0.0,0.0
KAZ,2025-05-01,0.0,0.0
KEN,2025-05-01,0.0,0.11726544730922185
KGZ,2025-05-01,0.0,0.0
KHM,2025-05-01,1.0,0.0
KOR,2025-05-01,0.0,0.0
KWT,2025-05-01,0.0,0.0
LAO,2025-05-01,0.0,0.0
LBN,2025-05-01,0.0,0.1859135520640365
LBR,2025-05-01,0.0,0.0021769644205570054
LBY,2025-05-01,0.0,0.0
LKA,2025-05-01,0.0,0.0
LSO,2025-05-01,0.0,0.004971092402880617
LTU,2025-05-01,0.0,0.0
LUX,2025-05-01,0.0,0.0
LVA,2025-05-01,0.0,0.0
MAR,2025-05-01,0.0,0.0009975168932671162
MDA,2025-05-01,0.0,0.0
MDG,2025-05-01,0.0,0.0
MDV,2025-05-01,0.0,0.0
MEX,2025-05-01,0.0,0.3407864029714991
MKD,2025-05-01,0.0,0.0
MLI,2025-05-01,0.0,0.779994697894435
MLT,2025-05-01,0.0,0.0
MMR,2025-05-01,0.0,0.21797221491509625
MNE,2025-05-01,0.0,0.0
MNG,2025-05-01,0.0,0.0
MOZ,2025-05-01,1.0,0.9236626641714968
MRT,2025-05-01,0.0,0.0
MUS,2025-05-01,0.0,0.0
MWI,2025-05-01,0.0,0.019609161895955025
MYS,2025-05-01,0.0,0.0
NAM,2025-05-01,0.0,0.0
NER,2025-05-01,1.0,0.2923470168502988
NIC,2025-05-01,0.0,0.0
NLD,2025-05-01,0.0,0.0
NOR,2025-05-01,0.0,0.0
NPL,2025-05-01,0.0,0.0
NZL,2025-05-01,0.0,0.0
OMN,2025-05-01,0.0,0.0
PAK,2025-05-01,0.0,0.1585385249164694
PAN,2025-05-01,0.0,0.0
PER,2025-05-01,0.0,0.006553324267587158
PHL,2025-05-01,0.0,0.6799434932194757
PNG,2025-05-01,0.0,0.015223799621643165
POL,2025-05-01,0.0,0.0
PRK,2025-05-01,0.0,0.0
PRT,2025-05-01,0.0,0.0
PRY,2025-05-01,0.0,0.0
QAT,2025-05-01,0.0,0.0
ROU,2025-05-01,0.0,0.0
RUS,2025-05-01,0.0,0.03499799934734985
RWA,2025-05-01,0.0,0.005
SAU,2025-05-01,0.0,0.0
SEN,2025-05-01,0.0,0.0
SGP,2025-05-01,0.0,0.0
SLB,2025-05-01,0.0,0.0
SLE,2025-05-01,0.0,0.0
SLV,2025-05-01,0.0,0.0
SOM,2025-05-01,1.0,0.2981808358342435
SRB,2025-05-01,0.0,0.0
STP,2025-05-01,0.0,0.0
SVK,2025-05-01,0.0,0.0
SVN,2025-05-01,0.0,0.0
SWE,2025-05-01,0.0,0.0
SWZ,2025-05-01,0.0,0.0
SYC,2025-05-01,0.0,0.0
SYR,2025-05-01,0.0,0.7800617758573614
TCD,2025-05-01,0.0,0.3198941118494706
TGO,2025-05-01,0.0,0.0
THA,2025-05-01,1.0,0.0
TJK,2025-05-01,0.0,0.0
TKM,2025-05-01,0.0,0.0
TLS,2025-05-01,0.0,0.0
TON,2025-05-01,0.0,0.0
TTO,2025-05-01,0.0,0.0
TUN,2025-05-01,0.0,0.0
TUR,2025-05-01,0.0,0.010027903068401125
TZA,2025-05-01,0.0,0.0
UGA,2025-05-01,0.0,0.5941241262200139
UKR,2025-05-01,0.0,0.07017683605464599
URY,2025-05-01,0.0,0.0
USA,2025-05-01,0.0,0.003359150102810144
UZB,2025-05-01,0.0,0.0
VEN,2025-05-01,0.0,0.05369213890706942
VNM,2025-05-01,0.0,0.0
VUT,2025-05-01,0.0,0.0
WSM,2025-05-01,0.0,0.0
YEM,2025-05-01,0.0,0.20476662979639113
ZAF,2025-05-01,0.0,0.0
ZMB,2025-05-01,0.0,0.043781918494967265
ZWE,2025-05-01,0.0,0.0
AFG,2025-06-01,0.0,0.768952305981141
AGO,2025-06-01,0.0,0.0
ALB,2025-06-01,0.0,0.0
ARE,2025-06-01,0.0,0.0
ARG,2025-06-01,0.0,0.0
ARM,2025-06-01,0.0,0.0
AUS,2025-06-01,0.0,0.0
AUT,2025-06-01,0.0,0.0
AZE,2025-06-01,0.0,0.12500144343701908
BDI,2025-06-01,0.0,0.011565010750191422
BEL,2025-06-01,0.0,0.0
BEN,2025-06-01,0.0,0.03232346322580404
BGD,2025-06-01,0.0,0.16139051006992752
BGR,2025-06-01,0.0,0.0
BHR,2025-06-01,0.0,0.0
BHS,2025-06-01,0.0,0.0
BIH,2025-06-01,0.0,0.0
BLR,2025-06-01,0.0,0.0
BLZ,2025-06-01,0.0,0.0
BOL,2025-06-01,0.0,0.0
BRA,2025-06-01,0.0,0.01687818423325082
BRB,2025-06-01,0.0,0.0
BRN,2025-06-01,0.0,0.0
BTN,2025-06-01,0.0,0.0
BWA,2025-06-01,0.0,0.0
CAF,2025-06-01,0.0,0.7619088382289216
CAN,2025-06-01,0.0,0.0
CHE,2025-06-01,0.0,0.0
CHL,2025-06-01,0.0,0.0
CHN,2025-06-01,0.0,0.0
CIV,2025-06-01,0.0,0.02488371329084817
CMR,2025-06-01,0.0,0.6513738164063063
COL,2025-06-01,0.0,0.27190205288670394
COM,2025-06-01,0.0,0.0
CRI,2025-06-01,0.0,0.0
CUB,2025-06-01,0.0,0.0
CYP,2025-06-01,0.0,0.0
CZE,2025-06-01,0.0,0.0
DEU,2025-06-01,0.0,0.0
DJI,2025-06-01,0.0,0.0
DNK,2025-06-01,0.0,0.0
DOM,2025-06-01,0.0,0.00465604972638
DZA,2025-06-01,0.0,0.0
ECU,2025-06-01,0.0,0.025619484681767182
EGY,2025-06-01,0.0,0.016872359392773314
ERI,2025-06-01,0.0,0.0
ESP,2025-06-01,0.0,0.0
EST,2025-06-01,0.0,0.0
ETH,2025-06-01,1.0,0.8759565629921157
FIN,2025-06-01,0.0,0.0
FJI,2025-06-01,0.0,0.0
FRA,2025-06-01,0.0,0.0
GAB,2025-06-01,0.0,0.0
GBR,2025-06-01,0.0,0.0
GEO,2025-06-01,0.0,0.0
GHA,2025-06-01,0.0,0.012217081371184206
GIN,2025-06-01,0.0,0.0
GMB,2025-06-01,0.0,0.0
GNB,2025-06-01,0.0,0.0
GNQ,2025-06-01,0.0,0.0
GRC,2025-06-01,0.0,0.0
GRD,2025-06-01,0.0,0.0
GTM,2025-06-01,0.0,0.0021427747830849494
GUY,2025-06-01,0.0,0.0015612660673779712
HND,2025-06-01,0.0,0.024568218903816712
HRV,2025-06-01,0.0,0.0
HUN,2025-06-01,0.0,0.0
IDN,2025-06-01,0.0,0.16063484165686753
IND,2025-06-01,0.0,0.6563649948727661
IRL,2025-06-01,0.0,0.0
IRN,2025-06-01,0.0,0.11404447885493589
IRQ,2025-06-01,0.0,0.24288741156240515
ISL,2025-06-01,0.0,0.0
ISR,2025-06-01,0.0,0.0
ITA,2025-06-01,0.0,0.0
JAM,2025-06-01,0.0,0.0
JOR,2025-06-01,0.0,0.05815287047816369
JPN,2025-06-01,0.0,0.0
KAZ,2025-06-01,0.0,0.0
KEN,2025-06-01,0.0,0.10094852401067314
KGZ,2025-06-01,0.0,0.0
KHM,2025-06-01,1.0,0.0
KOR,2025-06-01,0.0,0.0
KWT,2025-06-01,0.0,0.0
LAO,2025-06-01,0.0,0.0
LBN,2025-06-01,0.0,0.18671097938636133
LBR,2025-06-01,0.0,0.003286731343944977
LBY,2025-06-01,0.0,0.01639050859533881
LKA,2025-06-01,0.0,0.0
LSO,2025-06-01,0.0,0.019584120032141203
LTU,2025-06-01,0.0,0.0
LUX,2025-06-01,0.0,0.0
LVA,2025-06-01,0.0,0.0
MAR,2025-06-01,0.0,0.0015612660673779712
MDA,2025-06-01,0.0,0.0
MDG,2025-06-01,0.0,0.0004993752351265615
MDV,2025-06-01,0.0,0.0
MEX,2025-06-01,0.0,0.30665230357020584
MKD,2025-06-01,0.0,0.0
MLI,2025-06-01,0.0,0.8118162368820405
MLT,2025-06-01,0.0,0.0
MMR,2025-06-01,0.0,0.22905547460239473
MNE,2025-06-01,0.0,0.0
MNG,2025-06-01,0.0,0.0
MOZ,2025-06-01,1.0,0.9023208370110143
MRT,2025-06-01,0.0,0.0004993752351265615
MUS,2025-06-01,0.0,0.0
MWI,2025-06-01,0.0,0.02488371329084817
MYS,2025-06-01,0.0,0.0
NAM,2025-06-01,0.0,0.0
NIC,2025-06-01,0.0,0.0
NLD,2025-06-01,0.0,0.0
NOR,2025-06-01,0.0,0.0
NPL,2025-06-01,0.0,0.0
NZL,2025-06-01,0.0,0.0
OMN,2025-06-01,0.0,0.0
PAK,2025-06-01,1.0,0.21246426907725172
PAN,2025-06-01,0.0,0.0
PER,2025-06-01,0.0,0.017097442306678284
PHL,2025-06-01,0.0,0.71289535744199
PNG,2025-06-01,0.0,0.009107391987929273
POL,2025-06-01,0.0,0.0
PRK,2025-06-01,0.0,0.0
PRT,2025-06-01,0.0,0.0
PRY,2025-06-01,0.0,0.0
QAT,2025-06-01,0.0,0.0
ROU,2025-06-01,0.0,0.0
RUS,2025-06-01,0.0,0.04032970883806553
RWA,2025-06-01,0.0,0.0
SAU,2025-06-01,0.0,0.0
SEN,2025-06-01,0.0,0.0
SGP,2025-06-01,0.0,0.0
SLB,2025-06-01,0.0,0.0
SLE,2025-06-01,0.0,0.0
SLV,2025-06-01,0.0,0.005099056605406898
SRB,2025-06-01,0.0,0.0
STP,2025-06-01,0.0,0.0
SVK,2025-06-01,0.0,0.0
SVN,2025-06-01,0.0,0.0
SWE,2025-06-01,0.0,0.0
SWZ,2025-06-01,0.0,0.0
SYC,2025-06-01,0.0,0.0
SYR,2025-06-01,0.0,0.7784686599786435
TCD,2025-06-01,0.0,0.2605638298070944
TGO,2025-06-01,0.0,0.0008915077905426142
THA,2025-06-01,1.0,0.0006421641887747584
TJK,2025-06-01,0.0,0.0
TKM,2025-06-01,0.0,0.0
TLS,2025-06-01,0.0,0.0
TON,2025-06-01,0.0,0.0
TTO,2025-06-01,0.0,0.0
TUN,2025-06-01,0.0,0.0015612660673779712
TUR,2025-06-01,0.0,0.005662566561427746
TZA,2025-06-01,0.0,0.0
UGA,2025-06-01,0.0,0.6635054536286081
UKR,2025-06-01,0.0,0.22657389378721451
URY,2025-06-01,0.0,0.0
USA,2025-06-01,0.0,0.0
UZB,2025-06-01,0.0,0.0
VEN,2025-06-01,0.0,0.06774208412360525
VNM,2025-06-01,0.0,0.00039213255541605257
VUT,2025-06-01,0.0,0.0
WSM,2025-06-01,0.0,0.0
YEM,2025-06-01,0.0,0.3285957133740955
ZAF,2025-06-01,0.0,0.00039213255541605257
ZMB,2025-06-01,0.0,0.08356568592818475
ZWE,2025-06-01,0.0,0.0
AFG,2025-07-01,0.0,0.707904356913115
AGO,2025-07-01,0.0,0.005484945417348635
ALB,2025-07-01,0.0,0.00022383507873973083
ARE,2025-07-01,0.0,0.0
ARG,2025-07-01,0.0,0.00012876356476904338
ARM,2025-07-01,0.0,0.00022383507873973083
AUS,2025-07-01,0.0,0.0
AUT,2025-07-01,0.0,0.0
AZE,2025-07-01,0.0,0.15510999396308692
BDI,2025-07-01,0.0,0.016664770734401656
BEL,2025-07-01,0.0,0.0
BEN,2025-07-01,0.0,0.0072197227349769695
BGD,2025-07-01,0.0,0.13021768172477374
BGR,2025-07-01,0.0,0.0
BHR,2025-07-01,0.0,0.0
BHS,2025-07-01,0.0,0.0
BIH,2025-07-01,0.0,0.00041086798225880677
BLR,2025-07-01,0.0,0.0
BLZ,2025-07-01,0.0,0.007924437457888255
BOL,2025-07-01,0.0,0.0007463509603315439
BRA,2025-07-01,0.0,0.025922768440122517
BRB,2025-07-01,0.0,0.0
BRN,2025-07-01,0.0,0.0
BTN,2025-07-01,0.0,0.0
BWA,2025-07-01,0.0,0.0
CAF,2025-07-01,0.0,0.6703310482993721
CAN,2025-07-01,0.0,0.0
CHE,2025-07-01,0.0,0.0
CHL,2025-07-01,0.0,0.00022383507873973083
CHN,2025-07-01,0.0,0.0034994209092545237
CIV,2025-07-01,0.0,0.002609185515974476
CMR,2025-07-01,0.0,0.6203462172934667
COL,2025-07-01,0.0,0.16370410366829785
COM,2025-07-01,0.0,0.005052400154030161
CRI,2025-07-01,0.0,0.001109703853766361
CUB,2025-07-01,0.0,9.507151397068742e-05
CYP,2025-07-01,0.0,0.0
CZE,2025-07-01,0.0,0.0
DEU,2025-07-01,0.0,0.0
DJI,2025-07-01,0.0,0.013392363429024456
DNK,2025-07-01,0.0,0.0
DOM,2025-07-01,0.0,0.0010984720418536881
DZA,2025-07-01,0.0,0.00012876356476904338
ECU,2025-07-01,0.0,0.03528967691030981
EGY,2025-07-01,0.0,0.08365220752975729
ERI,2025-07-01,0.0,0.004884658664993792
ESP,2025-07-01,0.0,0.0
EST,2025-07-01,0.0,0.0
FIN,2025-07-01,0.0,0.0
FJI,2025-07-01,0.0,0.00022383507873973083
FRA,2025-07-01,0.0,0.0010984720418536881
GAB,2025-07-01,0.0,0.0010683216161283629
GBR,2025-07-01,0.0,0.0
GEO,2025-07-01,0.0,0.0010378502077974946
GHA,2025-07-01,0.0,0.015825449373206523
GIN,2025-07-01,0.0,0.005317475907597371
GMB,2025-07-01,0.0,0.0016424690644016315
GNB,2025-07-01,0.0,0.005128435198303818
GNQ,2025-07-01,0.0,0.0010683216161283629
GRC,2025-07-01,0.0,9.507151397068742e-05
GRD,2025-07-01,0.0,0.0
GTM,2025-07-01,0.0,0.006226558127961881
GUY,2025-07-01,0.0,0.003206836722512869
HND,2025-07-01,0.0,0.03263531877638788
HRV,2025-07-01,0.0,0.0
HTI,2025-07-01,1.0,0.84106381677128
HUN,2025-07-01,0.0,0.0
IDN,2025-07-01,0.0,0.006355921142546547
IND,2025-07-01,0.0,0.606980222221704
IRL,2025-07-01,0.0,0.0
IRN,2025-07-01,0.0,0.20471716677027338
IRQ,2025-07-01,0.0,0.19410633084625759
ISL,2025-07-01,0.0,0.0
ISR,2025-07-01,0.0,0.13032428558099599
ITA,2025-07-01,0.0,9.507151397068742e-05
JAM,2025-07-01,0.0,0.00022383507873973083
JOR,2025-07-01,0.0,0.017184047417000078
JPN,2025-07-01,0.0,0.0008496240601503749
KAZ,2025-07-01,0.0,0.0
KEN,2025-07-01,0.0,0.24023650343570535
KGZ,2025-07-01,0.0,0.00012876356476904338
KHM,2025-07-01,0.0,0.1232035468245532
KOR,2025-07-01,0.0,9.507151397068742e-05
KWT,2025-07-01,0.0,0.0
LAO,2025-07-01,0.0,0.00041086798225880677
LBN,2025-07-01,0.0,0.12234187439667679
LBR,2025-07-01,0.0,0.0049638180707325475
LBY,2025-07-01,0.0,0.012038870114415188
LKA,2025-07-01,0.0,0.00012876356476904338
LSO,2025-07-01,0.0,0.007777204390398319
LTU,2025-07-01,0.0,0.0
LUX,2025-07-01,0.0,0.0
LVA,2025-07-01,0.0,0.0
MAR,2025-07-01,0.0,0.00022383507873973083
MDA,2025-07-01,0.0,0.0025959179044288717
MDG,2025-07-01,0.0,0.0020814407173845636
MDV,2025-07-01,0.0,0.0
MEX,2025-07-01,0.0,0.20493366366898264
MKD,2025-07-01,0.0,0.0
MLI,2025-07-01,0.0,0.7608719661510527
MLT,2025-07-01,0.0,0.0
MMR,2025-07-01,0.0,0.16926777004639063
MNE,2025-07-01,0.0,0.00012876356476904338
MNG,2025-07-01,0.0,0.00012876356476904338
MRT,2025-07-01,0.0,0.005598842326446809
MUS,2025-07-01,0.0,0.0
MWI,2025-07-01,0.0,0.006552935401926985
MYS,2025-07-01,0.0,0.00012876356476904338
NAM,2025-07-01,0.0,0.0016424690644016315
NIC,2025-07-01,0.0,0.022305264658826752
NLD,2025-07-01,0.0,9.507151397068742e-05
NOR,2025-07-01,0.0,0.0
NPL,2025-07-01,0.0,0.0030891018632319767
NZL,2025-07-01,0.0,0.0
OMN,2025-07-01,0.0,9.507151397068742e-05
PAK,2025-07-01,1.0,0.1454856158286569
PAN,2025-07-01,0.0,0.00022383507873973083
PER,2025-07-01,0.0,0.028331664571353346
PHL,2025-07-01,0.0,0.6243597284347754
PNG,2025-07-01,0.0,0.005
POL,2025-07-01,0.0,0.0
PRK,2025-07-01,0.0,0.00958232242100135
PRT,2025-07-01,0.0,0.0
PRY,2025-07-01,0.0,0.0
QAT,2025-07-01,0.0,0.0
ROU,2025-07-01,0.0,0.0
RUS,2025-07-01,0.0,0.04701325554992101
RWA,2025-07-01,0.0,0.0016424690644016315
SAU,2025-07-01,0.0,0.00022383507873973083
SEN,2025-07-01,0.0,0.03839977121984513
SGP,2025-07-01,0.0,0.0
SLB,2025-07-01,0.0,0.009275059476406836
SLE,2025-07-01,0.0,0.008107470877445802
SLV,2025-07-01,0.0,0.0055957034361218405
SRB,2025-07-01,0.0,0.00012876356476904338
STP,2025-07-01,0.0,0.0002821044174897634
SVK,2025-07-01,0.0,0.0
SVN,2025-07-01,0.0,0.0
SWE,2025-07-01,0.0,0.0
SWZ,2025-07-01,0.0,0.0007463509603315439
SYC,2025-07-01,0.0,0.0
SYR,2025-07-01,0.0,0.5148369067339126
TCD,2025-07-01,0.0,0.8040953775826075
TGO,2025-07-01,0.0,0.0020691067667156465
THA,2025-07-01,0.0,0.15382826430281726
TJK,2025-07-01,0.0,0.00022383507873973083
TKM,2025-07-01,0.0,0.001333397369695574
TLS,2025-07-01,0.0,0.0007463509603315439
TON,2025-07-01,0.0,0.0025959179044288717
TTO,2025-07-01,0.0,0.00012876356476904338
TUN,2025-07-01,0.0,0.00022383507873973083
TUR,2025-07-01,0.0,0.026778441057024413
TZA,2025-07-01,0.0,0.03058155587696455
UGA,2025-07-01,0.0,0.586910112340171
UKR,2025-07-01,0.0,0.1956466339891426
URY,2025-07-01,0.0,0.0
USA,2025-07-01,0.0,0.0010984720418536881
UZB,2025-07-01,0.0,0.00022383507873973083
VEN,2025-07-01,0.0,0.06884406875911421
VNM,2025-07-01,0.0,0.0010984720418536881
VUT,2025-07-01,0.0,0.0030891018632319767
WSM,2025-07-01,0.0,0.00012876356476904338
YEM,2025-07-01,0.0,0.7671921588838565
ZAF,2025-07-01,0.0,0.003662596119239485
ZMB,2025-07-01,0.0,0.01493994858782386
ZWE,2025-07-01,0.0,0.00852356711955907
AFG,2025-08-01,1.0,0.7179572826055275
AGO,2025-08-01,0.0,0.006060880893057078
ALB,2025-08-01,0.0,0.0
ARE,2025-08-01,0.0,0.0
ARG,2025-08-01,0.0,0.0
ARM,2025-08-01,0.0,0.0013313571363950014
AUS,2025-08-01,0.0,0.0
AUT,2025-08-01,0.0,0.0
AZE,2025-08-01,0.0,0.15618309786859372
BDI,2025-08-01,0.0,0.009528555480900501
BEL,2025-08-01,0.0,0.0
BEN,2025-08-01,0.0,0.006995583835496066
BGD,2025-08-01,0.0,0.1576473878027732
BGR,2025-08-01,0.0,0.0
BHR,2025-08-01,0.0,0.0
BHS,2025-08-01,0.0,0.0
BIH,2025-08-01,0.0,0.0005735309663681498
BLR,2025-08-01,0.0,0.0
BLZ,2025-08-01,0.0,0.012265010775504712
BOL,2025-08-01,0.0,0.0025391126260197144
BRA,2025-08-01,0.0,0.05818099806231659
BRB,2025-08-01,0.0,0.0
BRN,2025-08-01,0.0,0.0
BTN,2025-08-01,0.0,0.0
BWA,2025-08-01,0.0,0.0007578261700268515
CAF,2025-08-01,0.0,0.6373553765265081
CAN,2025-08-01,0.0,0.0
CHE,2025-08-01,0.0,0.0
CHL,2025-08-01,0.0,0.0
CHN,2025-08-01,0.0,0.004058875241540118
CIV,2025-08-01,0.0,0.0743305139915036
CMR,2025-08-01,0.0,0.6434953242402058
COL,2025-08-01,0.0,0.11782537346239318
COM,2025-08-01,0.0,0.0
CRI,2025-08-01,0.0,0.0013313571363950014
CUB,2025-08-01,0.0,0.0
CYP,2025-08-01,0.0,0.0007578261700268515
CZE,2025-08-01,0.0,0.0
DEU,2025-08-01,0.0,0.0007578261700268515
DJI,2025-08-01,0.0,0.006682621980930039
DNK,2025-08-01,0.0,0.0
DOM,2025-08-01,0.0,0.01007174989044185
DZA,2025-08-01,0.0,0.0
ECU,2025-08-01,0.0,0.04101906440071037
EGY,2025-08-01,0.0,0.12310023870977307
ERI,2025-08-01,0.0,0.0
ESP,2025-08-01,0.0,0.0
EST,2025-08-01,0.0,0.0
FIN,2025-08-01,0.0,0.0
FJI,2025-08-01,0.0,0.0005735309663681498
FRA,2025-08-01,0.0,0.0
GAB,2025-08-01,0.0,0.0
GBR,2025-08-01,0.0,0.0
GEO,2025-08-01,0.0,0.00570694042350329
GHA,2025-08-01,0.0,0.008925525866969868
GIN,2025-08-01,0.0,0.0006273215874857704
GMB,2025-08-01,0.0,0.003794111599258021
GNB,2025-08-01,0.0,0.0006150800077740385
GNQ,2025-08-01,0.0,0.0
GRC,2025-08-01,0.0,0.0
GRD,2025-08-01,0.0,0.0
GTM,2025-08-01,0.0,0.0031514682145972117
GUY,2025-08-01,0.0,0.0048450269333140915
HND,2025-08-01,0.0,0.04148464708875298
HRV,2025-08-01,0.0,0.0
HTI,2025-08-01,1.0,0.8264999772327505
HUN,2025-08-01,0.0,0.0
IDN,2025-08-01,0.0,0.03577589888466485
IND,2025-08-01,0.0,0.46125088535846415
IRL,2025-08-01,0.0,0.0
IRN,2025-08-01,0.0,0.195088969881687
IRQ,2025-08-01,0.0,0.17787944254450772
ISL,2025-08-01,0.0,0.0
ISR,2025-08-01,0.0,0.10239983248515987
ITA,2025-08-01,0.0,0.0
JAM,2025-08-01,0.0,0.0
JOR,2025-08-01,0.0,0.0074972659605979765
JPN,2025-08-01,0.0,0.004058875241540118
KAZ,2025-08-01,0.0,0.0
KEN,2025-08-01,0.0,0.17450141253295626
KGZ,2025-08-01,0.0,0.0
KHM,2025-08-01,0.0,0.41887067528532546
KOR,2025-08-01,0.0,0.0
KWT,2025-08-01,0.0,0.0
LAO,2025-08-01,0.0,0.0
LBN,2025-08-01,0.0,0.08774188862390979
LBR,2025-08-01,0.0,0.0034743863074819235
LBY,2025-08-01,0.0,0.01607606156841114
LKA,2025-08-01,0.0,0.0
LSO,2025-08-01,0.0,0.0006150800077740385
LTU,2025-08-01,0.0,0.0
LUX,2025-08-01,0.0,0.0
LVA,2025-08-01,0.0,0.0007578261700268515
MAR,2025-08-01,0.0,0.0
MDA,2025-08-01,0.0,0.007250532065734052
MDG,2025-08-01,0.0,0.002453731852548549
MDV,2025-08-01,0.0,0.0
MEX,2025-08-01,0.0,0.1658166115168468
MKD,2025-08-01,0.0,0.0
MLI,2025-08-01,0.0,0.7658868217531734
MLT,2025-08-01,0.0,0.0
MMR,2025-08-01,0.0,0.15299203509332834
MNE,2025-08-01,0.0,0.0035593645283752877
MNG,2025-08-01,0.0,0.0
MRT,2025-08-01,0.0,0.0034426944723524523
MUS,2025-08-01,0.0,0.0
MWI,2025-08-01,0.0,0.022013847157196273
MYS,2025-08-01,0.0,0.0
NAM,2025-08-01,0.0,0.004421433186743792
NER,2025-08-01,0.0,0.8472830564837666
NIC,2025-08-01,0.0,0.056989993236137224
NLD,2025-08-01,0.0,0.0
NOR,2025-08-01,0.0,0.0
NPL,2025-08-01,0.0,0.009715508070453073
NZL,2025-08-01,0.0,0.0
OMN,2025-08-01,0.0,0.0
PAK,2025-08-01,1.0,0.1945501716676331
PAN,2025-08-01,0.0,0.0013313571363950014
PER,2025-08-01,0.0,0.035986574529770665
PHL,2025-08-01,0.0,0.5541929610972582
PNG,2025-08-01,0.0,0.000848940480602177
POL,2025-08-01,0.0,0.0
PRK,2025-08-01,0.0,0.00410600859529151
PRT,2025-08-01,0.0,0.0
PRY,2025-08-01,0.0,0.0
QAT,2025-08-01,0.0,0.0
ROU,2025-08-01,0.0,0.0
RUS,2025-08-01,0.0,0.026563328047405656
RWA,2025-08-01,0.0,0.003794111599258021
SAU,2025-08-01,0.0,0.0
SEN,2025-08-01,0.0,0.02640196295771745
SGP,2025-08-01,0.0,0.0
SLB,2025-08-01,0.0,0.013092650250036881
SLE,2025-08-01,0.0,0.001236821095646999
SLV,2025-08-01,0.0,0.010948912499006697
SRB,2025-08-01,0.0,0.0
STP,2025-08-01,0.0,0.0007578261700268515
SVK,2025-08-01,0.0,0.0
SVN,2025-08-01,0.0,0.0
SWE,2025-08-01,0.0,0.0
SWZ,2025-08-01,0.0,0.0019117910385339442
SYC,2025-08-01,0.0,0.0
SYR,2025-08-01,1.0,0.5097699261152039
TCD,2025-08-01,0.0,0.8174373775141955
TGO,2025-08-01,0.0,0.001413871681792207
THA,2025-08-01,0.0,0.30587143376911174
TJK,2025-08-01,0.0,0.0005735309663681498
TKM,2025-08-01,0.0,0.0
TLS,2025-08-01,0.0,0.0019117910385339442
TON,2025-08-01,0.0,0.007250532065734052
TTO,2025-08-01,0.0,0.0
TUN,2025-08-01,0.0,0.0
TUR,2025-08-01,0.0,0.037189978775381986
TZA,2025-08-01,0.0,0.05042856527623357
UGA,2025-08-01,0.0,0.6164005914202455
UKR,2025-08-01,0.0,0.20861513505624849
URY,2025-08-01,0.0,0.0007578261700268515
USA,2025-08-01,0.0,0.0
UZB,2025-08-01,0.0,0.0
VEN,2025-08-01,0.0,0.03655450809548256
VNM,2025-08-01,0.0,0.0
VUT,2025-08-01,0.0,0.008008116981121588
WSM,2025-08-01,0.0,0.0013313571363950014
YEM,2025-08-01,0.0,0.8146661398668976
ZAF,2025-08-01,0.0,0.0025391126260197144
ZMB,2025-08-01,0.0,0.006015605292068077
ZWE,2025-08-01,0.0,0.020341717504962577
AFG,2025-09-01,1.0,0.707434005339335
AGO,2025-09-01,0.0,0.009139071035667766
ALB,2025-09-01,0.0,0.0
ARE,2025-09-01,0.0,0.0
ARG,2025-09-01,0.0,0.0
ARM,2025-09-01,0.0,0.0015581362311347967
AUS,2025-09-01,0.0,0.0
AUT,2025-09-01,0.0,0.0
AZE,2025-09-01,0.0,0.15154256449810366
BDI,2025-09-01,0.0,0.01650882621246588
BEL,2025-09-01,0.0,0.0
BEN,2025-09-01,0.0,0.009173070565293793
BFA,2025-09-01,0.0,0.9079221974703497
BGD,2025-09-01,0.0,0.09370614200313547
BGR,2025-09-01,0.0,0.0
BHR,2025-09-01,0.0,0.0
BHS,2025-09-01,0.0,0.0
BIH,2025-09-01,0.0,0.0007603547258034138
BLR,2025-09-01,0.0,0.0
BLZ,2025-09-01,0.0,0.009963692112598226
BOL,2025-09-01,0.0,0.0009312289832710232
BRA,2025-09-01,0.0,0.05325119572409918
BRB,2025-09-01,0.0,0.0
BRN,2025-09-01,0.0,0.0
BTN,2025-09-01,0.0,0.0
BWA,2025-09-01,0.0,0.0006916354721354325
CAF,2025-09-01,0.0,0.6954785882754879
CAN,2025-09-01,0.0,0.0
CHE,2025-09-01,0.0,0.0
CHL,2025-09-01,0.0,0.0
CHN,2025-09-01,0.0,0.00048116695913762956
CIV,2025-09-01,0.0,0.10663598076811358
CMR,2025-09-01,0.0,0.6594515624418651
COL,2025-09-01,0.0,0.08163494219030039
COM,2025-09-01,0.0,0.003564593433109699
CRI,2025-09-01,0.0,0.002433124834344135
CUB,2025-09-01,0.0,0.0
CYP,2025-09-01,0.0,0.0006916354721354325
CZE,2025-09-01,0.0,0.0
DEU,2025-09-01,0.0,0.0006916354721354325
DJI,2025-09-01,0.0,0.013440742836538032
DNK,2025-09-01,0.0,0.0
DOM,2025-09-01,0.0,0.008104469327340921
DZA,2025-09-01,0.0,0.0
ECU,2025-09-01,0.0,0.06716068235205083
EGY,2025-09-01,0.0,0.1273412780142108
ERI,2025-09-01,0.0,0.006398871636549156
ESP,2025-09-01,0.0,0.0
EST,2025-09-01,0.0,0.0
FIN,2025-09-01,0.0,0.0
FJI,2025-09-01,0.0,0.0015581362311347967
FRA,2025-09-01,0.0,0.0
GAB,2025-09-01,0.0,0.0008437647507782309
GBR,2025-09-01,0.0,0.0
GEO,2025-09-01,0.0,0.005664345722587675
GHA,2025-09-01,0.0,0.006630423375231045
GIN,2025-09-01,0.0,0.008673205263934617
GMB,2025-09-01,0.0,0.0067845135452195915
GNB,2025-09-01,0.0,0.006317901258859163
GNQ,2025-09-01,0.0,0.0008437647507782309
GRC,2025-09-01,0.0,0.0
GRD,2025-09-01,0.0,0.0011637865696528748
GTM,2025-09-01,0.0,0.006028281257845688
GUY,2025-09-01,0.0,0.0039040396055172342
HND,2025-09-01,0.0,0.03309291403934059
HRV,2025-09-01,0.0,0.0
HUN,2025-09-01,0.0,0.0
IDN,2025-09-01,0.0,0.018979554320673612
IND,2025-09-01,0.0,0.4171808489038842
IRL,2025-09-01,0.0,0.0
IRN,2025-09-01,0.0,0.2860919527593013
IRQ,2025-09-01,0.0,0.18053603033624177
ISL,2025-09-01,0.0,0.0
ISR,2025-09-01,0.0,0.12144276374931706
ITA,2025-09-01,0.0,0.0
JAM,2025-09-01,0.0,0.0
JOR,2025-09-01,0.0,0.0022816025081064313
JPN,2025-09-01,0.0,0.00048116695913762956
KAZ,2025-09-01,0.0,0.0
KEN,2025-09-01,0.0,0.16187387262106648
KGZ,2025-09-01,0.0,0.0
KHM,2025-09-01,0.0,0.6362782550097706
KOR,2025-09-01,0.0,0.0
KWT,2025-09-01,0.0,0.0
LAO,2025-09-01,0.0,0.0002219084560778788
LBN,2025-09-01,0.0,0.0881284970359255
LBR,2025-09-01,0.0,0.007993240125607773
LBY,2025-09-01,0.0,0.0019057837375421067
LKA,2025-09-01,0.0,0.0
LSO,2025-09-01,0.0,0.0046287168225442165
LTU,2025-09-01,0.0,0.0
LUX,2025-09-01,0.0,0.0
LVA,2025-09-01,0.0,0.0006916354721354325
MAR,2025-09-01,0.0,0.0008637079536505815
MDA,2025-09-01,0.0,0.006816745867654548
MDG,2025-09-01,0.0,0.004001099521174761
MDV,2025-09-01,0.0,0.0011637865696528748
MEX,2025-09-01,0.0,0.16553984732736532
MKD,2025-09-01,0.0,0.0
MLI,2025-09-01,0.0,0.7246145400841647
MLT,2025-09-01,0.0,0.0
MMR,2025-09-01,0.0,0.3120162766297703
MNE,2025-09-01,0.0,0.0006916354721354325
MNG,2025-09-01,0.0,0.0
MRT,2025-09-01,0.0,0.0058944761081229525
MUS,2025-09-01,0.0,0.0
MWI,2025-09-01,0.0,0.013771109096656346
MYS,2025-09-01,0.0,0.0
NAM,2025-09-01,0.0,0.0067845135452195915
NER,2025-09-01,0.0,0.8817901018343934
NGA,2025-09-01,0.0,0.36389458436912975
NIC,2025-09-01,0.0,0.059141063715000886
NLD,2025-09-01,0.0,0.0
NOR,2025-09-01,0.0,0.0
NPL,2025-09-01,0.0,0.009152090905974792
NZL,2025-09-01,0.0,0.0
OMN,2025-09-01,0.0,0.0
PAK,2025-09-01,1.0,0.8298611300202364
PAN,2025-09-01,0.0,0.0015581362311347967
PER,2025-09-01,0.0,0.048833435097812655
PHL,2025-09-01,0.0,0.5611782042872013
PNG,2025-09-01,0.0,0.09214542077726456
POL,2025-09-01,0.0,0.0
PRK,2025-09-01,0.0,0.028885291606126202
PRT,2025-09-01,0.0,0.0
PRY,2025-09-01,0.0,0.0
QAT,2025-09-01,0.0,0.0
ROU,2025-09-01,0.0,0.0
RUS,2025-09-01,0.0,0.034827946075155505
RWA,2025-09-01,0.0,0.0067845135452195915
SAU,2025-09-01,0.0,0.0
SEN,2025-09-01,0.0,0.04108719554329429
SGP,2025-09-01,0.0,0.0
SLB,2025-09-01,0.0,0.013514074876930439
SLE,2025-09-01,0.0,0.00923473223859319
SLV,2025-09-01,0.0,0.009864521081018922
SRB,2025-09-01,0.0,0.0
STP,2025-09-01,0.0,0.0007603547258034138
SVK,2025-09-01,0.0,0.0
SVN,2025-09-01,0.0,0.0
SWE,2025-09-01,0.0,0.0
SWZ,2025-09-01,0.0,0.0009312289832710232
SYC,2025-09-01,0.0,0.0
SYR,2025-09-01,1.0,0.38740686157390464
TCD,2025-09-01,0.0,0.8246064409822224
TGO,2025-09-01,0.0,0.004191647520031067
THA,2025-09-01,0.0,0.3340006759426723
TJK,2025-09-01,0.0,0.00249056343845336
TKM,2025-09-01,0.0,0.0008437647507782309
TLS,2025-09-01,0.0,0.0009312289832710232
TON,2025-09-01,0.0,0.006816745867654548
TTO,2025-09-01,0.0,0.0
TUN,2025-09-01,0.0,0.0008637079536505815
TUR,2025-09-01,0.0,0.06158181062091266
TZA,2025-09-01,0.0,0.07389201360492587
UGA,2025-09-01,0.0,0.6177798830309719
UKR,2025-09-01,0.0,0.2316542073997273
URY,2025-09-01,0.0,0.0006916354721354325
USA,2025-09-01,0.0,0.0
UZB,2025-09-01,0.0,0.0
VEN,2025-09-01,0.0,0.04711038706388598
VNM,2025-09-01,0.0,0.0
VUT,2025-09-01,0.0,0.009152090905974792
WSM,2025-09-01,0.0,0.0006916354721354325
YEM,2025-09-01,0.0,0.7628789528834254
ZAF,2025-09-01,0.0,0.004254221326959338
ZMB,2025-09-01,0.0,0.005267176557640626
ZWE,2025-09-01,0.0,0.02375193916354377
AFG,2025-10-01,0.0,0.6565787873217522
AGO,2025-10-01,0.0,0.006124658582124187
ALB,2025-10-01,0.0,0.0018371889280894094
ARE,2025-10-01,0.0,0.0
ARG,2025-10-01,0.0,0.0
ARM,2025-10-01,0.0,0.007658409750497109
AUS,2025-10-01,0.0,0.0
AUT,2025-10-01,0.0,0.0
AZE,2025-10-01,0.0,0.11601805110507195
BDI,2025-10-01,0.0,0.01002312020768934
BEL,2025-10-01,0.0,0.0
BEN,2025-10-01,0.0,0.011230253863730498
BFA,2025-10-01,0.0,0.9150610342006003
BGD,2025-10-01,0.0,0.13576868472167652
BGR,2025-10-01,0.0,0.0
BHR,2025-10-01,0.0,0.0
BHS,2025-10-01,0.0,0.0
BIH,2025-10-01,0.0,0.0019150351638744783
BLR,2025-10-01,0.0,0.0
BLZ,2025-10-01,0.0,0.012255171659585984
BOL,2025-10-01,0.0,0.004716717067033538
BRA,2025-10-01,0.0,0.03706221277863092
BRB,2025-10-01,0.0,0.0
BRN,2025-10-01,0.0,0.0
BTN,2025-10-01,0.0,0.0
BWA,2025-10-01,0.0,0.003235764807321738
CAF,2025-10-01,0.0,0.5622970124212935
CAN,2025-10-01,0.0,0.0
CHE,2025-10-01,0.0,0.0
CHL,2025-10-01,0.0,0.0
CHN,2025-10-01,0.0,0.0
CIV,2025-10-01,0.0,0.11222785263199656
CMR,2025-10-01,0.0,0.6233824291774945
COL,2025-10-01,0.0,0.10725468498841162
COM,2025-10-01,0.0,0.005310970129116758
CRI,2025-10-01,0.0,0.0009385490887050833
CUB,2025-10-01,0.0,0.0
CYP,2025-10-01,0.0,0.0009385490887050833
CZE,2025-10-01,0.0,0.0
DEU,2025-10-01,0.0,0.0018159552356637463
DJI,2025-10-01,0.0,0.006680607675962122
DNK,2025-10-01,0.0,0.0
DOM,2025-10-01,0.0,0.012107374079632837
DZA,2025-10-01,0.0,0.00019643634743334167
ECU,2025-10-01,0.0,0.043257787609945836
EGY,2025-10-01,0.0,0.12278653142835422
ERI,2025-10-01,0.0,0.008733231421796805
ESP,2025-10-01,0.0,0.0
EST,2025-10-01,0.0,0.0
FIN,2025-10-01,0.0,0.0
FJI,2025-10-01,0.0,0.0003615344829996367
FRA,2025-10-01,0.0,0.0
GAB,2025-10-01,0.0,0.0030349892341370193
GBR,2025-10-01,0.0,0.0
GEO,2025-10-01,0.0,0.005033132491388528
GHA,2025-10-01,0.0,0.013817525178886424
GIN,2025-10-01,0.0,0.005733779723118195
GMB,2025-10-01,0.0,0.003053846703079538
GNB,2025-10-01,0.0,0.0025894208059020173
GNQ,2025-10-01,0.0,0.0015535006808748417
GRC,2025-10-01,0.0,0.0
GRD,2025-10-01,0.0,0.0
GTM,2025-10-01,0.0,0.009288748228944677
GUY,2025-10-01,0.0,0.006605924480026925
HND,2025-10-01,0.0,0.05851959815328267
HRV,2025-10-01,0.0,0.0
HUN,2025-10-01,0.0,0.0
IDN,2025-10-01,0.0,0.011282645182087474
IND,2025-10-01,0.0,0.41035223958859374
IRL,2025-10-01,0.0,0.0
IRN,2025-10-01,0.0,0.2827668022910197
IRQ,2025-10-01,0.0,0.17594389466672447
ISL,2025-10-01,0.0,0.0
ISR,2025-10-01,0.0,0.11715594976411425
ITA,2025-10-01,0.0,0.0
JAM,2025-10-01,0.0,0.0
JOR,2025-10-01,0.0,0.0045952335008372265
JPN,2025-10-01,0.0,0.0
KAZ,2025-10-01,0.0,0.0
KEN,2025-10-01,0.0,0.183916967498009
KGZ,2025-10-01,0.0,0.0
KHM,2025-10-01,1.0,0.6790334573958914
KOR,2025-10-01,0.0,0.0
KWT,2025-10-01,0.0,0.0
LAO,2025-10-01,0.0,0.0017539952634641931
LBN,2025-10-01,0.0,0.08854257620623597
LBR,2025-10-01,0.0,0.0063337943573066
LBY,2025-10-01,0.0,0.010411950559323728
LKA,2025-10-01,0.0,0.0018371889280894094
LSO,2025-10-01,0.0,0.0025894208059020173
LTU,2025-10-01,0.0,0.0
LUX,2025-10-01,0.0,0.0
LVA,2025-10-01,0.0,0.0009385490887050833
MAR,2025-10-01,0.0,0.00497520609800264
MDA,2025-10-01,0.0,0.005540348693703996
MDG,2025-10-01,0.0,0.00393090072033374
MDV,2025-10-01,0.0,0.0
MEX,2025-10-01,0.0,0.1269290751173801
MKD,2025-10-01,0.0,0.0
MLI,2025-10-01,0.0,0.7605938306002689
MLT,2025-10-01,0.0,0.0
MMR,2025-10-01,1.0,0.2839704143538981
MNE,2025-10-01,0.0,0.0018159552356637463
MNG,2025-10-01,0.0,0.00019643634743334167
MRT,2025-10-01,0.0,0.004867401881973606
MUS,2025-10-01,0.0,0.0
MWI,2025-10-01,0.0,0.01727281887124771
MYS,2025-10-01,0.0,0.0
NAM,2025-10-01,0.0,0.003053846703079538
NER,2025-10-01,0.0,0.8907014176236102
NGA,2025-10-01,0.0,0.35863639136239006
NIC,2025-10-01,0.0,0.05611967090872638
NLD,2025-10-01,0.0,0.0
NOR,2025-10-01,0.0,0.0
NPL,2025-10-01,0.0,0.006004483918077328
NZL,2025-10-01,0.0,0.0
OMN,2025-10-01,0.0,0.0
PAN,2025-10-01,0.0,0.0032398230424777485
PER,2025-10-01,0.0,0.025545315759772595
PHL,2025-10-01,0.0,0.5382891176099381
PNG,2025-10-01,0.0,0.011527837839168243
POL,2025-10-01,0.0,0.0
PRK,2025-10-01,0.0,0.016892055563714547
PRT,2025-10-01,0.0,0.0
PRY,2025-10-01,0.0,0.0018371889280894094
QAT,2025-10-01,0.0,0.0
ROU,2025-10-01,0.0,0.0
RUS,2025-10-01,0.0,0.0409816450858541
RWA,2025-10-01,0.0,0.0026310371090781004
SAU,2025-10-01,0.0,0.0
SEN,2025-10-01,0.0,0.03277215791376526
SGP,2025-10-01,0.0,0.0
SLB,2025-10-01,0.0,0.012911493634004529
SLE,2025-10-01,0.0,0.0025894208059020173
SLV,2025-10-01,0.0,0.012719513649692551
SRB,2025-10-01,0.0,0.0
STP,2025-10-01,0.0,0.0036333872311267567
SVK,2025-10-01,0.0,0.0
SVN,2025-10-01,0.0,0.0
SWE,2025-10-01,0.0,0.0
SWZ,2025-10-01,0.0,0.0042939074730321
SYC,2025-10-01,0.0,0.0
TCD,2025-10-01,0.0,0.7855142680615275
TGO,2025-10-01,0.0,0.002735859150467971
THA,2025-10-01,1.0,0.23804033282705986
TJK,2025-10-01,0.0,0.0024275650244776773
TKM,2025-10-01,0.0,0.0015535006808748417
TLS,2025-10-01,0.0,0.0042939074730321
TON,2025-10-01,0.0,0.005740843276293347
TTO,2025-10-01,0.0,0.0
TUN,2025-10-01,0.0,0.0047747115154132885
TUR,2025-10-01,0.0,0.029355722588717978
TZA,2025-10-01,0.0,0.06533102841114787
UGA,2025-10-01,0.0,0.6616319715827805
UKR,2025-10-01,0.0,0.23266835991810442
URY,2025-10-01,0.0,0.0018159552356637463
USA,2025-10-01,0.0,0.0013461605191019874
UZB,2025-10-01,0.0,0.0
VEN,2025-10-01,0.0,0.054683354928126926
VNM,2025-10-01,0.0,0.0015466551016913388
VUT,2025-10-01,0.0,0.006004483918077328
WSM,2025-10-01,0.0,0.0030393284598883965
YEM,2025-10-01,0.0,0.7770616467121139
ZAF,2025-10-01,0.0,0.0040880018417918775
ZMB,2025-10-01,0.0,0.0058056909547652335
ZWE,2025-10-01,0.0,0.032846391193119995
AFG,2025-11-01,0.0,0.39851645926007717
AGO,2025-11-01,0.0,0.00597004904257906
ALB,2025-11-01,0.0,0.0001549308575481831
ARE,2025-11-01,0.0,0.0
ARG,2025-11-01,0.0,0.0
ARM,2025-11-01,0.0,0.0049725729891088736
AUS,2025-11-01,0.0,0.0
AUT,2025-11-01,0.0,0.0
AZE,2025-11-01,0.0,0.12133820721932671
BDI,2025-11-01,0.0,0.016704703293636037
BEL,2025-11-01,0.0,0.0
BEN,2025-11-01,0.0,0.013448115989630548
BFA,2025-11-01,0.0,0.8619270552363417
BGD,2025-11-01,0.0,0.10763594886669141
BGR,2025-11-01,0.0,0.0
BHR,2025-11-01,0.0,0.0
BHS,2025-11-01,0.0,0.0
BIH,2025-11-01,0.0,0.0
BLR,2025-11-01,0.0,0.0
BLZ,2025-11-01,0.0,0.0127683621592865
BOL,2025-11-01,0.0,0.00405394824787801
BRA,2025-11-01,0.0,0.06364343831821294
BRB,2025-11-01,0.0,0.0
BRN,2025-11-01,0.0,0.0
BTN,2025-11-01,0.0,0.0
BWA,2025-11-01,0.0,0.0019174298577311069
CAF,2025-11-01,0.0,0.5983258346749191
CAN,2025-11-01,0.0,0.0
CHE,2025-11-01,0.0,0.0
CHL,2025-11-01,0.0,0.0001549308575481831
CHN,2025-11-01,0.0,0.0027915268025399463
CIV,2025-11-01,0.0,0.08806430407321755
CMR,2025-11-01,0.0,0.650758114552537
COL,2025-11-01,0.0,0.09765089994185694
COM,2025-11-01,0.0,0.0033444282972409332
CRI,2025-11-01,0.0,0.004647086199104858
CUB,2025-11-01,0.0,0.0001549308575481831
CYP,2025-11-01,0.0,0.0028581690944218664
CZE,2025-11-01,0.0,0.0
DEU,2025-11-01,0.0,0.00010662716052069058
DJI,2025-11-01,0.0,0.011512835774903448
DNK,2025-11-01,0.0,0.0
DOM,2025-11-01,0.0,0.0072466597854208325
DZA,2025-11-01,0.0,0.0
ECU,2025-11-01,0.0,0.05006529827637591
EGY,2025-11-01,0.0,0.11974309554593511
ERI,2025-11-01,0.0,0.006044959246372719
ESP,2025-11-01,0.0,0.0
EST,2025-11-01,0.0,0.0
FIN,2025-11-01,0.0,0.0
FJI,2025-11-01,0.0,0.0017889171046829922
FRA,2025-11-01,0.0,0.0001549308575481831
GAB,2025-11-01,0.0,0.0015149752731860888
GBR,2025-11-01,0.0,0.0
GEO,2025-11-01,0.0,0.004267638880933235
GHA,2025-11-01,0.0,0.030328339251784246
GIN,2025-11-01,0.0,0.007303079836097443
GMB,2025-11-01,0.0,0.007905222637222181
GNB,2025-11-01,0.0,0.005312213601071976
GNQ,2025-11-01,0.0,0.0009549761301636746
GRC,2025-11-01,0.0,0.0001549308575481831
GRD,2025-11-01,0.0,0.0
GTM,2025-11-01,0.0,0.006983678100298558
GUY,2025-11-01,0.0,0.0019174298577311069
HND,2025-11-01,0.0,0.028367956096791505
HRV,2025-11-01,0.0,0.0
HUN,2025-11-01,0.0,0.0
IDN,2025-11-01,0.0,0.03257470375397386
IND,2025-11-01,0.0,0.44202560730152096
IRL,2025-11-01,0.0,0.0
IRN,2025-11-01,0.0,0.26332475482808115
IRQ,2025-11-01,0.0,0.18310238742215484
ISL,2025-11-01,0.0,0.0
ISR,2025-11-01,0.0,0.1015974747778243
ITA,2025-11-01,0.0,0.0001549308575481831
JAM,2025-11-01,0.0,0.0001549308575481831
JOR,2025-11-01,0.0,0.008599546569690007
JPN,2025-11-01,0.0,0.0027915268025399463
KAZ,2025-11-01,0.0,0.0
KEN,2025-11-01,0.0,0.1427356951717634
KGZ,2025-11-01,0.0,0.0
KHM,2025-11-01,1.0,0.6416125130183679
KOR,2025-11-01,0.0,0.0001549308575481831
KWT,2025-11-01,0.0,0.0
LAO,2025-11-01,0.0,0.0
LBN,2025-11-01,0.0,0.07315597621137482
LBR,2025-11-01,0.0,0.004746539368221161
LBY,2025-11-01,0.0,0.019832613780108758
LKA,2025-11-01,0.0,0.0
LSO,2025-11-01,0.0,0.004595027287198357
LTU,2025-11-01,0.0,0.0
LUX,2025-11-01,0.0,0.0
LVA,2025-11-01,0.0,0.0028581690944218664
MAR,2025-11-01,0.0,0.0021232282545712014
MDA,2025-11-01,0.0,0.0061991217215262495
MDG,2025-11-01,0.0,0.002083981269884296
MDV,2025-11-01,0.0,0.0
MEX,2025-11-01,0.0,0.10071445685244046
MKD,2025-11-01,0.0,0.0
MLI,2025-11-01,0.0,0.7419839270673393
MLT,2025-11-01,0.0,0.0
MMR,2025-11-01,1.0,0.25695431667170054
MNE,2025-11-01,0.0,0.005038463809864489
MNG,2025-11-01,0.0,0.0
MRT,2025-11-01,0.0,0.00485899954908483
MUS,2025-11-01,0.0,0.0
MWI,2025-11-01,0.0,0.01804597214100232
MYS,2025-11-01,0.0,0.0
NAM,2025-11-01,0.0,0.009372706496116158
NER,2025-11-01,0.0,0.9118449280224175
NGA,2025-11-01,1.0,0.3428341233170553
NIC,2025-11-01,0.0,0.06227529086637686
NLD,2025-11-01,0.0,0.0001549308575481831
NOR,2025-11-01,0.0,0.0
NPL,2025-11-01,0.0,0.017855957090269645
NZL,2025-11-01,0.0,0.0
OMN,2025-11-01,0.0,0.0001549308575481831
PAK,2025-11-01,0.0,0.8715018121286343
PAN,2025-11-01,0.0,0.0018955442652036827
PER,2025-11-01,0.0,0.044465379958263884
PHL,2025-11-01,0.0,0.5949004690488997
PNG,2025-11-01,0.0,0.007970457911885866
POL,2025-11-01,0.0,0.0
PRK,2025-11-01,0.0,0.024629599809428568
PRT,2025-11-01,0.0,0.0
PRY,2025-11-01,0.0,0.0
QAT,2025-11-01,0.0,0.0
ROU,2025-11-01,0.0,0.0
RUS,2025-11-01,0.0,0.03413662345741139
RWA,2025-11-01,0.0,0.007905222637222181
SAU,2025-11-01,0.0,0.0001549308575481831
SEN,2025-11-01,0.0,0.0496747615326272
SGP,2025-11-01,0.0,0.0
SLB,2025-11-01,0.0,0.014539132534794084
SLE,2025-11-01,0.0,0.008266891172485363
SLV,2025-11-01,0.0,0.013160490620987151
SOM,2025-11-01,0.0,0.7198972407191306
SRB,2025-11-01,0.0,0.0
STP,2025-11-01,0.0,0.0007218687378740846
SVK,2025-11-01,0.0,0.0
SVN,2025-11-01,0.0,0.0
SWE,2025-11-01,0.0,0.0
SWZ,2025-11-01,0.0,0.00405394824787801
SYC,2025-11-01,0.0,0.0
TCD,2025-11-01,0.0,0.7986667032161183
TGO,2025-11-01,0.0,0.0012350109815219628
THA,2025-11-01,1.0,0.18971843550536593
TJK,2025-11-01,0.0,0.003207345916433438
TKM,2025-11-01,0.0,0.0015149752731860888
TLS,2025-11-01,0.0,0.00405394824787801
TON,2025-11-01,0.0,0.0061991217215262495
TTO,2025-11-01,0.0,0.0
TUN,2025-11-01,0.0,0.0021232282545712014
TUR,2025-11-01,0.0,0.038030940571685205
TZA,2025-11-01,0.0,0.06627463980049318
UGA,2025-11-01,0.0,0.2059443339332079
UKR,2025-11-01,0.0,0.21727550019901154
URY,2025-11-01,0.0,0.00010662716052069058
USA,2025-11-01,0.0,0.0001549308575481831
UZB,2025-11-01,0.0,0.0001549308575481831
VEN,2025-11-01,0.0,0.021844947051448113
VNM,2025-11-01,0.0,0.0022370582572454716
VUT,2025-11-01,0.0,0.017855957090269645
WSM,2025-11-01,0.0,0.00010662716052069058
YEM,2025-11-01,0.0,0.468410657092161
ZAF,2025-11-01,0.0,0.008161341147561526
ZMB,2025-11-01,0.0,0.00338367841131962
ZWE,2025-11-01,0.0,0.029149995234226234
AFG,2025-12-01,0.0,0.9282678736272869
AGO,2025-12-01,0.0,0.009853701715854098
ALB,2025-12-01,0.0,0.0
ARE,2025-12-01,0.0,0.0
ARG,2025-12-01,0.0,0.0
ARM,2025-12-01,0.0,0.0012337278106508865
AUS,2025-12-01,0.0,0.0
AUT,2025-12-01,0.0,0.0
AZE,2025-12-01,0.0,0.10451760083014623
BDI,2025-12-01,0.0,0.011626582083577128
BEL,2025-12-01,0.0,0.0
BEN,2025-12-01,0.0,0.009396112482203366
BFA,2025-12-01,0.0,0.9013300960542051
BGD,2025-12-01,0.0,0.10916777202024233
BGR,2025-12-01,0.0,0.0
BHR,2025-12-01,0.0,0.0
BHS,2025-12-01,0.0,0.0
BIH,2025-12-01,0.0,0.00021035946697252426
BLR,2025-12-01,0.0,0.0
BLZ,2025-12-01,0.0,0.014296880171386268
BOL,2025-12-01,0.0,0.0037427133417954127
BRA,2025-12-01,0.0,0.07765906034249853
BRB,2025-12-01,0.0,0.0
BRN,2025-12-01,0.0,0.0
BTN,2025-12-01,0.0,0.0
BWA,2025-12-01,0.0,0.0
CAF,2025-12-01,0.0,0.5889040356513613
CAN,2025-12-01,0.0,0.0
CHE,2025-12-01,0.0,0.0
CHL,2025-12-01,0.0,0.0
CHN,2025-12-01,0.0,0.0
CIV,2025-12-01,0.0,0.04951907187063721
CMR,2025-12-01,0.0,0.6143513114643325
COL,2025-12-01,0.0,0.11959154313555119
COM,2025-12-01,0.0,0.00806864544362714
CRI,2025-12-01,0.0,0.004656148677520286
CUB,2025-12-01,0.0,0.0
CYP,2025-12-01,0.0,0.0009736764489013414
CZE,2025-12-01,0.0,0.0
DEU,2025-12-01,0.0,0.0
DJI,2025-12-01,0.0,0.013143027908406095
DNK,2025-12-01,0.0,0.0
DOM,2025-12-01,0.0,0.00853011277134965
DZA,2025-12-01,0.0,0.0
ECU,2025-12-01,0.0,0.05402439557622243
EGY,2025-12-01,0.0,0.11770274261318506
ERI,2025-12-01,0.0,0.00806864544362714
ESP,2025-12-01,0.0,0.0
EST,2025-12-01,0.0,0.0
ETH,2025-12-01,0.0,0.9369876082434335
FIN,2025-12-01,0.0,0.0
FJI,2025-12-01,0.0,0.0
FRA,2025-12-01,0.0,0.0
GAB,2025-12-01,0.0,0.004568299003617134
GBR,2025-12-01,0.0,0.0
GEO,2025-12-01,0.0,0.0036917285528107547
GHA,2025-12-01,0.0,0.01826366130902197
GIN,2025-12-01,0.0,0.00806864544362714
GMB,2025-12-01,0.0,0.00445958728919709
GNB,2025-12-01,0.0,0.0021630298550992964
GNQ,2025-12-01,0.0,0.003956063567680468
GRC,2025-12-01,0.0,0.0
GRD,2025-12-01,0.0,0.0
GTM,2025-12-01,0.0,0.004881737483287546
GUY,2025-12-01,0.0,0.0014238731938753522
HND,2025-12-01,0.0,0.016229262886578156
HRV,2025-12-01,0.0,0.0
HTI,2025-12-01,0.0,0.9271831442891366
HUN,2025-12-01,0.0,0.0
IDN,2025-12-01,0.0,0.04565002100203694
IND,2025-12-01,0.0,0.03110574103028786
IRL,2025-12-01,0.0,0.0
IRN,2025-12-01,1.0,0.2873044434173088
IRQ,2025-12-01,0.0,0.19515056871276426
ISL,2025-12-01,0.0,0.0
ISR,2025-12-01,0.0,0.1448190140804344
ITA,2025-12-01,0.0,0.0
JAM,2025-12-01,0.0,0.0
JOR,2025-12-01,0.0,0.011192807544192053
JPN,2025-12-01,0.0,0.0
KAZ,2025-12-01,0.0,0.0
KEN,2025-12-01,0.0,0.1373244700391332
KGZ,2025-12-01,0.0,0.0
KHM,2025-12-01,0.0,0.7380432142367118
KOR,2025-12-01,0.0,0.0
KWT,2025-12-01,0.0,0.0
LAO,2025-12-01,0.0,0.00021035946697252426
LBN,2025-12-01,0.0,0.09935934958654745
LBR,2025-12-01,0.0,0.006420687772599626
LBY,2025-12-01,0.0,0.12404130035450195
LKA,2025-12-01,0.0,0.0
LSO,2025-12-01,0.0,0.0021630298550992964
LTU,2025-12-01,0.0,0.0
LUX,2025-12-01,0.0,0.0
LVA,2025-12-01,0.0,0.0009736764489013414
MAR,2025-12-01,0.0,0.0017407792500088808
MDA,2025-12-01,0.0,0.0054823501388436505
MDG,2025-12-01,0.0,0.004928144462519614
MDV,2025-12-01,0.0,0.0
MEX,2025-12-01,0.0,0.1434432381096388
MKD,2025-12-01,0.0,0.0
MLI,2025-12-01,0.0,0.7194194114706017
MLT,2025-12-01,0.0,0.0
MNE,2025-12-01,0.0,0.00387073134984611
MNG,2025-12-01,0.0,0.0
MRT,2025-12-01,0.0,0.007884742178187616
MUS,2025-12-01,0.0,0.0
MWI,2025-12-01,0.0,0.024627653994832056
MYS,2025-12-01,0.0,0.0
NAM,2025-12-01,0.0,0.005056524623208503
NER,2025-12-01,0.0,0.8909179741964074
NGA,2025-12-01,1.0,0.38236418925264154
NIC,2025-12-01,0.0,0.06889447199934588
NLD,2025-12-01,0.0,0.0
NOR,2025-12-01,0.0,0.0
NPL,2025-12-01,0.0,0.009089011520048741
NZL,2025-12-01,0.0,0.0
OMN,2025-12-01,0.0,0.0
PAK,2025-12-01,0.0,0.8847353470068786
PAN,2025-12-01,0.0,0.0012337278106508865
PER,2025-12-01,0.0,0.025565567534545044
PHL,2025-12-01,0.0,0.5829279864260757
PNG,2025-12-01,0.0,0.012428841372281675
POL,2025-12-01,0.0,0.0
PRK,2025-12-01,0.0,0.01643625750760394
PRT,2025-12-01,0.0,0.0
PRY,2025-12-01,0.0,0.0
QAT,2025-12-01,0.0,0.0
ROU,2025-12-01,0.0,0.0
RUS,2025-12-01,0.0,0.004730008059460911
RWA,2025-12-01,0.0,0.0017076283028683132
SAU,2025-12-01,0.0,0.0
SEN,2025-12-01,0.0,0.03643500254949123
SGP,2025-12-01,0.0,0.0
SLB,2025-12-01,0.0,0.01743886592288891
SLE,2025-12-01,0.0,0.0021630298550992964
SLV,2025-12-01,0.0,0.011668628383245245
SOM,2025-12-01,0.0,0.19492745337544343
SRB,2025-12-01,0.0,0.0
STP,2025-12-01,0.0,0.00021035946697252426
SVK,2025-12-01,0.0,0.0
SVN,2025-12-01,0.0,0.0
SWE,2025-12-01,0.0,0.0
SWZ,2025-12-01,0.0,0.0031457760077840003
SYC,2025-12-01,0.0,0.0
TCD,2025-12-01,0.0,0.8074556175116512
TGO,2025-12-01,0.0,0.0021754838783611045
THA,2025-12-01,0.0,0.1773371790608587
TJK,2025-12-01,0.0,0.0017609933337569394
TKM,2025-12-01,0.0,0.003956063567680468
TLS,2025-12-01,0.0,0.0031457760077840003
TON,2025-12-01,0.0,0.0054823501388436505
TTO,2025-12-01,0.0,0.0
TUN,2025-12-01,0.0,0.0017407792500088808
TUR,2025-12-01,0.0,0.02124584264990799
TZA,2025-12-01,0.0,0.05127559509300741
UGA,2025-12-01,0.0,0.2221066965263157
UKR,2025-12-01,0.0,0.18787570416531804
URY,2025-12-01,0.0,0.0
USA,2025-12-01,0.0,0.0
UZB,2025-12-01,0.0,0.0
VEN,2025-12-01,0.0,0.022402721759280948
VNM,2025-12-01,0.0,0.0
VUT,2025-12-01,0.0,0.009089011520048741
WSM,2025-12-01,0.0,0.0
YEM,2025-12-01,0.0,0.45358986683899827
ZAF,2025-12-01,0.0,0.009792990484008527
ZMB,2025-12-01,0.0,0.008378076229889016
ZWE,2025-12-01,0.0,0.017847109480077956
AFG,2026-01-01,1.0,0.9158051361214359
AGO,2026-01-01,0.0,0.01827749791337219
ALB,2026-01-01,0.0,0.0005578484629828324
ARE,2026-01-01,0.0,0.0
ARG,2026-01-01,0.0,0.0
ARM,2026-01-01,0.0,0.001994244882987138
AUS,2026-01-01,0.0,0.0
AUT,2026-01-01,0.0,0.0
AZE,2026-01-01,0.0,0.15257560450790092
BDI,2026-01-01,0.0,0.030564114830654462
BEL,2026-01-01,0.0,0.0
BEN,2026-01-01,0.0,0.006168456869269836
BFA,2026-01-01,0.0,0.9023332532165103
BGD,2026-01-01,0.0,0.12452380457728877
BGR,2026-01-01,0.0,0.0
BHR,2026-01-01,0.0,0.0
BHS,2026-01-01,0.0,0.0
BIH,2026-01-01,0.0,0.0011293946658665203
BLR,2026-01-01,0.0,0.0
BLZ,2026-01-01,0.0,0.016484238808244026
BOL,2026-01-01,0.0,0.003603971622930752
BRA,2026-01-01,0.0,0.09212488056548067
BRB,2026-01-01,0.0,0.0
BRN,2026-01-01,0.0,0.0
BTN,2026-01-01,0.0,9.523866178080039e-05
BWA,2026-01-01,0.0,0.0008277271094177005
CAF,2026-01-01,0.0,0.31979369010133285
CAN,2026-01-01,0.0,0.0
CHE,2026-01-01,0.0,0.0
CHL,2026-01-01,0.0,0.0
CHN,2026-01-01,0.0,0.0016882712788247052
CIV,2026-01-01,0.0,0.044565598254713124
CMR,2026-01-01,0.0,0.6243636821160955
COL,2026-01-01,0.0,0.10552803177931896
COM,2026-01-01,0.0,0.0019486379231612855
CRI,2026-01-01,0.0,0.0010597467891918719
CUB,2026-01-01,0.0,0.0
CYP,2026-01-01,0.0,0.0007643920314159811
CZE,2026-01-01,0.0,0.0
DEU,2026-01-01,0.0,0.0
DJI,2026-01-01,0.0,0.020702703434334658
DNK,2026-01-01,0.0,0.0
DOM,2026-01-01,0.0,0.00879922209939903
DZA,2026-01-01,0.0,9.523866178080039e-05
ECU,2026-01-01,0.0,0.07193850519588395
EGY,2026-01-01,0.0,0.12495810674629354
ERI,2026-01-01,0.0,0.006118941925194639
ESP,2026-01-01,0.0,0.0
EST,2026-01-01,0.0,0.0
ETH,2026-01-01,0.0,0.9314454658353314
FIN,2026-01-01,0.0,0.0
FJI,2026-01-01,0.0,0.00029535475777589076
FRA,2026-01-01,0.0,0.0
GAB,2026-01-01,0.0,0.0019486379231612855
GBR,2026-01-01,0.0,0.0
GEO,2026-01-01,0.0,0.0012905867333156608
GHA,2026-01-01,0.0,0.01079455110568734
GIN,2026-01-01,0.0,0.004064797711697073
GMB,2026-01-01,0.0,0.010460964748037456
GNB,2026-01-01,0.0,0.005248957773202889
GNQ,2026-01-01,0.0,0.0014224432212616058
GRC,2026-01-01,0.0,0.0
GRD,2026-01-01,0.0,0.0
GTM,2026-01-01,0.0,0.015264066432788518
GUY,2026-01-01,0.0,0.0016555893677662002
HND,2026-01-01,0.0,0.02438414652967634
HRV,2026-01-01,0.0,0.0
HTI,2026-01-01,0.0,0.9150740011392711
HUN,2026-01-01,0.0,0.0
IDN,2026-01-01,0.0,0.03347409145920784
IND,2026-01-01,0.0,0.027973121364031756
IRL,2026-01-01,0.0,0.0
IRN,2026-01-01,1.0,0.6442622617526572
IRQ,2026-01-01,0.0,0.1544475129101168
ISL,2026-01-01,0.0,0.0
ISR,2026-01-01,0.0,0.003077827366799157
ITA,2026-01-01,0.0,0.0
JAM,2026-01-01,0.0,0.0
JOR,2026-01-01,0.0,0.006470830235271564
JPN,2026-01-01,0.0,0.0
KAZ,2026-01-01,0.0,0.0
KEN,2026-01-01,0.0,0.17293061770937398
KGZ,2026-01-01,0.0,9.523866178080039e-05
KHM,2026-01-01,0.0,0.8500148141641336
KOR,2026-01-01,0.0,0.0
KWT,2026-01-01,0.0,0.0
LAO,2026-01-01,0.0,0.0016555893677662002
LBN,2026-01-01,1.0,0.14024039409274244
LBR,2026-01-01,0.0,0.019752803398995947
LBY,2026-01-01,0.0,0.13414257169015883
LKA,2026-01-01,0.0,0.0549367869256861
LSO,2026-01-01,0.0,0.004005215180271473
LTU,2026-01-01,0.0,0.0
LUX,2026-01-01,0.0,0.0
LVA,2026-01-01,0.0,0.0007643920314159811
MAR,2026-01-01,0.0,0.0034903961139228974
MDA,2026-01-01,0.0,0.003482918170114183
MDG,2026-01-01,0.0,0.004518617786449743
MDV,2026-01-01,0.0,0.0
MEX,2026-01-01,0.0,0.15638999668544423
MKD,2026-01-01,0.0,0.0
MLI,2026-01-01,0.0,0.7263057003565967
MLT,2026-01-01,0.0,0.0
MMR,2026-01-01,0.0,0.48269291464652686
MNE,2026-01-01,0.0,0.0007643920314159811
MNG,2026-01-01,0.0,0.0008277271094177005
MOZ,2026-01-01,0.0,0.4308886472218404
MRT,2026-01-01,0.0,0.00828769895482557
MUS,2026-01-01,0.0,0.0
MWI,2026-01-01,0.0,0.0141763016992069
MYS,2026-01-01,0.0,0.0
NAM,2026-01-01,0.0,0.010460964748037456
NER,2026-01-01,0.0,0.8582238709614874
NIC,2026-01-01,0.0,0.06360843243476198
NLD,2026-01-01,0.0,0.0
NOR,2026-01-01,0.0,0.0
NPL,2026-01-01,0.0,0.01344111198577562
NZL,2026-01-01,0.0,0.0
OMN,2026-01-01,0.0,0.0005578484629828324
PAK,2026-01-01,0.0,0.8680356410442543
PAN,2026-01-01,0.0,0.001379397922658403
PER,2026-01-01,0.0,0.04989250793018676
PHL,2026-01-01,0.0,0.512002389923105
PNG,2026-01-01,0.0,0.005997957365062316
POL,2026-01-01,0.0,0.0
PRK,2026-01-01,0.0,0.020467981612481215
PRT,2026-01-01,0.0,0.0
PRY,2026-01-01,0.0,9.523866178080039e-05
QAT,2026-01-01,0.0,0.0
ROU,2026-01-01,0.0,0.0
RUS,2026-01-01,0.0,0.0379180746162834
RWA,2026-01-01,0.0,0.009846117787708723
SAU,2026-01-01,0.0,0.0
SEN,2026-01-01,0.0,0.025330599480358307
SGP,2026-01-01,0.0,0.0
SLB,2026-01-01,0.0,0.016863881002797832
SLE,2026-01-01,0.0,0.006750270601409942
SLV,2026-01-01,0.0,0.02335105616443649
SOM,2026-01-01,0.0,0.1880506808559743
SRB,2026-01-01,0.0,0.0
STP,2026-01-01,0.0,0.0011293946658665203
SVK,2026-01-01,0.0,0.0
SVN,2026-01-01,0.0,0.0
SWE,2026-01-01,0.0,0.0
SWZ,2026-01-01,0.0,0.002989124662602018
SYC,2026-01-01,0.0,0.0
SYR,2026-01-01,0.0,0.49034513278327635
TCD,2026-01-01,0.0,0.19819909711535474
TGO,2026-01-01,0.0,0.003167904886761899
THA,2026-01-01,0.0,0.7882923676076122
TJK,2026-01-01,0.0,0.0033231410704967564
TKM,2026-01-01,0.0,0.0014224432212616058
TLS,2026-01-01,0.0,0.002989124662602018
TON,2026-01-01,0.0,0.0040091128720138635
TTO,2026-01-01,0.0,0.0
TUN,2026-01-01,0.0,0.002349354451694483
TUR,2026-01-01,0.0,0.03442874054235665
TZA,2026-01-01,0.0,0.07760297075939933
UGA,2026-01-01,0.0,0.19466607774680028
UKR,2026-01-01,0.0,0.19432984290651048
URY,2026-01-01,0.0,0.0
USA,2026-01-01,0.0,0.0
UZB,2026-01-01,0.0,0.0
VEN,2026-01-01,0.0,0.03909519415844863
VNM,2026-01-01,0.0,0.001698890125211247
VUT,2026-01-01,0.0,0.01344111198577562
WSM,2026-01-01,0.0,9.523866178080039e-05
YEM,2026-01-01,0.0,0.8247274147354553
ZAF,2026-01-01,0.0,0.008977729451748226
ZMB,2026-01-01,0.0,0.010156485537401817
ZWE,2026-01-01,0.0,0.03175789064162832
AFG,2026-02-01,1.0,0.8994536043123125
AGO,2026-02-01,0.0,0.0052016302872775365
ALB,2026-02-01,0.0,0.0004752769045450579
ARE,2026-02-01,0.0,0.0
ARG,2026-02-01,0.0,0.0
ARM,2026-02-01,0.0,0.0035854004201997646
AUS,2026-02-01,0.0,0.0
AUT,2026-02-01,0.0,0.0
AZE,2026-02-01,0.0,0.14785638602365528
BDI,2026-02-01,0.0,0.01001429975358323
BEL,2026-02-01,0.0,0.0
BEN,2026-02-01,0.0,0.0027843071437157235
BFA,2026-02-01,0.0,0.8756900381567327
BGD,2026-02-01,0.0,0.12627778515299473
BGR,2026-02-01,0.0,0.0
BHR,2026-02-01,0.0,0.0
BHS,2026-02-01,0.0,0.0
BIH,2026-02-01,0.0,0.001066341939452671
BLR,2026-02-01,0.0,0.0
BLZ,2026-02-01,0.0,0.01614007205500979
BOL,2026-02-01,0.0,0.005866150767440967
BRA,2026-02-01,0.0,0.05952738416621388
BRB,2026-02-01,0.0,0.0
BRN,2026-02-01,0.0,0.0
BTN,2026-02-01,0.0,0.0
BWA,2026-02-01,0.0,0.0026284013821053797
CAF,2026-02-01,0.0,0.5731524285805992
CAN,2026-02-01,0.0,0.0
CHE,2026-02-01,0.0,0.0
CHL,2026-02-01,0.0,0.00048172213354932727
CHN,2026-02-01,0.0,0.004300367607965857
CIV,2026-02-01,0.0,0.03985620388797437
CMR,2026-02-01,0.0,0.5828505360632046
COD,2026-02-01,0.0,0.7405637467156483
COL,2026-02-01,0.0,0.1415463432256718
COM,2026-02-01,0.0,0.0027435385198334426
CRI,2026-02-01,0.0,0.0015503644155038954
CUB,2026-02-01,0.0,0.0
CYP,2026-02-01,0.0,0.0
CZE,2026-02-01,0.0,0.0
DEU,2026-02-01,0.0,0.0
DJI,2026-02-01,0.0,0.014077316877613457
DNK,2026-02-01,0.0,0.0
DOM,2026-02-01,0.0,0.010214841112634971
DZA,2026-02-01,0.0,0.0004752769045450579
ECU,2026-02-01,0.0,0.07254404713868144
EGY,2026-02-01,0.0,0.12264135939820175
ERI,2026-02-01,0.0,0.006828742691655962
ESP,2026-02-01,0.0,0.0
EST,2026-02-01,0.0,0.0
ETH,2026-02-01,0.0,0.9403186861509518
FIN,2026-02-01,0.0,0.0
FJI,2026-02-01,0.0,0.00048172213354932727
FRA,2026-02-01,0.0,0.0
GAB,2026-02-01,0.0,0.002387713834482149
GBR,2026-02-01,0.0,0.0
GEO,2026-02-01,0.0,0.007177789627708415
GHA,2026-02-01,0.0,0.0119568350083712
GIN,2026-02-01,0.0,0.0037673798393020623
GMB,2026-02-01,0.0,0.0022144590933784584
GNB,2026-02-01,0.0,0.0047669863523921935
GNQ,2026-02-01,0.0,0.002387713834482149
GRC,2026-02-01,0.0,0.0
GRD,2026-02-01,0.0,0.0
GTM,2026-02-01,0.0,0.008708621699666502
GUY,2026-02-01,0.0,0.0026284013821053797
HND,2026-02-01,0.0,0.0372406026966576
HRV,2026-02-01,0.0,0.0
HTI,2026-02-01,0.0,0.9268308449053554
HUN,2026-02-01,0.0,0.0
IDN,2026-02-01,0.0,0.02651863047427788
IND,2026-02-01,0.0,0.46877826014059765
IRL,2026-02-01,0.0,0.0
IRQ,2026-02-01,0.0,0.2297137434036375
ISL,2026-02-01,0.0,0.0
ISR,2026-02-01,0.0,0.0
ITA,2026-02-01,0.0,0.0
JAM,2026-02-01,0.0,0.0
JOR,2026-02-01,0.0,0.0007105172541013772
JPN,2026-02-01,0.0,0.0
KAZ,2026-02-01,0.0,0.0
KEN,2026-02-01,0.0,0.1492529109649255
KGZ,2026-02-01,0.0,0.0004752769045450579
KHM,2026-02-01,0.0,0.8527760678540709
KOR,2026-02-01,0.0,0.0
KWT,2026-02-01,0.0,0.0
LAO,2026-02-01,0.0,0.0
LBN,2026-02-01,1.0,0.13248160926605565
LBR,2026-02-01,0.0,0.0052016302872775365
LBY,2026-02-01,0.0,0.12600801573054485
LKA,2026-02-01,0.0,0.07
LSO,2026-02-01,0.0,0.0015039418392770814
LTU,2026-02-01,0.0,0.0
LUX,2026-02-01,0.0,0.0
LVA,2026-02-01,0.0,0.0
MAR,2026-02-01,0.0,0.0
MDA,2026-02-01,0.0,0.001066341939452671
MDG,2026-02-01,0.0,0.00016929091833808778
MDV,2026-02-01,0.0,0.0
MEX,2026-02-01,0.0,0.2023197056060424
MKD,2026-02-01,0.0,0.0
MLI,2026-02-01,0.0,0.7645708159036753
MLT,2026-02-01,0.0,0.0
MMR,2026-02-01,0.0,0.3213313919247567
MNE,2026-02-01,0.0,0.0
MNG,2026-02-01,0.0,0.0
MOZ,2026-02-01,0.0,0.9423081222967667
MRT,2026-02-01,0.0,0.0027843071437157235
MUS,2026-02-01,0.0,0.0
MWI,2026-02-01,0.0,0.007906781882309245
MYS,2026-02-01,0.0,0.0
NAM,2026-02-01,0.0,0.003238300412847078
NER,2026-02-01,0.0,0.8798677841790382
NIC,2026-02-01,0.0,0.05304142932010186
NLD,2026-02-01,0.0,0.0
NOR,2026-02-01,0.0,0.0
NPL,2026-02-01,0.0,0.004887140838586701
NZL,2026-02-01,0.0,0.0
OMN,2026-02-01,0.0,0.0004752769045450579
PAK,2026-02-01,0.0,0.8835177112850178
PAN,2026-02-01,0.0,0.002023340977547056
PER,2026-02-01,0.0,0.04028283656118813
PHL,2026-02-01,0.0,0.6357373974055964
PNG,2026-02-01,0.0,0.00615566748105885
POL,2026-02-01,0.0,0.0
PRK,2026-02-01,0.0,0.01836061588582691
PRT,2026-02-01,0.0,0.0
PRY,2026-02-01,0.0,0.0
PSE,2026-02-01,0.0,0.25024925563149625
QAT,2026-02-01,0.0,0.0
ROU,2026-02-01,0.0,0.0
RUS,2026-02-01,0.0,0.0672991282336389
RWA,2026-02-01,0.0,0.0022144590933784584
SAU,2026-02-01,0.0,0.0
SDN,2026-02-01,0.0,0.8369617340804824
SEN,2026-02-01,0.0,0.0199111614227882
SGP,2026-02-01,0.0,0.0
SLB,2026-02-01,0.0,0.018104666967731654
SLE,2026-02-01,0.0,0.0047669863523921935
SLV,2026-02-01,0.0,0.0165276459724681
SOM,2026-02-01,0.0,0.6654548594458096
SRB,2026-02-01,0.0,0.0
SSD,2026-02-01,0.0,0.22816412973708405
STP,2026-02-01,0.0,0.001066341939452671
SVK,2026-02-01,0.0,0.0
SVN,2026-02-01,0.0,0.0
SWE,2026-02-01,0.0,0.0
SWZ,2026-02-01,0.0,0.001066341939452671
SYC,2026-02-01,0.0,0.0
SYR,2026-02-01,0.0,0.7597092060511877
TCD,2026-02-01,0.0,0.3485632217434642
TGO,2026-02-01,0.0,0.00016929091833808778
THA,2026-02-01,0.0,0.8059917074312378
TJK,2026-02-01,0.0,0.0015480640730019984
TKM,2026-02-01,0.0,0.002387713834482149
TLS,2026-02-01,0.0,0.001066341939452671
TON,2026-02-01,0.0,0.0015416188439977292
TTO,2026-02-01,0.0,0.0
TUN,2026-02-01,0.0,0.0
TUR,2026-02-01,0.0,0.030927122691309362
TZA,2026-02-01,0.0,0.042300198109505666
UGA,2026-02-01,0.0,0.14604801001419618
UKR,2026-02-01,0.0,0.2559746090697852
URY,2026-02-01,0.0,0.0
USA,2026-02-01,0.0,0.0
UZB,2026-02-01,0.0,0.0
VEN,2026-02-01,0.0,0.03588334929015773
VNM,2026-02-01,0.0,0.0
VUT,2026-02-01,0.0,0.007826211934420381
WSM,2026-02-01,0.0,0.001066341939452671
YEM,2026-02-01,0.0,0.7923926152655781
ZAF,2026-02-01,0.0,0.0030919832595016246
ZMB,2026-02-01,0.0,0.0022144590933784584
ZWE,2026-02-01,0.0,0.022613215562392333
