iso3,month,y_true,y_prob
AFG,2024-03-01,0.0,0.15851032822166083
AGO,2024-03-01,0.0,0.0
ALB,2024-03-01,0.0,0.029062656293465973
ARE,2024-03-01,0.0,0.0
ARG,2024-03-01,0.0,0.0
ARM,2024-03-01,0.0,0.0
AUS,2024-03-01,0.0,0.0
AUT,2024-03-01,0.0,0.0
AZE,2024-03-01,0.0,0.02831189270671729
BDI,2024-03-01,0.0,0.004073366701791357
BEL,2024-03-01,0.0,0.0
BEN,2024-03-01,0.0,0.0
BFA,2024-03-01,1.0,0.8205107512839342
BGD,2024-03-01,0.0,0.0007186011386081103
BGR,2024-03-01,0.0,0.0
BHR,2024-03-01,0.0,0.0
BHS,2024-03-01,0.0,0.0
BIH,2024-03-01,0.0,0.0
BLR,2024-03-01,0.0,0.0
BLZ,2024-03-01,0.0,0.0010590934776280444
BOL,2024-03-01,0.0,0.0010590934776280444
BRA,2024-03-01,0.0,0.02821362299796864
BRB,2024-03-01,0.0,0.0
BRN,2024-03-01,0.0,0.0
BTN,2024-03-01,0.0,0.0017462871985995847
BWA,2024-03-01,0.0,0.0
CAF,2024-03-01,0.0,0.5967197850536887
CAN,2024-03-01,0.0,0.0
CHE,2024-03-01,0.0,0.0
CHL,2024-03-01,0.0,0.006587247813524662
CHN,2024-03-01,0.0,0.0033654170457983524
CIV,2024-03-01,0.0,0.0
CMR,2024-03-01,0.0,0.5617013984692529
COL,2024-03-01,0.0,0.0029888257752253415
COM,2024-03-01,0.0,0.0
CRI,2024-03-01,0.0,0.007201751041214008
CUB,2024-03-01,0.0,0.0
CYP,2024-03-01,0.0,0.0
CZE,2024-03-01,0.0,0.0
DEU,2024-03-01,0.0,0.0
DJI,2024-03-01,0.0,0.0003160740384910216
DNK,2024-03-01,0.0,0.0
DOM,2024-03-01,0.0,0.09446986719006407
DZA,2024-03-01,0.0,0.008840841654212518
ECU,2024-03-01,0.0,0.06533923995092332
EGY,2024-03-01,0.0,0.0005851411055713765
ERI,2024-03-01,0.0,0.025544339235237627
ESP,2024-03-01,0.0,0.0
EST,2024-03-01,0.0,0.0
FIN,2024-03-01,0.0,0.0
FJI,2024-03-01,0.0,0.0
FRA,2024-03-01,0.0,0.0
GAB,2024-03-01,0.0,0.0
GBR,2024-03-01,0.0,0.0
GEO,2024-03-01,0.0,0.0
GHA,2024-03-01,0.0,0.0
GIN,2024-03-01,0.0,0.004318792133236039
GMB,2024-03-01,0.0,0.0
GNB,2024-03-01,0.0,0.0
GNQ,2024-03-01,0.0,0.0
GRC,2024-03-01,0.0,0.0
GRD,2024-03-01,0.0,0.0
GTM,2024-03-01,0.0,0.0003160740384910216
GUY,2024-03-01,0.0,0.0
HND,2024-03-01,0.0,0.0017529191701621135
HRV,2024-03-01,0.0,0.0
HUN,2024-03-01,0.0,0.0
IDN,2024-03-01,0.0,0.006582720425800385
IND,2024-03-01,0.0,0.008759170133636062
IRL,2024-03-01,0.0,0.0
IRN,2024-03-01,0.0,0.0025672248393747753
IRQ,2024-03-01,0.0,0.18411760241866723
ISL,2024-03-01,0.0,0.0
ISR,2024-03-01,0.0,0.8096121887125274
ITA,2024-03-01,0.0,0.0
JAM,2024-03-01,0.0,0.0
JOR,2024-03-01,0.0,0.006766254778403157
JPN,2024-03-01,0.0,0.0
KAZ,2024-03-01,0.0,0.0
KEN,2024-03-01,0.0,0.14693966955232046
KGZ,2024-03-01,0.0,0.0035505988763031315
KHM,2024-03-01,0.0,0.0003160740384910216
KOR,2024-03-01,0.0,0.0
KWT,2024-03-01,0.0,0.0
LAO,2024-03-01,0.0,0.0
LBN,2024-03-01,0.0,0.8295060868197593
LBR,2024-03-01,0.0,0.0
LBY,2024-03-01,0.0,0.0
LKA,2024-03-01,0.0,0.006421144807579616
LSO,2024-03-01,0.0,0.0
LTU,2024-03-01,0.0,0.0
LUX,2024-03-01,0.0,0.0
LVA,2024-03-01,0.0,0.0
MAR,2024-03-01,0.0,0.0013156845543034084
MDA,2024-03-01,0.0,0.0005851411055713765
MDG,2024-03-01,0.0,0.0003160740384910216
MDV,2024-03-01,0.0,0.0
MEX,2024-03-01,0.0,0.0016170063041032398
MKD,2024-03-01,0.0,0.0
MLT,2024-03-01,0.0,0.0
MNE,2024-03-01,0.0,0.0
MNG,2024-03-01,0.0,0.0
MRT,2024-03-01,0.0,0.0
MUS,2024-03-01,0.0,0.0
MWI,2024-03-01,0.0,0.0
MYS,2024-03-01,0.0,0.0
NAM,2024-03-01,0.0,0.0
NER,2024-03-01,0.0,0.9392818802652212
NIC,2024-03-01,0.0,0.0043647267299703
NLD,2024-03-01,0.0,0.0
NOR,2024-03-01,0.0,0.0
NPL,2024-03-01,0.0,0.0003160740384910216
NZL,2024-03-01,0.0,0.0
OMN,2024-03-01,0.0,0.0
PAK,2024-03-01,0.0,0.02158515005764015
PAN,2024-03-01,0.0,0.025528036664101365
PER,2024-03-01,0.0,0.007430209756715767
PHL,2024-03-01,0.0,0.8430403956006488
PNG,2024-03-01,0.0,0.0
POL,2024-03-01,0.0,0.0
PRK,2024-03-01,0.0,0.0
PRT,2024-03-01,0.0,0.0
PRY,2024-03-01,0.0,0.0
PSE,2024-03-01,0.0,0.8290974512625365
QAT,2024-03-01,0.0,0.0
ROU,2024-03-01,0.0,0.0
RUS,2024-03-01,0.0,0.5464722784693559
RWA,2024-03-01,0.0,0.0017529191701621135
SAU,2024-03-01,0.0,0.003917780452270856
SDN,2024-03-01,0.0,0.9093343697549886
SEN,2024-03-01,0.0,0.0
SGP,2024-03-01,0.0,0.0
SLB,2024-03-01,0.0,0.0003160740384910216
SLE,2024-03-01,0.0,0.0
SLV,2024-03-01,0.0,0.010275460642759592
SRB,2024-03-01,0.0,0.0
STP,2024-03-01,0.0,0.0
SVK,2024-03-01,0.0,0.0
SVN,2024-03-01,0.0,0.0
SWE,2024-03-01,0.0,0.0
SWZ,2024-03-01,0.0,0.0
SYC,2024-03-01,0.0,0.0
SYR,2024-03-01,0.0,0.8984586417034092
TCD,2024-03-01,0.0,0.541466705179482
TGO,2024-03-01,0.0,0.0
THA,2024-03-01,0.0,0.0040136433514396325
TJK,2024-03-01,0.0,0.0013751675161190657
TKM,2024-03-01,0.0,0.0
TLS,2024-03-01,0.0,0.0
TON,2024-03-01,0.0,0.004998986126480635
TTO,2024-03-01,0.0,0.0
TUN,2024-03-01,0.0,0.001804311677703547
TUR,2024-03-01,0.0,0.0012634825951952891
TZA,2024-03-01,0.0,0.004022271765050294
UGA,2024-03-01,0.0,0.42448156969944806
UKR,2024-03-01,1.0,0.00879772493232027
URY,2024-03-01,0.0,0.0
USA,2024-03-01,0.0,0.0015757801194382758
UZB,2024-03-01,0.0,0.0005851411055713765
VEN,2024-03-01,0.0,0.0
VNM,2024-03-01,0.0,0.015122354799038553
VUT,2024-03-01,0.0,0.0013751675161190657
WSM,2024-03-01,0.0,0.0017462871985995847
YEM,2024-03-01,0.0,0.3366121107416105
ZAF,2024-03-01,0.0,0.008442204737807678
ZMB,2024-03-01,0.0,0.0
ZWE,2024-03-01,0.0,0.0
AFG,2024-04-01,0.0,0.10804996502346788
AGO,2024-04-01,0.0,0.0
ALB,2024-04-01,0.0,0.01993268409153443
ARE,2024-04-01,0.0,0.0
ARG,2024-04-01,0.0,0.0
ARM,2024-04-01,0.0,0.0030986254732178913
AUS,2024-04-01,0.0,0.0
AUT,2024-04-01,0.0,0.0
AZE,2024-04-01,0.0,0.010893156702671465
BDI,2024-04-01,0.0,0.00789628789985948
BEL,2024-04-01,0.0,0.0
BEN,2024-04-01,0.0,0.0
BFA,2024-04-01,1.0,0.8216911839538311
BGD,2024-04-01,0.0,0.004718394699194336
BGR,2024-04-01,0.0,0.0
BHR,2024-04-01,0.0,0.0
BHS,2024-04-01,0.0,0.0
BIH,2024-04-01,0.0,0.0
BLR,2024-04-01,0.0,0.0
BLZ,2024-04-01,0.0,0.0007435952202959438
BOL,2024-04-01,0.0,0.0
BRA,2024-04-01,0.0,0.011024310208076349
BRB,2024-04-01,0.0,0.0
BRN,2024-04-01,0.0,0.0
BTN,2024-04-01,0.0,0.002107307394827992
BWA,2024-04-01,0.0,0.0
CAF,2024-04-01,0.0,0.5752850697209668
CAN,2024-04-01,0.0,0.0
CHE,2024-04-01,0.0,0.0
CHL,2024-04-01,0.0,0.0016625102804234198
CHN,2024-04-01,0.0,0.001877427385421941
CIV,2024-04-01,0.0,0.0
CMR,2024-04-01,0.0,0.5299203218221623
COL,2024-04-01,0.0,0.0
COM,2024-04-01,0.0,0.0
CRI,2024-04-01,0.0,0.0016625102804234198
CUB,2024-04-01,0.0,0.0
CYP,2024-04-01,0.0,0.0
CZE,2024-04-01,0.0,0.0
DEU,2024-04-01,0.0,0.0
DJI,2024-04-01,0.0,0.0
DNK,2024-04-01,0.0,0.0
DOM,2024-04-01,0.0,0.06439955384155983
DZA,2024-04-01,0.0,0.01303468278976394
ECU,2024-04-01,0.0,0.041521910340133514
EGY,2024-04-01,0.0,0.002355030252921948
ERI,2024-04-01,0.0,0.00445585855209048
ESP,2024-04-01,0.0,0.0
EST,2024-04-01,0.0,0.0
FIN,2024-04-01,0.0,0.0
FJI,2024-04-01,0.0,0.0
FRA,2024-04-01,0.0,0.0
GAB,2024-04-01,0.0,0.0
GBR,2024-04-01,0.0,0.0
GEO,2024-04-01,0.0,0.0016625102804234198
GHA,2024-04-01,0.0,0.0
GIN,2024-04-01,0.0,0.0007435952202959438
GMB,2024-04-01,0.0,0.0
GNB,2024-04-01,0.0,0.0
GNQ,2024-04-01,0.0,0.0
GRC,2024-04-01,0.0,0.0
GRD,2024-04-01,0.0,0.0
GTM,2024-04-01,0.0,0.0
GUY,2024-04-01,0.0,0.0
HND,2024-04-01,0.0,0.0
HRV,2024-04-01,0.0,0.0
HUN,2024-04-01,0.0,0.0
IDN,2024-04-01,0.0,0.005707559620178897
IND,2024-04-01,0.0,0.038306079701622704
IRL,2024-04-01,0.0,0.0
IRN,2024-04-01,0.0,0.007990253650688079
IRQ,2024-04-01,0.0,0.237957210363134
ISL,2024-04-01,0.0,0.0
ISR,2024-04-01,0.0,0.8488043108869221
ITA,2024-04-01,0.0,0.0
JAM,2024-04-01,0.0,0.0
JOR,2024-04-01,0.0,0.011902779632684712
JPN,2024-04-01,0.0,0.0
KAZ,2024-04-01,0.0,0.0
KEN,2024-04-01,0.0,0.17396328788069454
KGZ,2024-04-01,0.0,0.002107307394827992
KHM,2024-04-01,0.0,0.0007435952202959438
KOR,2024-04-01,0.0,0.0
KWT,2024-04-01,0.0,0.0
LAO,2024-04-01,0.0,0.0
LBN,2024-04-01,0.0,0.8231234877019579
LBR,2024-04-01,0.0,0.0
LBY,2024-04-01,0.0,0.0
LKA,2024-04-01,0.0,0.005035138220430613
LSO,2024-04-01,0.0,0.0
LTU,2024-04-01,0.0,0.0
LUX,2024-04-01,0.0,0.0
LVA,2024-04-01,0.0,0.0
MAR,2024-04-01,0.0,0.0016625102804234198
MDA,2024-04-01,0.0,0.0016625102804234198
MDG,2024-04-01,0.0,0.0
MDV,2024-04-01,0.0,0.0
MEX,2024-04-01,0.0,0.003470860611700063
MKD,2024-04-01,0.0,0.0
MLT,2024-04-01,0.0,0.0
MNE,2024-04-01,0.0,0.0
MNG,2024-04-01,0.0,0.0
MRT,2024-04-01,0.0,0.0
MUS,2024-04-01,0.0,0.0
MWI,2024-04-01,0.0,0.0
MYS,2024-04-01,0.0,0.0
NAM,2024-04-01,0.0,0.0
NER,2024-04-01,0.0,0.939609029688067
NGA,2024-04-01,0.0,0.8394158294100227
NIC,2024-04-01,0.0,0.0007435952202959438
NLD,2024-04-01,0.0,0.0
NOR,2024-04-01,0.0,0.0
NPL,2024-04-01,0.0,0.0007435952202959438
NZL,2024-04-01,0.0,0.0
OMN,2024-04-01,0.0,0.0
PAK,2024-04-01,0.0,0.025692954212585696
PAN,2024-04-01,0.0,0.011943825263378735
PER,2024-04-01,0.0,0.012054348011800348
PHL,2024-04-01,0.0,0.8198346485238781
PNG,2024-04-01,0.0,0.0
POL,2024-04-01,0.0,0.0
PRK,2024-04-01,0.0,0.0
PRT,2024-04-01,0.0,0.0
PRY,2024-04-01,0.0,0.0
PSE,2024-04-01,1.0,0.8110891772764226
QAT,2024-04-01,0.0,0.0
ROU,2024-04-01,0.0,0.0
RUS,2024-04-01,0.0,0.506563448480684
RWA,2024-04-01,0.0,0.0
SAU,2024-04-01,0.0,0.0
SDN,2024-04-01,0.0,0.9235668340314181
SEN,2024-04-01,0.0,0.0
SGP,2024-04-01,0.0,0.0
SLB,2024-04-01,0.0,0.0007435952202959438
SLE,2024-04-01,0.0,0.0
SLV,2024-04-01,0.0,0.014525542198013006
SRB,2024-04-01,0.0,0.0
STP,2024-04-01,0.0,0.0
SVK,2024-04-01,0.0,0.0
SVN,2024-04-01,0.0,0.0
SWE,2024-04-01,0.0,0.0
SWZ,2024-04-01,0.0,0.0
SYC,2024-04-01,0.0,0.0
SYR,2024-04-01,0.0,0.9164070497859921
TCD,2024-04-01,0.0,0.496464803117776
TGO,2024-04-01,0.0,0.0
THA,2024-04-01,0.0,0.0013084375587246605
TJK,2024-04-01,0.0,0.003287127306183024
TKM,2024-04-01,0.0,0.0
TLS,2024-04-01,0.0,0.0
TON,2024-04-01,0.0,0.0037698176752514116
TTO,2024-04-01,0.0,0.0
TUN,2024-04-01,0.0,0.0
TUR,2024-04-01,0.0,0.0
TZA,2024-04-01,0.0,0.017910804031669687
UGA,2024-04-01,0.0,0.36760719440603046
UKR,2024-04-01,1.0,0.0023752637497315193
URY,2024-04-01,0.0,0.0
USA,2024-04-01,0.0,0.0007755089412783857
UZB,2024-04-01,0.0,0.0029278308256026207
VEN,2024-04-01,0.0,0.0
VNM,2024-04-01,0.0,0.010192444853210397
VUT,2024-04-01,0.0,0.0007435952202959438
WSM,2024-04-01,0.0,0.002107307394827992
YEM,2024-04-01,0.0,0.28442726504789273
ZAF,2024-04-01,0.0,0.016310151802763496
ZMB,2024-04-01,0.0,0.0
ZWE,2024-04-01,0.0,0.0
AFG,2024-05-01,0.0,0.313580928492873
AGO,2024-05-01,0.0,0.0
ALB,2024-05-01,0.0,0.00473011734028683
ARE,2024-05-01,0.0,0.0
ARG,2024-05-01,0.0,0.0
ARM,2024-05-01,0.0,0.0
AUS,2024-05-01,0.0,0.0
AUT,2024-05-01,0.0,0.0
AZE,2024-05-01,0.0,0.06345644348348499
BDI,2024-05-01,0.0,0.01945527430546016
BEL,2024-05-01,0.0,0.0
BEN,2024-05-01,0.0,0.0
BGD,2024-05-01,0.0,0.018643050129329833
BGR,2024-05-01,0.0,0.0
BHR,2024-05-01,0.0,0.0
BHS,2024-05-01,0.0,0.0
BIH,2024-05-01,0.0,0.0
BLR,2024-05-01,0.0,0.0
BLZ,2024-05-01,0.0,0.0
BOL,2024-05-01,0.0,0.0
BRA,2024-05-01,0.0,0.01631290156594194
BRB,2024-05-01,0.0,0.0
BRN,2024-05-01,0.0,0.0
BTN,2024-05-01,0.0,0.0
BWA,2024-05-01,0.0,0.0
CAF,2024-05-01,0.0,0.37903295520469915
CAN,2024-05-01,0.0,0.0
CHE,2024-05-01,0.0,0.0
CHL,2024-05-01,0.0,0.0037399858623939682
CHN,2024-05-01,0.0,0.07012417831339639
CIV,2024-05-01,0.0,0.033256846642837415
CMR,2024-05-01,0.0,0.6312849582511416
COL,2024-05-01,0.0,0.023438160409714536
COM,2024-05-01,0.0,0.0
CRI,2024-05-01,0.0,0.0
CUB,2024-05-01,0.0,0.0
CYP,2024-05-01,0.0,0.0
CZE,2024-05-01,0.0,0.0
DEU,2024-05-01,0.0,0.0
DJI,2024-05-01,0.0,0.0
DNK,2024-05-01,0.0,0.0
DOM,2024-05-01,0.0,0.0733807637719373
DZA,2024-05-01,0.0,0.06194391889288195
ECU,2024-05-01,0.0,0.03647924132015163
EGY,2024-05-01,0.0,0.004324818384711291
ERI,2024-05-01,0.0,0.023310068729172264
ESP,2024-05-01,0.0,0.0
EST,2024-05-01,0.0,0.0
FIN,2024-05-01,0.0,0.0
FJI,2024-05-01,0.0,0.0
FRA,2024-05-01,0.0,0.0
GAB,2024-05-01,0.0,0.0
GBR,2024-05-01,0.0,0.0
GEO,2024-05-01,0.0,0.0
GHA,2024-05-01,0.0,0.0
GIN,2024-05-01,0.0,0.0
GMB,2024-05-01,0.0,0.0
GNB,2024-05-01,0.0,0.0
GNQ,2024-05-01,0.0,0.0
GRC,2024-05-01,0.0,0.0
GRD,2024-05-01,0.0,0.0
GTM,2024-05-01,0.0,0.05064561942567259
GUY,2024-05-01,0.0,0.0
HND,2024-05-01,0.0,0.0019088995790739628
HRV,2024-05-01,0.0,0.0
HTI,2024-05-01,0.0,0.4093416335520505
HUN,2024-05-01,0.0,0.0
IDN,2024-05-01,0.0,0.004565543262703056
IND,2024-05-01,0.0,0.19558208527173335
IRL,2024-05-01,0.0,0.0
IRN,2024-05-01,0.0,0.013944846310405223
IRQ,2024-05-01,0.0,0.11610664277707318
ISL,2024-05-01,0.0,0.0
ISR,2024-05-01,0.0,0.0
ITA,2024-05-01,0.0,0.0
JAM,2024-05-01,0.0,0.0022887527036769975
JOR,2024-05-01,0.0,0.003948628646060079
JPN,2024-05-01,0.0,0.0
KAZ,2024-05-01,0.0,0.008458367680509277
KEN,2024-05-01,0.0,0.17390737100872738
KGZ,2024-05-01,0.0,0.0
KHM,2024-05-01,0.0,0.0
KOR,2024-05-01,0.0,0.0
KWT,2024-05-01,0.0,0.0
LAO,2024-05-01,0.0,0.0
LBN,2024-05-01,0.0,0.01306948074124896
LBR,2024-05-01,0.0,0.0
LBY,2024-05-01,0.0,0.0
LKA,2024-05-01,0.0,0.0
LSO,2024-05-01,0.0,0.0
LTU,2024-05-01,0.0,0.0
LUX,2024-05-01,0.0,0.0
LVA,2024-05-01,0.0,0.0
MAR,2024-05-01,0.0,0.0
MDA,2024-05-01,0.0,0.0
MDG,2024-05-01,0.0,0.0
MDV,2024-05-01,0.0,0.0
MEX,2024-05-01,0.0,0.0072610815774594275
MKD,2024-05-01,0.0,0.0
MLT,2024-05-01,0.0,0.0
MNE,2024-05-01,0.0,0.0
MNG,2024-05-01,0.0,0.0
MRT,2024-05-01,0.0,0.0
MUS,2024-05-01,0.0,0.0
MWI,2024-05-01,0.0,0.0
MYS,2024-05-01,0.0,0.0
NAM,2024-05-01,0.0,0.0
NER,2024-05-01,0.0,0.037395412257643174
NGA,2024-05-01,0.0,0.631933089904558
NIC,2024-05-01,0.0,0.0
NLD,2024-05-01,0.0,0.0
NOR,2024-05-01,0.0,0.0
NPL,2024-05-01,0.0,0.0
NZL,2024-05-01,0.0,0.0
OMN,2024-05-01,0.0,0.0
PAK,2024-05-01,0.0,0.02224197017792254
PAN,2024-05-01,0.0,0.0
PER,2024-05-01,0.0,0.04592606879967751
PHL,2024-05-01,0.0,0.48128541237368627
PNG,2024-05-01,0.0,0.3335412408929486
POL,2024-05-01,0.0,0.0
PRK,2024-05-01,0.0,0.0
PRT,2024-05-01,0.0,0.0
PRY,2024-05-01,0.0,0.0
PSE,2024-05-01,1.0,0.003948628646060079
QAT,2024-05-01,0.0,0.0
ROU,2024-05-01,0.0,0.0
RUS,2024-05-01,0.0,0.05051104073841789
RWA,2024-05-01,0.0,0.0
SAU,2024-05-01,0.0,0.005487984830733063
SDN,2024-05-01,0.0,0.8011225465315587
SEN,2024-05-01,0.0,0.0
SGP,2024-05-01,0.0,0.0
SLB,2024-05-01,0.0,0.004791698113207547
SLE,2024-05-01,0.0,0.0
SLV,2024-05-01,0.0,0.04162050453528301
SOM,2024-05-01,1.0,0.6507009311191476
SRB,2024-05-01,0.0,0.0
SSD,2024-05-01,0.0,0.3755319648052166
STP,2024-05-01,0.0,0.0
SVK,2024-05-01,0.0,0.0
SVN,2024-05-01,0.0,0.0
SWE,2024-05-01,0.0,0.0
SWZ,2024-05-01,0.0,0.0
SYC,2024-05-01,0.0,0.0
SYR,2024-05-01,0.0,0.8772462917645945
TCD,2024-05-01,0.0,0.7567257135596297
TGO,2024-05-01,0.0,0.0
THA,2024-05-01,0.0,0.007970480851985486
TJK,2024-05-01,0.0,0.011680899301089316
TKM,2024-05-01,0.0,0.0
TLS,2024-05-01,0.0,0.0
TON,2024-05-01,0.0,0.0
TTO,2024-05-01,0.0,0.0
TUN,2024-05-01,0.0,0.0
TUR,2024-05-01,0.0,0.04859550481050988
TZA,2024-05-01,0.0,0.008203162194665846
UGA,2024-05-01,0.0,0.4324598980746785
UKR,2024-05-01,0.0,0.45864800405235173
URY,2024-05-01,0.0,0.0
USA,2024-05-01,0.0,0.000817885529519382
UZB,2024-05-01,0.0,0.0
VEN,2024-05-01,0.0,0.007139593656302454
VNM,2024-05-01,0.0,0.010463908219084661
VUT,2024-05-01,0.0,0.0
WSM,2024-05-01,0.0,0.0
YEM,2024-05-01,0.0,0.7293115696941568
ZAF,2024-05-01,0.0,0.03136255479560548
ZMB,2024-05-01,0.0,0.0
ZWE,2024-05-01,0.0,0.0
AFG,2024-06-01,0.0,0.2641235239456361
AGO,2024-06-01,0.0,0.0
ALB,2024-06-01,0.0,0.01307397048800292
ARE,2024-06-01,0.0,0.0
ARG,2024-06-01,0.0,0.0
ARM,2024-06-01,0.0,0.0
AUS,2024-06-01,0.0,0.0
AUT,2024-06-01,0.0,0.0
AZE,2024-06-01,0.0,0.06745869194751415
BDI,2024-06-01,0.0,0.014831804971989285
BEL,2024-06-01,0.0,0.0
BEN,2024-06-01,0.0,0.0
BGD,2024-06-01,0.0,0.023202084460456317
BGR,2024-06-01,0.0,0.0
BHR,2024-06-01,0.0,0.0
BHS,2024-06-01,0.0,0.0
BIH,2024-06-01,0.0,0.0
BLR,2024-06-01,0.0,0.0
BLZ,2024-06-01,0.0,0.0
BOL,2024-06-01,0.0,0.0
BRA,2024-06-01,0.0,0.015325626259640719
BRB,2024-06-01,0.0,0.0
BRN,2024-06-01,0.0,0.0
BTN,2024-06-01,0.0,0.0
BWA,2024-06-01,0.0,0.0
CAF,2024-06-01,0.0,0.4399688370280409
CAN,2024-06-01,0.0,0.0
CHE,2024-06-01,0.0,0.0
CHL,2024-06-01,0.0,0.002592540338834709
CHN,2024-06-01,0.0,0.11117219808464177
CIV,2024-06-01,0.0,0.032341585289354484
CMR,2024-06-01,0.0,0.648994147333085
COL,2024-06-01,0.0,0.05200182846633446
COM,2024-06-01,0.0,0.0
CRI,2024-06-01,0.0,0.0
CUB,2024-06-01,0.0,0.0
CYP,2024-06-01,0.0,0.0
CZE,2024-06-01,0.0,0.0
DEU,2024-06-01,0.0,0.0
DJI,2024-06-01,0.0,0.0
DNK,2024-06-01,0.0,0.0
DOM,2024-06-01,0.0,0.07382168796367594
DZA,2024-06-01,0.0,0.07694241714645335
ECU,2024-06-01,0.0,0.018863814535513015
EGY,2024-06-01,0.0,0.00307243993924902
ERI,2024-06-01,0.0,0.008419792975320528
ESP,2024-06-01,0.0,0.0
EST,2024-06-01,0.0,0.0
FIN,2024-06-01,0.0,0.0
FJI,2024-06-01,0.0,0.0
FRA,2024-06-01,0.0,0.0
GAB,2024-06-01,0.0,0.0
GBR,2024-06-01,0.0,0.0
GEO,2024-06-01,0.0,0.0
GHA,2024-06-01,0.0,0.0016694354315379607
GIN,2024-06-01,0.0,0.0
GMB,2024-06-01,0.0,0.0
GNB,2024-06-01,0.0,0.0
GNQ,2024-06-01,0.0,0.0
GRC,2024-06-01,0.0,0.0
GRD,2024-06-01,0.0,0.0
GTM,2024-06-01,0.0,0.07388852373720761
GUY,2024-06-01,0.0,0.0
HND,2024-06-01,0.0,0.0
HRV,2024-06-01,0.0,0.0
HTI,2024-06-01,0.0,0.44816084454670424
HUN,2024-06-01,0.0,0.0
IDN,2024-06-01,0.0,0.002298870953468887
IND,2024-06-01,0.0,0.21842673845133923
IRL,2024-06-01,0.0,0.0
IRN,2024-06-01,0.0,0.02489926376243127
IRQ,2024-06-01,0.0,0.15963473367236197
ISL,2024-06-01,0.0,0.0
ISR,2024-06-01,0.0,0.0
ITA,2024-06-01,0.0,0.0
JAM,2024-06-01,0.0,0.0
JOR,2024-06-01,0.0,0.0
JPN,2024-06-01,0.0,0.0
KAZ,2024-06-01,0.0,0.01186762483896985
KEN,2024-06-01,0.0,0.1935902459791863
KGZ,2024-06-01,0.0,0.0
KHM,2024-06-01,0.0,0.0
KOR,2024-06-01,0.0,0.0
KWT,2024-06-01,0.0,0.0
LAO,2024-06-01,0.0,0.0
LBN,2024-06-01,0.0,0.0
LBR,2024-06-01,0.0,0.0
LBY,2024-06-01,0.0,0.0
LKA,2024-06-01,0.0,0.0
LSO,2024-06-01,0.0,0.0
LTU,2024-06-01,0.0,0.0
LUX,2024-06-01,0.0,0.0
LVA,2024-06-01,0.0,0.0
MAR,2024-06-01,0.0,0.0
MDA,2024-06-01,0.0,0.0
MDG,2024-06-01,0.0,0.0
MDV,2024-06-01,0.0,0.0
MEX,2024-06-01,0.0,0.004040412487147217
MKD,2024-06-01,0.0,0.0
MLI,2024-06-01,0.0,0.9131191742509999
MLT,2024-06-01,0.0,0.0
MNE,2024-06-01,0.0,0.0
MNG,2024-06-01,0.0,0.0
MOZ,2024-06-01,0.0,0.6622217374309248
MRT,2024-06-01,0.0,0.0
MUS,2024-06-01,0.0,0.0
MWI,2024-06-01,0.0,0.0
MYS,2024-06-01,0.0,0.0
NAM,2024-06-01,0.0,0.0
NER,2024-06-01,0.0,0.054412801263296263
NGA,2024-06-01,0.0,0.6864178108636386
NIC,2024-06-01,0.0,0.0
NLD,2024-06-01,0.0,0.0
NOR,2024-06-01,0.0,0.0
NPL,2024-06-01,0.0,0.0
NZL,2024-06-01,0.0,0.0
OMN,2024-06-01,0.0,0.0
PAK,2024-06-01,0.0,0.04886124145518661
PAN,2024-06-01,0.0,0.0
PER,2024-06-01,0.0,0.02390988951370856
PHL,2024-06-01,0.0,0.5280469185077279
PNG,2024-06-01,0.0,0.32685058197484274
POL,2024-06-01,0.0,0.0
PRK,2024-06-01,0.0,0.0
PRT,2024-06-01,0.0,0.0
PRY,2024-06-01,0.0,0.0
QAT,2024-06-01,0.0,0.0
ROU,2024-06-01,0.0,0.0
RUS,2024-06-01,1.0,0.04476425711725847
RWA,2024-06-01,0.0,0.0
SAU,2024-06-01,0.0,0.01989685872883211
SDN,2024-06-01,0.0,0.7843924831519327
SEN,2024-06-01,0.0,0.0
SGP,2024-06-01,0.0,0.0
SLB,2024-06-01,0.0,0.0
SLE,2024-06-01,0.0,0.0
SLV,2024-06-01,0.0,0.03348965100368707
SOM,2024-06-01,1.0,0.5991221947725254
SRB,2024-06-01,0.0,0.0
SSD,2024-06-01,0.0,0.41345990068984306
STP,2024-06-01,0.0,0.0
SVK,2024-06-01,0.0,0.0
SVN,2024-06-01,0.0,0.0
SWE,2024-06-01,0.0,0.0
SWZ,2024-06-01,0.0,0.0
SYC,2024-06-01,0.0,0.0
SYR,2024-06-01,0.0,0.904971033459605
TCD,2024-06-01,0.0,0.7514339519577804
TGO,2024-06-01,0.0,0.0
THA,2024-06-01,0.0,0.0030588324208713075
TJK,2024-06-01,0.0,0.0042083526000235095
TKM,2024-06-01,0.0,0.0
TLS,2024-06-01,0.0,0.0
TON,2024-06-01,0.0,0.0
TTO,2024-06-01,0.0,0.0
TUN,2024-06-01,0.0,0.0
TUR,2024-06-01,0.0,0.06223603961479759
TZA,2024-06-01,0.0,0.0
UGA,2024-06-01,0.0,0.4369058957500598
UKR,2024-06-01,1.0,0.6672679728187831
URY,2024-06-01,0.0,0.0
USA,2024-06-01,0.0,0.0013308984055706902
UZB,2024-06-01,0.0,0.0
VEN,2024-06-01,0.0,0.010373373485944975
VNM,2024-06-01,0.0,0.0065784409154109715
VUT,2024-06-01,0.0,0.0
WSM,2024-06-01,0.0,0.0
YEM,2024-06-01,0.0,0.7508339785919038
ZAF,2024-06-01,0.0,0.012933137784167296
ZMB,2024-06-01,0.0,0.0
ZWE,2024-06-01,0.0,0.0
AFG,2024-07-01,0.0,0.2564693193104148
AGO,2024-07-01,0.0,0.0
ALB,2024-07-01,0.0,0.0
ARE,2024-07-01,0.0,0.0
ARG,2024-07-01,0.0,0.0
ARM,2024-07-01,0.0,0.0
AUS,2024-07-01,0.0,0.0
AUT,2024-07-01,0.0,0.0
AZE,2024-07-01,0.0,0.027116836711133848
BDI,2024-07-01,0.0,0.0
BEL,2024-07-01,0.0,0.0
BEN,2024-07-01,0.0,0.0
BGD,2024-07-01,0.0,0.007130335834627593
BGR,2024-07-01,0.0,0.0
BHR,2024-07-01,0.0,0.0
BHS,2024-07-01,0.0,0.0
BIH,2024-07-01,0.0,0.0
BLR,2024-07-01,0.0,0.0
BLZ,2024-07-01,0.0,0.0
BOL,2024-07-01,0.0,0.0
BRA,2024-07-01,0.0,0.014326746664227499
BRB,2024-07-01,0.0,0.0
BRN,2024-07-01,0.0,0.0
BTN,2024-07-01,0.0,0.0009569515025115274
BWA,2024-07-01,0.0,0.0
CAF,2024-07-01,0.0,0.23043273728541913
CAN,2024-07-01,0.0,0.0
CHE,2024-07-01,0.0,0.0
CHL,2024-07-01,0.0,0.0009569515025115274
CHN,2024-07-01,0.0,0.034674310802443944
CIV,2024-07-01,0.0,0.009287595134159563
CMR,2024-07-01,0.0,0.6447575843587817
COL,2024-07-01,0.0,0.006160298082096271
COM,2024-07-01,0.0,0.0
CRI,2024-07-01,0.0,0.0009569515025115274
CUB,2024-07-01,0.0,0.0
CYP,2024-07-01,0.0,0.0
CZE,2024-07-01,0.0,0.0
DEU,2024-07-01,0.0,0.0
DJI,2024-07-01,0.0,0.0
DNK,2024-07-01,0.0,0.0
DOM,2024-07-01,0.0,0.059936292224903216
DZA,2024-07-01,0.0,0.06306226620560511
ECU,2024-07-01,0.0,0.008741431561532138
EGY,2024-07-01,0.0,0.0037259316508004656
ERI,2024-07-01,0.0,0.0
ESP,2024-07-01,0.0,0.0
EST,2024-07-01,0.0,0.0
FIN,2024-07-01,0.0,0.0
FJI,2024-07-01,0.0,0.0
FRA,2024-07-01,0.0,0.0
GAB,2024-07-01,0.0,0.0
GBR,2024-07-01,0.0,0.0
GEO,2024-07-01,0.0,0.0009569515025115274
GHA,2024-07-01,0.0,0.0
GIN,2024-07-01,0.0,0.0
GMB,2024-07-01,0.0,0.0
GNB,2024-07-01,0.0,0.0
GNQ,2024-07-01,0.0,0.0
GRC,2024-07-01,0.0,0.0
GRD,2024-07-01,0.0,0.0
GTM,2024-07-01,0.0,0.022191075022055376
GUY,2024-07-01,0.0,0.003976944425002501
HND,2024-07-01,0.0,0.0
HRV,2024-07-01,0.0,0.0
HTI,2024-07-01,0.0,0.40455792446685557
HUN,2024-07-01,0.0,0.0
IDN,2024-07-01,0.0,0.006530089644701451
IND,2024-07-01,0.0,0.134820865102954
IRL,2024-07-01,0.0,0.0
IRN,2024-07-01,0.0,0.03187980409973199
IRQ,2024-07-01,0.0,0.13602309093403092
ISL,2024-07-01,0.0,0.0
ISR,2024-07-01,0.0,0.0
ITA,2024-07-01,0.0,0.0
JAM,2024-07-01,0.0,0.0
JOR,2024-07-01,0.0,0.11823973650959864
JPN,2024-07-01,0.0,0.0
KAZ,2024-07-01,0.0,0.0077839183646947864
KEN,2024-07-01,0.0,0.1412565920845953
KGZ,2024-07-01,0.0,0.0
KHM,2024-07-01,0.0,0.0
KOR,2024-07-01,0.0,0.0
KWT,2024-07-01,0.0,0.0
LAO,2024-07-01,0.0,0.0
LBN,2024-07-01,1.0,0.028490851234084406
LBR,2024-07-01,0.0,0.0
LBY,2024-07-01,0.0,0.0011274441944973167
LKA,2024-07-01,0.0,0.0
LSO,2024-07-01,0.0,0.0
LTU,2024-07-01,0.0,0.0
LUX,2024-07-01,0.0,0.0
LVA,2024-07-01,0.0,0.0
MAR,2024-07-01,0.0,0.0005284951818565289
MDA,2024-07-01,0.0,0.0020162446025960667
MDG,2024-07-01,0.0,0.0
MDV,2024-07-01,0.0,0.0
MEX,2024-07-01,0.0,0.008168302457735746
MKD,2024-07-01,0.0,0.0
MLI,2024-07-01,0.0,0.907306473005729
MLT,2024-07-01,0.0,0.0
MNE,2024-07-01,0.0,0.0
MNG,2024-07-01,0.0,0.0
MOZ,2024-07-01,0.0,0.6239419621482653
MRT,2024-07-01,0.0,0.0
MUS,2024-07-01,0.0,0.0
MWI,2024-07-01,0.0,0.0
MYS,2024-07-01,0.0,0.0
NAM,2024-07-01,0.0,0.0
NER,2024-07-01,0.0,0.02820442376821862
NGA,2024-07-01,0.0,0.6057619079529263
NIC,2024-07-01,0.0,0.0
NLD,2024-07-01,0.0,0.0
NOR,2024-07-01,0.0,0.0
NPL,2024-07-01,0.0,0.0
NZL,2024-07-01,0.0,0.0
OMN,2024-07-01,0.0,0.0
PAK,2024-07-01,0.0,0.03404911120803477
PAN,2024-07-01,0.0,0.0014854466843680564
PER,2024-07-01,0.0,0.03438258214785511
PHL,2024-07-01,0.0,0.2611649274914717
PNG,2024-07-01,0.0,0.2680632933323606
POL,2024-07-01,0.0,0.0
PRK,2024-07-01,0.0,0.0
PRT,2024-07-01,0.0,0.0
PRY,2024-07-01,0.0,0.0010592931000845394
QAT,2024-07-01,0.0,0.0
ROU,2024-07-01,0.0,0.0
RUS,2024-07-01,1.0,0.04650158591965604
RWA,2024-07-01,0.0,0.0
SAU,2024-07-01,0.0,0.014523487700465432
SDN,2024-07-01,0.0,0.5990010529733923
SEN,2024-07-01,0.0,0.0
SGP,2024-07-01,0.0,0.0
SLB,2024-07-01,0.0,0.004505566696632321
SLE,2024-07-01,0.0,0.0
SLV,2024-07-01,0.0,0.03201061004766217
SRB,2024-07-01,0.0,0.0
SSD,2024-07-01,0.0,0.21463951886481336
STP,2024-07-01,0.0,0.0
SVK,2024-07-01,0.0,0.0
SVN,2024-07-01,0.0,0.0
SWE,2024-07-01,0.0,0.0
SWZ,2024-07-01,0.0,0.0
SYC,2024-07-01,0.0,0.0
SYR,2024-07-01,0.0,0.7671549037463258
TCD,2024-07-01,0.0,0.7122784363198469
TGO,2024-07-01,0.0,0.0
THA,2024-07-01,0.0,0.0029632799478667205
TJK,2024-07-01,0.0,0.0021378416510811414
TKM,2024-07-01,0.0,0.0
TLS,2024-07-01,0.0,0.0
TON,2024-07-01,0.0,0.010849569960122101
TTO,2024-07-01,0.0,0.0
TUN,2024-07-01,0.0,0.0
TUR,2024-07-01,0.0,0.028034459610240724
TZA,2024-07-01,0.0,0.004954690054625416
UGA,2024-07-01,0.0,0.2995606029204002
UKR,2024-07-01,1.0,0.4500994895253234
URY,2024-07-01,0.0,0.0
USA,2024-07-01,0.0,0.0
UZB,2024-07-01,0.0,0.0
VEN,2024-07-01,0.0,0.0021378416510811414
VNM,2024-07-01,0.0,0.0005284951818565289
VUT,2024-07-01,0.0,0.0
WSM,2024-07-01,0.0,0.0009569515025115274
YEM,2024-07-01,0.0,0.7017145436327232
ZAF,2024-07-01,0.0,0.009839948449930526
ZMB,2024-07-01,0.0,0.0
ZWE,2024-07-01,0.0,0.0
AFG,2024-08-01,0.0,0.2328452559235429
AGO,2024-08-01,0.0,0.0
ALB,2024-08-01,0.0,0.0015458761799911032
ARE,2024-08-01,0.0,0.0
ARG,2024-08-01,0.0,0.0
ARM,2024-08-01,0.0,0.0
AUS,2024-08-01,0.0,0.0
AUT,2024-08-01,0.0,0.0
AZE,2024-08-01,0.0,0.06685644877034293
BDI,2024-08-01,0.0,0.0
BEL,2024-08-01,0.0,0.0
BEN,2024-08-01,0.0,0.0
BGD,2024-08-01,0.0,0.022916655223937474
BGR,2024-08-01,0.0,0.0
BHR,2024-08-01,0.0,0.0
BHS,2024-08-01,0.0,0.0
BIH,2024-08-01,0.0,0.0
BLR,2024-08-01,0.0,0.0
BLZ,2024-08-01,0.0,0.0
BOL,2024-08-01,0.0,0.0
BRA,2024-08-01,0.0,0.016487096988748663
BRB,2024-08-01,0.0,0.0
BRN,2024-08-01,0.0,0.0
BTN,2024-08-01,0.0,0.002189978430396551
BWA,2024-08-01,0.0,0.0
CAF,2024-08-01,0.0,0.20811233565867682
CAN,2024-08-01,0.0,0.0
CHE,2024-08-01,0.0,0.0
CHL,2024-08-01,0.0,0.0
CHN,2024-08-01,0.0,0.044598819425958655
CIV,2024-08-01,0.0,0.00447970404561499
CMR,2024-08-01,0.0,0.5207790384594242
COL,2024-08-01,0.0,0.01994539554847662
COM,2024-08-01,0.0,0.0
CRI,2024-08-01,0.0,0.0
CUB,2024-08-01,0.0,0.0
CYP,2024-08-01,0.0,0.0
CZE,2024-08-01,0.0,0.0
DEU,2024-08-01,0.0,0.0
DJI,2024-08-01,0.0,0.0
DNK,2024-08-01,0.0,0.0
DOM,2024-08-01,0.0,0.031418897382230034
DZA,2024-08-01,0.0,0.06970815298970587
ECU,2024-08-01,0.0,0.052107494060580246
EGY,2024-08-01,0.0,0.0008753232973008876
ERI,2024-08-01,0.0,0.006486871055595447
ESP,2024-08-01,0.0,0.0
EST,2024-08-01,0.0,0.0
FIN,2024-08-01,0.0,0.0
FJI,2024-08-01,0.0,0.0
FRA,2024-08-01,0.0,0.0
GAB,2024-08-01,0.0,0.0
GBR,2024-08-01,0.0,0.0
GEO,2024-08-01,0.0,0.0
GHA,2024-08-01,0.0,0.0
GIN,2024-08-01,0.0,0.0
GMB,2024-08-01,0.0,0.005
GNB,2024-08-01,0.0,0.0
GNQ,2024-08-01,0.0,0.0
GRC,2024-08-01,0.0,0.0
GRD,2024-08-01,0.0,0.0
GTM,2024-08-01,0.0,0.0049633984306450395
GUY,2024-08-01,0.0,0.0026067464549512213
HND,2024-08-01,0.0,0.0
HRV,2024-08-01,0.0,0.0
HTI,2024-08-01,0.0,0.4229655141263603
HUN,2024-08-01,0.0,0.0
IDN,2024-08-01,0.0,0.003973267361536843
IND,2024-08-01,0.0,0.12960376691297154
IRL,2024-08-01,0.0,0.0
IRN,2024-08-01,0.0,0.05156395047804836
IRQ,2024-08-01,0.0,0.0787829727222186
ISL,2024-08-01,0.0,0.0
ISR,2024-08-01,0.0,0.0
ITA,2024-08-01,0.0,0.0
JAM,2024-08-01,0.0,0.0
JOR,2024-08-01,0.0,0.036914220263193284
JPN,2024-08-01,0.0,0.0057719511399367774
KAZ,2024-08-01,0.0,0.005194529546821051
KEN,2024-08-01,0.0,0.07204537013690364
KGZ,2024-08-01,0.0,0.0
KHM,2024-08-01,0.0,0.0
KOR,2024-08-01,0.0,0.0
KWT,2024-08-01,0.0,0.0
LAO,2024-08-01,0.0,0.0
LBN,2024-08-01,1.0,0.011008456878367923
LBR,2024-08-01,0.0,0.0
LBY,2024-08-01,0.0,0.0
LKA,2024-08-01,0.0,0.0
LSO,2024-08-01,0.0,0.0
LTU,2024-08-01,0.0,0.0
LUX,2024-08-01,0.0,0.0
LVA,2024-08-01,0.0,0.0
MAR,2024-08-01,0.0,0.0026067464549512213
MDA,2024-08-01,0.0,0.004767002133001103
MDG,2024-08-01,0.0,0.0
MDV,2024-08-01,0.0,0.0
MEX,2024-08-01,0.0,0.007908815206384132
MKD,2024-08-01,0.0,0.0
MLI,2024-08-01,0.0,0.8571562123151404
MLT,2024-08-01,0.0,0.0
MNE,2024-08-01,0.0,0.0
MNG,2024-08-01,0.0,0.0
MOZ,2024-08-01,0.0,0.4966786377229738
MRT,2024-08-01,0.0,0.0
MUS,2024-08-01,0.0,0.0
MWI,2024-08-01,0.0,0.0
MYS,2024-08-01,0.0,0.0
NAM,2024-08-01,0.0,0.0
NER,2024-08-01,0.0,0.03251153745926415
NGA,2024-08-01,0.0,0.5172177114252815
NIC,2024-08-01,0.0,0.0
NLD,2024-08-01,0.0,0.0
NOR,2024-08-01,0.0,0.0
NPL,2024-08-01,0.0,0.0
NZL,2024-08-01,0.0,0.0
OMN,2024-08-01,0.0,0.0
PAK,2024-08-01,0.0,0.035756272123078275
PAN,2024-08-01,0.0,0.002189978430396551
PER,2024-08-01,0.0,0.024514512277579777
PHL,2024-08-01,0.0,0.13311090722806931
PNG,2024-08-01,0.0,0.19462631255556087
POL,2024-08-01,0.0,0.0
PRK,2024-08-01,0.0,0.0
PRT,2024-08-01,0.0,0.0
PRY,2024-08-01,0.0,0.0
QAT,2024-08-01,0.0,0.0
ROU,2024-08-01,0.0,0.0
RWA,2024-08-01,0.0,0.0
SAU,2024-08-01,0.0,0.0024781269948556234
SDN,2024-08-01,1.0,0.5333485616559789
SEN,2024-08-01,0.0,0.0
SGP,2024-08-01,0.0,0.0
SLB,2024-08-01,0.0,0.0
SLE,2024-08-01,0.0,0.0
SLV,2024-08-01,0.0,0.012093921659515111
SRB,2024-08-01,0.0,0.0
SSD,2024-08-01,0.0,0.1701184662646517
STP,2024-08-01,0.0,0.0
SVK,2024-08-01,0.0,0.0
SVN,2024-08-01,0.0,0.0
SWE,2024-08-01,0.0,0.0
SWZ,2024-08-01,0.0,0.0
SYC,2024-08-01,0.0,0.0
SYR,2024-08-01,0.0,0.7838207976832979
TCD,2024-08-01,0.0,0.6924913037978477
TGO,2024-08-01,0.0,0.0
THA,2024-08-01,0.0,0.01702383224289428
TJK,2024-08-01,0.0,0.003743830720647467
TKM,2024-08-01,0.0,0.0
TLS,2024-08-01,0.0,0.0
TON,2024-08-01,0.0,0.01218997843039655
TTO,2024-08-01,0.0,0.0
TUN,2024-08-01,0.0,0.0
TUR,2024-08-01,0.0,0.027140285878244876
TZA,2024-08-01,0.0,0.0
UGA,2024-08-01,0.0,0.363654075159595
URY,2024-08-01,0.0,0.0
USA,2024-08-01,0.0,0.0
UZB,2024-08-01,0.0,0.0
VEN,2024-08-01,0.0,0.006290742004814716
VNM,2024-08-01,0.0,0.004486343583082213
VUT,2024-08-01,0.0,0.0
WSM,2024-08-01,0.0,0.002189978430396551
YEM,2024-08-01,0.0,0.6800561958476757
ZAF,2024-08-01,0.0,0.018908626956837947
ZMB,2024-08-01,0.0,0.0
ZWE,2024-08-01,0.0,0.0
AFG,2024-09-01,0.0,0.2348276531836229
AGO,2024-09-01,0.0,0.0
ALB,2024-09-01,0.0,0.0038764501160092816
ARE,2024-09-01,0.0,0.0
ARG,2024-09-01,0.0,0.0
ARM,2024-09-01,0.0,0.0
AUS,2024-09-01,0.0,0.0
AUT,2024-09-01,0.0,0.0
AZE,2024-09-01,0.0,0.05389307136449868
BDI,2024-09-01,0.0,0.0
BEL,2024-09-01,0.0,0.0
BEN,2024-09-01,0.0,0.0
BGD,2024-09-01,0.0,0.018543069555480872
BGR,2024-09-01,0.0,0.0
BHR,2024-09-01,0.0,0.0
BHS,2024-09-01,0.0,0.0
BIH,2024-09-01,0.0,0.0
BLR,2024-09-01,0.0,0.0
BLZ,2024-09-01,0.0,0.0
BOL,2024-09-01,0.0,0.0
BRA,2024-09-01,0.0,0.01315599577507996
BRB,2024-09-01,0.0,0.0
BRN,2024-09-01,0.0,0.0
BTN,2024-09-01,0.0,0.0023396583111609023
BWA,2024-09-01,0.0,0.0
CAF,2024-09-01,0.0,0.13707182657040712
CAN,2024-09-01,0.0,0.0
CHE,2024-09-01,0.0,0.0
CHL,2024-09-01,0.0,0.0
CHN,2024-09-01,0.0,0.011186946108878106
CIV,2024-09-01,0.0,0.0
CMR,2024-09-01,0.0,0.5775814221428363
COL,2024-09-01,0.0,0.01855545774017082
COM,2024-09-01,0.0,0.0
CRI,2024-09-01,0.0,0.0
CUB,2024-09-01,0.0,0.0
CYP,2024-09-01,0.0,0.0
CZE,2024-09-01,0.0,0.0
DEU,2024-09-01,0.0,0.0
DJI,2024-09-01,0.0,0.0
DNK,2024-09-01,0.0,0.0
DOM,2024-09-01,0.0,0.03579519211529632
DZA,2024-09-01,0.0,0.04919362349526413
ECU,2024-09-01,0.0,0.008655505771562487
EGY,2024-09-01,0.0,0.004309423438091942
ERI,2024-09-01,0.0,0.009291097126557625
ESP,2024-09-01,0.0,0.0
EST,2024-09-01,0.0,0.0
FIN,2024-09-01,0.0,0.0
FJI,2024-09-01,0.0,0.0
FRA,2024-09-01,0.0,0.0
GAB,2024-09-01,0.0,0.0
GBR,2024-09-01,0.0,0.0
GEO,2024-09-01,0.0,0.0
GHA,2024-09-01,0.0,0.0
GIN,2024-09-01,0.0,0.0
GMB,2024-09-01,0.0,0.0
GNB,2024-09-01,0.0,0.0
GNQ,2024-09-01,0.0,0.0
GRC,2024-09-01,0.0,0.0
GRD,2024-09-01,0.0,0.0
GTM,2024-09-01,0.0,0.00969696510226447
GUY,2024-09-01,0.0,0.0
HND,2024-09-01,0.0,0.0
HRV,2024-09-01,0.0,0.0
HTI,2024-09-01,0.0,0.4429912573133997
HUN,2024-09-01,0.0,0.0
IDN,2024-09-01,0.0,0.003168180421966027
IND,2024-09-01,0.0,0.11101618985019311
IRL,2024-09-01,0.0,0.0
IRN,2024-09-01,0.0,0.05359506629252176
IRQ,2024-09-01,0.0,0.10870397982188983
ISL,2024-09-01,0.0,0.0
ISR,2024-09-01,0.0,0.0
ITA,2024-09-01,0.0,0.0
JAM,2024-09-01,0.0,0.0
JOR,2024-09-01,0.0,0.03516966761050762
JPN,2024-09-01,0.0,0.0
KAZ,2024-09-01,0.0,0.0
KEN,2024-09-01,0.0,0.13162181871823367
KGZ,2024-09-01,0.0,0.0038764501160092816
KHM,2024-09-01,0.0,0.0
KOR,2024-09-01,0.0,0.0
KWT,2024-09-01,0.0,0.0
LAO,2024-09-01,0.0,0.0
LBR,2024-09-01,0.0,0.0
LBY,2024-09-01,0.0,0.0
LKA,2024-09-01,0.0,0.0
LSO,2024-09-01,0.0,0.0
LTU,2024-09-01,0.0,0.0
LUX,2024-09-01,0.0,0.0
LVA,2024-09-01,0.0,0.0
MAR,2024-09-01,0.0,0.0
MDA,2024-09-01,0.0,0.0
MDG,2024-09-01,0.0,0.0
MDV,2024-09-01,0.0,0.0
MEX,2024-09-01,0.0,0.010029818035003335
MKD,2024-09-01,0.0,0.0
MLI,2024-09-01,0.0,0.854259448838202
MLT,2024-09-01,0.0,0.0
MNE,2024-09-01,0.0,0.0
MNG,2024-09-01,0.0,0.0
MOZ,2024-09-01,0.0,0.44866861293425425
MRT,2024-09-01,0.0,0.0
MUS,2024-09-01,0.0,0.0
MWI,2024-09-01,0.0,0.0
MYS,2024-09-01,0.0,0.0
NAM,2024-09-01,0.0,0.0
NER,2024-09-01,0.0,0.041203556351311496
NGA,2024-09-01,0.0,0.5357089172603832
NIC,2024-09-01,0.0,0.0
NLD,2024-09-01,0.0,0.0
NOR,2024-09-01,0.0,0.0
NPL,2024-09-01,0.0,0.0
NZL,2024-09-01,0.0,0.0
OMN,2024-09-01,0.0,0.0
PAK,2024-09-01,0.0,0.041280107549538904
PAN,2024-09-01,0.0,0.0023396583111609023
PER,2024-09-01,0.0,0.040015864982020324
PHL,2024-09-01,0.0,0.1396854464850925
PNG,2024-09-01,0.0,0.2469005426316352
POL,2024-09-01,0.0,0.0
PRK,2024-09-01,0.0,0.0
PRT,2024-09-01,0.0,0.0
PRY,2024-09-01,0.0,0.0025527119938884633
PSE,2024-09-01,0.0,0.689624630089007
QAT,2024-09-01,0.0,0.0
ROU,2024-09-01,0.0,0.0
RWA,2024-09-01,0.0,0.0
SAU,2024-09-01,0.0,0.0
SDN,2024-09-01,1.0,0.5329019452818511
SEN,2024-09-01,0.0,0.0
SGP,2024-09-01,0.0,0.0
SLB,2024-09-01,0.0,0.0
SLE,2024-09-01,0.0,0.0
SLV,2024-09-01,0.0,0.014205873215943455
SOM,2024-09-01,0.0,0.9275869755312598
SRB,2024-09-01,0.0,0.0
SSD,2024-09-01,0.0,0.16316464014112608
STP,2024-09-01,0.0,0.0
SVK,2024-09-01,0.0,0.0
SVN,2024-09-01,0.0,0.0
SWE,2024-09-01,0.0,0.0
SWZ,2024-09-01,0.0,0.0
SYC,2024-09-01,0.0,0.0
SYR,2024-09-01,1.0,0.7836202231014897
TCD,2024-09-01,0.0,0.6489654890002737
TGO,2024-09-01,0.0,0.0
THA,2024-09-01,0.0,0.00443827169805394
TJK,2024-09-01,0.0,0.012099848838026119
TKM,2024-09-01,0.0,0.0
TLS,2024-09-01,0.0,0.0
TON,2024-09-01,0.0,0.007339658311160902
TTO,2024-09-01,0.0,0.0
TUN,2024-09-01,0.0,0.0
TUR,2024-09-01,0.0,0.0073583827018203095
TZA,2024-09-01,0.0,0.0
UGA,2024-09-01,0.0,0.4174367677992244
URY,2024-09-01,0.0,0.0
USA,2024-09-01,0.0,0.004395650172107606
UZB,2024-09-01,0.0,0.0
VEN,2024-09-01,0.0,0.0030573219268950997
VNM,2024-09-01,0.0,0.0030816278902502225
VUT,2024-09-01,0.0,0.0
WSM,2024-09-01,0.0,0.007311943568405797
YEM,2024-09-01,0.0,0.6328411130547191
ZAF,2024-09-01,0.0,0.027751575630170087
ZMB,2024-09-01,0.0,0.0
ZWE,2024-09-01,0.0,0.0
AFG,2024-10-01,0.0,0.18436268889427812
AGO,2024-10-01,0.0,0.0
ALB,2024-10-01,0.0,0.0
ARE,2024-10-01,0.0,0.0
ARG,2024-10-01,0.0,0.0
ARM,2024-10-01,0.0,0.0
AUS,2024-10-01,0.0,0.0
AUT,2024-10-01,0.0,0.0
AZE,2024-10-01,0.0,0.06394253638112718
BDI,2024-10-01,0.0,0.013219358940489175
BEL,2024-10-01,0.0,0.0
BEN,2024-10-01,0.0,0.0
BGD,2024-10-01,0.0,0.012960224965563887
BGR,2024-10-01,0.0,0.0
BHR,2024-10-01,0.0,0.0
BHS,2024-10-01,0.0,0.0
BIH,2024-10-01,0.0,0.0
BLR,2024-10-01,0.0,0.0
BLZ,2024-10-01,0.0,0.0
BOL,2024-10-01,0.0,0.0
BRA,2024-10-01,0.0,0.02923612510473298
BRB,2024-10-01,0.0,0.0
BRN,2024-10-01,0.0,0.0
BTN,2024-10-01,0.0,0.0
BWA,2024-10-01,0.0,0.0
CAF,2024-10-01,0.0,0.12331649813982626
CAN,2024-10-01,0.0,0.0
CHE,2024-10-01,0.0,0.0
CHL,2024-10-01,0.0,0.0
CHN,2024-10-01,0.0,0.031840531154814534
CIV,2024-10-01,0.0,0.009183821769941772
CMR,2024-10-01,0.0,0.539844187135755
COL,2024-10-01,0.0,0.013583823200383972
COM,2024-10-01,0.0,0.0
CRI,2024-10-01,0.0,0.0
CUB,2024-10-01,0.0,0.0
CYP,2024-10-01,0.0,0.0
CZE,2024-10-01,0.0,0.0
DEU,2024-10-01,0.0,0.0
DJI,2024-10-01,0.0,0.0
DNK,2024-10-01,0.0,0.0
DOM,2024-10-01,0.0,0.03394226269054474
DZA,2024-10-01,0.0,0.05477421200260011
ECU,2024-10-01,0.0,0.01580213763090731
EGY,2024-10-01,0.0,0.007336191256325626
ERI,2024-10-01,0.0,0.010993684340054963
ESP,2024-10-01,0.0,0.0
EST,2024-10-01,0.0,0.0
ETH,2024-10-01,0.0,0.8799178225155048
FIN,2024-10-01,0.0,0.0
FJI,2024-10-01,0.0,0.0
FRA,2024-10-01,0.0,0.0
GAB,2024-10-01,0.0,0.0
GBR,2024-10-01,0.0,0.0
GEO,2024-10-01,0.0,0.0
GHA,2024-10-01,0.0,0.0
GIN,2024-10-01,0.0,0.0
GMB,2024-10-01,0.0,0.0
GNB,2024-10-01,0.0,0.0
GNQ,2024-10-01,0.0,0.0
GRC,2024-10-01,0.0,0.0
GRD,2024-10-01,0.0,0.0
GTM,2024-10-01,0.0,0.009704048311833326
GUY,2024-10-01,0.0,0.0
HND,2024-10-01,0.0,0.0
HRV,2024-10-01,0.0,0.0
HTI,2024-10-01,1.0,0.34310185105994784
HUN,2024-10-01,0.0,0.0
IDN,2024-10-01,0.0,0.01013014175915197
IND,2024-10-01,0.0,0.13879847792680727
IRL,2024-10-01,0.0,0.0
IRN,2024-10-01,0.0,0.04359322787367723
IRQ,2024-10-01,0.0,0.10170233929619814
ISL,2024-10-01,0.0,0.0
ISR,2024-10-01,0.0,0.0
ITA,2024-10-01,0.0,0.0
JAM,2024-10-01,0.0,0.0
JOR,2024-10-01,0.0,0.016926011510058184
JPN,2024-10-01,0.0,0.0
KAZ,2024-10-01,0.0,0.0033285777537265704
KEN,2024-10-01,0.0,0.11121564363066104
KGZ,2024-10-01,0.0,0.0
KHM,2024-10-01,0.0,0.0
KOR,2024-10-01,0.0,0.0
KWT,2024-10-01,0.0,0.0
LAO,2024-10-01,0.0,0.0
LBR,2024-10-01,0.0,0.0
LBY,2024-10-01,0.0,0.002105010353854924
LKA,2024-10-01,0.0,0.0
LSO,2024-10-01,0.0,0.0
LTU,2024-10-01,0.0,0.0
LUX,2024-10-01,0.0,0.0
LVA,2024-10-01,0.0,0.0
MAR,2024-10-01,0.0,0.0
MDA,2024-10-01,0.0,0.0017808074959204132
MDG,2024-10-01,0.0,0.0
MDV,2024-10-01,0.0,0.0
MEX,2024-10-01,0.0,0.010413324237951969
MKD,2024-10-01,0.0,0.0
MLI,2024-10-01,0.0,0.832750766720785
MLT,2024-10-01,0.0,0.0
MNE,2024-10-01,0.0,0.0
MNG,2024-10-01,0.0,0.0
MOZ,2024-10-01,0.0,0.4457794116519667
MRT,2024-10-01,0.0,0.0
MUS,2024-10-01,0.0,0.0
MWI,2024-10-01,0.0,0.0
MYS,2024-10-01,0.0,0.0
NAM,2024-10-01,0.0,0.0
NER,2024-10-01,0.0,0.032156924900935156
NGA,2024-10-01,0.0,0.44285856043391303
NIC,2024-10-01,0.0,0.0
NLD,2024-10-01,0.0,0.0
NOR,2024-10-01,0.0,0.0
NPL,2024-10-01,0.0,0.003511157239231967
NZL,2024-10-01,0.0,0.0
OMN,2024-10-01,0.0,0.0
PAK,2024-10-01,0.0,0.018402216541203702
PAN,2024-10-01,0.0,0.0019362519245187998
PER,2024-10-01,0.0,0.03188715447188278
PHL,2024-10-01,0.0,0.1532090807055044
PNG,2024-10-01,0.0,0.1718054967804955
POL,2024-10-01,0.0,0.0
PRK,2024-10-01,0.0,0.0
PRT,2024-10-01,0.0,0.0
PRY,2024-10-01,0.0,0.0
PSE,2024-10-01,0.0,0.6221079249775816
QAT,2024-10-01,0.0,0.0
ROU,2024-10-01,0.0,0.0
RUS,2024-10-01,0.0,0.8049055722025287
RWA,2024-10-01,0.0,0.0
SAU,2024-10-01,0.0,0.0
SEN,2024-10-01,0.0,0.0
SGP,2024-10-01,0.0,0.0
SLB,2024-10-01,0.0,0.0
SLE,2024-10-01,0.0,0.0
SLV,2024-10-01,0.0,0.008426676852189572
SOM,2024-10-01,0.0,0.9158399608724588
SRB,2024-10-01,0.0,0.0
SSD,2024-10-01,1.0,0.10087836537901679
STP,2024-10-01,0.0,0.0
SVK,2024-10-01,0.0,0.0
SVN,2024-10-01,0.0,0.0
SWE,2024-10-01,0.0,0.0
SWZ,2024-10-01,0.0,0.0
SYC,2024-10-01,0.0,0.0
SYR,2024-10-01,1.0,0.7770858971751228
TCD,2024-10-01,0.0,0.6650422744541372
TGO,2024-10-01,0.0,0.0
THA,2024-10-01,0.0,0.018653524937161513
TJK,2024-10-01,0.0,0.005977367140834878
TKM,2024-10-01,0.0,0.0
TLS,2024-10-01,0.0,0.0
TON,2024-10-01,0.0,0.0019362519245187998
TTO,2024-10-01,0.0,0.0
TUN,2024-10-01,0.0,0.0
TUR,2024-10-01,0.0,0.017218887422901247
TZA,2024-10-01,0.0,0.0
UGA,2024-10-01,0.0,0.3302303715582228
URY,2024-10-01,0.0,0.0
USA,2024-10-01,0.0,0.0
UZB,2024-10-01,0.0,0.0
VEN,2024-10-01,0.0,0.005633772777377215
VNM,2024-10-01,0.0,0.004106411655459682
VUT,2024-10-01,0.0,0.0
WSM,2024-10-01,0.0,0.0026785784980007717
YEM,2024-10-01,0.0,0.6596926150800109
ZAF,2024-10-01,0.0,0.02402046763173692
ZMB,2024-10-01,0.0,0.0
ZWE,2024-10-01,0.0,0.0
AFG,2024-11-01,0.0,0.2451732030667246
AGO,2024-11-01,0.0,0.0
ALB,2024-11-01,0.0,0.0
ARE,2024-11-01,0.0,0.0
ARG,2024-11-01,0.0,0.0
ARM,2024-11-01,0.0,0.0
AUS,2024-11-01,0.0,0.0
AUT,2024-11-01,0.0,0.0
AZE,2024-11-01,0.0,0.05898267207817083
BDI,2024-11-01,0.0,0.0
BEL,2024-11-01,0.0,0.0
BEN,2024-11-01,0.0,0.0
BGD,2024-11-01,0.0,0.03429812207006208
BGR,2024-11-01,0.0,0.0
BHR,2024-11-01,0.0,0.0
BHS,2024-11-01,0.0,0.0
BIH,2024-11-01,0.0,0.0
BLR,2024-11-01,0.0,0.0
BLZ,2024-11-01,0.0,0.0
BOL,2024-11-01,0.0,0.0
BRA,2024-11-01,0.0,0.019439924080568053
BRB,2024-11-01,0.0,0.0
BRN,2024-11-01,0.0,0.0
BTN,2024-11-01,0.0,0.0
BWA,2024-11-01,0.0,0.0
CAF,2024-11-01,0.0,0.10214084294909752
CAN,2024-11-01,0.0,0.0
CHE,2024-11-01,0.0,0.0
CHL,2024-11-01,0.0,0.0
CHN,2024-11-01,0.0,0.022095297777248432
CIV,2024-11-01,0.0,0.00478617846411851
CMR,2024-11-01,0.0,0.550966693553012
COL,2024-11-01,1.0,0.01232292878173149
COM,2024-11-01,0.0,0.0
CRI,2024-11-01,0.0,0.0
CUB,2024-11-01,0.0,0.0
CYP,2024-11-01,0.0,0.0
CZE,2024-11-01,0.0,0.0
DEU,2024-11-01,0.0,0.0
DJI,2024-11-01,0.0,0.0
DNK,2024-11-01,0.0,0.0
DOM,2024-11-01,0.0,0.03236844029661452
DZA,2024-11-01,0.0,0.04312506882279919
ECU,2024-11-01,0.0,0.024089401620189865
EGY,2024-11-01,0.0,0.007447913706224897
ERI,2024-11-01,0.0,0.003118938117572059
ESP,2024-11-01,0.0,0.0
EST,2024-11-01,0.0,0.0
ETH,2024-11-01,0.0,0.9051407968629576
FIN,2024-11-01,0.0,0.0
FJI,2024-11-01,0.0,0.0
FRA,2024-11-01,0.0,0.0
GAB,2024-11-01,0.0,0.0
GBR,2024-11-01,0.0,0.0
GEO,2024-11-01,0.0,0.0
GHA,2024-11-01,0.0,0.0
GIN,2024-11-01,0.0,0.0
GMB,2024-11-01,0.0,0.0
GNB,2024-11-01,0.0,0.0
GNQ,2024-11-01,0.0,0.0
GRC,2024-11-01,0.0,0.0
GRD,2024-11-01,0.0,0.0
GTM,2024-11-01,0.0,0.0
GUY,2024-11-01,0.0,0.0
HND,2024-11-01,0.0,0.0
HRV,2024-11-01,0.0,0.0
HTI,2024-11-01,1.0,0.3389832999265376
HUN,2024-11-01,0.0,0.0
IDN,2024-11-01,0.0,0.006810901821023376
IND,2024-11-01,0.0,0.13700326378559702
IRL,2024-11-01,0.0,0.0
IRN,2024-11-01,0.0,0.055531617150039826
IRQ,2024-11-01,0.0,0.12196427229169401
ISL,2024-11-01,0.0,0.0
ISR,2024-11-01,0.0,0.0
ITA,2024-11-01,0.0,0.0
JAM,2024-11-01,0.0,0.0
JOR,2024-11-01,0.0,0.024387326738299353
JPN,2024-11-01,0.0,0.004914785877086028
KAZ,2024-11-01,0.0,0.010812193918278448
KEN,2024-11-01,0.0,0.11305543552304703
KGZ,2024-11-01,0.0,0.0
KHM,2024-11-01,0.0,0.0
KOR,2024-11-01,0.0,0.0
KWT,2024-11-01,0.0,0.0
LAO,2024-11-01,0.0,0.0
LBN,2024-11-01,1.0,0.8344699803251276
LBR,2024-11-01,0.0,0.0
LBY,2024-11-01,0.0,0.00029022321277245297
LKA,2024-11-01,0.0,0.0
LSO,2024-11-01,0.0,0.0
LTU,2024-11-01,0.0,0.0
LUX,2024-11-01,0.0,0.0
LVA,2024-11-01,0.0,0.0
MAR,2024-11-01,0.0,0.003429551371920688
MDA,2024-11-01,0.0,0.0
MDG,2024-11-01,0.0,0.0
MDV,2024-11-01,0.0,0.0
MEX,2024-11-01,0.0,0.010070850625320971
MKD,2024-11-01,0.0,0.0
MLI,2024-11-01,0.0,0.8281607471982632
MLT,2024-11-01,0.0,0.0
MNE,2024-11-01,0.0,0.0
MNG,2024-11-01,0.0,0.0
MOZ,2024-11-01,0.0,0.44913154332560196
MRT,2024-11-01,0.0,0.0
MUS,2024-11-01,0.0,0.0
MWI,2024-11-01,0.0,0.0
MYS,2024-11-01,0.0,0.0
NAM,2024-11-01,0.0,0.0
NER,2024-11-01,0.0,0.02771107545973601
NGA,2024-11-01,0.0,0.45917896905569916
NIC,2024-11-01,0.0,0.0
NLD,2024-11-01,0.0,0.0
NOR,2024-11-01,0.0,0.0
NPL,2024-11-01,0.0,0.0
NZL,2024-11-01,0.0,0.0
OMN,2024-11-01,0.0,0.0
PAK,2024-11-01,0.0,0.04921170582011372
PAN,2024-11-01,0.0,0.0
PER,2024-11-01,0.0,0.04561061069923661
PHL,2024-11-01,0.0,0.13231728170993173
PNG,2024-11-01,0.0,0.15735028931422698
POL,2024-11-01,0.0,0.0
PRK,2024-11-01,0.0,0.0
PRT,2024-11-01,0.0,0.0
PRY,2024-11-01,0.0,0.0
PSE,2024-11-01,0.0,0.5893208164321818
QAT,2024-11-01,0.0,0.0
ROU,2024-11-01,0.0,0.0
RUS,2024-11-01,0.0,0.7775619757805736
RWA,2024-11-01,0.0,0.0
SAU,2024-11-01,0.0,0.0032318081285397197
SEN,2024-11-01,0.0,0.0
SGP,2024-11-01,0.0,0.0
SLB,2024-11-01,0.0,0.0
SLE,2024-11-01,0.0,0.0
SLV,2024-11-01,0.0,0.009035499785787325
SOM,2024-11-01,1.0,0.8913168394496433
SRB,2024-11-01,0.0,0.0
SSD,2024-11-01,1.0,0.07735407359377837
STP,2024-11-01,0.0,0.0
SVK,2024-11-01,0.0,0.0
SVN,2024-11-01,0.0,0.0
SWE,2024-11-01,0.0,0.0
SWZ,2024-11-01,0.0,0.0
SYC,2024-11-01,0.0,0.0
TCD,2024-11-01,0.0,0.6960083426574858
TGO,2024-11-01,0.0,0.0
THA,2024-11-01,0.0,0.013143661467857433
TJK,2024-11-01,0.0,0.00029022321277245297
TKM,2024-11-01,0.0,0.0
TLS,2024-11-01,0.0,0.0
TON,2024-11-01,0.0,0.0
TTO,2024-11-01,0.0,0.0
TUN,2024-11-01,0.0,0.0
TUR,2024-11-01,0.0,0.01826177980836557
TZA,2024-11-01,0.0,0.0
UGA,2024-11-01,0.0,0.35423422239180935
UKR,2024-11-01,0.0,0.8849398272926612
URY,2024-11-01,0.0,0.0
USA,2024-11-01,0.0,0.0010952786048490169
UZB,2024-11-01,0.0,0.0
VEN,2024-11-01,0.0,0.011060724740863509
VNM,2024-11-01,0.0,0.007849567371899215
VUT,2024-11-01,0.0,0.0
WSM,2024-11-01,0.0,0.0
YEM,2024-11-01,0.0,0.6922024134009678
ZAF,2024-11-01,0.0,0.04089356020980695
ZMB,2024-11-01,0.0,0.0
ZWE,2024-11-01,0.0,0.0
AFG,2024-12-01,0.0,0.18788383129596886
AGO,2024-12-01,0.0,0.0
ALB,2024-12-01,0.0,0.0
ARE,2024-12-01,0.0,0.0
ARG,2024-12-01,0.0,0.0
ARM,2024-12-01,0.0,0.0
AUS,2024-12-01,0.0,0.0
AUT,2024-12-01,0.0,0.0
AZE,2024-12-01,0.0,0.05850570764005611
BDI,2024-12-01,0.0,0.0
BEL,2024-12-01,0.0,0.0
BEN,2024-12-01,0.0,0.0
BGD,2024-12-01,0.0,0.00958494640084258
BGR,2024-12-01,0.0,0.0
BHR,2024-12-01,0.0,0.0
BHS,2024-12-01,0.0,0.0
BIH,2024-12-01,0.0,0.0
BLR,2024-12-01,0.0,0.0
BLZ,2024-12-01,0.0,0.0
BOL,2024-12-01,0.0,0.0
BRA,2024-12-01,0.0,0.02852736696567471
BRB,2024-12-01,0.0,0.0
BRN,2024-12-01,0.0,0.0
BTN,2024-12-01,0.0,0.0
BWA,2024-12-01,0.0,0.0
CAF,2024-12-01,0.0,0.32380685727720127
CAN,2024-12-01,0.0,0.0
CHE,2024-12-01,0.0,0.0
CHL,2024-12-01,0.0,0.0
CHN,2024-12-01,0.0,0.024160033355450534
CIV,2024-12-01,0.0,0.0
CMR,2024-12-01,0.0,0.524681492849216
COL,2024-12-01,1.0,0.011565861921099273
COM,2024-12-01,0.0,0.0
CRI,2024-12-01,0.0,0.0
CUB,2024-12-01,0.0,0.0
CYP,2024-12-01,0.0,0.0
CZE,2024-12-01,0.0,0.0
DEU,2024-12-01,0.0,0.0
DJI,2024-12-01,0.0,0.0
DNK,2024-12-01,0.0,0.0
DOM,2024-12-01,0.0,0.06016261895160536
DZA,2024-12-01,0.0,0.06232651842957651
ECU,2024-12-01,0.0,0.018972329268811233
EGY,2024-12-01,0.0,0.0020778636935802875
ERI,2024-12-01,0.0,0.004065004104287999
ESP,2024-12-01,0.0,0.0
EST,2024-12-01,0.0,0.0
ETH,2024-12-01,0.0,0.8818439627878241
FIN,2024-12-01,0.0,0.0
FJI,2024-12-01,0.0,0.0
FRA,2024-12-01,0.0,0.0
GAB,2024-12-01,0.0,0.0
GBR,2024-12-01,0.0,0.0
GEO,2024-12-01,0.0,0.0
GHA,2024-12-01,0.0,0.0
GIN,2024-12-01,0.0,0.0
GMB,2024-12-01,0.0,0.0
GNB,2024-12-01,0.0,0.0
GNQ,2024-12-01,0.0,0.0
GRC,2024-12-01,0.0,0.0
GRD,2024-12-01,0.0,0.0
GTM,2024-12-01,0.0,0.0
GUY,2024-12-01,0.0,0.0
HND,2024-12-01,0.0,0.001736810461445967
HRV,2024-12-01,0.0,0.0
HUN,2024-12-01,0.0,0.0
IDN,2024-12-01,0.0,0.004332637079108791
IND,2024-12-01,0.0,0.14274942407877653
IRL,2024-12-01,0.0,0.0
IRN,2024-12-01,0.0,0.06710604087401854
IRQ,2024-12-01,0.0,0.06792524214764323
ISL,2024-12-01,0.0,0.0
ISR,2024-12-01,0.0,0.0
ITA,2024-12-01,0.0,0.0
JAM,2024-12-01,0.0,0.0
JOR,2024-12-01,0.0,0.03520024762422922
JPN,2024-12-01,0.0,0.0044357176621622205
KAZ,2024-12-01,0.0,0.0029454499107825667
KEN,2024-12-01,0.0,0.10314536089207182
KGZ,2024-12-01,0.0,0.0
KHM,2024-12-01,0.0,0.0
KOR,2024-12-01,0.0,0.0
KWT,2024-12-01,0.0,0.0
LAO,2024-12-01,0.0,0.0
LBN,2024-12-01,1.0,0.847854170639616
LBR,2024-12-01,0.0,0.0
LBY,2024-12-01,0.0,0.0035297559073707734
LKA,2024-12-01,0.0,0.0
LSO,2024-12-01,0.0,0.0
LTU,2024-12-01,0.0,0.0
LUX,2024-12-01,0.0,0.0
LVA,2024-12-01,0.0,0.0
MAR,2024-12-01,0.0,0.003509491268033403
MDA,2024-12-01,0.0,0.0
MDG,2024-12-01,0.0,0.0
MDV,2024-12-01,0.0,0.0
MEX,2024-12-01,0.0,0.013741014505026246
MKD,2024-12-01,0.0,0.0
MLI,2024-12-01,0.0,0.8379970739350024
MLT,2024-12-01,0.0,0.0
MMR,2024-12-01,0.0,0.2934367860498864
MNE,2024-12-01,0.0,0.0
MNG,2024-12-01,0.0,0.0
MOZ,2024-12-01,0.0,0.4911243275024563
MRT,2024-12-01,0.0,0.0
MUS,2024-12-01,0.0,0.0
MWI,2024-12-01,0.0,0.0
MYS,2024-12-01,0.0,0.0
NAM,2024-12-01,0.0,0.0
NER,2024-12-01,0.0,0.037251173940472455
NGA,2024-12-01,0.0,0.41725469327022346
NIC,2024-12-01,0.0,0.0
NLD,2024-12-01,0.0,0.0
NOR,2024-12-01,0.0,0.0
NPL,2024-12-01,0.0,0.0
NZL,2024-12-01,0.0,0.0
OMN,2024-12-01,0.0,0.0
PAK,2024-12-01,0.0,0.02160801798461276
PAN,2024-12-01,0.0,0.0017334233423342339
PER,2024-12-01,0.0,0.04523297961867511
PHL,2024-12-01,0.0,0.1315874296239985
PNG,2024-12-01,0.0,0.18597530227760475
POL,2024-12-01,0.0,0.0
PRK,2024-12-01,0.0,0.0
PRT,2024-12-01,0.0,0.0
PRY,2024-12-01,0.0,0.0
PSE,2024-12-01,0.0,0.6464643369124823
QAT,2024-12-01,0.0,0.0
ROU,2024-12-01,0.0,0.0
RUS,2024-12-01,0.0,0.7964213385561725
RWA,2024-12-01,0.0,0.0
SAU,2024-12-01,0.0,0.0
SEN,2024-12-01,0.0,0.0
SGP,2024-12-01,0.0,0.0
SLB,2024-12-01,0.0,0.0
SLE,2024-12-01,0.0,0.0
SLV,2024-12-01,0.0,0.019286870540270767
SOM,2024-12-01,1.0,0.8802782196462204
SRB,2024-12-01,0.0,0.0
STP,2024-12-01,0.0,0.0
SVK,2024-12-01,0.0,0.0
SVN,2024-12-01,0.0,0.0
SWE,2024-12-01,0.0,0.0
SWZ,2024-12-01,0.0,0.0
SYC,2024-12-01,0.0,0.0
SYR,2024-12-01,0.0,0.9523617816448169
TCD,2024-12-01,0.0,0.6908939430402389
TGO,2024-12-01,0.0,0.0
THA,2024-12-01,0.0,0.02633556125403594
TJK,2024-12-01,0.0,0.013883071769402022
TKM,2024-12-01,0.0,0.0
TLS,2024-12-01,0.0,0.0
TON,2024-12-01,0.0,0.004372753074739831
TTO,2024-12-01,0.0,0.0
TUN,2024-12-01,0.0,0.0
TUR,2024-12-01,0.0,0.008708933797490003
TZA,2024-12-01,0.0,0.0011799846821547134
UGA,2024-12-01,0.0,0.38091073168809964
UKR,2024-12-01,0.0,0.8793556180116886
URY,2024-12-01,0.0,0.0
USA,2024-12-01,0.0,0.0
UZB,2024-12-01,0.0,0.0
VEN,2024-12-01,0.0,0.008641995228446107
VNM,2024-12-01,0.0,0.003835861479161012
VUT,2024-12-01,0.0,0.0
WSM,2024-12-01,0.0,0.0
YEM,2024-12-01,0.0,0.6307010217926308
ZAF,2024-12-01,0.0,0.041681880961240536
ZMB,2024-12-01,0.0,0.0
ZWE,2024-12-01,0.0,0.0
AFG,2025-01-01,0.0,0.25857109112967547
AGO,2025-01-01,0.0,0.0
ALB,2025-01-01,0.0,0.0
ARE,2025-01-01,0.0,0.0
ARG,2025-01-01,0.0,0.0
ARM,2025-01-01,0.0,0.0
AUS,2025-01-01,0.0,0.0
AUT,2025-01-01,0.0,0.0
AZE,2025-01-01,0.0,0.03381929788408817
BDI,2025-01-01,0.0,0.0
BEL,2025-01-01,0.0,0.0
BEN,2025-01-01,0.0,0.0
BGD,2025-01-01,0.0,0.03804028153582892
BGR,2025-01-01,0.0,0.0
BHR,2025-01-01,0.0,0.0
BHS,2025-01-01,0.0,0.0
BIH,2025-01-01,0.0,0.0
BLR,2025-01-01,0.0,0.0
BLZ,2025-01-01,0.0,0.0
BOL,2025-01-01,0.0,0.0
BRA,2025-01-01,0.0,0.02239886060408271
BRB,2025-01-01,0.0,0.0
BRN,2025-01-01,0.0,0.0
BTN,2025-01-01,0.0,0.0
BWA,2025-01-01,0.0,0.0
CAF,2025-01-01,0.0,0.40333201170276994
CAN,2025-01-01,0.0,0.0
CHE,2025-01-01,0.0,0.0
CHL,2025-01-01,0.0,0.0
CHN,2025-01-01,0.0,0.019392449890413763
CIV,2025-01-01,0.0,0.0
CMR,2025-01-01,0.0,0.5083935599396741
COM,2025-01-01,0.0,0.0
CRI,2025-01-01,0.0,0.0
CUB,2025-01-01,0.0,0.0
CYP,2025-01-01,0.0,0.0
CZE,2025-01-01,0.0,0.0
DEU,2025-01-01,0.0,0.0
DJI,2025-01-01,0.0,0.0
DNK,2025-01-01,0.0,0.0
DOM,2025-01-01,0.0,0.041686464407271966
DZA,2025-01-01,0.0,0.05896974716380761
ECU,2025-01-01,0.0,0.008588559154592092
EGY,2025-01-01,0.0,0.0014163636535598806
ERI,2025-01-01,0.0,0.001841397320315472
ESP,2025-01-01,0.0,0.0
EST,2025-01-01,0.0,0.0
ETH,2025-01-01,0.0,0.8439209041597161
FIN,2025-01-01,0.0,0.0
FJI,2025-01-01,0.0,0.0
FRA,2025-01-01,0.0,0.0
GAB,2025-01-01,0.0,0.0
GBR,2025-01-01,0.0,0.0
GEO,2025-01-01,0.0,0.0
GHA,2025-01-01,0.0,0.0
GIN,2025-01-01,0.0,0.0
GMB,2025-01-01,0.0,0.0
GNB,2025-01-01,0.0,0.0
GNQ,2025-01-01,0.0,0.0
GRC,2025-01-01,0.0,0.0
GRD,2025-01-01,0.0,0.0
GTM,2025-01-01,0.0,0.011002954551844015
GUY,2025-01-01,0.0,0.002298931694064143
HND,2025-01-01,0.0,0.008073745748499339
HRV,2025-01-01,0.0,0.0
HTI,2025-01-01,1.0,0.8386377117293469
HUN,2025-01-01,0.0,0.0
IDN,2025-01-01,0.0,0.015347714802346493
IND,2025-01-01,0.0,0.11993345920164758
IRL,2025-01-01,0.0,0.0
IRN,2025-01-01,0.0,0.04128378556671624
IRQ,2025-01-01,0.0,0.08008787626080456
ISL,2025-01-01,0.0,0.0
ISR,2025-01-01,0.0,0.0
ITA,2025-01-01,0.0,0.0
JAM,2025-01-01,0.0,0.0
JOR,2025-01-01,0.0,0.02515992199809525
JPN,2025-01-01,0.0,0.0
KAZ,2025-01-01,0.0,0.006692707062328409
KEN,2025-01-01,0.0,0.10401272878410316
KGZ,2025-01-01,0.0,0.0
KHM,2025-01-01,0.0,0.0
KOR,2025-01-01,0.0,0.0
KWT,2025-01-01,0.0,0.0
LAO,2025-01-01,0.0,0.0
LBN,2025-01-01,0.0,0.9263700118924976
LBR,2025-01-01,0.0,0.0
LBY,2025-01-01,0.0,0.0008550414663424866
LKA,2025-01-01,0.0,0.0
LSO,2025-01-01,0.0,0.0
LTU,2025-01-01,0.0,0.0
LUX,2025-01-01,0.0,0.0
LVA,2025-01-01,0.0,0.0
MAR,2025-01-01,0.0,0.0017045468349509785
MDA,2025-01-01,0.0,0.005317656836444513
MDG,2025-01-01,0.0,0.0
MDV,2025-01-01,0.0,0.0
MEX,2025-01-01,0.0,0.0037489397049811687
MKD,2025-01-01,0.0,0.0
MLI,2025-01-01,0.0,0.8005177107050528
MLT,2025-01-01,0.0,0.0
MMR,2025-01-01,0.0,0.24986204776969095
MNE,2025-01-01,0.0,0.0
MNG,2025-01-01,0.0,0.0
MOZ,2025-01-01,0.0,0.4716433479706588
MRT,2025-01-01,0.0,0.0
MUS,2025-01-01,0.0,0.0
MWI,2025-01-01,0.0,0.0
MYS,2025-01-01,0.0,0.0
NAM,2025-01-01,0.0,0.0
NER,2025-01-01,0.0,0.0416293402145846
NGA,2025-01-01,0.0,0.4698645934675352
NIC,2025-01-01,0.0,0.0
NLD,2025-01-01,0.0,0.0
NOR,2025-01-01,0.0,0.0
NPL,2025-01-01,0.0,0.0
NZL,2025-01-01,0.0,0.0
OMN,2025-01-01,0.0,0.0
PAK,2025-01-01,0.0,0.03735003548528312
PAN,2025-01-01,0.0,0.0
PER,2025-01-01,0.0,0.03487845516752965
PHL,2025-01-01,0.0,0.12062560086984023
PNG,2025-01-01,0.0,0.207195318168517
POL,2025-01-01,0.0,0.0
PRK,2025-01-01,0.0,0.0
PRT,2025-01-01,0.0,0.0
PRY,2025-01-01,0.0,0.0
PSE,2025-01-01,1.0,0.6019890686253898
QAT,2025-01-01,0.0,0.0
ROU,2025-01-01,0.0,0.0
RUS,2025-01-01,0.0,0.8298745570907523
RWA,2025-01-01,0.0,0.0
SAU,2025-01-01,0.0,0.0031927674291608505
SEN,2025-01-01,0.0,0.0
SGP,2025-01-01,0.0,0.0
SLB,2025-01-01,0.0,0.0
SLE,2025-01-01,0.0,0.0
SLV,2025-01-01,0.0,0.024701086509328677
SRB,2025-01-01,0.0,0.0
STP,2025-01-01,0.0,0.0
SVK,2025-01-01,0.0,0.0
SVN,2025-01-01,0.0,0.0
SWE,2025-01-01,0.0,0.0
SWZ,2025-01-01,0.0,0.0
SYC,2025-01-01,0.0,0.0
SYR,2025-01-01,0.0,0.950619911990419
TCD,2025-01-01,0.0,0.6520813796455768
TGO,2025-01-01,0.0,0.0
THA,2025-01-01,0.0,0.008218413375457203
TJK,2025-01-01,0.0,0.014116530500919895
TKM,2025-01-01,0.0,0.0
TLS,2025-01-01,0.0,0.0
TON,2025-01-01,0.0,0.004728718743681337
TTO,2025-01-01,0.0,0.0
TUN,2025-01-01,0.0,0.0
TUR,2025-01-01,0.0,0.032872672813277215
TZA,2025-01-01,0.0,0.0
UGA,2025-01-01,0.0,0.4194701544667663
UKR,2025-01-01,0.0,0.8456807464879113
URY,2025-01-01,0.0,0.0
USA,2025-01-01,0.0,0.0034714843242641346
UZB,2025-01-01,0.0,0.0
VEN,2025-01-01,0.0,0.0035760032658383174
VNM,2025-01-01,0.0,0.009015771943309835
VUT,2025-01-01,0.0,0.0
WSM,2025-01-01,0.0,0.0
YEM,2025-01-01,0.0,0.6110001466714323
ZAF,2025-01-01,0.0,0.029808031314172742
ZMB,2025-01-01,0.0,0.0
ZWE,2025-01-01,0.0,0.0
AFG,2025-02-01,0.0,0.19339885038700835
AGO,2025-02-01,0.0,0.0003409985975832325
ALB,2025-02-01,0.0,0.005322178106872285
ARE,2025-02-01,0.0,0.0
ARG,2025-02-01,0.0,0.0
ARM,2025-02-01,0.0,0.0
AUS,2025-02-01,0.0,0.0
AUT,2025-02-01,0.0,0.0
AZE,2025-02-01,0.0,0.06585142478538546
BDI,2025-02-01,0.0,0.0
BEL,2025-02-01,0.0,0.0
BEN,2025-02-01,0.0,0.0
BGD,2025-02-01,0.0,0.01336747301316412
BGR,2025-02-01,0.0,0.0
BHR,2025-02-01,0.0,0.0
BHS,2025-02-01,0.0,0.0
BIH,2025-02-01,0.0,0.0
BLR,2025-02-01,0.0,0.0
BLZ,2025-02-01,0.0,0.0
BOL,2025-02-01,0.0,0.0
BRA,2025-02-01,0.0,0.037573829664806595
BRB,2025-02-01,0.0,0.0
BRN,2025-02-01,0.0,0.0
BTN,2025-02-01,0.0,0.0
BWA,2025-02-01,0.0,0.0
CAF,2025-02-01,0.0,0.4316139464868218
CAN,2025-02-01,0.0,0.0
CHE,2025-02-01,0.0,0.0
CHL,2025-02-01,0.0,0.0
CHN,2025-02-01,0.0,0.013097530576757157
CIV,2025-02-01,0.0,0.0
CMR,2025-02-01,0.0,0.485444652519841
COL,2025-02-01,0.0,0.8405689932394139
COM,2025-02-01,0.0,0.0
CRI,2025-02-01,0.0,0.0
CUB,2025-02-01,0.0,0.0
CYP,2025-02-01,0.0,0.0
CZE,2025-02-01,0.0,0.0
DEU,2025-02-01,0.0,0.0
DJI,2025-02-01,0.0,0.0006887319571628124
DNK,2025-02-01,0.0,0.0
DOM,2025-02-01,0.0,0.033854925551038646
DZA,2025-02-01,0.0,0.05999900762173545
ECU,2025-02-01,0.0,0.06545881397663297
EGY,2025-02-01,0.0,0.009575908097058753
ERI,2025-02-01,0.0,0.0041357857582030285
ESP,2025-02-01,0.0,0.0
EST,2025-02-01,0.0,0.0
ETH,2025-02-01,0.0,0.8256747395233519
FIN,2025-02-01,0.0,0.0
FJI,2025-02-01,0.0,0.0
FRA,2025-02-01,0.0,0.0
GAB,2025-02-01,0.0,0.0
GBR,2025-02-01,0.0,0.0
GEO,2025-02-01,0.0,0.0
GHA,2025-02-01,0.0,0.0
GIN,2025-02-01,0.0,0.0
GMB,2025-02-01,0.0,0.0
GNB,2025-02-01,0.0,0.0
GNQ,2025-02-01,0.0,0.0
GRC,2025-02-01,0.0,0.0
GRD,2025-02-01,0.0,0.0
GTM,2025-02-01,0.0,0.0
GUY,2025-02-01,0.0,0.0
HND,2025-02-01,0.0,0.0006887319571628124
HRV,2025-02-01,0.0,0.0
HTI,2025-02-01,1.0,0.8511620355603656
HUN,2025-02-01,0.0,0.0
IDN,2025-02-01,0.0,0.012549415186250001
IND,2025-02-01,0.0,0.1697349755082662
IRL,2025-02-01,0.0,0.0
IRN,2025-02-01,0.0,0.05811240048328764
IRQ,2025-02-01,0.0,0.1261614165315314
ISL,2025-02-01,0.0,0.0
ISR,2025-02-01,0.0,0.0
ITA,2025-02-01,0.0,0.0
JAM,2025-02-01,0.0,0.0
JOR,2025-02-01,0.0,0.005735673836268682
JPN,2025-02-01,0.0,0.0
KAZ,2025-02-01,0.0,0.0009608097867272922
KEN,2025-02-01,0.0,0.10619019797887067
KGZ,2025-02-01,0.0,0.0014597039473684215
KHM,2025-02-01,0.0,0.0
KOR,2025-02-01,0.0,0.0
KWT,2025-02-01,0.0,0.0
LAO,2025-02-01,0.0,0.0
LBN,2025-02-01,0.0,0.9664328182489319
LBR,2025-02-01,0.0,0.0
LBY,2025-02-01,0.0,0.0020985250551335006
LKA,2025-02-01,0.0,0.0
LSO,2025-02-01,0.0,0.0
LTU,2025-02-01,0.0,0.0
LUX,2025-02-01,0.0,0.0
LVA,2025-02-01,0.0,0.0
MAR,2025-02-01,0.0,0.0006887319571628124
MDA,2025-02-01,0.0,0.0020081457178413855
MDG,2025-02-01,0.0,0.0003409985975832325
MDV,2025-02-01,0.0,0.0
MEX,2025-02-01,0.0,0.02319035626719046
MKD,2025-02-01,0.0,0.0
MLI,2025-02-01,0.0,0.7754702792619343
MLT,2025-02-01,0.0,0.0
MMR,2025-02-01,0.0,0.18369291424105239
MNE,2025-02-01,0.0,0.0
MNG,2025-02-01,0.0,0.0
MOZ,2025-02-01,0.0,0.4124277033869733
MRT,2025-02-01,0.0,0.0
MUS,2025-02-01,0.0,0.0
MWI,2025-02-01,0.0,0.0
MYS,2025-02-01,0.0,0.0
NAM,2025-02-01,0.0,0.0
NER,2025-02-01,0.0,0.02690329749187506
NGA,2025-02-01,0.0,0.3609509143207883
NIC,2025-02-01,0.0,0.0006887319571628124
NLD,2025-02-01,0.0,0.0
NOR,2025-02-01,0.0,0.0
NPL,2025-02-01,0.0,0.0006887319571628124
NZL,2025-02-01,0.0,0.0
OMN,2025-02-01,0.0,0.0
PAK,2025-02-01,0.0,0.0128567212792653
PAN,2025-02-01,0.0,0.001556253068668023
PER,2025-02-01,0.0,0.045247672969663685
PHL,2025-02-01,0.0,0.15767923438332437
PNG,2025-02-01,0.0,0.20068282682688413
POL,2025-02-01,0.0,0.0
PRK,2025-02-01,0.0,0.0
PRT,2025-02-01,0.0,0.0
PRY,2025-02-01,0.0,0.0
PSE,2025-02-01,1.0,0.574652934563007
QAT,2025-02-01,0.0,0.0
ROU,2025-02-01,0.0,0.0
RUS,2025-02-01,0.0,0.788461415195441
RWA,2025-02-01,0.0,0.0
SAU,2025-02-01,0.0,0.0016495417438901045
SEN,2025-02-01,0.0,0.0
SGP,2025-02-01,0.0,0.0
SLB,2025-02-01,0.0,0.0006887319571628124
SLE,2025-02-01,0.0,0.0
SLV,2025-02-01,0.0,0.011857533696953417
SRB,2025-02-01,0.0,0.0
STP,2025-02-01,0.0,0.0
SVK,2025-02-01,0.0,0.0
SVN,2025-02-01,0.0,0.0
SWE,2025-02-01,0.0,0.0
SWZ,2025-02-01,0.0,0.0
SYC,2025-02-01,0.0,0.0
SYR,2025-02-01,0.0,0.9482141471741384
TCD,2025-02-01,0.0,0.6547387199157703
TGO,2025-02-01,0.0,0.0
THA,2025-02-01,0.0,0.028229130218070376
TJK,2025-02-01,0.0,0.008315763090996815
TKM,2025-02-01,0.0,0.0
TLS,2025-02-01,0.0,0.0
TON,2025-02-01,0.0,0.001556253068668023
TTO,2025-02-01,0.0,0.0
TUN,2025-02-01,0.0,0.0
TUR,2025-02-01,0.0,0.03165345903103624
TZA,2025-02-01,0.0,0.005709606220130829
UGA,2025-02-01,0.0,0.4012087314024988
UKR,2025-02-01,0.0,0.8523077664171603
URY,2025-02-01,0.0,0.0
USA,2025-02-01,0.0,0.0
UZB,2025-02-01,0.0,0.0
VEN,2025-02-01,0.0,0.006973258349125218
VNM,2025-02-01,0.0,0.005186868386304848
VUT,2025-02-01,0.0,0.0
WSM,2025-02-01,0.0,0.0
YEM,2025-02-01,0.0,0.6193129365924204
ZAF,2025-02-01,0.0,0.05196381918230639
ZMB,2025-02-01,0.0,0.0
ZWE,2025-02-01,0.0,0.0
AFG,2025-03-01,0.0,0.2377767624875484
AGO,2025-03-01,0.0,0.0
ALB,2025-03-01,0.0,0.0
ARE,2025-03-01,0.0,0.0
ARG,2025-03-01,0.0,0.0
ARM,2025-03-01,0.0,0.0
AUS,2025-03-01,0.0,0.0
AUT,2025-03-01,0.0,0.0
AZE,2025-03-01,0.0,0.04253197480525123
BDI,2025-03-01,0.0,0.008262750340212684
BEL,2025-03-01,0.0,0.0
BEN,2025-03-01,0.0,0.0
BGD,2025-03-01,0.0,0.011427739514525092
BGR,2025-03-01,0.0,0.0
BHR,2025-03-01,0.0,0.0
BHS,2025-03-01,0.0,0.0
BIH,2025-03-01,0.0,0.0
BLR,2025-03-01,0.0,0.0
BLZ,2025-03-01,0.0,0.0
BOL,2025-03-01,0.0,0.0
BRA,2025-03-01,0.0,0.023112678781787993
BRB,2025-03-01,0.0,0.0
BRN,2025-03-01,0.0,0.0
BTN,2025-03-01,0.0,0.0
BWA,2025-03-01,0.0,0.0
CAF,2025-03-01,0.0,0.46309637463267855
CAN,2025-03-01,0.0,0.0
CHE,2025-03-01,0.0,0.0
CHL,2025-03-01,0.0,0.0
CHN,2025-03-01,0.0,0.010193951671173637
CIV,2025-03-01,0.0,0.004552886748209645
CMR,2025-03-01,0.0,0.4968921008610595
COL,2025-03-01,0.0,0.8063163782854957
COM,2025-03-01,0.0,0.0
CRI,2025-03-01,0.0,0.0
CUB,2025-03-01,0.0,0.0
CYP,2025-03-01,0.0,0.0
CZE,2025-03-01,0.0,0.0
DEU,2025-03-01,0.0,0.0
DJI,2025-03-01,0.0,0.0
DNK,2025-03-01,0.0,0.0
DOM,2025-03-01,0.0,0.04043953327116465
DZA,2025-03-01,0.0,0.08539039964069635
ECU,2025-03-01,0.0,0.0182343338577172
EGY,2025-03-01,0.0,0.0030882260101187577
ERI,2025-03-01,0.0,0.0
ESP,2025-03-01,0.0,0.0
EST,2025-03-01,0.0,0.0
ETH,2025-03-01,1.0,0.847868127052291
FIN,2025-03-01,0.0,0.0
FJI,2025-03-01,0.0,0.0
FRA,2025-03-01,0.0,0.0
GAB,2025-03-01,0.0,0.0
GBR,2025-03-01,0.0,0.0
GEO,2025-03-01,0.0,0.0
GHA,2025-03-01,0.0,0.0
GIN,2025-03-01,0.0,0.0
GMB,2025-03-01,0.0,0.004814583147171834
GNB,2025-03-01,0.0,0.0
GNQ,2025-03-01,0.0,0.0
GRC,2025-03-01,0.0,0.0
GRD,2025-03-01,0.0,0.0
GTM,2025-03-01,0.0,0.0
GUY,2025-03-01,0.0,0.003879417774559118
HND,2025-03-01,0.0,0.0
HRV,2025-03-01,0.0,0.0
HUN,2025-03-01,0.0,0.0
IDN,2025-03-01,0.0,0.004178403182903528
IND,2025-03-01,1.0,0.1189379380315847
IRL,2025-03-01,0.0,0.0
IRN,2025-03-01,0.0,0.049124873057956736
IRQ,2025-03-01,0.0,0.06179690865357407
ISL,2025-03-01,0.0,0.0
ISR,2025-03-01,0.0,0.0
ITA,2025-03-01,0.0,0.0
JAM,2025-03-01,0.0,0.0
JOR,2025-03-01,0.0,0.020587632139337196
JPN,2025-03-01,0.0,0.0025449006340996804
KAZ,2025-03-01,0.0,0.0039887926225489565
KEN,2025-03-01,0.0,0.09224820432960802
KGZ,2025-03-01,0.0,0.0
KHM,2025-03-01,0.0,0.0
KOR,2025-03-01,0.0,0.0
KWT,2025-03-01,0.0,0.0
LAO,2025-03-01,0.0,0.0
LBN,2025-03-01,0.0,0.9716726829049235
LBR,2025-03-01,0.0,0.0
LBY,2025-03-01,0.0,0.0
LKA,2025-03-01,0.0,0.0
LSO,2025-03-01,0.0,0.0
LTU,2025-03-01,0.0,0.0
LUX,2025-03-01,0.0,0.0
LVA,2025-03-01,0.0,0.0
MAR,2025-03-01,0.0,0.0020951936537564166
MDA,2025-03-01,0.0,0.0035898460923445927
MDG,2025-03-01,0.0,0.0
MDV,2025-03-01,0.0,0.0
MEX,2025-03-01,0.0,0.013643769388611688
MKD,2025-03-01,0.0,0.0
MLI,2025-03-01,0.0,0.7765932841949642
MLT,2025-03-01,0.0,0.0
MMR,2025-03-01,0.0,0.1164937374282366
MNE,2025-03-01,0.0,0.0
MNG,2025-03-01,0.0,0.0
MOZ,2025-03-01,0.0,0.47860139758101566
MRT,2025-03-01,0.0,0.0
MUS,2025-03-01,0.0,0.0
MWI,2025-03-01,0.0,0.0
MYS,2025-03-01,0.0,0.0
NAM,2025-03-01,0.0,0.0
NER,2025-03-01,0.0,0.03581746691281146
NGA,2025-03-01,1.0,0.35860517071346965
NIC,2025-03-01,0.0,0.0
NLD,2025-03-01,0.0,0.0
NOR,2025-03-01,0.0,0.0
NPL,2025-03-01,0.0,0.0
NZL,2025-03-01,0.0,0.0
OMN,2025-03-01,0.0,0.0
PAK,2025-03-01,0.0,0.048703202847424076
PAN,2025-03-01,0.0,0.006361186404187004
PER,2025-03-01,0.0,0.03320884919991842
PHL,2025-03-01,0.0,0.11189037043981084
PNG,2025-03-01,0.0,0.18931840613104037
POL,2025-03-01,0.0,0.0
PRK,2025-03-01,0.0,0.0
PRT,2025-03-01,0.0,0.0
PRY,2025-03-01,0.0,0.0
QAT,2025-03-01,0.0,0.0
ROU,2025-03-01,0.0,0.0
RUS,2025-03-01,0.0,0.8031280667342707
RWA,2025-03-01,0.0,0.0
SAU,2025-03-01,0.0,0.00985855236571958
SEN,2025-03-01,0.0,0.0
SGP,2025-03-01,0.0,0.0
SLB,2025-03-01,0.0,0.0
SLE,2025-03-01,0.0,0.0
SLV,2025-03-01,0.0,0.016120686826657706
SRB,2025-03-01,0.0,0.0
STP,2025-03-01,0.0,0.0
SVK,2025-03-01,0.0,0.0
SVN,2025-03-01,0.0,0.0
SWE,2025-03-01,0.0,0.0
SWZ,2025-03-01,0.0,0.0
SYC,2025-03-01,0.0,0.0
SYR,2025-03-01,0.0,0.9280393473851345
TCD,2025-03-01,0.0,0.6750931069951149
TGO,2025-03-01,0.0,0.0
THA,2025-03-01,0.0,0.012509964853044297
TJK,2025-03-01,0.0,0.017347387513427116
TKM,2025-03-01,0.0,0.0
TLS,2025-03-01,0.0,0.0
TON,2025-03-01,0.0,0.003619873022271488
TTO,2025-03-01,0.0,0.0
TUN,2025-03-01,0.0,0.0
TUR,2025-03-01,0.0,0.02528506203007563
TZA,2025-03-01,0.0,0.0
UGA,2025-03-01,0.0,0.4732678300970743
UKR,2025-03-01,0.0,0.8619979848402626
URY,2025-03-01,0.0,0.0
USA,2025-03-01,0.0,0.0
UZB,2025-03-01,0.0,0.0
VEN,2025-03-01,0.0,0.009606576705729224
VNM,2025-03-01,0.0,0.00336271864917798
VUT,2025-03-01,0.0,0.0
WSM,2025-03-01,0.0,0.0
YEM,2025-03-01,0.0,0.6156781697380866
ZAF,2025-03-01,0.0,0.024962407894764185
ZMB,2025-03-01,0.0,0.0
ZWE,2025-03-01,0.0,0.0
AFG,2025-04-01,0.0,0.22698363007368969
AGO,2025-04-01,0.0,0.0
ALB,2025-04-01,0.0,0.0028837532235667512
ARE,2025-04-01,0.0,0.0
ARG,2025-04-01,0.0,0.0
ARM,2025-04-01,0.0,0.0
AUS,2025-04-01,0.0,0.0
AUT,2025-04-01,0.0,0.0
AZE,2025-04-01,0.0,0.05902973705592788
BDI,2025-04-01,0.0,0.004605139723720428
BEL,2025-04-01,0.0,0.0
BEN,2025-04-01,0.0,0.0
BGD,2025-04-01,0.0,0.024598485169247716
BGR,2025-04-01,0.0,0.0
BHR,2025-04-01,0.0,0.0
BHS,2025-04-01,0.0,0.0
BIH,2025-04-01,0.0,0.0
BLR,2025-04-01,0.0,0.0
BLZ,2025-04-01,0.0,0.0
BOL,2025-04-01,0.0,0.0
BRA,2025-04-01,0.0,0.023459414624650236
BRB,2025-04-01,0.0,0.0
BRN,2025-04-01,0.0,0.0
BTN,2025-04-01,0.0,0.0
BWA,2025-04-01,0.0,0.0
CAF,2025-04-01,0.0,0.3681893923210034
CAN,2025-04-01,0.0,0.0
CHE,2025-04-01,0.0,0.0
CHL,2025-04-01,0.0,0.0
CHN,2025-04-01,0.0,0.009537485749903643
CIV,2025-04-01,0.0,0.008866440069619473
CMR,2025-04-01,0.0,0.4117547709441504
COL,2025-04-01,0.0,0.8074255638432233
COM,2025-04-01,0.0,0.0
CRI,2025-04-01,0.0,0.0
CUB,2025-04-01,0.0,0.0
CYP,2025-04-01,0.0,0.0
CZE,2025-04-01,0.0,0.0
DEU,2025-04-01,0.0,0.0
DJI,2025-04-01,0.0,0.0
DNK,2025-04-01,0.0,0.0
DOM,2025-04-01,0.0,0.0317484210034775
DZA,2025-04-01,0.0,0.05743480479395509
ECU,2025-04-01,0.0,0.017368930344996102
EGY,2025-04-01,0.0,0.003779715547082662
ERI,2025-04-01,0.0,0.003479643743125352
ESP,2025-04-01,0.0,0.0
EST,2025-04-01,0.0,0.0
ETH,2025-04-01,1.0,0.8459396061154826
FIN,2025-04-01,0.0,0.0
FJI,2025-04-01,0.0,0.0
FRA,2025-04-01,0.0,0.0
GAB,2025-04-01,0.0,0.0
GBR,2025-04-01,0.0,0.0
GEO,2025-04-01,0.0,0.0
GHA,2025-04-01,0.0,0.0
GIN,2025-04-01,0.0,0.0
GMB,2025-04-01,0.0,0.0
GNB,2025-04-01,0.0,0.0
GNQ,2025-04-01,0.0,0.0
GRC,2025-04-01,0.0,0.0
GRD,2025-04-01,0.0,0.0
GTM,2025-04-01,0.0,0.005744386398879832
GUY,2025-04-01,0.0,0.0
HND,2025-04-01,0.0,0.0012623613634232126
HRV,2025-04-01,0.0,0.0
HUN,2025-04-01,0.0,0.0
IDN,2025-04-01,0.0,0.011102225372007469
IND,2025-04-01,1.0,0.14003550151954022
IRL,2025-04-01,0.0,0.0
IRN,2025-04-01,1.0,0.04107638955471244
IRQ,2025-04-01,0.0,0.0930679597405214
ISL,2025-04-01,0.0,0.0
ISR,2025-04-01,0.0,0.0
ITA,2025-04-01,0.0,0.0
JAM,2025-04-01,0.0,0.0
JOR,2025-04-01,0.0,0.027851161408524026
JPN,2025-04-01,0.0,0.0
KAZ,2025-04-01,0.0,0.009750293115794806
KEN,2025-04-01,0.0,0.07523187393449113
KGZ,2025-04-01,0.0,0.0
KHM,2025-04-01,0.0,0.0
KOR,2025-04-01,0.0,0.0
KWT,2025-04-01,0.0,0.0
LAO,2025-04-01,0.0,0.0
LBN,2025-04-01,0.0,0.9651895824121486
LBR,2025-04-01,0.0,0.0
LBY,2025-04-01,0.0,0.0016500942132625094
LKA,2025-04-01,0.0,0.0
LSO,2025-04-01,0.0,0.0
LTU,2025-04-01,0.0,0.0
LUX,2025-04-01,0.0,0.0
LVA,2025-04-01,0.0,0.0
MAR,2025-04-01,0.0,0.0
MDA,2025-04-01,0.0,0.0
MDG,2025-04-01,0.0,0.0
MDV,2025-04-01,0.0,0.0
MEX,2025-04-01,0.0,0.009014186792639704
MKD,2025-04-01,0.0,0.0
MLI,2025-04-01,0.0,0.7593522383480871
MLT,2025-04-01,0.0,0.0
MMR,2025-04-01,0.0,0.1113990052499105
MNE,2025-04-01,0.0,0.0
MNG,2025-04-01,0.0,0.0
MOZ,2025-04-01,0.0,0.4216682855563096
MRT,2025-04-01,0.0,0.0
MUS,2025-04-01,0.0,0.0
MWI,2025-04-01,0.0,0.0
MYS,2025-04-01,0.0,0.0
NAM,2025-04-01,0.0,0.0
NER,2025-04-01,1.0,0.036606862653465244
NGA,2025-04-01,1.0,0.33762842069446636
NIC,2025-04-01,0.0,0.0
NLD,2025-04-01,0.0,0.0
NOR,2025-04-01,0.0,0.0
NPL,2025-04-01,0.0,0.0
NZL,2025-04-01,0.0,0.0
OMN,2025-04-01,0.0,0.0028837532235667512
PAK,2025-04-01,0.0,0.032076032339503555
PAN,2025-04-01,0.0,0.0
PER,2025-04-01,0.0,0.030231122576567956
PHL,2025-04-01,0.0,0.13047955629914132
PNG,2025-04-01,0.0,0.151779190200545
POL,2025-04-01,0.0,0.0
PRK,2025-04-01,0.0,0.0
PRT,2025-04-01,0.0,0.0
PRY,2025-04-01,0.0,0.0
QAT,2025-04-01,0.0,0.0
ROU,2025-04-01,0.0,0.0
RUS,2025-04-01,0.0,0.7655997251771137
RWA,2025-04-01,0.0,0.0
SAU,2025-04-01,0.0,0.0016417455333950714
SEN,2025-04-01,0.0,0.0
SGP,2025-04-01,0.0,0.0
SLB,2025-04-01,0.0,0.0
SLE,2025-04-01,0.0,0.0
SLV,2025-04-01,0.0,0.015329136107360176
SOM,2025-04-01,1.0,0.9498600615348596
SRB,2025-04-01,0.0,0.0
STP,2025-04-01,0.0,0.0
SVK,2025-04-01,0.0,0.0
SVN,2025-04-01,0.0,0.0
SWE,2025-04-01,0.0,0.0
SWZ,2025-04-01,0.0,0.0
SYC,2025-04-01,0.0,0.0
SYR,2025-04-01,0.0,0.9357160821127282
TCD,2025-04-01,0.0,0.6521005984827462
TGO,2025-04-01,0.0,0.0
THA,2025-04-01,0.0,0.022699843950228834
TJK,2025-04-01,0.0,0.019812669641148032
TKM,2025-04-01,0.0,0.0
TLS,2025-04-01,0.0,0.0
TON,2025-04-01,0.0,0.0
TTO,2025-04-01,0.0,0.0
TUN,2025-04-01,0.0,0.0
TUR,2025-04-01,0.0,0.019530703474599405
TZA,2025-04-01,0.0,0.0012623613634232126
UGA,2025-04-01,0.0,0.4620224412495185
UKR,2025-04-01,0.0,0.8249386688273553
URY,2025-04-01,0.0,0.0
USA,2025-04-01,0.0,0.0
UZB,2025-04-01,0.0,0.0
VEN,2025-04-01,0.0,0.0063690767052143205
VNM,2025-04-01,0.0,0.0010642487957011285
VUT,2025-04-01,0.0,0.0
WSM,2025-04-01,0.0,0.0
YEM,2025-04-01,0.0,0.5691716109949
ZAF,2025-04-01,0.0,0.020314717264196376
ZMB,2025-04-01,0.0,0.0
ZWE,2025-04-01,0.0,0.0
AFG,2025-05-01,0.0,0.5475536459081134
AGO,2025-05-01,0.0,0.0
ALB,2025-05-01,0.0,0.0061724727284009195
ARE,2025-05-01,0.0,0.0
ARG,2025-05-01,0.0,0.0
ARM,2025-05-01,0.0,0.02186971002089089
AUS,2025-05-01,0.0,0.0
AUT,2025-05-01,0.0,0.0
AZE,2025-05-01,0.0,0.027971136908921633
BDI,2025-05-01,0.0,0.009032143920555138
BEL,2025-05-01,0.0,0.0
BEN,2025-05-01,0.0,0.0
BGD,2025-05-01,0.0,0.09068951500920891
BGR,2025-05-01,0.0,0.0
BHR,2025-05-01,0.0,0.0
BHS,2025-05-01,0.0,0.0
BIH,2025-05-01,0.0,0.0
BLR,2025-05-01,0.0,0.0
BLZ,2025-05-01,0.0,0.014772338604092638
BOL,2025-05-01,0.0,0.0
BRA,2025-05-01,0.0,0.042936503495284974
BRB,2025-05-01,0.0,0.0
BRN,2025-05-01,0.0,0.0
BTN,2025-05-01,0.0,0.0
BWA,2025-05-01,0.0,0.0
CAF,2025-05-01,0.0,0.686627496111865
CAN,2025-05-01,0.0,0.0
CHE,2025-05-01,0.0,0.0
CHL,2025-05-01,0.0,0.0
CHN,2025-05-01,0.0,0.012062539136625902
CIV,2025-05-01,0.0,0.08818435483618632
CMR,2025-05-01,0.0,0.5019855677904469
COL,2025-05-01,0.0,0.203916290390363
COM,2025-05-01,0.0,0.0
CRI,2025-05-01,0.0,0.0
CUB,2025-05-01,0.0,0.0
CYP,2025-05-01,0.0,0.0
CZE,2025-05-01,0.0,0.0
DEU,2025-05-01,0.0,0.0
DJI,2025-05-01,0.0,0.0
DNK,2025-05-01,0.0,0.0
DOM,2025-05-01,0.0,0.06784289941156635
DZA,2025-05-01,0.0,0.004623584905660376
ECU,2025-05-01,0.0,0.03276695621993158
EGY,2025-05-01,0.0,0.1797598969862701
ERI,2025-05-01,0.0,0.0
ESP,2025-05-01,0.0,0.0
EST,2025-05-01,0.0,0.0
ETH,2025-05-01,1.0,0.8706574877919746
FIN,2025-05-01,0.0,0.0
FJI,2025-05-01,0.0,0.0
FRA,2025-05-01,0.0,0.0
GAB,2025-05-01,0.0,0.0
GBR,2025-05-01,0.0,0.0
GEO,2025-05-01,0.0,0.0
GHA,2025-05-01,0.0,0.06569182858546785
GIN,2025-05-01,0.0,0.0
GMB,2025-05-01,0.0,0.0
GNB,2025-05-01,0.0,0.0
GNQ,2025-05-01,0.0,0.0
GRC,2025-05-01,0.0,0.0
GRD,2025-05-01,0.0,0.0
GTM,2025-05-01,0.0,0.0
GUY,2025-05-01,0.0,0.001457416438682049
HND,2025-05-01,0.0,0.01704655017851111
HRV,2025-05-01,0.0,0.0
HUN,2025-05-01,0.0,0.0
IDN,2025-05-01,0.0,0.010586711782702637
IND,2025-05-01,0.0,0.5265227819371138
IRL,2025-05-01,0.0,0.0
IRN,2025-05-01,1.0,0.06638863529048793
IRQ,2025-05-01,0.0,0.12252179660862385
ISL,2025-05-01,0.0,0.0
ISR,2025-05-01,0.0,0.0
ITA,2025-05-01,0.0,0.0
JAM,2025-05-01,0.0,0.0
JOR,2025-05-01,0.0,0.41112860792645833
JPN,2025-05-01,0.0,0.0033138375198620584
KAZ,2025-05-01,0.0,0.0
KEN,2025-05-01,0.0,0.14534206930011637
KGZ,2025-05-01,0.0,0.0
KHM,2025-05-01,1.0,0.0
KOR,2025-05-01,0.0,0.0
KWT,2025-05-01,0.0,0.0
LAO,2025-05-01,0.0,0.0
LBN,2025-05-01,0.0,0.19077539801750956
LBR,2025-05-01,0.0,0.0
LBY,2025-05-01,0.0,0.0
LKA,2025-05-01,0.0,0.00477773445116007
LSO,2025-05-01,0.0,0.02883285075057319
LTU,2025-05-01,0.0,0.0
LUX,2025-05-01,0.0,0.0
LVA,2025-05-01,0.0,0.0
MAR,2025-05-01,0.0,0.0
MDA,2025-05-01,0.0,0.004914268525017548
MDG,2025-05-01,0.0,0.0
MDV,2025-05-01,0.0,0.0
MEX,2025-05-01,0.0,0.3335211922049448
MKD,2025-05-01,0.0,0.0
MLI,2025-05-01,0.0,0.8347915701685948
MLT,2025-05-01,0.0,0.0
MMR,2025-05-01,0.0,0.11405711159260452
MNE,2025-05-01,0.0,0.0
MNG,2025-05-01,0.0,0.0
MOZ,2025-05-01,1.0,0.8865921572247117
MRT,2025-05-01,0.0,0.0
MUS,2025-05-01,0.0,0.0
MWI,2025-05-01,0.0,0.10767987403901491
MYS,2025-05-01,0.0,0.0
NAM,2025-05-01,0.0,0.00494251714400968
NER,2025-05-01,1.0,0.696590330343996
NIC,2025-05-01,0.0,0.0
NLD,2025-05-01,0.0,0.0
NOR,2025-05-01,0.0,0.0
NPL,2025-05-01,0.0,0.0
NZL,2025-05-01,0.0,0.0
OMN,2025-05-01,0.0,0.0
PAK,2025-05-01,0.0,0.15088045464555053
PAN,2025-05-01,0.0,0.004614353727270505
PER,2025-05-01,0.0,0.11156180125772197
PHL,2025-05-01,0.0,0.5657444700449372
PNG,2025-05-01,0.0,0.004387645478961504
POL,2025-05-01,0.0,0.0
PRK,2025-05-01,0.0,0.0
PRT,2025-05-01,0.0,0.0
PRY,2025-05-01,0.0,0.0
QAT,2025-05-01,0.0,0.0
ROU,2025-05-01,0.0,0.0
RUS,2025-05-01,0.0,0.0008572827931221448
RWA,2025-05-01,0.0,0.00494251714400968
SAU,2025-05-01,0.0,0.0
SEN,2025-05-01,0.0,0.0
SGP,2025-05-01,0.0,0.0
SLB,2025-05-01,0.0,0.0
SLE,2025-05-01,0.0,0.0
SLV,2025-05-01,0.0,0.03958735506639468
SOM,2025-05-01,1.0,0.03865693604980687
SRB,2025-05-01,0.0,0.0
STP,2025-05-01,0.0,0.0
SVK,2025-05-01,0.0,0.0
SVN,2025-05-01,0.0,0.0
SWE,2025-05-01,0.0,0.0
SWZ,2025-05-01,0.0,0.0
SYC,2025-05-01,0.0,0.0
SYR,2025-05-01,0.0,0.806251996848139
TCD,2025-05-01,0.0,0.6743775359424916
TGO,2025-05-01,0.0,0.000527511086235845
THA,2025-05-01,1.0,0.018223893693173895
TJK,2025-05-01,0.0,0.0
TKM,2025-05-01,0.0,0.0
TLS,2025-05-01,0.0,0.0
TON,2025-05-01,0.0,0.02277935339563959
TTO,2025-05-01,0.0,0.0
TUN,2025-05-01,0.0,0.0
TUR,2025-05-01,0.0,0.01840857530448093
TZA,2025-05-01,0.0,0.0
UGA,2025-05-01,0.0,0.33564748404225087
UKR,2025-05-01,0.0,0.12692456259322543
URY,2025-05-01,0.0,0.0
USA,2025-05-01,0.0,0.0
UZB,2025-05-01,0.0,0.0
VEN,2025-05-01,0.0,0.11396733017397633
VNM,2025-05-01,0.0,0.010628401571610326
VUT,2025-05-01,0.0,0.0
WSM,2025-05-01,0.0,0.0
YEM,2025-05-01,0.0,0.7794622951790222
ZAF,2025-05-01,0.0,0.015538320126791653
ZMB,2025-05-01,0.0,0.1273982200820086
ZWE,2025-05-01,0.0,0.00457438865036401
AFG,2025-06-01,0.0,0.45599073582537214
AGO,2025-06-01,0.0,0.0
ALB,2025-06-01,0.0,0.004329857875116496
ARE,2025-06-01,0.0,0.0
ARG,2025-06-01,0.0,0.0
ARM,2025-06-01,0.0,0.00711593961782619
AUS,2025-06-01,0.0,0.0
AUT,2025-06-01,0.0,0.0
AZE,2025-06-01,0.0,0.027868673713765314
BDI,2025-06-01,0.0,0.013083312571058969
BEL,2025-06-01,0.0,0.0
BEN,2025-06-01,0.0,0.0
BGD,2025-06-01,0.0,0.08492962445415296
BGR,2025-06-01,0.0,0.0
BHR,2025-06-01,0.0,0.0
BHS,2025-06-01,0.0,0.0
BIH,2025-06-01,0.0,0.0
BLR,2025-06-01,0.0,0.0
BLZ,2025-06-01,0.0,0.009795988195853953
BOL,2025-06-01,0.0,0.0
BRA,2025-06-01,0.0,0.0458617271946732
BRB,2025-06-01,0.0,0.0
BRN,2025-06-01,0.0,0.0
BTN,2025-06-01,0.0,0.0
BWA,2025-06-01,0.0,0.0
CAF,2025-06-01,0.0,0.6916653937550944
CAN,2025-06-01,0.0,0.0
CHE,2025-06-01,0.0,0.0
CHL,2025-06-01,0.0,0.0
CHN,2025-06-01,0.0,0.015613185506111455
CIV,2025-06-01,0.0,0.08337534067103868
CMR,2025-06-01,0.0,0.5271324610362058
COL,2025-06-01,0.0,0.2210879145988291
COM,2025-06-01,0.0,0.0
CRI,2025-06-01,0.0,0.0
CUB,2025-06-01,0.0,0.0
CYP,2025-06-01,0.0,0.0
CZE,2025-06-01,0.0,0.0
DEU,2025-06-01,0.0,0.0
DJI,2025-06-01,0.0,0.0
DNK,2025-06-01,0.0,0.0
DOM,2025-06-01,0.0,0.06818224778989261
DZA,2025-06-01,0.0,0.002161152459588321
ECU,2025-06-01,0.0,0.012020669646522717
EGY,2025-06-01,0.0,0.16882272839314758
ERI,2025-06-01,0.0,0.0
ESP,2025-06-01,0.0,0.0
EST,2025-06-01,0.0,0.0
ETH,2025-06-01,1.0,0.8360600229216406
FIN,2025-06-01,0.0,0.0
FJI,2025-06-01,0.0,0.0
FRA,2025-06-01,0.0,0.0
GAB,2025-06-01,0.0,0.0
GBR,2025-06-01,0.0,0.0
GEO,2025-06-01,0.0,0.0
GHA,2025-06-01,0.0,0.028222841102128707
GIN,2025-06-01,0.0,0.0
GMB,2025-06-01,0.0,0.0
GNB,2025-06-01,0.0,0.0
GNQ,2025-06-01,0.0,0.0
GRC,2025-06-01,0.0,0.0
GRD,2025-06-01,0.0,0.0
GTM,2025-06-01,0.0,0.0041999547997061916
GUY,2025-06-01,0.0,0.0
HND,2025-06-01,0.0,0.02071435432264795
HRV,2025-06-01,0.0,0.0
HUN,2025-06-01,0.0,0.0
IDN,2025-06-01,0.0,0.0036355779148094874
IND,2025-06-01,0.0,0.596057119217754
IRL,2025-06-01,0.0,0.0
IRN,2025-06-01,0.0,0.34775214989674247
IRQ,2025-06-01,0.0,0.12854063270590185
ISL,2025-06-01,0.0,0.0
ISR,2025-06-01,0.0,0.0
ITA,2025-06-01,0.0,0.0
JAM,2025-06-01,0.0,0.0
JOR,2025-06-01,0.0,0.42269550021216645
JPN,2025-06-01,0.0,0.003243166597587311
KAZ,2025-06-01,0.0,0.0
KEN,2025-06-01,0.0,0.14085150100832694
KGZ,2025-06-01,0.0,0.007738579090904168
KHM,2025-06-01,1.0,0.0
KOR,2025-06-01,0.0,0.0
KWT,2025-06-01,0.0,0.0
LAO,2025-06-01,0.0,0.0
LBN,2025-06-01,0.0,0.2030211892079339
LBR,2025-06-01,0.0,0.0
LBY,2025-06-01,0.0,0.0
LKA,2025-06-01,0.0,0.0
LSO,2025-06-01,0.0,0.06339117638385779
LTU,2025-06-01,0.0,0.0
LUX,2025-06-01,0.0,0.0
LVA,2025-06-01,0.0,0.0
MAR,2025-06-01,0.0,0.0
MDA,2025-06-01,0.0,0.004772712680577849
MDG,2025-06-01,0.0,0.0
MDV,2025-06-01,0.0,0.0
MEX,2025-06-01,0.0,0.20669636160942076
MKD,2025-06-01,0.0,0.0
MLI,2025-06-01,0.0,0.837895490801247
MLT,2025-06-01,0.0,0.0
MMR,2025-06-01,0.0,0.05038434416901966
MNE,2025-06-01,0.0,0.0
MNG,2025-06-01,0.0,0.0
MOZ,2025-06-01,1.0,0.879627183644252
MRT,2025-06-01,0.0,0.0
MUS,2025-06-01,0.0,0.0
MWI,2025-06-01,0.0,0.09319516295840291
MYS,2025-06-01,0.0,0.0
NAM,2025-06-01,0.0,0.0
NIC,2025-06-01,0.0,0.0
NLD,2025-06-01,0.0,0.0
NOR,2025-06-01,0.0,0.0
NPL,2025-06-01,0.0,0.0
NZL,2025-06-01,0.0,0.0
OMN,2025-06-01,0.0,0.0
PAK,2025-06-01,1.0,0.12121473217960739
PAN,2025-06-01,0.0,0.0016029801824337419
PER,2025-06-01,0.0,0.08163057659538867
PHL,2025-06-01,0.0,0.6704499157234356
PNG,2025-06-01,0.0,0.0
POL,2025-06-01,0.0,0.0
PRK,2025-06-01,0.0,0.0
PRT,2025-06-01,0.0,0.0
PRY,2025-06-01,0.0,0.0
QAT,2025-06-01,0.0,0.0
ROU,2025-06-01,0.0,0.0
RUS,2025-06-01,0.0,0.00214277478308495
RWA,2025-06-01,0.0,0.0
SAU,2025-06-01,0.0,0.0
SEN,2025-06-01,0.0,0.0
SGP,2025-06-01,0.0,0.0
SLB,2025-06-01,0.0,0.0
SLE,2025-06-01,0.0,0.0
SLV,2025-06-01,0.0,0.043336710430542665
SRB,2025-06-01,0.0,0.0
STP,2025-06-01,0.0,0.0
SVK,2025-06-01,0.0,0.0
SVN,2025-06-01,0.0,0.0
SWE,2025-06-01,0.0,0.0
SWZ,2025-06-01,0.0,0.0
SYC,2025-06-01,0.0,0.0
SYR,2025-06-01,0.0,0.7525582051004015
TCD,2025-06-01,0.0,0.6925605781769169
TGO,2025-06-01,0.0,0.0
THA,2025-06-01,1.0,0.0
TJK,2025-06-01,0.0,0.0
TKM,2025-06-01,0.0,0.0
TLS,2025-06-01,0.0,0.0
TON,2025-06-01,0.0,0.013732379641578758
TTO,2025-06-01,0.0,0.0
TUN,2025-06-01,0.0,0.0
TUR,2025-06-01,0.0,0.019993858678975743
TZA,2025-06-01,0.0,0.0
UGA,2025-06-01,0.0,0.37522306557205615
UKR,2025-06-01,0.0,0.17640303080295486
URY,2025-06-01,0.0,0.0
USA,2025-06-01,0.0,0.0
UZB,2025-06-01,0.0,0.0
VEN,2025-06-01,0.0,0.14498808806157107
VNM,2025-06-01,0.0,0.0034563133021891872
VUT,2025-06-01,0.0,0.0
WSM,2025-06-01,0.0,0.0
YEM,2025-06-01,0.0,0.6766993607726591
ZAF,2025-06-01,0.0,0.017072839922988182
ZMB,2025-06-01,0.0,0.11752352881226046
ZWE,2025-06-01,0.0,0.014680200178735135
AFG,2025-07-01,0.0,0.4658220565927331
AGO,2025-07-01,0.0,0.0
ALB,2025-07-01,0.0,0.0007888990373006614
ARE,2025-07-01,0.0,0.0
ARG,2025-07-01,0.0,0.0
ARM,2025-07-01,0.0,0.018333220003336707
AUS,2025-07-01,0.0,0.0
AUT,2025-07-01,0.0,0.0
AZE,2025-07-01,0.0,0.04479137551536507
BDI,2025-07-01,0.0,0.017093166895492295
BEL,2025-07-01,0.0,0.0
BEN,2025-07-01,0.0,0.0
BGD,2025-07-01,0.0,0.04892733417089442
BGR,2025-07-01,0.0,0.0
BHR,2025-07-01,0.0,0.0
BHS,2025-07-01,0.0,0.0
BIH,2025-07-01,0.0,0.0
BLR,2025-07-01,0.0,0.0
BLZ,2025-07-01,0.0,0.004939525405902846
BOL,2025-07-01,0.0,0.0
BRA,2025-07-01,0.0,0.027274729530525663
BRB,2025-07-01,0.0,0.0
BRN,2025-07-01,0.0,0.0
BTN,2025-07-01,0.0,0.0
BWA,2025-07-01,0.0,0.0
CAF,2025-07-01,0.0,0.6369699268570929
CAN,2025-07-01,0.0,0.0
CHE,2025-07-01,0.0,0.0
CHL,2025-07-01,0.0,0.0
CHN,2025-07-01,0.0,0.015484622461149183
CIV,2025-07-01,0.0,0.0
CMR,2025-07-01,0.0,0.42923221522816085
COL,2025-07-01,0.0,0.05872644586807719
COM,2025-07-01,0.0,0.0
CRI,2025-07-01,0.0,0.0
CUB,2025-07-01,0.0,0.0
CYP,2025-07-01,0.0,0.0
CZE,2025-07-01,0.0,0.0
DEU,2025-07-01,0.0,0.0
DJI,2025-07-01,0.0,0.0
DNK,2025-07-01,0.0,0.0
DOM,2025-07-01,0.0,0.03893496038323157
DZA,2025-07-01,0.0,0.002862339542147563
ECU,2025-07-01,0.0,0.024271444112821575
EGY,2025-07-01,0.0,0.08487187166791549
ERI,2025-07-01,0.0,0.0
ESP,2025-07-01,0.0,0.0
EST,2025-07-01,0.0,0.0
FIN,2025-07-01,0.0,0.0
FJI,2025-07-01,0.0,0.0
FRA,2025-07-01,0.0,0.0
GAB,2025-07-01,0.0,0.0
GBR,2025-07-01,0.0,0.0
GEO,2025-07-01,0.0,0.0
GHA,2025-07-01,0.0,0.013855692601342492
GIN,2025-07-01,0.0,0.0
GMB,2025-07-01,0.0,0.0
GNB,2025-07-01,0.0,0.0
GNQ,2025-07-01,0.0,0.0
GRC,2025-07-01,0.0,0.0
GRD,2025-07-01,0.0,0.0
GTM,2025-07-01,0.0,0.0
GUY,2025-07-01,0.0,0.0018096327513546042
HND,2025-07-01,0.0,0.020917176535602672
HRV,2025-07-01,0.0,0.0
HTI,2025-07-01,1.0,0.8164922197949328
HUN,2025-07-01,0.0,0.0
IDN,2025-07-01,0.0,0.0013103105546740119
IND,2025-07-01,0.0,0.24101380159243607
IRL,2025-07-01,0.0,0.0
IRN,2025-07-01,0.0,0.6970974944509675
IRQ,2025-07-01,0.0,0.11671289619937687
ISL,2025-07-01,0.0,0.0
ISR,2025-07-01,0.0,0.0
ITA,2025-07-01,0.0,0.0
JAM,2025-07-01,0.0,0.0
JOR,2025-07-01,0.0,0.16214866892420626
JPN,2025-07-01,0.0,0.0
KAZ,2025-07-01,0.0,0.0
KEN,2025-07-01,0.0,0.07332402768507587
KGZ,2025-07-01,0.0,0.002862339542147563
KHM,2025-07-01,0.0,0.6536882496749916
KOR,2025-07-01,0.0,0.0
KWT,2025-07-01,0.0,0.0
LAO,2025-07-01,0.0,0.0
LBN,2025-07-01,0.0,0.07455153565811015
LBR,2025-07-01,0.0,0.0
LBY,2025-07-01,0.0,0.030388475531170963
LKA,2025-07-01,0.0,0.002862339542147563
LSO,2025-07-01,0.0,0.0
LTU,2025-07-01,0.0,0.0
LUX,2025-07-01,0.0,0.0
LVA,2025-07-01,0.0,0.0
MAR,2025-07-01,0.0,0.0024068735786810153
MDA,2025-07-01,0.0,0.0
MDG,2025-07-01,0.0,0.0
MDV,2025-07-01,0.0,0.0
MEX,2025-07-01,0.0,0.15832795109481795
MKD,2025-07-01,0.0,0.0
MLI,2025-07-01,0.0,0.7290588499643862
MLT,2025-07-01,0.0,0.0
MMR,2025-07-01,0.0,0.06156870855960318
MNE,2025-07-01,0.0,0.0
MNG,2025-07-01,0.0,0.0
MRT,2025-07-01,0.0,0.0
MUS,2025-07-01,0.0,0.0
MWI,2025-07-01,0.0,0.019628123414962347
MYS,2025-07-01,0.0,0.0
NAM,2025-07-01,0.0,0.0
NIC,2025-07-01,0.0,0.01473974781694805
NLD,2025-07-01,0.0,0.0
NOR,2025-07-01,0.0,0.0
NPL,2025-07-01,0.0,0.0
NZL,2025-07-01,0.0,0.0
OMN,2025-07-01,0.0,0.0007888990373006614
PAK,2025-07-01,1.0,0.03500451499430826
PAN,2025-07-01,0.0,0.0
PER,2025-07-01,0.0,0.04297647839555012
PHL,2025-07-01,0.0,0.46788501825514717
PNG,2025-07-01,0.0,0.0
POL,2025-07-01,0.0,0.0
PRK,2025-07-01,0.0,0.002541687806527988
PRT,2025-07-01,0.0,0.0
PRY,2025-07-01,0.0,0.0
QAT,2025-07-01,0.0,0.0
ROU,2025-07-01,0.0,0.0
RUS,2025-07-01,0.0,0.0
RWA,2025-07-01,0.0,0.0
SAU,2025-07-01,0.0,0.0
SEN,2025-07-01,0.0,0.022541687806527988
SGP,2025-07-01,0.0,0.0
SLB,2025-07-01,0.0,0.0
SLE,2025-07-01,0.0,0.0
SLV,2025-07-01,0.0,0.028894531426295993
SRB,2025-07-01,0.0,0.0
STP,2025-07-01,0.0,0.0
SVK,2025-07-01,0.0,0.0
SVN,2025-07-01,0.0,0.0
SWE,2025-07-01,0.0,0.0
SWZ,2025-07-01,0.0,0.0
SYC,2025-07-01,0.0,0.0
SYR,2025-07-01,0.0,0.6285095536946536
TCD,2025-07-01,0.0,0.6638114033213508
TGO,2025-07-01,0.0,0.0
THA,2025-07-01,0.0,0.5723277611809605
TJK,2025-07-01,0.0,0.0
TKM,2025-07-01,0.0,0.0
TLS,2025-07-01,0.0,0.0
TON,2025-07-01,0.0,0.006185994038854669
TTO,2025-07-01,0.0,0.0
TUN,2025-07-01,0.0,0.0031957726159816766
TUR,2025-07-01,0.0,0.017213970010518477
TZA,2025-07-01,0.0,0.010851898467372502
UGA,2025-07-01,0.0,0.34043330652873505
UKR,2025-07-01,0.0,0.09999763241016027
URY,2025-07-01,0.0,0.0
USA,2025-07-01,0.0,0.0
UZB,2025-07-01,0.0,0.0
VEN,2025-07-01,0.0,0.1121468060257019
VNM,2025-07-01,0.0,0.005300195355186208
VUT,2025-07-01,0.0,0.0
WSM,2025-07-01,0.0,0.0
YEM,2025-07-01,0.0,0.7092876977015394
ZAF,2025-07-01,0.0,0.009204018678305032
ZMB,2025-07-01,0.0,0.03450816310632019
ZWE,2025-07-01,0.0,0.0
AFG,2025-08-01,1.0,0.4543755346988601
AGO,2025-08-01,0.0,0.0017183417227532407
ALB,2025-08-01,0.0,0.0
ARE,2025-08-01,0.0,0.0
ARG,2025-08-01,0.0,0.0
ARM,2025-08-01,0.0,0.013676711221138529
AUS,2025-08-01,0.0,0.0
AUT,2025-08-01,0.0,0.0
AZE,2025-08-01,0.0,0.03818938188058567
BDI,2025-08-01,0.0,0.002218441497751036
BEL,2025-08-01,0.0,0.0
BEN,2025-08-01,0.0,0.0
BGD,2025-08-01,0.0,0.06775339725165695
BGR,2025-08-01,0.0,0.0
BHR,2025-08-01,0.0,0.0
BHS,2025-08-01,0.0,0.0
BIH,2025-08-01,0.0,0.0
BLR,2025-08-01,0.0,0.0
BLZ,2025-08-01,0.0,0.0
BOL,2025-08-01,0.0,0.0
BRA,2025-08-01,0.0,0.052882746660842646
BRB,2025-08-01,0.0,0.0
BRN,2025-08-01,0.0,0.0
BTN,2025-08-01,0.0,0.0
BWA,2025-08-01,0.0,0.0007021233326246371
CAF,2025-08-01,0.0,0.5644670740516191
CAN,2025-08-01,0.0,0.0
CHE,2025-08-01,0.0,0.0
CHL,2025-08-01,0.0,0.0
CHN,2025-08-01,0.0,0.023224686941024104
CIV,2025-08-01,0.0,0.004893455956963615
CMR,2025-08-01,0.0,0.45010828113805745
COL,2025-08-01,0.0,0.04334342032640201
COM,2025-08-01,0.0,0.0
CRI,2025-08-01,0.0,0.0
CUB,2025-08-01,0.0,0.0
CYP,2025-08-01,0.0,0.0
CZE,2025-08-01,0.0,0.0
DEU,2025-08-01,0.0,0.0
DJI,2025-08-01,0.0,0.0017183417227532407
DNK,2025-08-01,0.0,0.0
DOM,2025-08-01,0.0,0.05199980220506349
DZA,2025-08-01,0.0,0.004023786189177026
ECU,2025-08-01,0.0,0.04287201145269335
EGY,2025-08-01,0.0,0.11670327849170668
ERI,2025-08-01,0.0,0.0
ESP,2025-08-01,0.0,0.0
EST,2025-08-01,0.0,0.0
FIN,2025-08-01,0.0,0.0
FJI,2025-08-01,0.0,0.0
FRA,2025-08-01,0.0,0.0
GAB,2025-08-01,0.0,0.0
GBR,2025-08-01,0.0,0.0
GEO,2025-08-01,0.0,0.0009571364664520302
GHA,2025-08-01,0.0,0.01371439263886341
GIN,2025-08-01,0.0,0.0
GMB,2025-08-01,0.0,0.0
GNB,2025-08-01,0.0,0.0
GNQ,2025-08-01,0.0,0.0
GRC,2025-08-01,0.0,0.0
GRD,2025-08-01,0.0,0.0
GTM,2025-08-01,0.0,0.00245984195867608
GUY,2025-08-01,0.0,0.004804446468835183
HND,2025-08-01,0.0,0.010016873569666622
HRV,2025-08-01,0.0,0.0
HTI,2025-08-01,1.0,0.8580976441334508
HUN,2025-08-01,0.0,0.0
IDN,2025-08-01,0.0,0.0016478819764603803
IND,2025-08-01,0.0,0.2362657505763012
IRL,2025-08-01,0.0,0.0
IRN,2025-08-01,0.0,0.657692710801841
IRQ,2025-08-01,0.0,0.12329048223797795
ISL,2025-08-01,0.0,0.0
ISR,2025-08-01,0.0,0.0
ITA,2025-08-01,0.0,0.0
JAM,2025-08-01,0.0,0.0
JOR,2025-08-01,0.0,0.06963598371683026
JPN,2025-08-01,0.0,0.006533794782867747
KAZ,2025-08-01,0.0,0.0
KEN,2025-08-01,0.0,0.09096725044482062
KGZ,2025-08-01,0.0,0.0
KHM,2025-08-01,0.0,0.8159497898065576
KOR,2025-08-01,0.0,0.0
KWT,2025-08-01,0.0,0.0
LAO,2025-08-01,0.0,0.0
LBN,2025-08-01,0.0,0.040555277447272255
LBR,2025-08-01,0.0,0.0
LBY,2025-08-01,0.0,0.022128693376647305
LKA,2025-08-01,0.0,0.0
LSO,2025-08-01,0.0,0.0
LTU,2025-08-01,0.0,0.0
LUX,2025-08-01,0.0,0.0
LVA,2025-08-01,0.0,0.0
MAR,2025-08-01,0.0,0.0025372924183534574
MDA,2025-08-01,0.0,0.0007021233326246371
MDG,2025-08-01,0.0,0.0
MDV,2025-08-01,0.0,0.0
MEX,2025-08-01,0.0,0.09847337167202883
MKD,2025-08-01,0.0,0.0
MLI,2025-08-01,0.0,0.7187096591240827
MLT,2025-08-01,0.0,0.0
MMR,2025-08-01,0.0,0.04841710329455896
MNE,2025-08-01,0.0,0.0
MNG,2025-08-01,0.0,0.0
MRT,2025-08-01,0.0,0.0
MUS,2025-08-01,0.0,0.0
MWI,2025-08-01,0.0,0.006672117138122304
MYS,2025-08-01,0.0,0.0
NAM,2025-08-01,0.0,0.0
NER,2025-08-01,0.0,0.8407044406253505
NIC,2025-08-01,0.0,0.019196394796363564
NLD,2025-08-01,0.0,0.0
NOR,2025-08-01,0.0,0.0
NPL,2025-08-01,0.0,0.0005040012209364086
NZL,2025-08-01,0.0,0.0
OMN,2025-08-01,0.0,0.0014333566077258406
PAK,2025-08-01,1.0,0.6486588118529216
PAN,2025-08-01,0.0,0.0039039841871115876
PER,2025-08-01,0.0,0.054210127479445654
PHL,2025-08-01,0.0,0.4982494499926798
PNG,2025-08-01,0.0,0.0
POL,2025-08-01,0.0,0.0
PRK,2025-08-01,0.0,0.0
PRT,2025-08-01,0.0,0.0
PRY,2025-08-01,0.0,0.0
QAT,2025-08-01,0.0,0.0
ROU,2025-08-01,0.0,0.0
RUS,2025-08-01,0.0,0.0005738039298637955
RWA,2025-08-01,0.0,0.0
SAU,2025-08-01,0.0,0.0
SEN,2025-08-01,0.0,0.014419522168154855
SGP,2025-08-01,0.0,0.0
SLB,2025-08-01,0.0,0.0023359196040341978
SLE,2025-08-01,0.0,0.0
SLV,2025-08-01,0.0,0.02575749008724421
SRB,2025-08-01,0.0,0.0
STP,2025-08-01,0.0,0.0
SVK,2025-08-01,0.0,0.0
SVN,2025-08-01,0.0,0.0
SWE,2025-08-01,0.0,0.0
SWZ,2025-08-01,0.0,0.0
SYC,2025-08-01,0.0,0.0
SYR,2025-08-01,1.0,0.6443991657107356
TCD,2025-08-01,0.0,0.5436287410539331
TGO,2025-08-01,0.0,0.0
THA,2025-08-01,0.0,0.8294545781348454
TJK,2025-08-01,0.0,0.0
TKM,2025-08-01,0.0,0.0
TLS,2025-08-01,0.0,0.0
TON,2025-08-01,0.0,0.003847310002383153
TTO,2025-08-01,0.0,0.0
TUN,2025-08-01,0.0,0.0008654163865689873
TUR,2025-08-01,0.0,0.009068407523245661
TZA,2025-08-01,0.0,0.016176792177225528
UGA,2025-08-01,0.0,0.35362879508591816
UKR,2025-08-01,0.0,0.08479528244759965
URY,2025-08-01,0.0,0.0
USA,2025-08-01,0.0,0.0
UZB,2025-08-01,0.0,0.0
VEN,2025-08-01,0.0,0.08735722682533305
VNM,2025-08-01,0.0,0.0
VUT,2025-08-01,0.0,0.0005040012209364086
WSM,2025-08-01,0.0,0.002946847720659557
YEM,2025-08-01,0.0,0.6138195548793218
ZAF,2025-08-01,0.0,0.01292545222916197
ZMB,2025-08-01,0.0,0.013620063952869917
ZWE,2025-08-01,0.0,0.0040363043692376276
AFG,2025-09-01,1.0,0.4075763478803621
AGO,2025-09-01,0.0,0.0
ALB,2025-09-01,0.0,0.0011031049296685315
ARE,2025-09-01,0.0,0.0
ARG,2025-09-01,0.0,0.0
ARM,2025-09-01,0.0,0.013596728515603514
AUS,2025-09-01,0.0,0.0
AUT,2025-09-01,0.0,0.0
AZE,2025-09-01,0.0,0.08588785555229105
BDI,2025-09-01,0.0,0.00504756834606476
BEL,2025-09-01,0.0,0.0
BEN,2025-09-01,0.0,0.0
BFA,2025-09-01,0.0,0.893652010638366
BGD,2025-09-01,0.0,0.05158267526155209
BGR,2025-09-01,0.0,0.0
BHR,2025-09-01,0.0,0.0
BHS,2025-09-01,0.0,0.0
BIH,2025-09-01,0.0,0.0
BLR,2025-09-01,0.0,0.0
BLZ,2025-09-01,0.0,0.002430357708135487
BOL,2025-09-01,0.0,0.0
BRA,2025-09-01,0.0,0.05362671219062769
BRB,2025-09-01,0.0,0.0
BRN,2025-09-01,0.0,0.0
BTN,2025-09-01,0.0,0.0
BWA,2025-09-01,0.0,0.0
CAF,2025-09-01,0.0,0.5839685596529961
CAN,2025-09-01,0.0,0.0
CHE,2025-09-01,0.0,0.0
CHL,2025-09-01,0.0,0.0
CHN,2025-09-01,0.0,0.015571156820757527
CIV,2025-09-01,0.0,0.0
CMR,2025-09-01,0.0,0.3769482525078691
COL,2025-09-01,0.0,0.04364000410707056
COM,2025-09-01,0.0,0.0
CRI,2025-09-01,0.0,0.0
CUB,2025-09-01,0.0,0.0
CYP,2025-09-01,0.0,0.0
CZE,2025-09-01,0.0,0.0
DEU,2025-09-01,0.0,0.0
DJI,2025-09-01,0.0,0.0014530056066807057
DNK,2025-09-01,0.0,0.0
DOM,2025-09-01,0.0,0.06730168974802604
DZA,2025-09-01,0.0,0.0013034140875676987
ECU,2025-09-01,0.0,0.07129511175012872
EGY,2025-09-01,0.0,0.08524881529886093
ERI,2025-09-01,0.0,0.0
ESP,2025-09-01,0.0,0.0
EST,2025-09-01,0.0,0.0
FIN,2025-09-01,0.0,0.0
FJI,2025-09-01,0.0,0.0
FRA,2025-09-01,0.0,0.0
GAB,2025-09-01,0.0,0.0
GBR,2025-09-01,0.0,0.0
GEO,2025-09-01,0.0,0.0038504940067204977
GHA,2025-09-01,0.0,0.007530612476956678
GIN,2025-09-01,0.0,0.0
GMB,2025-09-01,0.0,0.0
GNB,2025-09-01,0.0,0.0
GNQ,2025-09-01,0.0,0.0
GRC,2025-09-01,0.0,0.0
GRD,2025-09-01,0.0,0.0
GTM,2025-09-01,0.0,0.0014530056066807057
GUY,2025-09-01,0.0,0.0
HND,2025-09-01,0.0,0.03267434430872817
HRV,2025-09-01,0.0,0.0
HUN,2025-09-01,0.0,0.0
IDN,2025-09-01,0.0,0.006678306314687207
IND,2025-09-01,0.0,0.19126936675650583
IRL,2025-09-01,0.0,0.0
IRN,2025-09-01,0.0,0.6189425309006652
IRQ,2025-09-01,0.0,0.13004917270828487
ISL,2025-09-01,0.0,0.0
ISR,2025-09-01,0.0,0.0025218433845749593
ITA,2025-09-01,0.0,0.0
JAM,2025-09-01,0.0,0.0
JOR,2025-09-01,0.0,0.031389994207467145
JPN,2025-09-01,0.0,0.011631981101484183
KAZ,2025-09-01,0.0,0.0
KEN,2025-09-01,0.0,0.11723947259551382
KGZ,2025-09-01,0.0,0.0013034140875676987
KHM,2025-09-01,0.0,0.8189066216847367
KOR,2025-09-01,0.0,0.0
KWT,2025-09-01,0.0,0.0
LAO,2025-09-01,0.0,0.0
LBN,2025-09-01,0.0,0.03691115350539473
LBR,2025-09-01,0.0,0.0
LBY,2025-09-01,0.0,0.009508660675067906
LKA,2025-09-01,0.0,0.0013034140875676987
LSO,2025-09-01,0.0,0.0
LTU,2025-09-01,0.0,0.0
LUX,2025-09-01,0.0,0.0
LVA,2025-09-01,0.0,0.0
MAR,2025-09-01,0.0,0.0
MDA,2025-09-01,0.0,0.0
MDG,2025-09-01,0.0,0.0
MDV,2025-09-01,0.0,0.0
MEX,2025-09-01,0.0,0.04408385197727757
MKD,2025-09-01,0.0,0.0
MLI,2025-09-01,0.0,0.6163731684412536
MLT,2025-09-01,0.0,0.0
MMR,2025-09-01,0.0,0.06352093008483668
MNE,2025-09-01,0.0,0.0
MNG,2025-09-01,0.0,0.0
MRT,2025-09-01,0.0,0.0014530056066807057
MUS,2025-09-01,0.0,0.0
MWI,2025-09-01,0.0,0.0
MYS,2025-09-01,0.0,0.0
NAM,2025-09-01,0.0,0.0
NER,2025-09-01,0.0,0.8642805875870802
NGA,2025-09-01,0.0,0.2495129697301303
NIC,2025-09-01,0.0,0.006400578420601728
NLD,2025-09-01,0.0,0.0
NOR,2025-09-01,0.0,0.0
NPL,2025-09-01,0.0,0.0
NZL,2025-09-01,0.0,0.0
OMN,2025-09-01,0.0,0.0011031049296685315
PAK,2025-09-01,1.0,0.8846734200577587
PAN,2025-09-01,0.0,0.003027129213620638
PER,2025-09-01,0.0,0.07922460329636999
PHL,2025-09-01,0.0,0.4116610872073978
PNG,2025-09-01,0.0,0.0
POL,2025-09-01,0.0,0.0
PRK,2025-09-01,0.0,0.003608526038729086
PRT,2025-09-01,0.0,0.0
PRY,2025-09-01,0.0,0.0
QAT,2025-09-01,0.0,0.0
ROU,2025-09-01,0.0,0.0
RUS,2025-09-01,0.0,0.003452098526470834
RWA,2025-09-01,0.0,0.0
SAU,2025-09-01,0.0,0.0
SEN,2025-09-01,0.0,0.0167415499042728
SGP,2025-09-01,0.0,0.0
SLB,2025-09-01,0.0,0.0
SLE,2025-09-01,0.0,0.0
SLV,2025-09-01,0.0,0.037241182924002594
SRB,2025-09-01,0.0,0.0
STP,2025-09-01,0.0,0.0
SVK,2025-09-01,0.0,0.0
SVN,2025-09-01,0.0,0.0
SWE,2025-09-01,0.0,0.0
SWZ,2025-09-01,0.0,0.0
SYC,2025-09-01,0.0,0.0
SYR,2025-09-01,1.0,0.6039349997652923
TCD,2025-09-01,0.0,0.6308575235090063
TGO,2025-09-01,0.0,0.0
THA,2025-09-01,0.0,0.8473480773078056
TJK,2025-09-01,0.0,0.0
TKM,2025-09-01,0.0,0.0
TLS,2025-09-01,0.0,0.0
TON,2025-09-01,0.0,0.0013034140875676987
TTO,2025-09-01,0.0,0.0
TUN,2025-09-01,0.0,0.005561831082409343
TUR,2025-09-01,0.0,0.011240458075705204
TZA,2025-09-01,0.0,0.013214587106157239
UGA,2025-09-01,0.0,0.32574925619121303
UKR,2025-09-01,0.0,0.12482116316317199
URY,2025-09-01,0.0,0.0
USA,2025-09-01,0.0,0.0033112654187872005
UZB,2025-09-01,0.0,0.0
VEN,2025-09-01,0.0,0.06888997800937151
VNM,2025-09-01,0.0,0.006925722711885749
VUT,2025-09-01,0.0,0.0
WSM,2025-09-01,0.0,0.0
YEM,2025-09-01,0.0,0.6501125350560844
ZAF,2025-09-01,0.0,0.020622826878148547
ZMB,2025-09-01,0.0,0.013258024948985219
ZWE,2025-09-01,0.0,0.0014530056066807057
AFG,2025-10-01,0.0,0.7849195040100956
AGO,2025-10-01,0.0,0.0009415919323325617
ALB,2025-10-01,0.0,0.0
ARE,2025-10-01,0.0,0.0
ARG,2025-10-01,0.0,0.0
ARM,2025-10-01,0.0,0.017422402713070953
AUS,2025-10-01,0.0,0.0
AUT,2025-10-01,0.0,0.0
AZE,2025-10-01,0.0,0.05381791232579463
BDI,2025-10-01,0.0,0.014442862765776792
BEL,2025-10-01,0.0,0.0
BEN,2025-10-01,0.0,0.0
BFA,2025-10-01,0.0,0.9120706307164533
BGD,2025-10-01,0.0,0.040068247753023194
BGR,2025-10-01,0.0,0.0
BHR,2025-10-01,0.0,0.0
BHS,2025-10-01,0.0,0.0
BIH,2025-10-01,0.0,0.0
BLR,2025-10-01,0.0,0.0
BLZ,2025-10-01,0.0,0.006243291461629754
BOL,2025-10-01,0.0,0.0018504929562795868
BRA,2025-10-01,0.0,0.05279126441435603
BRB,2025-10-01,0.0,0.0
BRN,2025-10-01,0.0,0.0
BTN,2025-10-01,0.0,0.0
BWA,2025-10-01,0.0,0.0
CAF,2025-10-01,0.0,0.48357520114567826
CAN,2025-10-01,0.0,0.0
CHE,2025-10-01,0.0,0.0
CHL,2025-10-01,0.0,0.0
CHN,2025-10-01,0.0,0.011670417139936188
CIV,2025-10-01,0.0,0.004789358353137249
CMR,2025-10-01,0.0,0.43295330556784456
COL,2025-10-01,0.0,0.03243064550276935
COM,2025-10-01,0.0,0.0
CRI,2025-10-01,0.0,0.0
CUB,2025-10-01,0.0,0.0
CYP,2025-10-01,0.0,0.0
CZE,2025-10-01,0.0,0.0
DEU,2025-10-01,0.0,0.0
DJI,2025-10-01,0.0,0.0013536734245147516
DNK,2025-10-01,0.0,0.0
DOM,2025-10-01,0.0,0.03507882423035854
DZA,2025-10-01,0.0,0.004600886012844192
ECU,2025-10-01,0.0,0.06640173512070541
EGY,2025-10-01,0.0,0.09912672840069765
ERI,2025-10-01,0.0,0.0
ESP,2025-10-01,0.0,0.0
EST,2025-10-01,0.0,0.0
FIN,2025-10-01,0.0,0.0
FJI,2025-10-01,0.0,0.0
FRA,2025-10-01,0.0,0.0041198959273615445
GAB,2025-10-01,0.0,0.0
GBR,2025-10-01,0.0,0.0
GEO,2025-10-01,0.0,0.0002997164687613492
GHA,2025-10-01,0.0,0.003919619824664611
GIN,2025-10-01,0.0,0.0
GMB,2025-10-01,0.0,0.0002997164687613492
GNB,2025-10-01,0.0,0.0
GNQ,2025-10-01,0.0,0.0
GRC,2025-10-01,0.0,0.0
GRD,2025-10-01,0.0,0.0
GTM,2025-10-01,0.0,0.004533538027329966
GUY,2025-10-01,0.0,0.0007096750977590939
HND,2025-10-01,0.0,0.02790427565919286
HRV,2025-10-01,0.0,0.0
HUN,2025-10-01,0.0,0.0
IDN,2025-10-01,0.0,0.008453371120172193
IND,2025-10-01,0.0,0.21688599889243995
IRL,2025-10-01,0.0,0.0
IRN,2025-10-01,0.0,0.6432657043194356
IRQ,2025-10-01,0.0,0.11131240600335256
ISL,2025-10-01,0.0,0.0
ISR,2025-10-01,0.0,0.0
ITA,2025-10-01,0.0,0.0
JAM,2025-10-01,0.0,0.0
JOR,2025-10-01,0.0,0.037235742326367866
JPN,2025-10-01,0.0,0.0
KAZ,2025-10-01,0.0,0.0
KEN,2025-10-01,0.0,0.043610554050910084
KGZ,2025-10-01,0.0,0.002674763330819516
KHM,2025-10-01,1.0,0.8203958704080793
KOR,2025-10-01,0.0,0.0
KWT,2025-10-01,0.0,0.0
LAO,2025-10-01,0.0,0.0
LBN,2025-10-01,0.0,0.01897392278093097
LBR,2025-10-01,0.0,0.0009415919323325617
LBY,2025-10-01,0.0,0.02818855008378618
LKA,2025-10-01,0.0,0.0
LSO,2025-10-01,0.0,0.0
LTU,2025-10-01,0.0,0.0
LUX,2025-10-01,0.0,0.0
LVA,2025-10-01,0.0,0.0
MAR,2025-10-01,0.0,0.002722888396019797
MDA,2025-10-01,0.0,0.0
MDG,2025-10-01,0.0,0.0
MDV,2025-10-01,0.0,0.0
MEX,2025-10-01,0.0,0.03462117650861884
MKD,2025-10-01,0.0,0.0
MLI,2025-10-01,0.0,0.7083571503413932
MLT,2025-10-01,0.0,0.0
MMR,2025-10-01,1.0,0.06585605927802902
MNE,2025-10-01,0.0,0.0
MNG,2025-10-01,0.0,0.0
MRT,2025-10-01,0.0,0.00041208149218219004
MUS,2025-10-01,0.0,0.0
MWI,2025-10-01,0.0,0.0
MYS,2025-10-01,0.0,0.0
NAM,2025-10-01,0.0,0.0007117979609435392
NER,2025-10-01,0.0,0.8787919847282832
NGA,2025-10-01,0.0,0.2845153936409931
NIC,2025-10-01,0.0,0.005964865084273332
NLD,2025-10-01,0.0,0.0
NOR,2025-10-01,0.0,0.0
NPL,2025-10-01,0.0,0.0024589429970913596
NZL,2025-10-01,0.0,0.0
OMN,2025-10-01,0.0,0.0
PAN,2025-10-01,0.0,0.0024134477896758572
PER,2025-10-01,0.0,0.04202452773651243
PHL,2025-10-01,0.0,0.41157027277915553
PNG,2025-10-01,0.0,0.0
POL,2025-10-01,0.0,0.0
PRK,2025-10-01,0.0,0.0031684906893172165
PRT,2025-10-01,0.0,0.0
PRY,2025-10-01,0.0,0.0
QAT,2025-10-01,0.0,0.0
ROU,2025-10-01,0.0,0.0
RUS,2025-10-01,0.0,0.004090250138380032
RWA,2025-10-01,0.0,0.0002997164687613492
SAU,2025-10-01,0.0,0.0
SEN,2025-10-01,0.0,0.009999362721103706
SGP,2025-10-01,0.0,0.0
SLB,2025-10-01,0.0,0.0009415919323325617
SLE,2025-10-01,0.0,0.0
SLV,2025-10-01,0.0,0.03979455499863583
SRB,2025-10-01,0.0,0.0
STP,2025-10-01,0.0,0.0
SVK,2025-10-01,0.0,0.0
SVN,2025-10-01,0.0,0.0
SWE,2025-10-01,0.0,0.0
SWZ,2025-10-01,0.0,0.0002997164687613492
SYC,2025-10-01,0.0,0.0
TCD,2025-10-01,0.0,0.598244581891703
TGO,2025-10-01,0.0,0.0
THA,2025-10-01,1.0,0.8563053413389266
TJK,2025-10-01,0.0,0.0011650352574381576
TKM,2025-10-01,0.0,0.0
TLS,2025-10-01,0.0,0.0002997164687613492
TON,2025-10-01,0.0,0.010402018751059519
TTO,2025-10-01,0.0,0.0
TUN,2025-10-01,0.0,0.0024548680984651044
TUR,2025-10-01,0.0,0.007938746959385045
TZA,2025-10-01,0.0,0.006414188298685611
UGA,2025-10-01,0.0,0.40637688789121823
UKR,2025-10-01,0.0,0.07556885844938228
URY,2025-10-01,0.0,0.0
USA,2025-10-01,0.0,0.007076493877291049
UZB,2025-10-01,0.0,0.0
VEN,2025-10-01,0.0,0.09890617639166037
VNM,2025-10-01,0.0,0.0011640252862665798
VUT,2025-10-01,0.0,0.0024589429970913596
WSM,2025-10-01,0.0,0.0
YEM,2025-10-01,0.0,0.6824536026197991
ZAF,2025-10-01,0.0,0.01602333422609524
ZMB,2025-10-01,0.0,0.004907498181588184
ZWE,2025-10-01,0.0,0.0050258220486524815
AFG,2025-11-01,0.0,0.8931538777733934
AGO,2025-11-01,0.0,0.0010726645965281844
ALB,2025-11-01,0.0,0.0015797475589128145
ARE,2025-11-01,0.0,0.0
ARG,2025-11-01,0.0,0.0
ARM,2025-11-01,0.0,0.02198500995180904
AUS,2025-11-01,0.0,0.0
AUT,2025-11-01,0.0,0.0
AZE,2025-11-01,0.0,0.052618593705343095
BDI,2025-11-01,0.0,0.008747758553006448
BEL,2025-11-01,0.0,0.0
BEN,2025-11-01,0.0,0.00033471347775050863
BFA,2025-11-01,0.0,0.863739417700154
BGD,2025-11-01,0.0,0.056547393079592057
BGR,2025-11-01,0.0,0.0
BHR,2025-11-01,0.0,0.0
BHS,2025-11-01,0.0,0.0
BIH,2025-11-01,0.0,0.0
BLR,2025-11-01,0.0,0.0
BLZ,2025-11-01,0.0,0.0011762014759704774
BOL,2025-11-01,0.0,0.000876752610747104
BRA,2025-11-01,0.0,0.05208432062568916
BRB,2025-11-01,0.0,0.0
BRN,2025-11-01,0.0,0.0
BTN,2025-11-01,0.0,0.0
BWA,2025-11-01,0.0,0.0
CAF,2025-11-01,0.0,0.5574062399192292
CAN,2025-11-01,0.0,0.0
CHE,2025-11-01,0.0,0.0
CHL,2025-11-01,0.0,0.0037997520490425755
CHN,2025-11-01,0.0,0.0009545662917345967
CIV,2025-11-01,0.0,0.0
CMR,2025-11-01,0.0,0.4335140069220082
COL,2025-11-01,0.0,0.022378549575099087
COM,2025-11-01,0.0,0.0
CRI,2025-11-01,0.0,0.0013333096591711957
CUB,2025-11-01,0.0,0.0
CYP,2025-11-01,0.0,0.0
CZE,2025-11-01,0.0,0.0
DEU,2025-11-01,0.0,0.0
DJI,2025-11-01,0.0,0.0010726645965281844
DNK,2025-11-01,0.0,0.0
DOM,2025-11-01,0.0,0.057823072206710326
DZA,2025-11-01,0.0,0.0032370037319739363
ECU,2025-11-01,0.0,0.06649048576845502
EGY,2025-11-01,0.0,0.11831355579106856
ERI,2025-11-01,0.0,0.0
ESP,2025-11-01,0.0,0.0
EST,2025-11-01,0.0,0.0
FIN,2025-11-01,0.0,0.0
FJI,2025-11-01,0.0,0.0013333096591711957
FRA,2025-11-01,0.0,0.0004494237128823486
GAB,2025-11-01,0.0,0.0
GBR,2025-11-01,0.0,0.0
GEO,2025-11-01,0.0,0.0016351106199303542
GHA,2025-11-01,0.0,0.011947189869416688
GIN,2025-11-01,0.0,0.0025516579349842182
GMB,2025-11-01,0.0,0.0011762014759704774
GNB,2025-11-01,0.0,0.0
GNQ,2025-11-01,0.0,0.0
GRC,2025-11-01,0.0,0.0
GRD,2025-11-01,0.0,0.0
GTM,2025-11-01,0.0,0.004641052884235361
GUY,2025-11-01,0.0,0.0
HND,2025-11-01,0.0,0.021776585593745193
HRV,2025-11-01,0.0,0.0
HUN,2025-11-01,0.0,0.0
IDN,2025-11-01,0.0,0.0104889942500709
IND,2025-11-01,0.0,0.22313357613034995
IRL,2025-11-01,0.0,0.0
IRN,2025-11-01,0.0,0.6478503175646556
IRQ,2025-11-01,0.0,0.12666438647526407
ISL,2025-11-01,0.0,0.0
ISR,2025-11-01,0.0,0.0004494237128823486
ITA,2025-11-01,0.0,0.0
JAM,2025-11-01,0.0,0.0
JOR,2025-11-01,0.0,0.04034741339554877
JPN,2025-11-01,0.0,0.0
KAZ,2025-11-01,0.0,0.0
KEN,2025-11-01,0.0,0.09362443788839984
KGZ,2025-11-01,0.0,0.0020340060178460225
KHM,2025-11-01,1.0,0.7967522834417677
KOR,2025-11-01,0.0,0.0
KWT,2025-11-01,0.0,0.0
LAO,2025-11-01,0.0,0.0
LBN,2025-11-01,0.0,0.025172596877552352
LBR,2025-11-01,0.0,0.0010726645965281844
LBY,2025-11-01,0.0,0.026216777373773432
LKA,2025-11-01,0.0,0.0020340060178460225
LSO,2025-11-01,0.0,0.0
LTU,2025-11-01,0.0,0.0
LUX,2025-11-01,0.0,0.0
LVA,2025-11-01,0.0,0.0
MAR,2025-11-01,0.0,0.0015034493466884705
MDA,2025-11-01,0.0,0.0
MDG,2025-11-01,0.0,0.00033471347775050863
MDV,2025-11-01,0.0,0.0
MEX,2025-11-01,0.0,0.02410654784023306
MKD,2025-11-01,0.0,0.0
MLI,2025-11-01,0.0,0.6879127940536225
MLT,2025-11-01,0.0,0.0
MMR,2025-11-01,1.0,0.05123706158444238
MNE,2025-11-01,0.0,0.0
MNG,2025-11-01,0.0,0.0
MRT,2025-11-01,0.0,0.00033471347775050863
MUS,2025-11-01,0.0,0.0
MWI,2025-11-01,0.0,0.0
MYS,2025-11-01,0.0,0.0
NAM,2025-11-01,0.0,0.003830468138123941
NER,2025-11-01,0.0,0.8353622732569957
NGA,2025-11-01,1.0,0.266568883347136
NIC,2025-11-01,0.0,0.009103352771462033
NLD,2025-11-01,0.0,0.0
NOR,2025-11-01,0.0,0.0
NPL,2025-11-01,0.0,0.004305912008349858
NZL,2025-11-01,0.0,0.0
OMN,2025-11-01,0.0,0.0010746049800605664
PAK,2025-11-01,0.0,0.9570358580869415
PAN,2025-11-01,0.0,0.0042097630239284175
PER,2025-11-01,0.0,0.044053047359995434
PHL,2025-11-01,0.0,0.4286926870489241
PNG,2025-11-01,0.0,0.00033471347775050863
POL,2025-11-01,0.0,0.0
PRK,2025-11-01,0.0,0.008445276479763715
PRT,2025-11-01,0.0,0.0
PRY,2025-11-01,0.0,0.0
QAT,2025-11-01,0.0,0.0
ROU,2025-11-01,0.0,0.0
RUS,2025-11-01,0.0,0.003663054141168768
RWA,2025-11-01,0.0,0.0011762014759704774
SAU,2025-11-01,0.0,0.0
SEN,2025-11-01,0.0,0.00843381097527354
SGP,2025-11-01,0.0,0.0
SLB,2025-11-01,0.0,0.00033471347775050863
SLE,2025-11-01,0.0,0.0
SLV,2025-11-01,0.0,0.03539016825404431
SOM,2025-11-01,0.0,0.6516205250213619
SRB,2025-11-01,0.0,0.0
STP,2025-11-01,0.0,0.0
SVK,2025-11-01,0.0,0.0
SVN,2025-11-01,0.0,0.0
SWE,2025-11-01,0.0,0.0
SWZ,2025-11-01,0.0,0.0
SYC,2025-11-01,0.0,0.0
TCD,2025-11-01,0.0,0.6101499621479604
TGO,2025-11-01,0.0,0.00033471347775050863
THA,2025-11-01,1.0,0.851491126962993
TJK,2025-11-01,0.0,0.0022100622699183
TKM,2025-11-01,0.0,0.0
TLS,2025-11-01,0.0,0.0
TON,2025-11-01,0.0,0.003074639857589843
TTO,2025-11-01,0.0,0.0
TUN,2025-11-01,0.0,0.0025391485966982704
TUR,2025-11-01,0.0,0.008932441894145259
TZA,2025-11-01,0.0,0.018376170618226027
UGA,2025-11-01,0.0,0.402167377815118
UKR,2025-11-01,0.0,0.10486873536372963
URY,2025-11-01,0.0,0.0
USA,2025-11-01,0.0,0.0004494237128823486
UZB,2025-11-01,0.0,0.000505142578852248
VEN,2025-11-01,0.0,0.05853380778700717
VNM,2025-11-01,0.0,0.010833635902285062
VUT,2025-11-01,0.0,0.004305912008349858
WSM,2025-11-01,0.0,0.0
YEM,2025-11-01,0.0,0.6667005394129356
ZAF,2025-11-01,0.0,0.017843525139107863
ZMB,2025-11-01,0.0,0.004366091314031179
ZWE,2025-11-01,0.0,0.005396507769849064
AFG,2025-12-01,0.0,0.883265108203005
AGO,2025-12-01,0.0,0.0
ALB,2025-12-01,0.0,0.0009883242272285024
ARE,2025-12-01,0.0,0.0
ARG,2025-12-01,0.0,0.0
ARM,2025-12-01,0.0,0.011692800256791216
AUS,2025-12-01,0.0,0.0
AUT,2025-12-01,0.0,0.0
AZE,2025-12-01,0.0,0.08555313445908283
BDI,2025-12-01,0.0,0.0
BEL,2025-12-01,0.0,0.0
BEN,2025-12-01,0.0,0.0
BFA,2025-12-01,0.0,0.7974933809696458
BGD,2025-12-01,0.0,0.026394928122702218
BGR,2025-12-01,0.0,0.0
BHR,2025-12-01,0.0,0.0
BHS,2025-12-01,0.0,0.0
BIH,2025-12-01,0.0,0.0
BLR,2025-12-01,0.0,0.0
BLZ,2025-12-01,0.0,0.004646375791695988
BOL,2025-12-01,0.0,0.0
BRA,2025-12-01,0.0,0.03262624318242498
BRB,2025-12-01,0.0,0.0
BRN,2025-12-01,0.0,0.0
BTN,2025-12-01,0.0,0.0
BWA,2025-12-01,0.0,0.0
CAF,2025-12-01,0.0,0.4870762619230872
CAN,2025-12-01,0.0,0.0
CHE,2025-12-01,0.0,0.0
CHL,2025-12-01,0.0,0.0
CHN,2025-12-01,0.0,0.0026663301362948007
CIV,2025-12-01,0.0,0.0
CMR,2025-12-01,0.0,0.3942382954884206
COL,2025-12-01,0.0,0.036068916674026535
COM,2025-12-01,0.0,0.0
CRI,2025-12-01,0.0,0.0
CUB,2025-12-01,0.0,0.0
CYP,2025-12-01,0.0,0.0
CZE,2025-12-01,0.0,0.0
DEU,2025-12-01,0.0,0.0
DJI,2025-12-01,0.0,0.004428854914894212
DNK,2025-12-01,0.0,0.0
DOM,2025-12-01,0.0,0.05549651329387394
DZA,2025-12-01,0.0,0.004339467630627673
ECU,2025-12-01,0.0,0.04767832611201401
EGY,2025-12-01,0.0,0.07448560268591542
ERI,2025-12-01,0.0,0.0
ESP,2025-12-01,0.0,0.0
EST,2025-12-01,0.0,0.0
ETH,2025-12-01,0.0,0.9513406121675417
FIN,2025-12-01,0.0,0.0
FJI,2025-12-01,0.0,0.0
FRA,2025-12-01,0.0,0.0
GAB,2025-12-01,0.0,0.0
GBR,2025-12-01,0.0,0.0
GEO,2025-12-01,0.0,0.0
GHA,2025-12-01,0.0,0.008787318596015168
GIN,2025-12-01,0.0,0.0
GMB,2025-12-01,0.0,0.0
GNB,2025-12-01,0.0,0.0
GNQ,2025-12-01,0.0,0.0
GRC,2025-12-01,0.0,0.0
GRD,2025-12-01,0.0,0.0
GTM,2025-12-01,0.0,0.002266088282963101
GUY,2025-12-01,0.0,0.004317666950041762
HND,2025-12-01,0.0,0.028330169861154046
HRV,2025-12-01,0.0,0.0
HTI,2025-12-01,0.0,0.935024142485313
HUN,2025-12-01,0.0,0.0
IDN,2025-12-01,0.0,0.004402399190011077
IND,2025-12-01,0.0,0.22284108197488617
IRL,2025-12-01,0.0,0.0
IRN,2025-12-01,1.0,0.6569413499708499
IRQ,2025-12-01,0.0,0.10272064203891874
ISL,2025-12-01,0.0,0.0
ISR,2025-12-01,0.0,0.0035564233773229246
ITA,2025-12-01,0.0,0.0
JAM,2025-12-01,0.0,0.0
JOR,2025-12-01,0.0,0.03531102061421869
JPN,2025-12-01,0.0,0.00761296660419724
KAZ,2025-12-01,0.0,0.0
KEN,2025-12-01,0.0,0.06102507913222656
KGZ,2025-12-01,0.0,0.0
KHM,2025-12-01,0.0,0.8764967220196573
KOR,2025-12-01,0.0,0.0
KWT,2025-12-01,0.0,0.0
LAO,2025-12-01,0.0,0.0
LBN,2025-12-01,0.0,0.03775448752988381
LBR,2025-12-01,0.0,0.0
LBY,2025-12-01,0.0,0.03275789740367027
LKA,2025-12-01,0.0,0.0
LSO,2025-12-01,0.0,0.0
LTU,2025-12-01,0.0,0.0
LUX,2025-12-01,0.0,0.0
LVA,2025-12-01,0.0,0.0
MAR,2025-12-01,0.0,0.003248662279352975
MDA,2025-12-01,0.0,0.0
MDG,2025-12-01,0.0,0.0
MDV,2025-12-01,0.0,0.0
MEX,2025-12-01,0.0,0.054356961210759655
MKD,2025-12-01,0.0,0.0
MLI,2025-12-01,0.0,0.6673941314791311
MLT,2025-12-01,0.0,0.0
MNE,2025-12-01,0.0,0.0
MNG,2025-12-01,0.0,0.0
MRT,2025-12-01,0.0,0.0
MUS,2025-12-01,0.0,0.0
MWI,2025-12-01,0.0,0.0
MYS,2025-12-01,0.0,0.0
NAM,2025-12-01,0.0,0.0
NER,2025-12-01,0.0,0.8384229913025023
NGA,2025-12-01,1.0,0.31770131200170776
NIC,2025-12-01,0.0,0.018163536816756233
NLD,2025-12-01,0.0,0.0
NOR,2025-12-01,0.0,0.0
NPL,2025-12-01,0.0,0.006723831002243605
NZL,2025-12-01,0.0,0.0
OMN,2025-12-01,0.0,0.0009883242272285024
PAK,2025-12-01,0.0,0.9493341829852509
PAN,2025-12-01,0.0,0.0018202674228549988
PER,2025-12-01,0.0,0.06027007417609246
PHL,2025-12-01,0.0,0.45163847589441725
PNG,2025-12-01,0.0,0.0
POL,2025-12-01,0.0,0.0
PRK,2025-12-01,0.0,0.001139786802468601
PRT,2025-12-01,0.0,0.0
PRY,2025-12-01,0.0,0.0
QAT,2025-12-01,0.0,0.0
ROU,2025-12-01,0.0,0.0
RUS,2025-12-01,0.0,0.01042155079005439
RWA,2025-12-01,0.0,0.0
SAU,2025-12-01,0.0,0.0
SEN,2025-12-01,0.0,0.0061832036782408836
SGP,2025-12-01,0.0,0.0
SLB,2025-12-01,0.0,0.002763749706210743
SLE,2025-12-01,0.0,0.0
SLV,2025-12-01,0.0,0.04824133610273022
SOM,2025-12-01,0.0,0.5962596878908815
SRB,2025-12-01,0.0,0.0
STP,2025-12-01,0.0,0.0
SVK,2025-12-01,0.0,0.0
SVN,2025-12-01,0.0,0.0
SWE,2025-12-01,0.0,0.0
SWZ,2025-12-01,0.0,0.0
SYC,2025-12-01,0.0,0.0
TCD,2025-12-01,0.0,0.5904130891430417
TGO,2025-12-01,0.0,0.0
THA,2025-12-01,0.0,0.8946283874761058
TJK,2025-12-01,0.0,0.0
TKM,2025-12-01,0.0,0.0008516607545952932
TLS,2025-12-01,0.0,0.0
TON,2025-12-01,0.0,0.015482133816727693
TTO,2025-12-01,0.0,0.0
TUN,2025-12-01,0.0,0.004339467630627673
TUR,2025-12-01,0.0,0.009337397578083956
TZA,2025-12-01,0.0,0.02074297574684232
UGA,2025-12-01,0.0,0.3211891910792245
UKR,2025-12-01,0.0,0.07901148209818734
URY,2025-12-01,0.0,0.0
USA,2025-12-01,0.0,0.0
UZB,2025-12-01,0.0,0.0
VEN,2025-12-01,0.0,0.06548447146011686
VNM,2025-12-01,0.0,0.0021542351748487973
VUT,2025-12-01,0.0,0.006723831002243605
WSM,2025-12-01,0.0,0.0
YEM,2025-12-01,0.0,0.6870179445424803
ZAF,2025-12-01,0.0,0.003589189057148368
ZMB,2025-12-01,0.0,0.003537274651094263
ZWE,2025-12-01,0.0,0.002287273199670897
AFG,2026-01-01,1.0,0.8928099143920888
AGO,2026-01-01,0.0,0.0006685318189410375
ALB,2026-01-01,0.0,0.0
ARE,2026-01-01,0.0,0.0
ARG,2026-01-01,0.0,0.0
ARM,2026-01-01,0.0,0.023836523865920053
AUS,2026-01-01,0.0,0.0
AUT,2026-01-01,0.0,0.0
AZE,2026-01-01,0.0,0.060659842790353545
BDI,2026-01-01,0.0,0.005697617201593777
BEL,2026-01-01,0.0,0.0
BEN,2026-01-01,0.0,0.0006302281181726913
BFA,2026-01-01,0.0,0.8386346284127677
BGD,2026-01-01,0.0,0.025695113492331476
BGR,2026-01-01,0.0,0.0
BHR,2026-01-01,0.0,0.0
BHS,2026-01-01,0.0,0.0
BIH,2026-01-01,0.0,0.0
BLR,2026-01-01,0.0,0.0
BLZ,2026-01-01,0.0,0.00400133626818922
BOL,2026-01-01,0.0,0.0
BRA,2026-01-01,0.0,0.09162335549911477
BRB,2026-01-01,0.0,0.0
BRN,2026-01-01,0.0,0.0
BTN,2026-01-01,0.0,0.0
BWA,2026-01-01,0.0,0.0
CAF,2026-01-01,0.0,0.48449415666999435
CAN,2026-01-01,0.0,0.0
CHE,2026-01-01,0.0,0.0
CHL,2026-01-01,0.0,0.000591560744900975
CHN,2026-01-01,0.0,0.009334565314236862
CIV,2026-01-01,0.0,0.0
CMR,2026-01-01,0.0,0.3350833016038682
COL,2026-01-01,0.0,0.012791250229239241
COM,2026-01-01,0.0,0.0
CRI,2026-01-01,0.0,0.000591560744900975
CUB,2026-01-01,0.0,0.0
CYP,2026-01-01,0.0,0.000591560744900975
CZE,2026-01-01,0.0,0.0
DEU,2026-01-01,0.0,0.000591560744900975
DJI,2026-01-01,0.0,0.0006685318189410375
DNK,2026-01-01,0.0,0.0
DOM,2026-01-01,0.0,0.07553657416351438
DZA,2026-01-01,0.0,0.0
ECU,2026-01-01,0.0,0.06687354120694632
EGY,2026-01-01,0.0,0.06503252977959582
ERI,2026-01-01,0.0,0.0
ESP,2026-01-01,0.0,0.0
EST,2026-01-01,0.0,0.0
ETH,2026-01-01,0.0,0.9447093858886211
FIN,2026-01-01,0.0,0.0
FJI,2026-01-01,0.0,0.000591560744900975
FRA,2026-01-01,0.0,0.0
GAB,2026-01-01,0.0,0.0
GBR,2026-01-01,0.0,0.0
GEO,2026-01-01,0.0,0.002675840552661632
GHA,2026-01-01,0.0,0.010223100047983238
GIN,2026-01-01,0.0,0.0
GMB,2026-01-01,0.0,0.00400133626818922
GNB,2026-01-01,0.0,0.0
GNQ,2026-01-01,0.0,0.0
GRC,2026-01-01,0.0,0.0
GRD,2026-01-01,0.0,0.0
GTM,2026-01-01,0.0,0.0
GUY,2026-01-01,0.0,0.0018208947048961904
HND,2026-01-01,0.0,0.011104228828974348
HRV,2026-01-01,0.0,0.0
HTI,2026-01-01,0.0,0.9217559888217799
HUN,2026-01-01,0.0,0.0
IDN,2026-01-01,0.0,0.006921224988708964
IND,2026-01-01,0.0,0.1616823351714911
IRL,2026-01-01,0.0,0.0
IRN,2026-01-01,1.0,0.6246296872972263
IRQ,2026-01-01,0.0,0.05098063071275019
ISL,2026-01-01,0.0,0.0
ISR,2026-01-01,0.0,0.004525071712853116
ITA,2026-01-01,0.0,0.0
JAM,2026-01-01,0.0,0.0
JOR,2026-01-01,0.0,0.03565896384127664
JPN,2026-01-01,0.0,0.007315109871152423
KAZ,2026-01-01,0.0,0.0
KEN,2026-01-01,0.0,0.07818125410792792
KGZ,2026-01-01,0.0,0.0
KHM,2026-01-01,0.0,0.9572261383352709
KOR,2026-01-01,0.0,0.0
KWT,2026-01-01,0.0,0.0
LAO,2026-01-01,0.0,0.0
LBN,2026-01-01,1.0,0.022877903189008602
LBR,2026-01-01,0.0,0.0006685318189410375
LBY,2026-01-01,0.0,0.011822947463318917
LKA,2026-01-01,0.0,0.0
LSO,2026-01-01,0.0,0.0
LTU,2026-01-01,0.0,0.0
LUX,2026-01-01,0.0,0.0
LVA,2026-01-01,0.0,0.000591560744900975
MAR,2026-01-01,0.0,0.0036606242015105595
MDA,2026-01-01,0.0,0.000591560744900975
MDG,2026-01-01,0.0,0.0006302281181726913
MDV,2026-01-01,0.0,0.0
MEX,2026-01-01,0.0,0.03429111468213851
MKD,2026-01-01,0.0,0.0
MLI,2026-01-01,0.0,0.6555155817029816
MLT,2026-01-01,0.0,0.0
MMR,2026-01-01,0.0,0.8192771303667786
MNE,2026-01-01,0.0,0.000591560744900975
MNG,2026-01-01,0.0,0.0
MOZ,2026-01-01,0.0,0.9527109906913647
MRT,2026-01-01,0.0,0.0
MUS,2026-01-01,0.0,0.0
MWI,2026-01-01,0.0,0.0
MYS,2026-01-01,0.0,0.0
NAM,2026-01-01,0.0,0.00400133626818922
NER,2026-01-01,0.0,0.8087811867600423
NIC,2026-01-01,0.0,0.021696720919913676
NLD,2026-01-01,0.0,0.0
NOR,2026-01-01,0.0,0.0
NPL,2026-01-01,0.0,0.002053251793522389
NZL,2026-01-01,0.0,0.0
OMN,2026-01-01,0.0,0.0
PAK,2026-01-01,0.0,0.9379564638420576
PAN,2026-01-01,0.0,0.00849653564586612
PER,2026-01-01,0.0,0.05003463110394977
PHL,2026-01-01,0.0,0.40604101100665607
PNG,2026-01-01,0.0,0.0006302281181726913
POL,2026-01-01,0.0,0.000591560744900975
PRK,2026-01-01,0.0,0.0
PRT,2026-01-01,0.0,0.0
PRY,2026-01-01,0.0,0.0
QAT,2026-01-01,0.0,0.0
ROU,2026-01-01,0.0,0.0
RUS,2026-01-01,0.0,0.0
RWA,2026-01-01,0.0,0.00400133626818922
SAU,2026-01-01,0.0,0.0
SEN,2026-01-01,0.0,0.009353918940467047
SGP,2026-01-01,0.0,0.0
SLB,2026-01-01,0.0,0.005778370806305172
SLE,2026-01-01,0.0,0.0
SLV,2026-01-01,0.0,0.05179328889986204
SOM,2026-01-01,0.0,0.6083336158734615
SRB,2026-01-01,0.0,0.0
STP,2026-01-01,0.0,0.0
SVK,2026-01-01,0.0,0.0
SVN,2026-01-01,0.0,0.0
SWE,2026-01-01,0.0,0.0
SWZ,2026-01-01,0.0,0.0
SYC,2026-01-01,0.0,0.0
SYR,2026-01-01,0.0,0.8921119284194355
TCD,2026-01-01,0.0,0.5593521351443576
TGO,2026-01-01,0.0,0.0006302281181726913
THA,2026-01-01,0.0,0.9470675356652424
TJK,2026-01-01,0.0,0.0011079840365406345
TKM,2026-01-01,0.0,0.0
TLS,2026-01-01,0.0,0.0
TON,2026-01-01,0.0,0.018972861594114706
TTO,2026-01-01,0.0,0.0
TUN,2026-01-01,0.0,0.004224645967103527
TUR,2026-01-01,0.0,0.019091226253052002
TZA,2026-01-01,0.0,0.025062303303156362
UGA,2026-01-01,0.0,0.3367958378827558
UKR,2026-01-01,0.0,0.068368303065588
URY,2026-01-01,0.0,0.000591560744900975
USA,2026-01-01,0.0,0.00048683330292525714
UZB,2026-01-01,0.0,0.0
VEN,2026-01-01,0.0,0.06172600159328268
VNM,2026-01-01,0.0,0.009968455529918391
VUT,2026-01-01,0.0,0.002053251793522389
WSM,2026-01-01,0.0,0.000591560744900975
YEM,2026-01-01,0.0,0.6264185910834892
ZAF,2026-01-01,0.0,0.010710753397744284
ZMB,2026-01-01,0.0,0.0
ZWE,2026-01-01,0.0,0.0033443723716026696
AFG,2026-02-01,1.0,0.8712127043103479
AGO,2026-02-01,0.0,0.0
ALB,2026-02-01,0.0,0.0014412757401092255
ARE,2026-02-01,0.0,0.0
ARG,2026-02-01,0.0,0.0
ARM,2026-02-01,0.0,0.01659385247010646
AUS,2026-02-01,0.0,0.0
AUT,2026-02-01,0.0,0.0
AZE,2026-02-01,0.0,0.06298478708924128
BDI,2026-02-01,0.0,0.0023238141753095624
BEL,2026-02-01,0.0,0.0
BEN,2026-02-01,0.0,0.0
BFA,2026-02-01,0.0,0.8327537925059535
BGD,2026-02-01,0.0,0.03440387648352842
BGR,2026-02-01,0.0,0.0
BHR,2026-02-01,0.0,0.0
BHS,2026-02-01,0.0,0.0
BIH,2026-02-01,0.0,0.0
BLR,2026-02-01,0.0,0.0
BLZ,2026-02-01,0.0,0.0
BOL,2026-02-01,0.0,0.0007614712583080709
BRA,2026-02-01,0.0,0.055758339301276764
BRB,2026-02-01,0.0,0.0
BRN,2026-02-01,0.0,0.0
BTN,2026-02-01,0.0,0.0
BWA,2026-02-01,0.0,0.0
CAF,2026-02-01,0.0,0.5408141671710864
CAN,2026-02-01,0.0,0.0
CHE,2026-02-01,0.0,0.0
CHL,2026-02-01,0.0,0.0
CHN,2026-02-01,0.0,0.00305870474432957
CIV,2026-02-01,0.0,0.0
CMR,2026-02-01,0.0,0.40619559280047307
COD,2026-02-01,0.0,0.6741241128344211
COL,2026-02-01,0.0,0.0340086396923537
COM,2026-02-01,0.0,0.0
CRI,2026-02-01,0.0,0.0
CUB,2026-02-01,0.0,0.0
CYP,2026-02-01,0.0,0.0
CZE,2026-02-01,0.0,0.0
DEU,2026-02-01,0.0,0.0
DJI,2026-02-01,0.0,0.0
DNK,2026-02-01,0.0,0.0
DOM,2026-02-01,0.0,0.05962951781259541
DZA,2026-02-01,0.0,0.0
ECU,2026-02-01,0.0,0.07051924691914337
EGY,2026-02-01,0.0,0.08131591469579352
ERI,2026-02-01,0.0,0.0
ESP,2026-02-01,0.0,0.0
EST,2026-02-01,0.0,0.0
ETH,2026-02-01,0.0,0.9445639850258009
FIN,2026-02-01,0.0,0.0
FJI,2026-02-01,0.0,0.0
FRA,2026-02-01,0.0,0.0
GAB,2026-02-01,0.0,0.0
GBR,2026-02-01,0.0,0.0
GEO,2026-02-01,0.0,0.004432783471255551
GHA,2026-02-01,0.0,0.006931378356194891
GIN,2026-02-01,0.0,0.0
GMB,2026-02-01,0.0,0.0
GNB,2026-02-01,0.0,0.0
GNQ,2026-02-01,0.0,0.0
GRC,2026-02-01,0.0,0.0
GRD,2026-02-01,0.0,0.0
GTM,2026-02-01,0.0,0.004795554359742623
GUY,2026-02-01,0.0,0.0
HND,2026-02-01,0.0,0.041028171379054054
HRV,2026-02-01,0.0,0.0
HTI,2026-02-01,0.0,0.9205332100021542
HUN,2026-02-01,0.0,0.0
IDN,2026-02-01,0.0,0.0051209154366087094
IND,2026-02-01,0.0,0.23677290093831288
IRL,2026-02-01,0.0,0.0
IRQ,2026-02-01,0.0,0.0939012565235082
ISL,2026-02-01,0.0,0.0
ISR,2026-02-01,0.0,0.0
ITA,2026-02-01,0.0,0.0
JAM,2026-02-01,0.0,0.0
JOR,2026-02-01,0.0,0.028187259017080253
JPN,2026-02-01,0.0,0.0
KAZ,2026-02-01,0.0,0.0
KEN,2026-02-01,0.0,0.05743059036113847
KGZ,2026-02-01,0.0,0.0
KHM,2026-02-01,0.0,0.9311324085990074
KOR,2026-02-01,0.0,0.0
KWT,2026-02-01,0.0,0.0
LAO,2026-02-01,0.0,0.0
LBN,2026-02-01,1.0,0.014559509242085268
LBR,2026-02-01,0.0,0.0
LBY,2026-02-01,0.0,0.0
LKA,2026-02-01,0.0,0.0
LSO,2026-02-01,0.0,0.0
LTU,2026-02-01,0.0,0.0
LUX,2026-02-01,0.0,0.0
LVA,2026-02-01,0.0,0.0
MAR,2026-02-01,0.0,0.006931378356194891
MDA,2026-02-01,0.0,0.0
MDG,2026-02-01,0.0,0.0
MDV,2026-02-01,0.0,0.0
MEX,2026-02-01,0.0,0.04430729817651798
MKD,2026-02-01,0.0,0.0
MLI,2026-02-01,0.0,0.7318005890586049
MLT,2026-02-01,0.0,0.0
MMR,2026-02-01,0.0,0.8440171829524935
MNE,2026-02-01,0.0,0.0
MNG,2026-02-01,0.0,0.0
MOZ,2026-02-01,0.0,0.9411621151882303
MRT,2026-02-01,0.0,0.0
MUS,2026-02-01,0.0,0.0
MWI,2026-02-01,0.0,0.0
MYS,2026-02-01,0.0,0.0
NAM,2026-02-01,0.0,0.0007614712583080709
NER,2026-02-01,0.0,0.8746165627902452
NIC,2026-02-01,0.0,0.027717517023046315
NLD,2026-02-01,0.0,0.0
NOR,2026-02-01,0.0,0.0
NPL,2026-02-01,0.0,0.00749221426144066
NZL,2026-02-01,0.0,0.0
OMN,2026-02-01,0.0,0.0014412757401092255
PAK,2026-02-01,0.0,0.9467233890343614
PAN,2026-02-01,0.0,0.0022132780689534943
PER,2026-02-01,0.0,0.06834441700894903
PHL,2026-02-01,0.0,0.48072922505339166
PNG,2026-02-01,0.0,0.0
POL,2026-02-01,0.0,0.0
PRK,2026-02-01,0.0,0.00428688785244859
PRT,2026-02-01,0.0,0.0
PRY,2026-02-01,0.0,0.003629815782978436
PSE,2026-02-01,0.0,0.14617517230976426
QAT,2026-02-01,0.0,0.0
ROU,2026-02-01,0.0,0.0
RUS,2026-02-01,0.0,0.0
RWA,2026-02-01,0.0,0.0
SAU,2026-02-01,0.0,0.0
SDN,2026-02-01,0.0,0.8577209661313243
SEN,2026-02-01,0.0,0.02095290142441331
SGP,2026-02-01,0.0,0.0
SLB,2026-02-01,0.0,0.0
SLE,2026-02-01,0.0,0.0
SLV,2026-02-01,0.0,0.04655023012491338
SOM,2026-02-01,0.0,0.6027037292274376
SRB,2026-02-01,0.0,0.0
SSD,2026-02-01,0.0,0.7262045174977174
STP,2026-02-01,0.0,0.0
SVK,2026-02-01,0.0,0.0
SVN,2026-02-01,0.0,0.0
SWE,2026-02-01,0.0,0.0
SWZ,2026-02-01,0.0,0.0
SYC,2026-02-01,0.0,0.0
SYR,2026-02-01,0.0,0.899449676267581
TCD,2026-02-01,0.0,0.5998667662937772
TGO,2026-02-01,0.0,0.0
THA,2026-02-01,0.0,0.9550077562539407
TJK,2026-02-01,0.0,0.0014412757401092255
TKM,2026-02-01,0.0,0.0
TLS,2026-02-01,0.0,0.0
TON,2026-02-01,0.0,0.003468705105388425
TTO,2026-02-01,0.0,0.0
TUN,2026-02-01,0.0,0.003967037668662824
TUR,2026-02-01,0.0,0.002444985188319927
TZA,2026-02-01,0.0,0.015979656895951735
UGA,2026-02-01,0.0,0.3475343374374574
UKR,2026-02-01,0.0,0.07188249498163217
URY,2026-02-01,0.0,0.0
USA,2026-02-01,0.0,0.0
UZB,2026-02-01,0.0,0.0
VEN,2026-02-01,0.0,0.05213310994850401
VNM,2026-02-01,0.0,0.007587952295039635
VUT,2026-02-01,0.0,0.00749221426144066
WSM,2026-02-01,0.0,0.0
YEM,2026-02-01,0.0,0.641528832452845
ZAF,2026-02-01,0.0,0.015035340613178278
ZMB,2026-02-01,0.0,0.006514589136502995
ZWE,2026-02-01,0.0,0.009833676427505093
