iso3,month,y_true,y_prob,optimal_threshold,y_pred
AFG,2024-03-01,0.0,0.08021047651000748,0.808457681065496,0
AGO,2024-03-01,0.0,0.0,0.808457681065496,0
ALB,2024-03-01,0.0,0.0,0.808457681065496,0
ARE,2024-03-01,0.0,0.0,0.808457681065496,0
ARG,2024-03-01,0.0,0.0,0.808457681065496,0
ARM,2024-03-01,0.0,0.0,0.808457681065496,0
AUS,2024-03-01,0.0,0.0,0.808457681065496,0
AUT,2024-03-01,0.0,0.0,0.808457681065496,0
AZE,2024-03-01,0.0,0.0,0.808457681065496,0
BDI,2024-03-01,0.0,0.0,0.808457681065496,0
BEL,2024-03-01,0.0,0.0,0.808457681065496,0
BEN,2024-03-01,0.0,0.004917934689690546,0.808457681065496,0
BFA,2024-03-01,1.0,0.8434018273445182,0.808457681065496,1
BGD,2024-03-01,0.0,0.0187296307644425,0.808457681065496,0
BGR,2024-03-01,0.0,0.0,0.808457681065496,0
BHR,2024-03-01,0.0,0.0,0.808457681065496,0
BHS,2024-03-01,0.0,0.0,0.808457681065496,0
BIH,2024-03-01,0.0,0.0,0.808457681065496,0
BLR,2024-03-01,0.0,0.0,0.808457681065496,0
BLZ,2024-03-01,0.0,0.0,0.808457681065496,0
BOL,2024-03-01,0.0,0.0,0.808457681065496,0
BRA,2024-03-01,0.0,0.001431878142266914,0.808457681065496,0
BRB,2024-03-01,0.0,0.0,0.808457681065496,0
BRN,2024-03-01,0.0,0.0,0.808457681065496,0
BTN,2024-03-01,0.0,0.0,0.808457681065496,0
BWA,2024-03-01,0.0,0.0,0.808457681065496,0
CAF,2024-03-01,0.0,0.67679849086344,0.808457681065496,0
CAN,2024-03-01,0.0,0.0,0.808457681065496,0
CHE,2024-03-01,0.0,0.0,0.808457681065496,0
CHL,2024-03-01,0.0,0.0,0.808457681065496,0
CHN,2024-03-01,0.0,0.0,0.808457681065496,0
CIV,2024-03-01,0.0,0.0,0.808457681065496,0
CMR,2024-03-01,0.0,0.6295375979097992,0.808457681065496,0
COL,2024-03-01,0.0,0.05048020700646925,0.808457681065496,0
COM,2024-03-01,0.0,0.0,0.808457681065496,0
CRI,2024-03-01,0.0,0.0,0.808457681065496,0
CUB,2024-03-01,0.0,0.0,0.808457681065496,0
CYP,2024-03-01,0.0,0.0,0.808457681065496,0
CZE,2024-03-01,0.0,0.0,0.808457681065496,0
DEU,2024-03-01,0.0,0.0,0.808457681065496,0
DJI,2024-03-01,0.0,0.0,0.808457681065496,0
DNK,2024-03-01,0.0,0.0,0.808457681065496,0
DOM,2024-03-01,0.0,0.0,0.808457681065496,0
DZA,2024-03-01,0.0,0.0,0.808457681065496,0
ECU,2024-03-01,0.0,0.00920526262134112,0.808457681065496,0
EGY,2024-03-01,0.0,0.0,0.808457681065496,0
ERI,2024-03-01,0.0,0.0,0.808457681065496,0
ESP,2024-03-01,0.0,0.0,0.808457681065496,0
EST,2024-03-01,0.0,0.0,0.808457681065496,0
FIN,2024-03-01,0.0,0.0,0.808457681065496,0
FJI,2024-03-01,0.0,0.0,0.808457681065496,0
FRA,2024-03-01,0.0,0.0,0.808457681065496,0
GAB,2024-03-01,0.0,0.0,0.808457681065496,0
GBR,2024-03-01,0.0,0.0,0.808457681065496,0
GEO,2024-03-01,0.0,0.0,0.808457681065496,0
GHA,2024-03-01,0.0,0.0,0.808457681065496,0
GIN,2024-03-01,0.0,0.0,0.808457681065496,0
GMB,2024-03-01,0.0,0.0,0.808457681065496,0
GNB,2024-03-01,0.0,0.0,0.808457681065496,0
GNQ,2024-03-01,0.0,0.0,0.808457681065496,0
GRC,2024-03-01,0.0,0.0,0.808457681065496,0
GRD,2024-03-01,0.0,0.0,0.808457681065496,0
GTM,2024-03-01,0.0,0.0,0.808457681065496,0
GUY,2024-03-01,0.0,0.0,0.808457681065496,0
HND,2024-03-01,0.0,0.0,0.808457681065496,0
HRV,2024-03-01,0.0,0.0,0.808457681065496,0
HUN,2024-03-01,0.0,0.0,0.808457681065496,0
IDN,2024-03-01,0.0,0.022864579434133194,0.808457681065496,0
IND,2024-03-01,0.0,0.0,0.808457681065496,0
IRL,2024-03-01,0.0,0.0,0.808457681065496,0
IRN,2024-03-01,0.0,0.04268637659150305,0.808457681065496,0
IRQ,2024-03-01,0.0,0.10427498612326844,0.808457681065496,0
ISL,2024-03-01,0.0,0.0,0.808457681065496,0
ISR,2024-03-01,0.0,0.09357027023230965,0.808457681065496,0
ITA,2024-03-01,0.0,0.0,0.808457681065496,0
JAM,2024-03-01,0.0,0.0,0.808457681065496,0
JOR,2024-03-01,0.0,0.0,0.808457681065496,0
JPN,2024-03-01,0.0,0.0,0.808457681065496,0
KAZ,2024-03-01,0.0,0.0,0.808457681065496,0
KEN,2024-03-01,0.0,0.3702357905037557,0.808457681065496,0
KGZ,2024-03-01,0.0,0.0,0.808457681065496,0
KHM,2024-03-01,0.0,0.0,0.808457681065496,0
KOR,2024-03-01,0.0,0.0,0.808457681065496,0
KWT,2024-03-01,0.0,0.0,0.808457681065496,0
LAO,2024-03-01,0.0,0.0,0.808457681065496,0
LBN,2024-03-01,0.0,0.22995181377671853,0.808457681065496,0
LBR,2024-03-01,0.0,0.0,0.808457681065496,0
LBY,2024-03-01,0.0,0.0,0.808457681065496,0
LKA,2024-03-01,0.0,0.0,0.808457681065496,0
LSO,2024-03-01,0.0,0.0,0.808457681065496,0
LTU,2024-03-01,0.0,0.0,0.808457681065496,0
LUX,2024-03-01,0.0,0.0,0.808457681065496,0
LVA,2024-03-01,0.0,0.0,0.808457681065496,0
MAR,2024-03-01,0.0,0.0,0.808457681065496,0
MDA,2024-03-01,0.0,0.0,0.808457681065496,0
MDG,2024-03-01,0.0,0.0,0.808457681065496,0
MDV,2024-03-01,0.0,0.0,0.808457681065496,0
MEX,2024-03-01,0.0,0.003912008703930377,0.808457681065496,0
MKD,2024-03-01,0.0,0.0,0.808457681065496,0
MLT,2024-03-01,0.0,0.0,0.808457681065496,0
MNE,2024-03-01,0.0,0.0,0.808457681065496,0
MNG,2024-03-01,0.0,0.0,0.808457681065496,0
MRT,2024-03-01,0.0,0.0,0.808457681065496,0
MUS,2024-03-01,0.0,0.0,0.808457681065496,0
MWI,2024-03-01,0.0,0.0,0.808457681065496,0
MYS,2024-03-01,0.0,0.0,0.808457681065496,0
NAM,2024-03-01,0.0,0.0,0.808457681065496,0
NER,2024-03-01,0.0,0.7570694481792214,0.808457681065496,0
NIC,2024-03-01,0.0,0.0,0.808457681065496,0
NLD,2024-03-01,0.0,0.0,0.808457681065496,0
NOR,2024-03-01,0.0,0.0,0.808457681065496,0
NPL,2024-03-01,0.0,0.0,0.808457681065496,0
NZL,2024-03-01,0.0,0.0,0.808457681065496,0
OMN,2024-03-01,0.0,0.0,0.808457681065496,0
PAK,2024-03-01,0.0,0.11250015293116677,0.808457681065496,0
PAN,2024-03-01,0.0,0.0,0.808457681065496,0
PER,2024-03-01,0.0,0.0,0.808457681065496,0
PHL,2024-03-01,0.0,0.6435395641456735,0.808457681065496,0
PNG,2024-03-01,0.0,0.05579690098394621,0.808457681065496,0
POL,2024-03-01,0.0,0.005,0.808457681065496,0
PRK,2024-03-01,0.0,0.0,0.808457681065496,0
PRT,2024-03-01,0.0,0.0,0.808457681065496,0
PRY,2024-03-01,0.0,0.0,0.808457681065496,0
PSE,2024-03-01,0.0,0.19831273608462463,0.808457681065496,0
QAT,2024-03-01,0.0,0.0,0.808457681065496,0
ROU,2024-03-01,0.0,0.005,0.808457681065496,0
RUS,2024-03-01,0.0,0.023512707567548623,0.808457681065496,0
RWA,2024-03-01,0.0,0.0,0.808457681065496,0
SAU,2024-03-01,0.0,0.0,0.808457681065496,0
SDN,2024-03-01,0.0,0.7927434217715082,0.808457681065496,0
SEN,2024-03-01,0.0,0.0,0.808457681065496,0
SGP,2024-03-01,0.0,0.0,0.808457681065496,0
SLB,2024-03-01,0.0,0.0,0.808457681065496,0
SLE,2024-03-01,0.0,0.0,0.808457681065496,0
SLV,2024-03-01,0.0,0.0,0.808457681065496,0
SRB,2024-03-01,0.0,0.0,0.808457681065496,0
STP,2024-03-01,0.0,0.0,0.808457681065496,0
SVK,2024-03-01,0.0,0.0,0.808457681065496,0
SVN,2024-03-01,0.0,0.0,0.808457681065496,0
SWE,2024-03-01,0.0,0.0,0.808457681065496,0
SWZ,2024-03-01,0.0,0.0,0.808457681065496,0
SYC,2024-03-01,0.0,0.0,0.808457681065496,0
SYR,2024-03-01,0.0,0.7418673207638805,0.808457681065496,0
TCD,2024-03-01,0.0,0.4686831695513823,0.808457681065496,0
TGO,2024-03-01,0.0,0.0,0.808457681065496,0
THA,2024-03-01,0.0,0.0,0.808457681065496,0
TJK,2024-03-01,0.0,0.0,0.808457681065496,0
TKM,2024-03-01,0.0,0.0,0.808457681065496,0
TLS,2024-03-01,0.0,0.0,0.808457681065496,0
TON,2024-03-01,0.0,0.0,0.808457681065496,0
TTO,2024-03-01,0.0,0.0,0.808457681065496,0
TUN,2024-03-01,0.0,0.0,0.808457681065496,0
TUR,2024-03-01,0.0,0.013331611914038699,0.808457681065496,0
TZA,2024-03-01,0.0,0.0,0.808457681065496,0
UGA,2024-03-01,0.0,0.029576062192191152,0.808457681065496,0
UKR,2024-03-01,1.0,0.1174512655326228,0.808457681065496,0
URY,2024-03-01,0.0,0.0,0.808457681065496,0
USA,2024-03-01,0.0,0.0,0.808457681065496,0
UZB,2024-03-01,0.0,0.0,0.808457681065496,0
VEN,2024-03-01,0.0,0.00920526262134112,0.808457681065496,0
VNM,2024-03-01,0.0,0.0,0.808457681065496,0
VUT,2024-03-01,0.0,0.0,0.808457681065496,0
WSM,2024-03-01,0.0,0.0,0.808457681065496,0
YEM,2024-03-01,0.0,0.07439121366118753,0.808457681065496,0
ZAF,2024-03-01,0.0,0.0,0.808457681065496,0
ZMB,2024-03-01,0.0,0.0,0.808457681065496,0
ZWE,2024-03-01,0.0,0.0,0.808457681065496,0
AFG,2024-04-01,0.0,0.09084788801353177,0.808457681065496,0
AGO,2024-04-01,0.0,0.0,0.808457681065496,0
ALB,2024-04-01,0.0,0.0,0.808457681065496,0
ARE,2024-04-01,0.0,0.0,0.808457681065496,0
ARG,2024-04-01,0.0,0.0,0.808457681065496,0
ARM,2024-04-01,0.0,0.003143757745568188,0.808457681065496,0
AUS,2024-04-01,0.0,0.0,0.808457681065496,0
AUT,2024-04-01,0.0,0.0,0.808457681065496,0
AZE,2024-04-01,0.0,0.0,0.808457681065496,0
BDI,2024-04-01,0.0,0.004926816224280125,0.808457681065496,0
BEL,2024-04-01,0.0,0.0,0.808457681065496,0
BEN,2024-04-01,0.0,0.005,0.808457681065496,0
BFA,2024-04-01,1.0,0.9015810350971434,0.808457681065496,1
BGD,2024-04-01,0.0,0.0,0.808457681065496,0
BGR,2024-04-01,0.0,0.0,0.808457681065496,0
BHR,2024-04-01,0.0,0.0,0.808457681065496,0
BHS,2024-04-01,0.0,0.0,0.808457681065496,0
BIH,2024-04-01,0.0,0.0,0.808457681065496,0
BLR,2024-04-01,0.0,0.0,0.808457681065496,0
BLZ,2024-04-01,0.0,0.0,0.808457681065496,0
BOL,2024-04-01,0.0,0.0,0.808457681065496,0
BRA,2024-04-01,0.0,0.0,0.808457681065496,0
BRB,2024-04-01,0.0,0.0,0.808457681065496,0
BRN,2024-04-01,0.0,0.0,0.808457681065496,0
BTN,2024-04-01,0.0,0.0,0.808457681065496,0
BWA,2024-04-01,0.0,0.0,0.808457681065496,0
CAF,2024-04-01,0.0,0.8369207618487637,0.808457681065496,1
CAN,2024-04-01,0.0,0.0,0.808457681065496,0
CHE,2024-04-01,0.0,0.0,0.808457681065496,0
CHL,2024-04-01,0.0,0.0,0.808457681065496,0
CHN,2024-04-01,0.0,0.0,0.808457681065496,0
CIV,2024-04-01,0.0,0.0,0.808457681065496,0
CMR,2024-04-01,0.0,0.730138946930929,0.808457681065496,0
COL,2024-04-01,0.0,0.04893874106729669,0.808457681065496,0
COM,2024-04-01,0.0,0.0,0.808457681065496,0
CRI,2024-04-01,0.0,0.0,0.808457681065496,0
CUB,2024-04-01,0.0,0.0,0.808457681065496,0
CYP,2024-04-01,0.0,0.0,0.808457681065496,0
CZE,2024-04-01,0.0,0.0,0.808457681065496,0
DEU,2024-04-01,0.0,0.0,0.808457681065496,0
DJI,2024-04-01,0.0,0.0,0.808457681065496,0
DNK,2024-04-01,0.0,0.0,0.808457681065496,0
DOM,2024-04-01,0.0,0.0,0.808457681065496,0
DZA,2024-04-01,0.0,0.0,0.808457681065496,0
ECU,2024-04-01,0.0,0.0,0.808457681065496,0
EGY,2024-04-01,0.0,0.005,0.808457681065496,0
ERI,2024-04-01,0.0,0.0,0.808457681065496,0
ESP,2024-04-01,0.0,0.0,0.808457681065496,0
EST,2024-04-01,0.0,0.0,0.808457681065496,0
FIN,2024-04-01,0.0,0.0,0.808457681065496,0
FJI,2024-04-01,0.0,0.0,0.808457681065496,0
FRA,2024-04-01,0.0,0.0,0.808457681065496,0
GAB,2024-04-01,0.0,0.0,0.808457681065496,0
GBR,2024-04-01,0.0,0.0,0.808457681065496,0
GEO,2024-04-01,0.0,0.0,0.808457681065496,0
GHA,2024-04-01,0.0,0.0,0.808457681065496,0
GIN,2024-04-01,0.0,0.0,0.808457681065496,0
GMB,2024-04-01,0.0,0.0,0.808457681065496,0
GNB,2024-04-01,0.0,0.0,0.808457681065496,0
GNQ,2024-04-01,0.0,0.0,0.808457681065496,0
GRC,2024-04-01,0.0,0.0,0.808457681065496,0
GRD,2024-04-01,0.0,0.0,0.808457681065496,0
GTM,2024-04-01,0.0,0.0,0.808457681065496,0
GUY,2024-04-01,0.0,0.0,0.808457681065496,0
HND,2024-04-01,0.0,0.0045764373676366755,0.808457681065496,0
HRV,2024-04-01,0.0,0.0,0.808457681065496,0
HUN,2024-04-01,0.0,0.0,0.808457681065496,0
IDN,2024-04-01,0.0,0.028424023317991657,0.808457681065496,0
IND,2024-04-01,0.0,0.0,0.808457681065496,0
IRL,2024-04-01,0.0,0.0,0.808457681065496,0
IRN,2024-04-01,0.0,0.02594431861898599,0.808457681065496,0
IRQ,2024-04-01,0.0,0.0269342723719493,0.808457681065496,0
ISL,2024-04-01,0.0,0.0,0.808457681065496,0
ISR,2024-04-01,0.0,0.1688099402020988,0.808457681065496,0
ITA,2024-04-01,0.0,0.0,0.808457681065496,0
JAM,2024-04-01,0.0,0.0,0.808457681065496,0
JOR,2024-04-01,0.0,0.0,0.808457681065496,0
JPN,2024-04-01,0.0,0.0,0.808457681065496,0
KAZ,2024-04-01,0.0,0.0,0.808457681065496,0
KEN,2024-04-01,0.0,0.08944778248475937,0.808457681065496,0
KGZ,2024-04-01,0.0,0.0,0.808457681065496,0
KHM,2024-04-01,0.0,0.0,0.808457681065496,0
KOR,2024-04-01,0.0,0.0,0.808457681065496,0
KWT,2024-04-01,0.0,0.0,0.808457681065496,0
LAO,2024-04-01,0.0,0.0,0.808457681065496,0
LBN,2024-04-01,0.0,0.12801018702577643,0.808457681065496,0
LBR,2024-04-01,0.0,0.0,0.808457681065496,0
LBY,2024-04-01,0.0,0.0,0.808457681065496,0
LKA,2024-04-01,0.0,0.0,0.808457681065496,0
LSO,2024-04-01,0.0,0.0,0.808457681065496,0
LTU,2024-04-01,0.0,0.0,0.808457681065496,0
LUX,2024-04-01,0.0,0.0,0.808457681065496,0
LVA,2024-04-01,0.0,0.0,0.808457681065496,0
MAR,2024-04-01,0.0,0.0,0.808457681065496,0
MDA,2024-04-01,0.0,0.0,0.808457681065496,0
MDG,2024-04-01,0.0,0.0,0.808457681065496,0
MDV,2024-04-01,0.0,0.0,0.808457681065496,0
MEX,2024-04-01,0.0,0.0,0.808457681065496,0
MKD,2024-04-01,0.0,0.0,0.808457681065496,0
MLT,2024-04-01,0.0,0.0,0.808457681065496,0
MNE,2024-04-01,0.0,0.0,0.808457681065496,0
MNG,2024-04-01,0.0,0.0,0.808457681065496,0
MRT,2024-04-01,0.0,0.0,0.808457681065496,0
MUS,2024-04-01,0.0,0.0,0.808457681065496,0
MWI,2024-04-01,0.0,0.0,0.808457681065496,0
MYS,2024-04-01,0.0,0.0,0.808457681065496,0
NAM,2024-04-01,0.0,0.0,0.808457681065496,0
NER,2024-04-01,0.0,0.9538018054651292,0.808457681065496,1
NGA,2024-04-01,0.0,0.8885584764759031,0.808457681065496,1
NIC,2024-04-01,0.0,0.0,0.808457681065496,0
NLD,2024-04-01,0.0,0.0,0.808457681065496,0
NOR,2024-04-01,0.0,0.0,0.808457681065496,0
NPL,2024-04-01,0.0,0.0,0.808457681065496,0
NZL,2024-04-01,0.0,0.0,0.808457681065496,0
OMN,2024-04-01,0.0,0.0,0.808457681065496,0
PAK,2024-04-01,0.0,0.05582655880654131,0.808457681065496,0
PAN,2024-04-01,0.0,0.0,0.808457681065496,0
PER,2024-04-01,0.0,0.0,0.808457681065496,0
PHL,2024-04-01,0.0,0.49942528614700726,0.808457681065496,0
PNG,2024-04-01,0.0,0.06475769734365713,0.808457681065496,0
POL,2024-04-01,0.0,0.0,0.808457681065496,0
PRK,2024-04-01,0.0,0.0,0.808457681065496,0
PRT,2024-04-01,0.0,0.0,0.808457681065496,0
PRY,2024-04-01,0.0,0.0,0.808457681065496,0
PSE,2024-04-01,1.0,0.13911141581747846,0.808457681065496,0
QAT,2024-04-01,0.0,0.0,0.808457681065496,0
ROU,2024-04-01,0.0,0.0,0.808457681065496,0
RUS,2024-04-01,0.0,0.018234335828689677,0.808457681065496,0
RWA,2024-04-01,0.0,0.0,0.808457681065496,0
SAU,2024-04-01,0.0,0.0,0.808457681065496,0
SDN,2024-04-01,0.0,0.6142820256281244,0.808457681065496,0
SEN,2024-04-01,0.0,0.0,0.808457681065496,0
SGP,2024-04-01,0.0,0.0,0.808457681065496,0
SLB,2024-04-01,0.0,0.0,0.808457681065496,0
SLE,2024-04-01,0.0,0.0,0.808457681065496,0
SLV,2024-04-01,0.0,0.0,0.808457681065496,0
SRB,2024-04-01,0.0,0.0,0.808457681065496,0
STP,2024-04-01,0.0,0.0,0.808457681065496,0
SVK,2024-04-01,0.0,0.0,0.808457681065496,0
SVN,2024-04-01,0.0,0.0,0.808457681065496,0
SWE,2024-04-01,0.0,0.0,0.808457681065496,0
SWZ,2024-04-01,0.0,0.0,0.808457681065496,0
SYC,2024-04-01,0.0,0.0,0.808457681065496,0
SYR,2024-04-01,0.0,0.29964444381070343,0.808457681065496,0
TCD,2024-04-01,0.0,0.11588924933186011,0.808457681065496,0
TGO,2024-04-01,0.0,0.0,0.808457681065496,0
THA,2024-04-01,0.0,0.0,0.808457681065496,0
TJK,2024-04-01,0.0,0.0,0.808457681065496,0
TKM,2024-04-01,0.0,0.0,0.808457681065496,0
TLS,2024-04-01,0.0,0.0,0.808457681065496,0
TON,2024-04-01,0.0,0.0,0.808457681065496,0
TTO,2024-04-01,0.0,0.0,0.808457681065496,0
TUN,2024-04-01,0.0,0.0,0.808457681065496,0
TUR,2024-04-01,0.0,0.024455996196158188,0.808457681065496,0
TZA,2024-04-01,0.0,0.0,0.808457681065496,0
UGA,2024-04-01,0.0,0.02592880313175404,0.808457681065496,0
UKR,2024-04-01,1.0,0.0778170306222333,0.808457681065496,0
URY,2024-04-01,0.0,0.0,0.808457681065496,0
USA,2024-04-01,0.0,0.0,0.808457681065496,0
UZB,2024-04-01,0.0,0.0,0.808457681065496,0
VEN,2024-04-01,0.0,0.0,0.808457681065496,0
VNM,2024-04-01,0.0,0.0,0.808457681065496,0
VUT,2024-04-01,0.0,0.0,0.808457681065496,0
WSM,2024-04-01,0.0,0.0,0.808457681065496,0
YEM,2024-04-01,0.0,0.05740383863456656,0.808457681065496,0
ZAF,2024-04-01,0.0,0.0,0.808457681065496,0
ZMB,2024-04-01,0.0,0.0,0.808457681065496,0
ZWE,2024-04-01,0.0,0.0,0.808457681065496,0
AFG,2024-05-01,0.0,0.1921114927356479,0.808457681065496,0
AGO,2024-05-01,0.0,0.0,0.808457681065496,0
ALB,2024-05-01,0.0,0.0,0.808457681065496,0
ARE,2024-05-01,0.0,0.0,0.808457681065496,0
ARG,2024-05-01,0.0,0.0,0.808457681065496,0
ARM,2024-05-01,0.0,0.0,0.808457681065496,0
AUS,2024-05-01,0.0,0.0,0.808457681065496,0
AUT,2024-05-01,0.0,0.0,0.808457681065496,0
AZE,2024-05-01,0.0,0.0,0.808457681065496,0
BDI,2024-05-01,0.0,0.0,0.808457681065496,0
BEL,2024-05-01,0.0,0.0,0.808457681065496,0
BEN,2024-05-01,0.0,0.0,0.808457681065496,0
BGD,2024-05-01,0.0,0.004877586349023164,0.808457681065496,0
BGR,2024-05-01,0.0,0.0,0.808457681065496,0
BHR,2024-05-01,0.0,0.0,0.808457681065496,0
BHS,2024-05-01,0.0,0.0,0.808457681065496,0
BIH,2024-05-01,0.0,0.0,0.808457681065496,0
BLR,2024-05-01,0.0,0.0,0.808457681065496,0
BLZ,2024-05-01,0.0,0.0,0.808457681065496,0
BOL,2024-05-01,0.0,0.0,0.808457681065496,0
BRA,2024-05-01,0.0,0.019331168075002018,0.808457681065496,0
BRB,2024-05-01,0.0,0.0,0.808457681065496,0
BRN,2024-05-01,0.0,0.0,0.808457681065496,0
BTN,2024-05-01,0.0,0.0,0.808457681065496,0
BWA,2024-05-01,0.0,0.0,0.808457681065496,0
CAF,2024-05-01,0.0,0.7912604159085745,0.808457681065496,0
CAN,2024-05-01,0.0,0.0,0.808457681065496,0
CHE,2024-05-01,0.0,0.0,0.808457681065496,0
CHL,2024-05-01,0.0,0.0,0.808457681065496,0
CHN,2024-05-01,0.0,0.0,0.808457681065496,0
CIV,2024-05-01,0.0,0.0,0.808457681065496,0
CMR,2024-05-01,0.0,0.7507876755632779,0.808457681065496,0
COL,2024-05-01,0.0,0.062171174579670245,0.808457681065496,0
COM,2024-05-01,0.0,0.0,0.808457681065496,0
CRI,2024-05-01,0.0,0.0,0.808457681065496,0
CUB,2024-05-01,0.0,0.0,0.808457681065496,0
CYP,2024-05-01,0.0,0.0,0.808457681065496,0
CZE,2024-05-01,0.0,0.0,0.808457681065496,0
DEU,2024-05-01,0.0,0.0,0.808457681065496,0
DJI,2024-05-01,0.0,0.0,0.808457681065496,0
DNK,2024-05-01,0.0,0.0,0.808457681065496,0
DOM,2024-05-01,0.0,0.0,0.808457681065496,0
DZA,2024-05-01,0.0,0.0,0.808457681065496,0
ECU,2024-05-01,0.0,0.0,0.808457681065496,0
EGY,2024-05-01,0.0,0.0,0.808457681065496,0
ERI,2024-05-01,0.0,0.0,0.808457681065496,0
ESP,2024-05-01,0.0,0.0,0.808457681065496,0
EST,2024-05-01,0.0,0.0,0.808457681065496,0
FIN,2024-05-01,0.0,0.0,0.808457681065496,0
FJI,2024-05-01,0.0,0.0,0.808457681065496,0
FRA,2024-05-01,0.0,0.0,0.808457681065496,0
GAB,2024-05-01,0.0,0.0,0.808457681065496,0
GBR,2024-05-01,0.0,0.0,0.808457681065496,0
GEO,2024-05-01,0.0,0.0,0.808457681065496,0
GHA,2024-05-01,0.0,0.0,0.808457681065496,0
GIN,2024-05-01,0.0,0.0,0.808457681065496,0
GMB,2024-05-01,0.0,0.0,0.808457681065496,0
GNB,2024-05-01,0.0,0.0,0.808457681065496,0
GNQ,2024-05-01,0.0,0.0,0.808457681065496,0
GRC,2024-05-01,0.0,0.0,0.808457681065496,0
GRD,2024-05-01,0.0,0.0,0.808457681065496,0
GTM,2024-05-01,0.0,0.0,0.808457681065496,0
GUY,2024-05-01,0.0,0.0,0.808457681065496,0
HND,2024-05-01,0.0,0.0,0.808457681065496,0
HRV,2024-05-01,0.0,0.0,0.808457681065496,0
HTI,2024-05-01,0.0,0.8740744650140009,0.808457681065496,1
HUN,2024-05-01,0.0,0.0,0.808457681065496,0
IDN,2024-05-01,0.0,0.05338490456538675,0.808457681065496,0
IND,2024-05-01,0.0,0.0,0.808457681065496,0
IRL,2024-05-01,0.0,0.0,0.808457681065496,0
IRN,2024-05-01,0.0,0.02394272760945793,0.808457681065496,0
IRQ,2024-05-01,0.0,0.08373717847830604,0.808457681065496,0
ISL,2024-05-01,0.0,0.0,0.808457681065496,0
ISR,2024-05-01,0.0,0.032951335333855455,0.808457681065496,0
ITA,2024-05-01,0.0,0.0,0.808457681065496,0
JAM,2024-05-01,0.0,0.0,0.808457681065496,0
JOR,2024-05-01,0.0,0.0,0.808457681065496,0
JPN,2024-05-01,0.0,0.0,0.808457681065496,0
KAZ,2024-05-01,0.0,0.0,0.808457681065496,0
KEN,2024-05-01,0.0,0.11874876229650168,0.808457681065496,0
KGZ,2024-05-01,0.0,0.0,0.808457681065496,0
KHM,2024-05-01,0.0,0.0,0.808457681065496,0
KOR,2024-05-01,0.0,0.0,0.808457681065496,0
KWT,2024-05-01,0.0,0.0,0.808457681065496,0
LAO,2024-05-01,0.0,0.0,0.808457681065496,0
LBN,2024-05-01,0.0,0.14556199431542105,0.808457681065496,0
LBR,2024-05-01,0.0,0.0,0.808457681065496,0
LBY,2024-05-01,0.0,0.0,0.808457681065496,0
LKA,2024-05-01,0.0,0.0,0.808457681065496,0
LSO,2024-05-01,0.0,0.0,0.808457681065496,0
LTU,2024-05-01,0.0,0.0,0.808457681065496,0
LUX,2024-05-01,0.0,0.0,0.808457681065496,0
LVA,2024-05-01,0.0,0.0,0.808457681065496,0
MAR,2024-05-01,0.0,0.0044472480511950525,0.808457681065496,0
MDA,2024-05-01,0.0,0.0,0.808457681065496,0
MDG,2024-05-01,0.0,0.0,0.808457681065496,0
MDV,2024-05-01,0.0,0.0,0.808457681065496,0
MEX,2024-05-01,0.0,0.005,0.808457681065496,0
MKD,2024-05-01,0.0,0.0,0.808457681065496,0
MLT,2024-05-01,0.0,0.0,0.808457681065496,0
MNE,2024-05-01,0.0,0.0,0.808457681065496,0
MNG,2024-05-01,0.0,0.0,0.808457681065496,0
MRT,2024-05-01,0.0,0.0,0.808457681065496,0
MUS,2024-05-01,0.0,0.0,0.808457681065496,0
MWI,2024-05-01,0.0,0.0,0.808457681065496,0
MYS,2024-05-01,0.0,0.0,0.808457681065496,0
NAM,2024-05-01,0.0,0.0,0.808457681065496,0
NER,2024-05-01,0.0,0.9119111407550566,0.808457681065496,1
NGA,2024-05-01,0.0,0.8940556281131629,0.808457681065496,1
NIC,2024-05-01,0.0,0.0,0.808457681065496,0
NLD,2024-05-01,0.0,0.0,0.808457681065496,0
NOR,2024-05-01,0.0,0.0,0.808457681065496,0
NPL,2024-05-01,0.0,0.0,0.808457681065496,0
NZL,2024-05-01,0.0,0.0,0.808457681065496,0
OMN,2024-05-01,0.0,0.0,0.808457681065496,0
PAK,2024-05-01,0.0,0.06523907358351516,0.808457681065496,0
PAN,2024-05-01,0.0,0.0,0.808457681065496,0
PER,2024-05-01,0.0,0.0,0.808457681065496,0
PHL,2024-05-01,0.0,0.23321368419397334,0.808457681065496,0
PNG,2024-05-01,0.0,0.035832086449017295,0.808457681065496,0
POL,2024-05-01,0.0,0.0,0.808457681065496,0
PRK,2024-05-01,0.0,0.0,0.808457681065496,0
PRT,2024-05-01,0.0,0.0,0.808457681065496,0
PRY,2024-05-01,0.0,0.0,0.808457681065496,0
PSE,2024-05-01,1.0,0.1371036442611859,0.808457681065496,0
QAT,2024-05-01,0.0,0.0,0.808457681065496,0
ROU,2024-05-01,0.0,0.0,0.808457681065496,0
RUS,2024-05-01,0.0,0.018840690287130913,0.808457681065496,0
RWA,2024-05-01,0.0,0.0,0.808457681065496,0
SAU,2024-05-01,0.0,0.0,0.808457681065496,0
SDN,2024-05-01,0.0,0.6819565189388105,0.808457681065496,0
SEN,2024-05-01,0.0,0.0,0.808457681065496,0
SGP,2024-05-01,0.0,0.0,0.808457681065496,0
SLB,2024-05-01,0.0,0.0,0.808457681065496,0
SLE,2024-05-01,0.0,0.0,0.808457681065496,0
SLV,2024-05-01,0.0,0.0,0.808457681065496,0
SOM,2024-05-01,1.0,0.9037379165759352,0.808457681065496,1
SRB,2024-05-01,0.0,0.0,0.808457681065496,0
SSD,2024-05-01,0.0,0.8441671596512044,0.808457681065496,1
STP,2024-05-01,0.0,0.0,0.808457681065496,0
SVK,2024-05-01,0.0,0.0,0.808457681065496,0
SVN,2024-05-01,0.0,0.0,0.808457681065496,0
SWE,2024-05-01,0.0,0.0,0.808457681065496,0
SWZ,2024-05-01,0.0,0.0,0.808457681065496,0
SYC,2024-05-01,0.0,0.0,0.808457681065496,0
SYR,2024-05-01,0.0,0.20649612966162753,0.808457681065496,0
TCD,2024-05-01,0.0,0.08010649272073117,0.808457681065496,0
TGO,2024-05-01,0.0,0.0,0.808457681065496,0
THA,2024-05-01,0.0,0.0,0.808457681065496,0
TJK,2024-05-01,0.0,0.0,0.808457681065496,0
TKM,2024-05-01,0.0,0.0,0.808457681065496,0
TLS,2024-05-01,0.0,0.0,0.808457681065496,0
TON,2024-05-01,0.0,0.0,0.808457681065496,0
TTO,2024-05-01,0.0,0.0,0.808457681065496,0
TUN,2024-05-01,0.0,0.0,0.808457681065496,0
TUR,2024-05-01,0.0,0.013672691610596619,0.808457681065496,0
TZA,2024-05-01,0.0,0.0,0.808457681065496,0
UGA,2024-05-01,0.0,0.02789535971307328,0.808457681065496,0
UKR,2024-05-01,0.0,0.22903515996166393,0.808457681065496,0
URY,2024-05-01,0.0,0.0,0.808457681065496,0
USA,2024-05-01,0.0,0.0,0.808457681065496,0
UZB,2024-05-01,0.0,0.0,0.808457681065496,0
VEN,2024-05-01,0.0,0.0,0.808457681065496,0
VNM,2024-05-01,0.0,0.0,0.808457681065496,0
VUT,2024-05-01,0.0,0.0,0.808457681065496,0
WSM,2024-05-01,0.0,0.0,0.808457681065496,0
YEM,2024-05-01,0.0,0.06081533537730744,0.808457681065496,0
ZAF,2024-05-01,0.0,0.009392091775079391,0.808457681065496,0
ZMB,2024-05-01,0.0,0.0,0.808457681065496,0
ZWE,2024-05-01,0.0,0.0,0.808457681065496,0
AFG,2024-06-01,0.0,0.2185785181580164,0.808457681065496,0
AGO,2024-06-01,0.0,0.0,0.808457681065496,0
ALB,2024-06-01,0.0,0.0,0.808457681065496,0
ARE,2024-06-01,0.0,0.0,0.808457681065496,0
ARG,2024-06-01,0.0,0.0,0.808457681065496,0
ARM,2024-06-01,0.0,0.0,0.808457681065496,0
AUS,2024-06-01,0.0,0.0,0.808457681065496,0
AUT,2024-06-01,0.0,0.0,0.808457681065496,0
AZE,2024-06-01,0.0,0.0,0.808457681065496,0
BDI,2024-06-01,0.0,0.005,0.808457681065496,0
BEL,2024-06-01,0.0,0.0,0.808457681065496,0
BEN,2024-06-01,0.0,0.0,0.808457681065496,0
BGD,2024-06-01,0.0,0.0,0.808457681065496,0
BGR,2024-06-01,0.0,0.0,0.808457681065496,0
BHR,2024-06-01,0.0,0.0,0.808457681065496,0
BHS,2024-06-01,0.0,0.0,0.808457681065496,0
BIH,2024-06-01,0.0,0.0,0.808457681065496,0
BLR,2024-06-01,0.0,0.0,0.808457681065496,0
BLZ,2024-06-01,0.0,0.0,0.808457681065496,0
BOL,2024-06-01,0.0,0.0,0.808457681065496,0
BRA,2024-06-01,0.0,0.0,0.808457681065496,0
BRB,2024-06-01,0.0,0.0,0.808457681065496,0
BRN,2024-06-01,0.0,0.0,0.808457681065496,0
BTN,2024-06-01,0.0,0.0,0.808457681065496,0
BWA,2024-06-01,0.0,0.0,0.808457681065496,0
CAF,2024-06-01,0.0,0.550387363214385,0.808457681065496,0
CAN,2024-06-01,0.0,0.0,0.808457681065496,0
CHE,2024-06-01,0.0,0.0,0.808457681065496,0
CHL,2024-06-01,0.0,0.0,0.808457681065496,0
CHN,2024-06-01,0.0,0.0,0.808457681065496,0
CIV,2024-06-01,0.0,0.0,0.808457681065496,0
CMR,2024-06-01,0.0,0.7306328173769312,0.808457681065496,0
COL,2024-06-01,0.0,0.09302385340605934,0.808457681065496,0
COM,2024-06-01,0.0,0.0,0.808457681065496,0
CRI,2024-06-01,0.0,0.0,0.808457681065496,0
CUB,2024-06-01,0.0,0.0,0.808457681065496,0
CYP,2024-06-01,0.0,0.0,0.808457681065496,0
CZE,2024-06-01,0.0,0.0,0.808457681065496,0
DEU,2024-06-01,0.0,0.0,0.808457681065496,0
DJI,2024-06-01,0.0,0.0,0.808457681065496,0
DNK,2024-06-01,0.0,0.0,0.808457681065496,0
DOM,2024-06-01,0.0,0.0,0.808457681065496,0
DZA,2024-06-01,0.0,0.0,0.808457681065496,0
ECU,2024-06-01,0.0,0.0,0.808457681065496,0
EGY,2024-06-01,0.0,0.0,0.808457681065496,0
ERI,2024-06-01,0.0,0.0,0.808457681065496,0
ESP,2024-06-01,0.0,0.0,0.808457681065496,0
EST,2024-06-01,0.0,0.0,0.808457681065496,0
FIN,2024-06-01,0.0,0.0,0.808457681065496,0
FJI,2024-06-01,0.0,0.0,0.808457681065496,0
FRA,2024-06-01,0.0,0.0,0.808457681065496,0
GAB,2024-06-01,0.0,0.0,0.808457681065496,0
GBR,2024-06-01,0.0,0.0,0.808457681065496,0
GEO,2024-06-01,0.0,0.0,0.808457681065496,0
GHA,2024-06-01,0.0,0.0,0.808457681065496,0
GIN,2024-06-01,0.0,0.0,0.808457681065496,0
GMB,2024-06-01,0.0,0.0,0.808457681065496,0
GNB,2024-06-01,0.0,0.0,0.808457681065496,0
GNQ,2024-06-01,0.0,0.0,0.808457681065496,0
GRC,2024-06-01,0.0,0.0,0.808457681065496,0
GRD,2024-06-01,0.0,0.0,0.808457681065496,0
GTM,2024-06-01,0.0,0.0,0.808457681065496,0
GUY,2024-06-01,0.0,0.0,0.808457681065496,0
HND,2024-06-01,0.0,0.0,0.808457681065496,0
HRV,2024-06-01,0.0,0.0,0.808457681065496,0
HTI,2024-06-01,0.0,0.8284577033679713,0.808457681065496,1
HUN,2024-06-01,0.0,0.0,0.808457681065496,0
IDN,2024-06-01,0.0,0.018895662017476705,0.808457681065496,0
IND,2024-06-01,0.0,0.0,0.808457681065496,0
IRL,2024-06-01,0.0,0.0,0.808457681065496,0
IRN,2024-06-01,0.0,0.017082908634726824,0.808457681065496,0
IRQ,2024-06-01,0.0,0.0940192571635174,0.808457681065496,0
ISL,2024-06-01,0.0,0.0,0.808457681065496,0
ISR,2024-06-01,0.0,0.04574879315522173,0.808457681065496,0
ITA,2024-06-01,0.0,0.0,0.808457681065496,0
JAM,2024-06-01,0.0,0.0,0.808457681065496,0
JOR,2024-06-01,0.0,0.0,0.808457681065496,0
JPN,2024-06-01,0.0,0.0,0.808457681065496,0
KAZ,2024-06-01,0.0,0.0,0.808457681065496,0
KEN,2024-06-01,0.0,0.03828079553527114,0.808457681065496,0
KGZ,2024-06-01,0.0,0.0,0.808457681065496,0
KHM,2024-06-01,0.0,0.0,0.808457681065496,0
KOR,2024-06-01,0.0,0.0,0.808457681065496,0
KWT,2024-06-01,0.0,0.0,0.808457681065496,0
LAO,2024-06-01,0.0,0.0,0.808457681065496,0
LBN,2024-06-01,0.0,0.07058237830232227,0.808457681065496,0
LBR,2024-06-01,0.0,0.0,0.808457681065496,0
LBY,2024-06-01,0.0,0.005,0.808457681065496,0
LKA,2024-06-01,0.0,0.0,0.808457681065496,0
LSO,2024-06-01,0.0,0.0,0.808457681065496,0
LTU,2024-06-01,0.0,0.0,0.808457681065496,0
LUX,2024-06-01,0.0,0.0,0.808457681065496,0
LVA,2024-06-01,0.0,0.0,0.808457681065496,0
MAR,2024-06-01,0.0,0.0,0.808457681065496,0
MDA,2024-06-01,0.0,0.0,0.808457681065496,0
MDG,2024-06-01,0.0,0.0,0.808457681065496,0
MDV,2024-06-01,0.0,0.0,0.808457681065496,0
MEX,2024-06-01,0.0,0.014749093218607014,0.808457681065496,0
MKD,2024-06-01,0.0,0.0,0.808457681065496,0
MLI,2024-06-01,0.0,0.9297116426596199,0.808457681065496,1
MLT,2024-06-01,0.0,0.0,0.808457681065496,0
MNE,2024-06-01,0.0,0.0,0.808457681065496,0
MNG,2024-06-01,0.0,0.0,0.808457681065496,0
MOZ,2024-06-01,0.0,0.7409829155593656,0.808457681065496,0
MRT,2024-06-01,0.0,0.0,0.808457681065496,0
MUS,2024-06-01,0.0,0.0,0.808457681065496,0
MWI,2024-06-01,0.0,0.0,0.808457681065496,0
MYS,2024-06-01,0.0,0.0,0.808457681065496,0
NAM,2024-06-01,0.0,0.0,0.808457681065496,0
NER,2024-06-01,0.0,0.8255162914387835,0.808457681065496,1
NGA,2024-06-01,0.0,0.5314181430491504,0.808457681065496,0
NIC,2024-06-01,0.0,0.0,0.808457681065496,0
NLD,2024-06-01,0.0,0.0,0.808457681065496,0
NOR,2024-06-01,0.0,0.0,0.808457681065496,0
NPL,2024-06-01,0.0,0.0,0.808457681065496,0
NZL,2024-06-01,0.0,0.0,0.808457681065496,0
OMN,2024-06-01,0.0,0.0,0.808457681065496,0
PAK,2024-06-01,0.0,0.03682808605152461,0.808457681065496,0
PAN,2024-06-01,0.0,0.0,0.808457681065496,0
PER,2024-06-01,0.0,0.0,0.808457681065496,0
PHL,2024-06-01,0.0,0.5535760945223329,0.808457681065496,0
PNG,2024-06-01,0.0,0.02809161661827172,0.808457681065496,0
POL,2024-06-01,0.0,0.0,0.808457681065496,0
PRK,2024-06-01,0.0,0.0,0.808457681065496,0
PRT,2024-06-01,0.0,0.0,0.808457681065496,0
PRY,2024-06-01,0.0,0.0,0.808457681065496,0
QAT,2024-06-01,0.0,0.0,0.808457681065496,0
ROU,2024-06-01,0.0,0.0,0.808457681065496,0
RUS,2024-06-01,1.0,0.06094708400255503,0.808457681065496,0
RWA,2024-06-01,0.0,0.0,0.808457681065496,0
SAU,2024-06-01,0.0,0.0,0.808457681065496,0
SDN,2024-06-01,0.0,0.4393558192169349,0.808457681065496,0
SEN,2024-06-01,0.0,0.0,0.808457681065496,0
SGP,2024-06-01,0.0,0.0,0.808457681065496,0
SLB,2024-06-01,0.0,0.0,0.808457681065496,0
SLE,2024-06-01,0.0,0.0,0.808457681065496,0
SLV,2024-06-01,0.0,0.0,0.808457681065496,0
SOM,2024-06-01,1.0,0.8777418233992741,0.808457681065496,1
SRB,2024-06-01,0.0,0.0,0.808457681065496,0
SSD,2024-06-01,0.0,0.7180113045869051,0.808457681065496,0
STP,2024-06-01,0.0,0.0,0.808457681065496,0
SVK,2024-06-01,0.0,0.0,0.808457681065496,0
SVN,2024-06-01,0.0,0.0,0.808457681065496,0
SWE,2024-06-01,0.0,0.0,0.808457681065496,0
SWZ,2024-06-01,0.0,0.0,0.808457681065496,0
SYC,2024-06-01,0.0,0.0,0.808457681065496,0
SYR,2024-06-01,0.0,0.19878286506509807,0.808457681065496,0
TCD,2024-06-01,0.0,0.3014422982157955,0.808457681065496,0
TGO,2024-06-01,0.0,0.0,0.808457681065496,0
THA,2024-06-01,0.0,0.0,0.808457681065496,0
TJK,2024-06-01,0.0,0.0,0.808457681065496,0
TKM,2024-06-01,0.0,0.0,0.808457681065496,0
TLS,2024-06-01,0.0,0.0,0.808457681065496,0
TON,2024-06-01,0.0,0.0,0.808457681065496,0
TTO,2024-06-01,0.0,0.0,0.808457681065496,0
TUN,2024-06-01,0.0,0.0,0.808457681065496,0
TUR,2024-06-01,0.0,0.014882257424273924,0.808457681065496,0
TZA,2024-06-01,0.0,0.0,0.808457681065496,0
UGA,2024-06-01,0.0,0.04140675943282726,0.808457681065496,0
UKR,2024-06-01,1.0,0.4045970005455718,0.808457681065496,0
URY,2024-06-01,0.0,0.0,0.808457681065496,0
USA,2024-06-01,0.0,0.0,0.808457681065496,0
UZB,2024-06-01,0.0,0.0,0.808457681065496,0
VEN,2024-06-01,0.0,0.0,0.808457681065496,0
VNM,2024-06-01,0.0,0.0,0.808457681065496,0
VUT,2024-06-01,0.0,0.0,0.808457681065496,0
WSM,2024-06-01,0.0,0.0,0.808457681065496,0
YEM,2024-06-01,0.0,0.02352090148408927,0.808457681065496,0
ZAF,2024-06-01,0.0,0.004217130003866025,0.808457681065496,0
ZMB,2024-06-01,0.0,0.0,0.808457681065496,0
ZWE,2024-06-01,0.0,0.0,0.808457681065496,0
AFG,2024-07-01,0.0,0.16276279637372476,0.808457681065496,0
AGO,2024-07-01,0.0,0.0,0.808457681065496,0
ALB,2024-07-01,0.0,0.0,0.808457681065496,0
ARE,2024-07-01,0.0,0.0,0.808457681065496,0
ARG,2024-07-01,0.0,0.0,0.808457681065496,0
ARM,2024-07-01,0.0,0.0,0.808457681065496,0
AUS,2024-07-01,0.0,0.0,0.808457681065496,0
AUT,2024-07-01,0.0,0.0,0.808457681065496,0
AZE,2024-07-01,0.0,0.0,0.808457681065496,0
BDI,2024-07-01,0.0,0.0,0.808457681065496,0
BEL,2024-07-01,0.0,0.0,0.808457681065496,0
BEN,2024-07-01,0.0,0.0,0.808457681065496,0
BGD,2024-07-01,0.0,0.03285266518554945,0.808457681065496,0
BGR,2024-07-01,0.0,0.0,0.808457681065496,0
BHR,2024-07-01,0.0,0.0,0.808457681065496,0
BHS,2024-07-01,0.0,0.0,0.808457681065496,0
BIH,2024-07-01,0.0,0.0,0.808457681065496,0
BLR,2024-07-01,0.0,0.0,0.808457681065496,0
BLZ,2024-07-01,0.0,0.0,0.808457681065496,0
BOL,2024-07-01,0.0,0.0,0.808457681065496,0
BRA,2024-07-01,0.0,0.0,0.808457681065496,0
BRB,2024-07-01,0.0,0.0,0.808457681065496,0
BRN,2024-07-01,0.0,0.0,0.808457681065496,0
BTN,2024-07-01,0.0,0.0,0.808457681065496,0
BWA,2024-07-01,0.0,0.0,0.808457681065496,0
CAF,2024-07-01,0.0,0.7974324859773152,0.808457681065496,0
CAN,2024-07-01,0.0,0.0,0.808457681065496,0
CHE,2024-07-01,0.0,0.0,0.808457681065496,0
CHL,2024-07-01,0.0,0.0,0.808457681065496,0
CHN,2024-07-01,0.0,0.0,0.808457681065496,0
CIV,2024-07-01,0.0,0.0,0.808457681065496,0
CMR,2024-07-01,0.0,0.5104168939931569,0.808457681065496,0
COL,2024-07-01,0.0,0.1101492229305736,0.808457681065496,0
COM,2024-07-01,0.0,0.0,0.808457681065496,0
CRI,2024-07-01,0.0,0.0,0.808457681065496,0
CUB,2024-07-01,0.0,0.0,0.808457681065496,0
CYP,2024-07-01,0.0,0.0,0.808457681065496,0
CZE,2024-07-01,0.0,0.0,0.808457681065496,0
DEU,2024-07-01,0.0,0.0,0.808457681065496,0
DJI,2024-07-01,0.0,0.0,0.808457681065496,0
DNK,2024-07-01,0.0,0.0,0.808457681065496,0
DOM,2024-07-01,0.0,0.0,0.808457681065496,0
DZA,2024-07-01,0.0,0.0,0.808457681065496,0
ECU,2024-07-01,0.0,0.004229378788166077,0.808457681065496,0
EGY,2024-07-01,0.0,0.0,0.808457681065496,0
ERI,2024-07-01,0.0,0.0,0.808457681065496,0
ESP,2024-07-01,0.0,0.0,0.808457681065496,0
EST,2024-07-01,0.0,0.0,0.808457681065496,0
FIN,2024-07-01,0.0,0.0,0.808457681065496,0
FJI,2024-07-01,0.0,0.0,0.808457681065496,0
FRA,2024-07-01,0.0,0.0,0.808457681065496,0
GAB,2024-07-01,0.0,0.0,0.808457681065496,0
GBR,2024-07-01,0.0,0.0,0.808457681065496,0
GEO,2024-07-01,0.0,0.0,0.808457681065496,0
GHA,2024-07-01,0.0,0.0,0.808457681065496,0
GIN,2024-07-01,0.0,0.0,0.808457681065496,0
GMB,2024-07-01,0.0,0.0,0.808457681065496,0
GNB,2024-07-01,0.0,0.0,0.808457681065496,0
GNQ,2024-07-01,0.0,0.0,0.808457681065496,0
GRC,2024-07-01,0.0,0.0,0.808457681065496,0
GRD,2024-07-01,0.0,0.0,0.808457681065496,0
GTM,2024-07-01,0.0,0.0,0.808457681065496,0
GUY,2024-07-01,0.0,0.0,0.808457681065496,0
HND,2024-07-01,0.0,0.0,0.808457681065496,0
HRV,2024-07-01,0.0,0.0,0.808457681065496,0
HTI,2024-07-01,0.0,0.5681758388136895,0.808457681065496,0
HUN,2024-07-01,0.0,0.0,0.808457681065496,0
IDN,2024-07-01,0.0,0.04316399499715393,0.808457681065496,0
IND,2024-07-01,0.0,0.0,0.808457681065496,0
IRL,2024-07-01,0.0,0.0,0.808457681065496,0
IRN,2024-07-01,0.0,0.009916952919781775,0.808457681065496,0
IRQ,2024-07-01,0.0,0.06258192401376067,0.808457681065496,0
ISL,2024-07-01,0.0,0.0,0.808457681065496,0
ISR,2024-07-01,0.0,0.06694907652912307,0.808457681065496,0
ITA,2024-07-01,0.0,0.0,0.808457681065496,0
JAM,2024-07-01,0.0,0.0,0.808457681065496,0
JOR,2024-07-01,0.0,0.0,0.808457681065496,0
JPN,2024-07-01,0.0,0.0,0.808457681065496,0
KAZ,2024-07-01,0.0,0.0,0.808457681065496,0
KEN,2024-07-01,0.0,0.06345158794176,0.808457681065496,0
KGZ,2024-07-01,0.0,0.0,0.808457681065496,0
KHM,2024-07-01,0.0,0.0,0.808457681065496,0
KOR,2024-07-01,0.0,0.0,0.808457681065496,0
KWT,2024-07-01,0.0,0.0,0.808457681065496,0
LAO,2024-07-01,0.0,0.0,0.808457681065496,0
LBN,2024-07-01,1.0,0.07051557918124725,0.808457681065496,0
LBR,2024-07-01,0.0,0.0,0.808457681065496,0
LBY,2024-07-01,0.0,0.019666956939616113,0.808457681065496,0
LKA,2024-07-01,0.0,0.0,0.808457681065496,0
LSO,2024-07-01,0.0,0.0,0.808457681065496,0
LTU,2024-07-01,0.0,0.0,0.808457681065496,0
LUX,2024-07-01,0.0,0.0,0.808457681065496,0
LVA,2024-07-01,0.0,0.0,0.808457681065496,0
MAR,2024-07-01,0.0,0.0,0.808457681065496,0
MDA,2024-07-01,0.0,0.0,0.808457681065496,0
MDG,2024-07-01,0.0,0.0,0.808457681065496,0
MDV,2024-07-01,0.0,0.0,0.808457681065496,0
MEX,2024-07-01,0.0,0.012771455335427227,0.808457681065496,0
MKD,2024-07-01,0.0,0.0,0.808457681065496,0
MLI,2024-07-01,0.0,0.8185196010329874,0.808457681065496,1
MLT,2024-07-01,0.0,0.0,0.808457681065496,0
MNE,2024-07-01,0.0,0.0,0.808457681065496,0
MNG,2024-07-01,0.0,0.0,0.808457681065496,0
MOZ,2024-07-01,0.0,0.4815110959726409,0.808457681065496,0
MRT,2024-07-01,0.0,0.0,0.808457681065496,0
MUS,2024-07-01,0.0,0.0,0.808457681065496,0
MWI,2024-07-01,0.0,0.0,0.808457681065496,0
MYS,2024-07-01,0.0,0.0,0.808457681065496,0
NAM,2024-07-01,0.0,0.0,0.808457681065496,0
NER,2024-07-01,0.0,0.8762904941611283,0.808457681065496,1
NGA,2024-07-01,0.0,0.3289535359358739,0.808457681065496,0
NIC,2024-07-01,0.0,0.0,0.808457681065496,0
NLD,2024-07-01,0.0,0.0,0.808457681065496,0
NOR,2024-07-01,0.0,0.0,0.808457681065496,0
NPL,2024-07-01,0.0,0.0,0.808457681065496,0
NZL,2024-07-01,0.0,0.0,0.808457681065496,0
OMN,2024-07-01,0.0,0.0,0.808457681065496,0
PAK,2024-07-01,0.0,0.02763200680098186,0.808457681065496,0
PAN,2024-07-01,0.0,0.0,0.808457681065496,0
PER,2024-07-01,0.0,0.0,0.808457681065496,0
PHL,2024-07-01,0.0,0.6321315313758474,0.808457681065496,0
PNG,2024-07-01,0.0,0.06919607311504822,0.808457681065496,0
POL,2024-07-01,0.0,0.0,0.808457681065496,0
PRK,2024-07-01,0.0,0.0,0.808457681065496,0
PRT,2024-07-01,0.0,0.0,0.808457681065496,0
PRY,2024-07-01,0.0,0.0,0.808457681065496,0
QAT,2024-07-01,0.0,0.0,0.808457681065496,0
ROU,2024-07-01,0.0,0.0,0.808457681065496,0
RUS,2024-07-01,1.0,0.052769981215299334,0.808457681065496,0
RWA,2024-07-01,0.0,0.0,0.808457681065496,0
SAU,2024-07-01,0.0,0.0,0.808457681065496,0
SDN,2024-07-01,0.0,0.5555918615082408,0.808457681065496,0
SEN,2024-07-01,0.0,0.0,0.808457681065496,0
SGP,2024-07-01,0.0,0.0,0.808457681065496,0
SLB,2024-07-01,0.0,0.0,0.808457681065496,0
SLE,2024-07-01,0.0,0.0,0.808457681065496,0
SLV,2024-07-01,0.0,0.0,0.808457681065496,0
SRB,2024-07-01,0.0,0.0,0.808457681065496,0
SSD,2024-07-01,0.0,0.7023842194485378,0.808457681065496,0
STP,2024-07-01,0.0,0.0,0.808457681065496,0
SVK,2024-07-01,0.0,0.0,0.808457681065496,0
SVN,2024-07-01,0.0,0.0,0.808457681065496,0
SWE,2024-07-01,0.0,0.0,0.808457681065496,0
SWZ,2024-07-01,0.0,0.0,0.808457681065496,0
SYC,2024-07-01,0.0,0.0,0.808457681065496,0
SYR,2024-07-01,0.0,0.09616929897933932,0.808457681065496,0
TCD,2024-07-01,0.0,0.2790375945231642,0.808457681065496,0
TGO,2024-07-01,0.0,0.01,0.808457681065496,0
THA,2024-07-01,0.0,0.0,0.808457681065496,0
TJK,2024-07-01,0.0,0.0,0.808457681065496,0
TKM,2024-07-01,0.0,0.0,0.808457681065496,0
TLS,2024-07-01,0.0,0.0,0.808457681065496,0
TON,2024-07-01,0.0,0.0,0.808457681065496,0
TTO,2024-07-01,0.0,0.0,0.808457681065496,0
TUN,2024-07-01,0.0,0.0,0.808457681065496,0
TUR,2024-07-01,0.0,0.03464704135020467,0.808457681065496,0
TZA,2024-07-01,0.0,0.0,0.808457681065496,0
UGA,2024-07-01,0.0,0.046877642767537475,0.808457681065496,0
UKR,2024-07-01,1.0,0.4104336952474778,0.808457681065496,0
URY,2024-07-01,0.0,0.0,0.808457681065496,0
USA,2024-07-01,0.0,0.0,0.808457681065496,0
UZB,2024-07-01,0.0,0.0,0.808457681065496,0
VEN,2024-07-01,0.0,0.009738234938589942,0.808457681065496,0
VNM,2024-07-01,0.0,0.0,0.808457681065496,0
VUT,2024-07-01,0.0,0.0,0.808457681065496,0
WSM,2024-07-01,0.0,0.0,0.808457681065496,0
YEM,2024-07-01,0.0,0.02664351358499822,0.808457681065496,0
ZAF,2024-07-01,0.0,0.0,0.808457681065496,0
ZMB,2024-07-01,0.0,0.0,0.808457681065496,0
ZWE,2024-07-01,0.0,0.0,0.808457681065496,0
AFG,2024-08-01,0.0,0.13220746159985308,0.808457681065496,0
AGO,2024-08-01,0.0,0.0,0.808457681065496,0
ALB,2024-08-01,0.0,0.0,0.808457681065496,0
ARE,2024-08-01,0.0,0.0,0.808457681065496,0
ARG,2024-08-01,0.0,0.0,0.808457681065496,0
ARM,2024-08-01,0.0,0.0,0.808457681065496,0
AUS,2024-08-01,0.0,0.0,0.808457681065496,0
AUT,2024-08-01,0.0,0.0,0.808457681065496,0
AZE,2024-08-01,0.0,0.0,0.808457681065496,0
BDI,2024-08-01,0.0,0.0,0.808457681065496,0
BEL,2024-08-01,0.0,0.0,0.808457681065496,0
BEN,2024-08-01,0.0,0.0,0.808457681065496,0
BGD,2024-08-01,0.0,0.005,0.808457681065496,0
BGR,2024-08-01,0.0,0.0,0.808457681065496,0
BHR,2024-08-01,0.0,0.0,0.808457681065496,0
BHS,2024-08-01,0.0,0.0,0.808457681065496,0
BIH,2024-08-01,0.0,0.0,0.808457681065496,0
BLR,2024-08-01,0.0,0.0,0.808457681065496,0
BLZ,2024-08-01,0.0,0.0,0.808457681065496,0
BOL,2024-08-01,0.0,0.0,0.808457681065496,0
BRA,2024-08-01,0.0,0.0,0.808457681065496,0
BRB,2024-08-01,0.0,0.0,0.808457681065496,0
BRN,2024-08-01,0.0,0.0,0.808457681065496,0
BTN,2024-08-01,0.0,0.0,0.808457681065496,0
BWA,2024-08-01,0.0,0.0,0.808457681065496,0
CAF,2024-08-01,0.0,0.798284704320342,0.808457681065496,0
CAN,2024-08-01,0.0,0.0,0.808457681065496,0
CHE,2024-08-01,0.0,0.0,0.808457681065496,0
CHL,2024-08-01,0.0,0.0,0.808457681065496,0
CHN,2024-08-01,0.0,0.0,0.808457681065496,0
CIV,2024-08-01,0.0,0.0,0.808457681065496,0
CMR,2024-08-01,0.0,0.2763753794536913,0.808457681065496,0
COL,2024-08-01,0.0,0.07342080908648407,0.808457681065496,0
COM,2024-08-01,0.0,0.0,0.808457681065496,0
CRI,2024-08-01,0.0,0.0,0.808457681065496,0
CUB,2024-08-01,0.0,0.0,0.808457681065496,0
CYP,2024-08-01,0.0,0.0,0.808457681065496,0
CZE,2024-08-01,0.0,0.0,0.808457681065496,0
DEU,2024-08-01,0.0,0.0,0.808457681065496,0
DJI,2024-08-01,0.0,0.0,0.808457681065496,0
DNK,2024-08-01,0.0,0.0,0.808457681065496,0
DOM,2024-08-01,0.0,0.0,0.808457681065496,0
DZA,2024-08-01,0.0,0.0,0.808457681065496,0
ECU,2024-08-01,0.0,0.0048620417816318505,0.808457681065496,0
EGY,2024-08-01,0.0,0.0,0.808457681065496,0
ERI,2024-08-01,0.0,0.0,0.808457681065496,0
ESP,2024-08-01,0.0,0.0,0.808457681065496,0
EST,2024-08-01,0.0,0.0,0.808457681065496,0
FIN,2024-08-01,0.0,0.0,0.808457681065496,0
FJI,2024-08-01,0.0,0.0,0.808457681065496,0
FRA,2024-08-01,0.0,0.0,0.808457681065496,0
GAB,2024-08-01,0.0,0.0,0.808457681065496,0
GBR,2024-08-01,0.0,0.0,0.808457681065496,0
GEO,2024-08-01,0.0,0.0,0.808457681065496,0
GHA,2024-08-01,0.0,0.0,0.808457681065496,0
GIN,2024-08-01,0.0,0.0,0.808457681065496,0
GMB,2024-08-01,0.0,0.0,0.808457681065496,0
GNB,2024-08-01,0.0,0.0,0.808457681065496,0
GNQ,2024-08-01,0.0,0.0,0.808457681065496,0
GRC,2024-08-01,0.0,0.0,0.808457681065496,0
GRD,2024-08-01,0.0,0.0,0.808457681065496,0
GTM,2024-08-01,0.0,0.0,0.808457681065496,0
GUY,2024-08-01,0.0,0.0,0.808457681065496,0
HND,2024-08-01,0.0,0.0,0.808457681065496,0
HRV,2024-08-01,0.0,0.0,0.808457681065496,0
HTI,2024-08-01,0.0,0.47112429462964167,0.808457681065496,0
HUN,2024-08-01,0.0,0.0,0.808457681065496,0
IDN,2024-08-01,0.0,0.03286053543566672,0.808457681065496,0
IND,2024-08-01,0.0,0.01,0.808457681065496,0
IRL,2024-08-01,0.0,0.0,0.808457681065496,0
IRN,2024-08-01,0.0,0.012954314781625802,0.808457681065496,0
IRQ,2024-08-01,0.0,0.0861245429582392,0.808457681065496,0
ISL,2024-08-01,0.0,0.0,0.808457681065496,0
ISR,2024-08-01,0.0,0.06099269523712739,0.808457681065496,0
ITA,2024-08-01,0.0,0.0,0.808457681065496,0
JAM,2024-08-01,0.0,0.0,0.808457681065496,0
JOR,2024-08-01,0.0,0.0,0.808457681065496,0
JPN,2024-08-01,0.0,0.0,0.808457681065496,0
KAZ,2024-08-01,0.0,0.0,0.808457681065496,0
KEN,2024-08-01,0.0,0.011093986770754839,0.808457681065496,0
KGZ,2024-08-01,0.0,0.0,0.808457681065496,0
KHM,2024-08-01,0.0,0.0,0.808457681065496,0
KOR,2024-08-01,0.0,0.0,0.808457681065496,0
KWT,2024-08-01,0.0,0.0,0.808457681065496,0
LAO,2024-08-01,0.0,0.0,0.808457681065496,0
LBN,2024-08-01,1.0,0.3421387384978643,0.808457681065496,0
LBR,2024-08-01,0.0,0.0,0.808457681065496,0
LBY,2024-08-01,0.0,0.023933302970922537,0.808457681065496,0
LKA,2024-08-01,0.0,0.0,0.808457681065496,0
LSO,2024-08-01,0.0,0.0,0.808457681065496,0
LTU,2024-08-01,0.0,0.0,0.808457681065496,0
LUX,2024-08-01,0.0,0.0,0.808457681065496,0
LVA,2024-08-01,0.0,0.0,0.808457681065496,0
MAR,2024-08-01,0.0,0.0,0.808457681065496,0
MDA,2024-08-01,0.0,0.0,0.808457681065496,0
MDG,2024-08-01,0.0,0.0,0.808457681065496,0
MDV,2024-08-01,0.0,0.0,0.808457681065496,0
MEX,2024-08-01,0.0,0.008101877247226313,0.808457681065496,0
MKD,2024-08-01,0.0,0.0,0.808457681065496,0
MLI,2024-08-01,0.0,0.35418207532579393,0.808457681065496,0
MLT,2024-08-01,0.0,0.0,0.808457681065496,0
MNE,2024-08-01,0.0,0.0,0.808457681065496,0
MNG,2024-08-01,0.0,0.0,0.808457681065496,0
MOZ,2024-08-01,0.0,0.13321329443614172,0.808457681065496,0
MRT,2024-08-01,0.0,0.0,0.808457681065496,0
MUS,2024-08-01,0.0,0.0,0.808457681065496,0
MWI,2024-08-01,0.0,0.0,0.808457681065496,0
MYS,2024-08-01,0.0,0.0,0.808457681065496,0
NAM,2024-08-01,0.0,0.0,0.808457681065496,0
NER,2024-08-01,0.0,0.8227768108564478,0.808457681065496,1
NGA,2024-08-01,0.0,0.21605230456352598,0.808457681065496,0
NIC,2024-08-01,0.0,0.0,0.808457681065496,0
NLD,2024-08-01,0.0,0.0,0.808457681065496,0
NOR,2024-08-01,0.0,0.0,0.808457681065496,0
NPL,2024-08-01,0.0,0.0,0.808457681065496,0
NZL,2024-08-01,0.0,0.0,0.808457681065496,0
OMN,2024-08-01,0.0,0.0,0.808457681065496,0
PAK,2024-08-01,0.0,0.04615549031009408,0.808457681065496,0
PAN,2024-08-01,0.0,0.0,0.808457681065496,0
PER,2024-08-01,0.0,0.0,0.808457681065496,0
PHL,2024-08-01,0.0,0.22099835840282808,0.808457681065496,0
PNG,2024-08-01,0.0,0.0,0.808457681065496,0
POL,2024-08-01,0.0,0.0,0.808457681065496,0
PRK,2024-08-01,0.0,0.0,0.808457681065496,0
PRT,2024-08-01,0.0,0.0,0.808457681065496,0
PRY,2024-08-01,0.0,0.0,0.808457681065496,0
QAT,2024-08-01,0.0,0.0,0.808457681065496,0
ROU,2024-08-01,0.0,0.0,0.808457681065496,0
RWA,2024-08-01,0.0,0.0,0.808457681065496,0
SAU,2024-08-01,0.0,0.0,0.808457681065496,0
SDN,2024-08-01,1.0,0.4865695076731986,0.808457681065496,0
SEN,2024-08-01,0.0,0.0,0.808457681065496,0
SGP,2024-08-01,0.0,0.0,0.808457681065496,0
SLB,2024-08-01,0.0,0.0,0.808457681065496,0
SLE,2024-08-01,0.0,0.0,0.808457681065496,0
SLV,2024-08-01,0.0,0.0,0.808457681065496,0
SRB,2024-08-01,0.0,0.0,0.808457681065496,0
SSD,2024-08-01,0.0,0.8685404047396413,0.808457681065496,1
STP,2024-08-01,0.0,0.0,0.808457681065496,0
SVK,2024-08-01,0.0,0.0,0.808457681065496,0
SVN,2024-08-01,0.0,0.0,0.808457681065496,0
SWE,2024-08-01,0.0,0.0,0.808457681065496,0
SWZ,2024-08-01,0.0,0.0,0.808457681065496,0
SYC,2024-08-01,0.0,0.0,0.808457681065496,0
SYR,2024-08-01,0.0,0.49294553870148783,0.808457681065496,0
TCD,2024-08-01,0.0,0.28376066801800603,0.808457681065496,0
TGO,2024-08-01,0.0,0.0,0.808457681065496,0
THA,2024-08-01,0.0,0.0,0.808457681065496,0
TJK,2024-08-01,0.0,0.0,0.808457681065496,0
TKM,2024-08-01,0.0,0.0,0.808457681065496,0
TLS,2024-08-01,0.0,0.0,0.808457681065496,0
TON,2024-08-01,0.0,0.0,0.808457681065496,0
TTO,2024-08-01,0.0,0.0,0.808457681065496,0
TUN,2024-08-01,0.0,0.0,0.808457681065496,0
TUR,2024-08-01,0.0,0.0,0.808457681065496,0
TZA,2024-08-01,0.0,0.0,0.808457681065496,0
UGA,2024-08-01,0.0,0.061093417440803044,0.808457681065496,0
URY,2024-08-01,0.0,0.0,0.808457681065496,0
USA,2024-08-01,0.0,0.0,0.808457681065496,0
UZB,2024-08-01,0.0,0.0,0.808457681065496,0
VEN,2024-08-01,0.0,0.01,0.808457681065496,0
VNM,2024-08-01,0.0,0.0,0.808457681065496,0
VUT,2024-08-01,0.0,0.0,0.808457681065496,0
WSM,2024-08-01,0.0,0.0,0.808457681065496,0
YEM,2024-08-01,0.0,0.022616032634159445,0.808457681065496,0
ZAF,2024-08-01,0.0,0.0,0.808457681065496,0
ZMB,2024-08-01,0.0,0.0,0.808457681065496,0
ZWE,2024-08-01,0.0,0.0,0.808457681065496,0
AFG,2024-09-01,0.0,0.07138606276894521,0.808457681065496,0
AGO,2024-09-01,0.0,0.0,0.808457681065496,0
ALB,2024-09-01,0.0,0.0,0.808457681065496,0
ARE,2024-09-01,0.0,0.0,0.808457681065496,0
ARG,2024-09-01,0.0,0.0,0.808457681065496,0
ARM,2024-09-01,0.0,0.0,0.808457681065496,0
AUS,2024-09-01,0.0,0.0,0.808457681065496,0
AUT,2024-09-01,0.0,0.0,0.808457681065496,0
AZE,2024-09-01,0.0,0.0,0.808457681065496,0
BDI,2024-09-01,0.0,0.004748782132241922,0.808457681065496,0
BEL,2024-09-01,0.0,0.0,0.808457681065496,0
BEN,2024-09-01,0.0,0.0,0.808457681065496,0
BGD,2024-09-01,0.0,0.02,0.808457681065496,0
BGR,2024-09-01,0.0,0.0,0.808457681065496,0
BHR,2024-09-01,0.0,0.0,0.808457681065496,0
BHS,2024-09-01,0.0,0.0,0.808457681065496,0
BIH,2024-09-01,0.0,0.0,0.808457681065496,0
BLR,2024-09-01,0.0,0.0,0.808457681065496,0
BLZ,2024-09-01,0.0,0.0,0.808457681065496,0
BOL,2024-09-01,0.0,0.0,0.808457681065496,0
BRA,2024-09-01,0.0,0.0,0.808457681065496,0
BRB,2024-09-01,0.0,0.0,0.808457681065496,0
BRN,2024-09-01,0.0,0.0,0.808457681065496,0
BTN,2024-09-01,0.0,0.0,0.808457681065496,0
BWA,2024-09-01,0.0,0.0,0.808457681065496,0
CAF,2024-09-01,0.0,0.6883696104716611,0.808457681065496,0
CAN,2024-09-01,0.0,0.0,0.808457681065496,0
CHE,2024-09-01,0.0,0.0,0.808457681065496,0
CHL,2024-09-01,0.0,0.0,0.808457681065496,0
CHN,2024-09-01,0.0,0.0,0.808457681065496,0
CIV,2024-09-01,0.0,0.0,0.808457681065496,0
CMR,2024-09-01,0.0,0.17626784960681488,0.808457681065496,0
COL,2024-09-01,0.0,0.004291042499313523,0.808457681065496,0
COM,2024-09-01,0.0,0.0,0.808457681065496,0
CRI,2024-09-01,0.0,0.0,0.808457681065496,0
CUB,2024-09-01,0.0,0.0,0.808457681065496,0
CYP,2024-09-01,0.0,0.0,0.808457681065496,0
CZE,2024-09-01,0.0,0.0,0.808457681065496,0
DEU,2024-09-01,0.0,0.0,0.808457681065496,0
DJI,2024-09-01,0.0,0.0,0.808457681065496,0
DNK,2024-09-01,0.0,0.0,0.808457681065496,0
DOM,2024-09-01,0.0,0.0,0.808457681065496,0
DZA,2024-09-01,0.0,0.0,0.808457681065496,0
ECU,2024-09-01,0.0,0.0047376083990841355,0.808457681065496,0
EGY,2024-09-01,0.0,0.0,0.808457681065496,0
ERI,2024-09-01,0.0,0.0,0.808457681065496,0
ESP,2024-09-01,0.0,0.0,0.808457681065496,0
EST,2024-09-01,0.0,0.0,0.808457681065496,0
FIN,2024-09-01,0.0,0.0,0.808457681065496,0
FJI,2024-09-01,0.0,0.0,0.808457681065496,0
FRA,2024-09-01,0.0,0.0,0.808457681065496,0
GAB,2024-09-01,0.0,0.0,0.808457681065496,0
GBR,2024-09-01,0.0,0.0,0.808457681065496,0
GEO,2024-09-01,0.0,0.0,0.808457681065496,0
GHA,2024-09-01,0.0,0.0,0.808457681065496,0
GIN,2024-09-01,0.0,0.0,0.808457681065496,0
GMB,2024-09-01,0.0,0.0,0.808457681065496,0
GNB,2024-09-01,0.0,0.0,0.808457681065496,0
GNQ,2024-09-01,0.0,0.0,0.808457681065496,0
GRC,2024-09-01,0.0,0.0,0.808457681065496,0
GRD,2024-09-01,0.0,0.0,0.808457681065496,0
GTM,2024-09-01,0.0,0.0,0.808457681065496,0
GUY,2024-09-01,0.0,0.0,0.808457681065496,0
HND,2024-09-01,0.0,0.0,0.808457681065496,0
HRV,2024-09-01,0.0,0.0,0.808457681065496,0
HTI,2024-09-01,0.0,0.3556390133576175,0.808457681065496,0
HUN,2024-09-01,0.0,0.0,0.808457681065496,0
IDN,2024-09-01,0.0,0.06200937083923855,0.808457681065496,0
IND,2024-09-01,0.0,0.0,0.808457681065496,0
IRL,2024-09-01,0.0,0.0,0.808457681065496,0
IRN,2024-09-01,0.0,0.0,0.808457681065496,0
IRQ,2024-09-01,0.0,0.14223946659427308,0.808457681065496,0
ISL,2024-09-01,0.0,0.0,0.808457681065496,0
ISR,2024-09-01,0.0,0.05159821779114405,0.808457681065496,0
ITA,2024-09-01,0.0,0.0,0.808457681065496,0
JAM,2024-09-01,0.0,0.0,0.808457681065496,0
JOR,2024-09-01,0.0,0.0,0.808457681065496,0
JPN,2024-09-01,0.0,0.0,0.808457681065496,0
KAZ,2024-09-01,0.0,0.0,0.808457681065496,0
KEN,2024-09-01,0.0,0.0,0.808457681065496,0
KGZ,2024-09-01,0.0,0.0,0.808457681065496,0
KHM,2024-09-01,0.0,0.0,0.808457681065496,0
KOR,2024-09-01,0.0,0.0,0.808457681065496,0
KWT,2024-09-01,0.0,0.0,0.808457681065496,0
LAO,2024-09-01,0.0,0.0,0.808457681065496,0
LBR,2024-09-01,0.0,0.0,0.808457681065496,0
LBY,2024-09-01,0.0,0.03296254809544745,0.808457681065496,0
LKA,2024-09-01,0.0,0.0,0.808457681065496,0
LSO,2024-09-01,0.0,0.0,0.808457681065496,0
LTU,2024-09-01,0.0,0.0,0.808457681065496,0
LUX,2024-09-01,0.0,0.0,0.808457681065496,0
LVA,2024-09-01,0.0,0.0,0.808457681065496,0
MAR,2024-09-01,0.0,0.0,0.808457681065496,0
MDA,2024-09-01,0.0,0.0,0.808457681065496,0
MDG,2024-09-01,0.0,0.0,0.808457681065496,0
MDV,2024-09-01,0.0,0.0,0.808457681065496,0
MEX,2024-09-01,0.0,0.0,0.808457681065496,0
MKD,2024-09-01,0.0,0.0,0.808457681065496,0
MLI,2024-09-01,0.0,0.4137276080561788,0.808457681065496,0
MLT,2024-09-01,0.0,0.0,0.808457681065496,0
MNE,2024-09-01,0.0,0.0,0.808457681065496,0
MNG,2024-09-01,0.0,0.0,0.808457681065496,0
MOZ,2024-09-01,0.0,0.2110253537475459,0.808457681065496,0
MRT,2024-09-01,0.0,0.0,0.808457681065496,0
MUS,2024-09-01,0.0,0.0,0.808457681065496,0
MWI,2024-09-01,0.0,0.0,0.808457681065496,0
MYS,2024-09-01,0.0,0.0,0.808457681065496,0
NAM,2024-09-01,0.0,0.0,0.808457681065496,0
NER,2024-09-01,0.0,0.6871922206388836,0.808457681065496,0
NGA,2024-09-01,0.0,0.14567945278806468,0.808457681065496,0
NIC,2024-09-01,0.0,0.0,0.808457681065496,0
NLD,2024-09-01,0.0,0.0,0.808457681065496,0
NOR,2024-09-01,0.0,0.0,0.808457681065496,0
NPL,2024-09-01,0.0,0.0,0.808457681065496,0
NZL,2024-09-01,0.0,0.0,0.808457681065496,0
OMN,2024-09-01,0.0,0.0,0.808457681065496,0
PAK,2024-09-01,0.0,0.040592284799211086,0.808457681065496,0
PAN,2024-09-01,0.0,0.0,0.808457681065496,0
PER,2024-09-01,0.0,0.0,0.808457681065496,0
PHL,2024-09-01,0.0,0.20155377329156288,0.808457681065496,0
PNG,2024-09-01,0.0,0.0578329927678963,0.808457681065496,0
POL,2024-09-01,0.0,0.0,0.808457681065496,0
PRK,2024-09-01,0.0,0.0,0.808457681065496,0
PRT,2024-09-01,0.0,0.0,0.808457681065496,0
PRY,2024-09-01,0.0,0.0,0.808457681065496,0
PSE,2024-09-01,0.0,0.40024555895095226,0.808457681065496,0
QAT,2024-09-01,0.0,0.0,0.808457681065496,0
ROU,2024-09-01,0.0,0.0,0.808457681065496,0
RWA,2024-09-01,0.0,0.0,0.808457681065496,0
SAU,2024-09-01,0.0,0.0,0.808457681065496,0
SDN,2024-09-01,1.0,0.2820831353929568,0.808457681065496,0
SEN,2024-09-01,0.0,0.0,0.808457681065496,0
SGP,2024-09-01,0.0,0.0,0.808457681065496,0
SLB,2024-09-01,0.0,0.0,0.808457681065496,0
SLE,2024-09-01,0.0,0.0,0.808457681065496,0
SLV,2024-09-01,0.0,0.0,0.808457681065496,0
SOM,2024-09-01,0.0,0.9369135560773587,0.808457681065496,1
SRB,2024-09-01,0.0,0.0,0.808457681065496,0
SSD,2024-09-01,0.0,0.7739522939920974,0.808457681065496,0
STP,2024-09-01,0.0,0.0,0.808457681065496,0
SVK,2024-09-01,0.0,0.0,0.808457681065496,0
SVN,2024-09-01,0.0,0.0,0.808457681065496,0
SWE,2024-09-01,0.0,0.0,0.808457681065496,0
SWZ,2024-09-01,0.0,0.0,0.808457681065496,0
SYC,2024-09-01,0.0,0.0,0.808457681065496,0
SYR,2024-09-01,1.0,0.3595871623558306,0.808457681065496,0
TCD,2024-09-01,0.0,0.2578008654770616,0.808457681065496,0
TGO,2024-09-01,0.0,0.0,0.808457681065496,0
THA,2024-09-01,0.0,0.0,0.808457681065496,0
TJK,2024-09-01,0.0,0.0,0.808457681065496,0
TKM,2024-09-01,0.0,0.0,0.808457681065496,0
TLS,2024-09-01,0.0,0.0,0.808457681065496,0
TON,2024-09-01,0.0,0.0,0.808457681065496,0
TTO,2024-09-01,0.0,0.0,0.808457681065496,0
TUN,2024-09-01,0.0,0.0,0.808457681065496,0
TUR,2024-09-01,0.0,0.013899612786388604,0.808457681065496,0
TZA,2024-09-01,0.0,0.0,0.808457681065496,0
UGA,2024-09-01,0.0,0.028528955060324285,0.808457681065496,0
URY,2024-09-01,0.0,0.0,0.808457681065496,0
USA,2024-09-01,0.0,0.0,0.808457681065496,0
UZB,2024-09-01,0.0,0.0,0.808457681065496,0
VEN,2024-09-01,0.0,0.005,0.808457681065496,0
VNM,2024-09-01,0.0,0.0,0.808457681065496,0
VUT,2024-09-01,0.0,0.0,0.808457681065496,0
WSM,2024-09-01,0.0,0.0,0.808457681065496,0
YEM,2024-09-01,0.0,0.06325045638815444,0.808457681065496,0
ZAF,2024-09-01,0.0,0.0,0.808457681065496,0
ZMB,2024-09-01,0.0,0.0,0.808457681065496,0
ZWE,2024-09-01,0.0,0.0,0.808457681065496,0
AFG,2024-10-01,0.0,0.07933606389325115,0.808457681065496,0
AGO,2024-10-01,0.0,0.0,0.808457681065496,0
ALB,2024-10-01,0.0,0.0,0.808457681065496,0
ARE,2024-10-01,0.0,0.0,0.808457681065496,0
ARG,2024-10-01,0.0,0.0,0.808457681065496,0
ARM,2024-10-01,0.0,0.0,0.808457681065496,0
AUS,2024-10-01,0.0,0.01,0.808457681065496,0
AUT,2024-10-01,0.0,0.0,0.808457681065496,0
AZE,2024-10-01,0.0,0.0,0.808457681065496,0
BDI,2024-10-01,0.0,0.0088819514272876,0.808457681065496,0
BEL,2024-10-01,0.0,0.0,0.808457681065496,0
BEN,2024-10-01,0.0,0.004869935159793946,0.808457681065496,0
BGD,2024-10-01,0.0,0.004891749259879005,0.808457681065496,0
BGR,2024-10-01,0.0,0.0,0.808457681065496,0
BHR,2024-10-01,0.0,0.0,0.808457681065496,0
BHS,2024-10-01,0.0,0.0,0.808457681065496,0
BIH,2024-10-01,0.0,0.0,0.808457681065496,0
BLR,2024-10-01,0.0,0.0,0.808457681065496,0
BLZ,2024-10-01,0.0,0.0,0.808457681065496,0
BOL,2024-10-01,0.0,0.0,0.808457681065496,0
BRA,2024-10-01,0.0,0.0,0.808457681065496,0
BRB,2024-10-01,0.0,0.0,0.808457681065496,0
BRN,2024-10-01,0.0,0.0,0.808457681065496,0
BTN,2024-10-01,0.0,0.0,0.808457681065496,0
BWA,2024-10-01,0.0,0.0,0.808457681065496,0
CAF,2024-10-01,0.0,0.6547614832254335,0.808457681065496,0
CAN,2024-10-01,0.0,0.0,0.808457681065496,0
CHE,2024-10-01,0.0,0.0,0.808457681065496,0
CHL,2024-10-01,0.0,0.0,0.808457681065496,0
CHN,2024-10-01,0.0,0.0,0.808457681065496,0
CIV,2024-10-01,0.0,0.0,0.808457681065496,0
CMR,2024-10-01,0.0,0.126094509221656,0.808457681065496,0
COL,2024-10-01,0.0,0.03440250567462245,0.808457681065496,0
COM,2024-10-01,0.0,0.025,0.808457681065496,0
CRI,2024-10-01,0.0,0.0,0.808457681065496,0
CUB,2024-10-01,0.0,0.0,0.808457681065496,0
CYP,2024-10-01,0.0,0.0,0.808457681065496,0
CZE,2024-10-01,0.0,0.0,0.808457681065496,0
DEU,2024-10-01,0.0,0.0,0.808457681065496,0
DJI,2024-10-01,0.0,0.0,0.808457681065496,0
DNK,2024-10-01,0.0,0.0,0.808457681065496,0
DOM,2024-10-01,0.0,0.0,0.808457681065496,0
DZA,2024-10-01,0.0,0.0,0.808457681065496,0
ECU,2024-10-01,0.0,0.005,0.808457681065496,0
EGY,2024-10-01,0.0,0.0,0.808457681065496,0
ERI,2024-10-01,0.0,0.0,0.808457681065496,0
ESP,2024-10-01,0.0,0.0,0.808457681065496,0
EST,2024-10-01,0.0,0.0,0.808457681065496,0
ETH,2024-10-01,0.0,0.8633396953596368,0.808457681065496,1
FIN,2024-10-01,0.0,0.0,0.808457681065496,0
FJI,2024-10-01,0.0,0.0,0.808457681065496,0
FRA,2024-10-01,0.0,0.0,0.808457681065496,0
GAB,2024-10-01,0.0,0.0,0.808457681065496,0
GBR,2024-10-01,0.0,0.0,0.808457681065496,0
GEO,2024-10-01,0.0,0.0,0.808457681065496,0
GHA,2024-10-01,0.0,0.0,0.808457681065496,0
GIN,2024-10-01,0.0,0.005,0.808457681065496,0
GMB,2024-10-01,0.0,0.0,0.808457681065496,0
GNB,2024-10-01,0.0,0.0,0.808457681065496,0
GNQ,2024-10-01,0.0,0.0,0.808457681065496,0
GRC,2024-10-01,0.0,0.0,0.808457681065496,0
GRD,2024-10-01,0.0,0.0,0.808457681065496,0
GTM,2024-10-01,0.0,0.0,0.808457681065496,0
GUY,2024-10-01,0.0,0.0,0.808457681065496,0
HND,2024-10-01,0.0,0.0,0.808457681065496,0
HRV,2024-10-01,0.0,0.0,0.808457681065496,0
HTI,2024-10-01,1.0,0.6359406773808817,0.808457681065496,0
HUN,2024-10-01,0.0,0.0,0.808457681065496,0
IDN,2024-10-01,0.0,0.08157996470101934,0.808457681065496,0
IND,2024-10-01,0.0,0.0,0.808457681065496,0
IRL,2024-10-01,0.0,0.0,0.808457681065496,0
IRN,2024-10-01,0.0,0.029447568817571473,0.808457681065496,0
IRQ,2024-10-01,0.0,0.10883861250164913,0.808457681065496,0
ISL,2024-10-01,0.0,0.0,0.808457681065496,0
ISR,2024-10-01,0.0,0.07583629181155747,0.808457681065496,0
ITA,2024-10-01,0.0,0.0,0.808457681065496,0
JAM,2024-10-01,0.0,0.0,0.808457681065496,0
JOR,2024-10-01,0.0,0.0,0.808457681065496,0
JPN,2024-10-01,0.0,0.0,0.808457681065496,0
KAZ,2024-10-01,0.0,0.0,0.808457681065496,0
KEN,2024-10-01,0.0,0.0,0.808457681065496,0
KGZ,2024-10-01,0.0,0.0,0.808457681065496,0
KHM,2024-10-01,0.0,0.0,0.808457681065496,0
KOR,2024-10-01,0.0,0.0,0.808457681065496,0
KWT,2024-10-01,0.0,0.0,0.808457681065496,0
LAO,2024-10-01,0.0,0.0,0.808457681065496,0
LBR,2024-10-01,0.0,0.0,0.808457681065496,0
LBY,2024-10-01,0.0,0.013903190339194405,0.808457681065496,0
LKA,2024-10-01,0.0,0.0,0.808457681065496,0
LSO,2024-10-01,0.0,0.0,0.808457681065496,0
LTU,2024-10-01,0.0,0.0,0.808457681065496,0
LUX,2024-10-01,0.0,0.0,0.808457681065496,0
LVA,2024-10-01,0.0,0.0,0.808457681065496,0
MAR,2024-10-01,0.0,0.0,0.808457681065496,0
MDA,2024-10-01,0.0,0.0,0.808457681065496,0
MDG,2024-10-01,0.0,0.0,0.808457681065496,0
MDV,2024-10-01,0.0,0.0,0.808457681065496,0
MEX,2024-10-01,0.0,0.04960085748057599,0.808457681065496,0
MKD,2024-10-01,0.0,0.0,0.808457681065496,0
MLI,2024-10-01,0.0,0.480587105957208,0.808457681065496,0
MLT,2024-10-01,0.0,0.0,0.808457681065496,0
MNE,2024-10-01,0.0,0.0,0.808457681065496,0
MNG,2024-10-01,0.0,0.0,0.808457681065496,0
MOZ,2024-10-01,0.0,0.24605415210149414,0.808457681065496,0
MRT,2024-10-01,0.0,0.0,0.808457681065496,0
MUS,2024-10-01,0.0,0.0,0.808457681065496,0
MWI,2024-10-01,0.0,0.0,0.808457681065496,0
MYS,2024-10-01,0.0,0.0,0.808457681065496,0
NAM,2024-10-01,0.0,0.0,0.808457681065496,0
NER,2024-10-01,0.0,0.36936658277774354,0.808457681065496,0
NGA,2024-10-01,0.0,0.15843493080143167,0.808457681065496,0
NIC,2024-10-01,0.0,0.0,0.808457681065496,0
NLD,2024-10-01,0.0,0.0,0.808457681065496,0
NOR,2024-10-01,0.0,0.0,0.808457681065496,0
NPL,2024-10-01,0.0,0.0,0.808457681065496,0
NZL,2024-10-01,0.0,0.0,0.808457681065496,0
OMN,2024-10-01,0.0,0.0,0.808457681065496,0
PAK,2024-10-01,0.0,0.056937293815517556,0.808457681065496,0
PAN,2024-10-01,0.0,0.0,0.808457681065496,0
PER,2024-10-01,0.0,0.0,0.808457681065496,0
PHL,2024-10-01,0.0,0.1464599992517499,0.808457681065496,0
PNG,2024-10-01,0.0,0.01267645335494705,0.808457681065496,0
POL,2024-10-01,0.0,0.0,0.808457681065496,0
PRK,2024-10-01,0.0,0.0,0.808457681065496,0
PRT,2024-10-01,0.0,0.0,0.808457681065496,0
PRY,2024-10-01,0.0,0.0,0.808457681065496,0
PSE,2024-10-01,0.0,0.46484594122411876,0.808457681065496,0
QAT,2024-10-01,0.0,0.0,0.808457681065496,0
ROU,2024-10-01,0.0,0.0,0.808457681065496,0
RUS,2024-10-01,0.0,0.4620069229530144,0.808457681065496,0
RWA,2024-10-01,0.0,0.0,0.808457681065496,0
SAU,2024-10-01,0.0,0.0,0.808457681065496,0
SEN,2024-10-01,0.0,0.0,0.808457681065496,0
SGP,2024-10-01,0.0,0.0,0.808457681065496,0
SLB,2024-10-01,0.0,0.0,0.808457681065496,0
SLE,2024-10-01,0.0,0.0,0.808457681065496,0
SLV,2024-10-01,0.0,0.0,0.808457681065496,0
SOM,2024-10-01,0.0,0.36966412728304365,0.808457681065496,0
SRB,2024-10-01,0.0,0.0,0.808457681065496,0
SSD,2024-10-01,1.0,0.808457681065496,0.808457681065496,1
STP,2024-10-01,0.0,0.0,0.808457681065496,0
SVK,2024-10-01,0.0,0.0,0.808457681065496,0
SVN,2024-10-01,0.0,0.0,0.808457681065496,0
SWE,2024-10-01,0.0,0.0,0.808457681065496,0
SWZ,2024-10-01,0.0,0.0,0.808457681065496,0
SYC,2024-10-01,0.0,0.0,0.808457681065496,0
SYR,2024-10-01,1.0,0.6364488798023484,0.808457681065496,0
TCD,2024-10-01,0.0,0.27327126525460566,0.808457681065496,0
TGO,2024-10-01,0.0,0.0,0.808457681065496,0
THA,2024-10-01,0.0,0.0,0.808457681065496,0
TJK,2024-10-01,0.0,0.0,0.808457681065496,0
TKM,2024-10-01,0.0,0.0,0.808457681065496,0
TLS,2024-10-01,0.0,0.0,0.808457681065496,0
TON,2024-10-01,0.0,0.0,0.808457681065496,0
TTO,2024-10-01,0.0,0.0,0.808457681065496,0
TUN,2024-10-01,0.0,0.0,0.808457681065496,0
TUR,2024-10-01,0.0,0.0,0.808457681065496,0
TZA,2024-10-01,0.0,0.0,0.808457681065496,0
UGA,2024-10-01,0.0,0.03782740885054391,0.808457681065496,0
URY,2024-10-01,0.0,0.0,0.808457681065496,0
USA,2024-10-01,0.0,0.0,0.808457681065496,0
UZB,2024-10-01,0.0,0.0,0.808457681065496,0
VEN,2024-10-01,0.0,0.0,0.808457681065496,0
VNM,2024-10-01,0.0,0.0,0.808457681065496,0
VUT,2024-10-01,0.0,0.0,0.808457681065496,0
WSM,2024-10-01,0.0,0.0,0.808457681065496,0
YEM,2024-10-01,0.0,0.03908535164602959,0.808457681065496,0
ZAF,2024-10-01,0.0,0.01488810001543448,0.808457681065496,0
ZMB,2024-10-01,0.0,0.0,0.808457681065496,0
ZWE,2024-10-01,0.0,0.0,0.808457681065496,0
AFG,2024-11-01,0.0,0.08941660499721403,0.808457681065496,0
AGO,2024-11-01,0.0,0.0,0.808457681065496,0
ALB,2024-11-01,0.0,0.0,0.808457681065496,0
ARE,2024-11-01,0.0,0.0,0.808457681065496,0
ARG,2024-11-01,0.0,0.0,0.808457681065496,0
ARM,2024-11-01,0.0,0.0,0.808457681065496,0
AUS,2024-11-01,0.0,0.0,0.808457681065496,0
AUT,2024-11-01,0.0,0.0,0.808457681065496,0
AZE,2024-11-01,0.0,0.0,0.808457681065496,0
BDI,2024-11-01,0.0,0.004330442997402078,0.808457681065496,0
BEL,2024-11-01,0.0,0.0,0.808457681065496,0
BEN,2024-11-01,0.0,0.0,0.808457681065496,0
BGD,2024-11-01,0.0,0.018929153137136934,0.808457681065496,0
BGR,2024-11-01,0.0,0.0,0.808457681065496,0
BHR,2024-11-01,0.0,0.0,0.808457681065496,0
BHS,2024-11-01,0.0,0.0,0.808457681065496,0
BIH,2024-11-01,0.0,0.0,0.808457681065496,0
BLR,2024-11-01,0.0,0.0,0.808457681065496,0
BLZ,2024-11-01,0.0,0.0,0.808457681065496,0
BOL,2024-11-01,0.0,0.0,0.808457681065496,0
BRA,2024-11-01,0.0,0.004429298593736518,0.808457681065496,0
BRB,2024-11-01,0.0,0.0,0.808457681065496,0
BRN,2024-11-01,0.0,0.0,0.808457681065496,0
BTN,2024-11-01,0.0,0.0,0.808457681065496,0
BWA,2024-11-01,0.0,0.0,0.808457681065496,0
CAF,2024-11-01,0.0,0.21365411158817654,0.808457681065496,0
CAN,2024-11-01,0.0,0.0,0.808457681065496,0
CHE,2024-11-01,0.0,0.0,0.808457681065496,0
CHL,2024-11-01,0.0,0.0,0.808457681065496,0
CHN,2024-11-01,0.0,0.0,0.808457681065496,0
CIV,2024-11-01,0.0,0.0,0.808457681065496,0
CMR,2024-11-01,0.0,0.2723414223080114,0.808457681065496,0
COL,2024-11-01,1.0,0.03463672617750523,0.808457681065496,0
COM,2024-11-01,0.0,0.0,0.808457681065496,0
CRI,2024-11-01,0.0,0.0,0.808457681065496,0
CUB,2024-11-01,0.0,0.0,0.808457681065496,0
CYP,2024-11-01,0.0,0.0,0.808457681065496,0
CZE,2024-11-01,0.0,0.0,0.808457681065496,0
DEU,2024-11-01,0.0,0.0,0.808457681065496,0
DJI,2024-11-01,0.0,0.015,0.808457681065496,0
DNK,2024-11-01,0.0,0.0,0.808457681065496,0
DOM,2024-11-01,0.0,0.0,0.808457681065496,0
DZA,2024-11-01,0.0,0.0,0.808457681065496,0
ECU,2024-11-01,0.0,0.0,0.808457681065496,0
EGY,2024-11-01,0.0,0.0,0.808457681065496,0
ERI,2024-11-01,0.0,0.0,0.808457681065496,0
ESP,2024-11-01,0.0,0.0,0.808457681065496,0
EST,2024-11-01,0.0,0.0,0.808457681065496,0
ETH,2024-11-01,0.0,0.38212333296028383,0.808457681065496,0
FIN,2024-11-01,0.0,0.0,0.808457681065496,0
FJI,2024-11-01,0.0,0.0,0.808457681065496,0
FRA,2024-11-01,0.0,0.0,0.808457681065496,0
GAB,2024-11-01,0.0,0.0,0.808457681065496,0
GBR,2024-11-01,0.0,0.0,0.808457681065496,0
GEO,2024-11-01,0.0,0.0,0.808457681065496,0
GHA,2024-11-01,0.0,0.0,0.808457681065496,0
GIN,2024-11-01,0.0,0.0,0.808457681065496,0
GMB,2024-11-01,0.0,0.0,0.808457681065496,0
GNB,2024-11-01,0.0,0.0,0.808457681065496,0
GNQ,2024-11-01,0.0,0.0,0.808457681065496,0
GRC,2024-11-01,0.0,0.0,0.808457681065496,0
GRD,2024-11-01,0.0,0.0,0.808457681065496,0
GTM,2024-11-01,0.0,0.0,0.808457681065496,0
GUY,2024-11-01,0.0,0.0,0.808457681065496,0
HND,2024-11-01,0.0,0.0,0.808457681065496,0
HRV,2024-11-01,0.0,0.0,0.808457681065496,0
HTI,2024-11-01,1.0,0.9141059867869008,0.808457681065496,1
HUN,2024-11-01,0.0,0.0,0.808457681065496,0
IDN,2024-11-01,0.0,0.03289475448187001,0.808457681065496,0
IND,2024-11-01,0.0,0.0,0.808457681065496,0
IRL,2024-11-01,0.0,0.0,0.808457681065496,0
IRN,2024-11-01,0.0,0.01424920984516042,0.808457681065496,0
IRQ,2024-11-01,0.0,0.10562474298761265,0.808457681065496,0
ISL,2024-11-01,0.0,0.0,0.808457681065496,0
ISR,2024-11-01,0.0,0.01848536295369789,0.808457681065496,0
ITA,2024-11-01,0.0,0.0,0.808457681065496,0
JAM,2024-11-01,0.0,0.0,0.808457681065496,0
JOR,2024-11-01,0.0,0.0,0.808457681065496,0
JPN,2024-11-01,0.0,0.0,0.808457681065496,0
KAZ,2024-11-01,0.0,0.0,0.808457681065496,0
KEN,2024-11-01,0.0,0.0,0.808457681065496,0
KGZ,2024-11-01,0.0,0.0,0.808457681065496,0
KHM,2024-11-01,0.0,0.0,0.808457681065496,0
KOR,2024-11-01,0.0,0.0,0.808457681065496,0
KWT,2024-11-01,0.0,0.0,0.808457681065496,0
LAO,2024-11-01,0.0,0.0,0.808457681065496,0
LBN,2024-11-01,1.0,0.27755622812489805,0.808457681065496,0
LBR,2024-11-01,0.0,0.0,0.808457681065496,0
LBY,2024-11-01,0.0,0.006994434568365343,0.808457681065496,0
LKA,2024-11-01,0.0,0.0,0.808457681065496,0
LSO,2024-11-01,0.0,0.0,0.808457681065496,0
LTU,2024-11-01,0.0,0.0,0.808457681065496,0
LUX,2024-11-01,0.0,0.0,0.808457681065496,0
LVA,2024-11-01,0.0,0.0,0.808457681065496,0
MAR,2024-11-01,0.0,0.0,0.808457681065496,0
MDA,2024-11-01,0.0,0.0,0.808457681065496,0
MDG,2024-11-01,0.0,0.0,0.808457681065496,0
MDV,2024-11-01,0.0,0.0,0.808457681065496,0
MEX,2024-11-01,0.0,0.04127728149822499,0.808457681065496,0
MKD,2024-11-01,0.0,0.0,0.808457681065496,0
MLI,2024-11-01,0.0,0.1844807011172729,0.808457681065496,0
MLT,2024-11-01,0.0,0.0,0.808457681065496,0
MNE,2024-11-01,0.0,0.0,0.808457681065496,0
MNG,2024-11-01,0.0,0.0,0.808457681065496,0
MOZ,2024-11-01,0.0,0.7262933191110866,0.808457681065496,0
MRT,2024-11-01,0.0,0.0,0.808457681065496,0
MUS,2024-11-01,0.0,0.0,0.808457681065496,0
MWI,2024-11-01,0.0,0.0,0.808457681065496,0
MYS,2024-11-01,0.0,0.0,0.808457681065496,0
NAM,2024-11-01,0.0,0.0,0.808457681065496,0
NER,2024-11-01,0.0,0.6200516462946919,0.808457681065496,0
NGA,2024-11-01,0.0,0.038268673168053505,0.808457681065496,0
NIC,2024-11-01,0.0,0.0,0.808457681065496,0
NLD,2024-11-01,0.0,0.0,0.808457681065496,0
NOR,2024-11-01,0.0,0.0,0.808457681065496,0
NPL,2024-11-01,0.0,0.0,0.808457681065496,0
NZL,2024-11-01,0.0,0.0,0.808457681065496,0
OMN,2024-11-01,0.0,0.005,0.808457681065496,0
PAK,2024-11-01,0.0,0.045339045961167654,0.808457681065496,0
PAN,2024-11-01,0.0,0.0,0.808457681065496,0
PER,2024-11-01,0.0,0.0,0.808457681065496,0
PHL,2024-11-01,0.0,0.06483056927799936,0.808457681065496,0
PNG,2024-11-01,0.0,0.03745190584766208,0.808457681065496,0
POL,2024-11-01,0.0,0.0,0.808457681065496,0
PRK,2024-11-01,0.0,0.0,0.808457681065496,0
PRT,2024-11-01,0.0,0.0,0.808457681065496,0
PRY,2024-11-01,0.0,0.0,0.808457681065496,0
PSE,2024-11-01,0.0,0.5423169619093852,0.808457681065496,0
QAT,2024-11-01,0.0,0.0,0.808457681065496,0
ROU,2024-11-01,0.0,0.0,0.808457681065496,0
RUS,2024-11-01,0.0,0.5704089115154286,0.808457681065496,0
RWA,2024-11-01,0.0,0.0,0.808457681065496,0
SAU,2024-11-01,0.0,0.0,0.808457681065496,0
SEN,2024-11-01,0.0,0.0,0.808457681065496,0
SGP,2024-11-01,0.0,0.0,0.808457681065496,0
SLB,2024-11-01,0.0,0.0,0.808457681065496,0
SLE,2024-11-01,0.0,0.0,0.808457681065496,0
SLV,2024-11-01,0.0,0.0,0.808457681065496,0
SOM,2024-11-01,1.0,0.4547192846903764,0.808457681065496,0
SRB,2024-11-01,0.0,0.0,0.808457681065496,0
SSD,2024-11-01,1.0,0.8511272051268455,0.808457681065496,1
STP,2024-11-01,0.0,0.0,0.808457681065496,0
SVK,2024-11-01,0.0,0.0,0.808457681065496,0
SVN,2024-11-01,0.0,0.0,0.808457681065496,0
SWE,2024-11-01,0.0,0.0,0.808457681065496,0
SWZ,2024-11-01,0.0,0.0,0.808457681065496,0
SYC,2024-11-01,0.0,0.0,0.808457681065496,0
TCD,2024-11-01,0.0,0.2520812272918489,0.808457681065496,0
TGO,2024-11-01,0.0,0.0,0.808457681065496,0
THA,2024-11-01,0.0,0.0,0.808457681065496,0
TJK,2024-11-01,0.0,0.0,0.808457681065496,0
TKM,2024-11-01,0.0,0.0,0.808457681065496,0
TLS,2024-11-01,0.0,0.0,0.808457681065496,0
TON,2024-11-01,0.0,0.0,0.808457681065496,0
TTO,2024-11-01,0.0,0.0,0.808457681065496,0
TUN,2024-11-01,0.0,0.0,0.808457681065496,0
TUR,2024-11-01,0.0,0.009787964247877402,0.808457681065496,0
TZA,2024-11-01,0.0,0.0,0.808457681065496,0
UGA,2024-11-01,0.0,0.02368221185190272,0.808457681065496,0
UKR,2024-11-01,0.0,0.7485657291899779,0.808457681065496,0
URY,2024-11-01,0.0,0.0,0.808457681065496,0
USA,2024-11-01,0.0,0.0,0.808457681065496,0
UZB,2024-11-01,0.0,0.0,0.808457681065496,0
VEN,2024-11-01,0.0,0.0,0.808457681065496,0
VNM,2024-11-01,0.0,0.0,0.808457681065496,0
VUT,2024-11-01,0.0,0.0,0.808457681065496,0
WSM,2024-11-01,0.0,0.0,0.808457681065496,0
YEM,2024-11-01,0.0,0.06709715833763968,0.808457681065496,0
ZAF,2024-11-01,0.0,0.0047914675665989715,0.808457681065496,0
ZMB,2024-11-01,0.0,0.0,0.808457681065496,0
ZWE,2024-11-01,0.0,0.0,0.808457681065496,0
AFG,2024-12-01,0.0,0.05111474970583716,0.808457681065496,0
AGO,2024-12-01,0.0,0.0,0.808457681065496,0
ALB,2024-12-01,0.0,0.0,0.808457681065496,0
ARE,2024-12-01,0.0,0.0,0.808457681065496,0
ARG,2024-12-01,0.0,0.0,0.808457681065496,0
ARM,2024-12-01,0.0,0.0,0.808457681065496,0
AUS,2024-12-01,0.0,0.0,0.808457681065496,0
AUT,2024-12-01,0.0,0.0,0.808457681065496,0
AZE,2024-12-01,0.0,0.0,0.808457681065496,0
BDI,2024-12-01,0.0,0.0,0.808457681065496,0
BEL,2024-12-01,0.0,0.0,0.808457681065496,0
BEN,2024-12-01,0.0,0.0,0.808457681065496,0
BGD,2024-12-01,0.0,0.014837053571428567,0.808457681065496,0
BGR,2024-12-01,0.0,0.0,0.808457681065496,0
BHR,2024-12-01,0.0,0.0,0.808457681065496,0
BHS,2024-12-01,0.0,0.0,0.808457681065496,0
BIH,2024-12-01,0.0,0.0,0.808457681065496,0
BLR,2024-12-01,0.0,0.0,0.808457681065496,0
BLZ,2024-12-01,0.0,0.0,0.808457681065496,0
BOL,2024-12-01,0.0,0.0,0.808457681065496,0
BRA,2024-12-01,0.0,0.0,0.808457681065496,0
BRB,2024-12-01,0.0,0.0,0.808457681065496,0
BRN,2024-12-01,0.0,0.0,0.808457681065496,0
BTN,2024-12-01,0.0,0.0,0.808457681065496,0
BWA,2024-12-01,0.0,0.0,0.808457681065496,0
CAF,2024-12-01,0.0,0.3219846355290931,0.808457681065496,0
CAN,2024-12-01,0.0,0.0,0.808457681065496,0
CHE,2024-12-01,0.0,0.0,0.808457681065496,0
CHL,2024-12-01,0.0,0.0,0.808457681065496,0
CHN,2024-12-01,0.0,0.0,0.808457681065496,0
CIV,2024-12-01,0.0,0.0,0.808457681065496,0
CMR,2024-12-01,0.0,0.10613661181064903,0.808457681065496,0
COL,2024-12-01,1.0,0.008843771398768258,0.808457681065496,0
COM,2024-12-01,0.0,0.0,0.808457681065496,0
CRI,2024-12-01,0.0,0.0,0.808457681065496,0
CUB,2024-12-01,0.0,0.0,0.808457681065496,0
CYP,2024-12-01,0.0,0.0,0.808457681065496,0
CZE,2024-12-01,0.0,0.0,0.808457681065496,0
DEU,2024-12-01,0.0,0.0,0.808457681065496,0
DJI,2024-12-01,0.0,0.0,0.808457681065496,0
DNK,2024-12-01,0.0,0.0,0.808457681065496,0
DOM,2024-12-01,0.0,0.0,0.808457681065496,0
DZA,2024-12-01,0.0,0.0,0.808457681065496,0
ECU,2024-12-01,0.0,0.0,0.808457681065496,0
EGY,2024-12-01,0.0,0.0,0.808457681065496,0
ERI,2024-12-01,0.0,0.0,0.808457681065496,0
ESP,2024-12-01,0.0,0.0,0.808457681065496,0
EST,2024-12-01,0.0,0.0,0.808457681065496,0
ETH,2024-12-01,0.0,0.5190403495062259,0.808457681065496,0
FIN,2024-12-01,0.0,0.0,0.808457681065496,0
FJI,2024-12-01,0.0,0.0,0.808457681065496,0
FRA,2024-12-01,0.0,0.0,0.808457681065496,0
GAB,2024-12-01,0.0,0.0,0.808457681065496,0
GBR,2024-12-01,0.0,0.0,0.808457681065496,0
GEO,2024-12-01,0.0,0.0,0.808457681065496,0
GHA,2024-12-01,0.0,0.0,0.808457681065496,0
GIN,2024-12-01,0.0,0.0,0.808457681065496,0
GMB,2024-12-01,0.0,0.0,0.808457681065496,0
GNB,2024-12-01,0.0,0.0,0.808457681065496,0
GNQ,2024-12-01,0.0,0.0,0.808457681065496,0
GRC,2024-12-01,0.0,0.0,0.808457681065496,0
GRD,2024-12-01,0.0,0.0,0.808457681065496,0
GTM,2024-12-01,0.0,0.0,0.808457681065496,0
GUY,2024-12-01,0.0,0.0,0.808457681065496,0
HND,2024-12-01,0.0,0.0047420907840440155,0.808457681065496,0
HRV,2024-12-01,0.0,0.0,0.808457681065496,0
HUN,2024-12-01,0.0,0.0,0.808457681065496,0
IDN,2024-12-01,0.0,0.0341009622879124,0.808457681065496,0
IND,2024-12-01,0.0,0.0,0.808457681065496,0
IRL,2024-12-01,0.0,0.0,0.808457681065496,0
IRN,2024-12-01,0.0,0.04466356375043449,0.808457681065496,0
IRQ,2024-12-01,0.0,0.18269805603266318,0.808457681065496,0
ISL,2024-12-01,0.0,0.0,0.808457681065496,0
ISR,2024-12-01,0.0,0.08530640219379723,0.808457681065496,0
ITA,2024-12-01,0.0,0.0,0.808457681065496,0
JAM,2024-12-01,0.0,0.0,0.808457681065496,0
JOR,2024-12-01,0.0,0.0,0.808457681065496,0
JPN,2024-12-01,0.0,0.0,0.808457681065496,0
KAZ,2024-12-01,0.0,0.0,0.808457681065496,0
KEN,2024-12-01,0.0,0.004753235358631279,0.808457681065496,0
KGZ,2024-12-01,0.0,0.0,0.808457681065496,0
KHM,2024-12-01,0.0,0.0,0.808457681065496,0
KOR,2024-12-01,0.0,0.0,0.808457681065496,0
KWT,2024-12-01,0.0,0.0,0.808457681065496,0
LAO,2024-12-01,0.0,0.0,0.808457681065496,0
LBN,2024-12-01,1.0,0.23224676729746618,0.808457681065496,0
LBR,2024-12-01,0.0,0.0,0.808457681065496,0
LBY,2024-12-01,0.0,0.0031402763018065893,0.808457681065496,0
LKA,2024-12-01,0.0,0.0,0.808457681065496,0
LSO,2024-12-01,0.0,0.0,0.808457681065496,0
LTU,2024-12-01,0.0,0.0,0.808457681065496,0
LUX,2024-12-01,0.0,0.0,0.808457681065496,0
LVA,2024-12-01,0.0,0.0,0.808457681065496,0
MAR,2024-12-01,0.0,0.0,0.808457681065496,0
MDA,2024-12-01,0.0,0.0,0.808457681065496,0
MDG,2024-12-01,0.0,0.0,0.808457681065496,0
MDV,2024-12-01,0.0,0.0,0.808457681065496,0
MEX,2024-12-01,0.0,0.018509143909347877,0.808457681065496,0
MKD,2024-12-01,0.0,0.0,0.808457681065496,0
MLI,2024-12-01,0.0,0.13135738359373833,0.808457681065496,0
MLT,2024-12-01,0.0,0.0,0.808457681065496,0
MMR,2024-12-01,0.0,0.6321499275980156,0.808457681065496,0
MNE,2024-12-01,0.0,0.0,0.808457681065496,0
MNG,2024-12-01,0.0,0.0,0.808457681065496,0
MOZ,2024-12-01,0.0,0.7201558109864505,0.808457681065496,0
MRT,2024-12-01,0.0,0.0,0.808457681065496,0
MUS,2024-12-01,0.0,0.0,0.808457681065496,0
MWI,2024-12-01,0.0,0.0,0.808457681065496,0
MYS,2024-12-01,0.0,0.0,0.808457681065496,0
NAM,2024-12-01,0.0,0.0,0.808457681065496,0
NER,2024-12-01,0.0,0.5377258637799293,0.808457681065496,0
NGA,2024-12-01,0.0,0.09095182389207725,0.808457681065496,0
NIC,2024-12-01,0.0,0.0,0.808457681065496,0
NLD,2024-12-01,0.0,0.0,0.808457681065496,0
NOR,2024-12-01,0.0,0.0,0.808457681065496,0
NPL,2024-12-01,0.0,0.0,0.808457681065496,0
NZL,2024-12-01,0.0,0.0,0.808457681065496,0
OMN,2024-12-01,0.0,0.0,0.808457681065496,0
PAK,2024-12-01,0.0,0.09310619705882392,0.808457681065496,0
PAN,2024-12-01,0.0,0.0,0.808457681065496,0
PER,2024-12-01,0.0,0.0,0.808457681065496,0
PHL,2024-12-01,0.0,0.05533319987451971,0.808457681065496,0
PNG,2024-12-01,0.0,0.004435560903598761,0.808457681065496,0
POL,2024-12-01,0.0,0.0,0.808457681065496,0
PRK,2024-12-01,0.0,0.0,0.808457681065496,0
PRT,2024-12-01,0.0,0.0,0.808457681065496,0
PRY,2024-12-01,0.0,0.0,0.808457681065496,0
PSE,2024-12-01,0.0,0.6875777007152312,0.808457681065496,0
QAT,2024-12-01,0.0,0.0,0.808457681065496,0
ROU,2024-12-01,0.0,0.0,0.808457681065496,0
RUS,2024-12-01,0.0,0.2937440609431301,0.808457681065496,0
RWA,2024-12-01,0.0,0.0,0.808457681065496,0
SAU,2024-12-01,0.0,0.0,0.808457681065496,0
SEN,2024-12-01,0.0,0.0,0.808457681065496,0
SGP,2024-12-01,0.0,0.0,0.808457681065496,0
SLB,2024-12-01,0.0,0.0,0.808457681065496,0
SLE,2024-12-01,0.0,0.0,0.808457681065496,0
SLV,2024-12-01,0.0,0.0,0.808457681065496,0
SOM,2024-12-01,1.0,0.9108296647048887,0.808457681065496,1
SRB,2024-12-01,0.0,0.0,0.808457681065496,0
STP,2024-12-01,0.0,0.0,0.808457681065496,0
SVK,2024-12-01,0.0,0.0,0.808457681065496,0
SVN,2024-12-01,0.0,0.0,0.808457681065496,0
SWE,2024-12-01,0.0,0.0,0.808457681065496,0
SWZ,2024-12-01,0.0,0.0,0.808457681065496,0
SYC,2024-12-01,0.0,0.0,0.808457681065496,0
SYR,2024-12-01,0.0,0.40737524624299815,0.808457681065496,0
TCD,2024-12-01,0.0,0.13878007062979017,0.808457681065496,0
TGO,2024-12-01,0.0,0.0,0.808457681065496,0
THA,2024-12-01,0.0,0.0,0.808457681065496,0
TJK,2024-12-01,0.0,0.0,0.808457681065496,0
TKM,2024-12-01,0.0,0.0,0.808457681065496,0
TLS,2024-12-01,0.0,0.0,0.808457681065496,0
TON,2024-12-01,0.0,0.0,0.808457681065496,0
TTO,2024-12-01,0.0,0.0,0.808457681065496,0
TUN,2024-12-01,0.0,0.0,0.808457681065496,0
TUR,2024-12-01,0.0,0.0048872350022553,0.808457681065496,0
TZA,2024-12-01,0.0,0.0,0.808457681065496,0
UGA,2024-12-01,0.0,0.011719646888696566,0.808457681065496,0
UKR,2024-12-01,0.0,0.7137380138226155,0.808457681065496,0
URY,2024-12-01,0.0,0.0,0.808457681065496,0
USA,2024-12-01,0.0,0.009727312390924956,0.808457681065496,0
UZB,2024-12-01,0.0,0.0,0.808457681065496,0
VEN,2024-12-01,0.0,0.0,0.808457681065496,0
VNM,2024-12-01,0.0,0.0,0.808457681065496,0
VUT,2024-12-01,0.0,0.0,0.808457681065496,0
WSM,2024-12-01,0.0,0.0,0.808457681065496,0
YEM,2024-12-01,0.0,0.05926383972746599,0.808457681065496,0
ZAF,2024-12-01,0.0,0.0,0.808457681065496,0
ZMB,2024-12-01,0.0,0.0,0.808457681065496,0
ZWE,2024-12-01,0.0,0.0,0.808457681065496,0
AFG,2025-01-01,0.0,0.1114695737529264,0.808457681065496,0
AGO,2025-01-01,0.0,0.0,0.808457681065496,0
ALB,2025-01-01,0.0,0.0,0.808457681065496,0
ARE,2025-01-01,0.0,0.0,0.808457681065496,0
ARG,2025-01-01,0.0,0.0,0.808457681065496,0
ARM,2025-01-01,0.0,0.0,0.808457681065496,0
AUS,2025-01-01,0.0,0.0,0.808457681065496,0
AUT,2025-01-01,0.0,0.0,0.808457681065496,0
AZE,2025-01-01,0.0,0.0,0.808457681065496,0
BDI,2025-01-01,0.0,0.0,0.808457681065496,0
BEL,2025-01-01,0.0,0.0,0.808457681065496,0
BEN,2025-01-01,0.0,0.0,0.808457681065496,0
BGD,2025-01-01,0.0,0.008733240145035548,0.808457681065496,0
BGR,2025-01-01,0.0,0.0,0.808457681065496,0
BHR,2025-01-01,0.0,0.0,0.808457681065496,0
BHS,2025-01-01,0.0,0.0,0.808457681065496,0
BIH,2025-01-01,0.0,0.0,0.808457681065496,0
BLR,2025-01-01,0.0,0.0,0.808457681065496,0
BLZ,2025-01-01,0.0,0.0,0.808457681065496,0
BOL,2025-01-01,0.0,0.0,0.808457681065496,0
BRA,2025-01-01,0.0,0.0,0.808457681065496,0
BRB,2025-01-01,0.0,0.0,0.808457681065496,0
BRN,2025-01-01,0.0,0.0,0.808457681065496,0
BTN,2025-01-01,0.0,0.0,0.808457681065496,0
BWA,2025-01-01,0.0,0.0,0.808457681065496,0
CAF,2025-01-01,0.0,0.70914067479829,0.808457681065496,0
CAN,2025-01-01,0.0,0.0,0.808457681065496,0
CHE,2025-01-01,0.0,0.0,0.808457681065496,0
CHL,2025-01-01,0.0,0.0,0.808457681065496,0
CHN,2025-01-01,0.0,0.0,0.808457681065496,0
CIV,2025-01-01,0.0,0.0,0.808457681065496,0
CMR,2025-01-01,0.0,0.6195293635266876,0.808457681065496,0
COM,2025-01-01,0.0,0.0,0.808457681065496,0
CRI,2025-01-01,0.0,0.0,0.808457681065496,0
CUB,2025-01-01,0.0,0.0,0.808457681065496,0
CYP,2025-01-01,0.0,0.0,0.808457681065496,0
CZE,2025-01-01,0.0,0.0,0.808457681065496,0
DEU,2025-01-01,0.0,0.0,0.808457681065496,0
DJI,2025-01-01,0.0,0.0,0.808457681065496,0
DNK,2025-01-01,0.0,0.0,0.808457681065496,0
DOM,2025-01-01,0.0,0.0,0.808457681065496,0
DZA,2025-01-01,0.0,0.0,0.808457681065496,0
ECU,2025-01-01,0.0,0.0,0.808457681065496,0
EGY,2025-01-01,0.0,0.0,0.808457681065496,0
ERI,2025-01-01,0.0,0.0,0.808457681065496,0
ESP,2025-01-01,0.0,0.0,0.808457681065496,0
EST,2025-01-01,0.0,0.0,0.808457681065496,0
ETH,2025-01-01,0.0,0.6185164365009129,0.808457681065496,0
FIN,2025-01-01,0.0,0.0,0.808457681065496,0
FJI,2025-01-01,0.0,0.0,0.808457681065496,0
FRA,2025-01-01,0.0,0.0,0.808457681065496,0
GAB,2025-01-01,0.0,0.0,0.808457681065496,0
GBR,2025-01-01,0.0,0.0,0.808457681065496,0
GEO,2025-01-01,0.0,0.0,0.808457681065496,0
GHA,2025-01-01,0.0,0.0,0.808457681065496,0
GIN,2025-01-01,0.0,0.0,0.808457681065496,0
GMB,2025-01-01,0.0,0.0,0.808457681065496,0
GNB,2025-01-01,0.0,0.0,0.808457681065496,0
GNQ,2025-01-01,0.0,0.0,0.808457681065496,0
GRC,2025-01-01,0.0,0.0,0.808457681065496,0
GRD,2025-01-01,0.0,0.0,0.808457681065496,0
GTM,2025-01-01,0.0,0.0,0.808457681065496,0
GUY,2025-01-01,0.0,0.0,0.808457681065496,0
HND,2025-01-01,0.0,0.005,0.808457681065496,0
HRV,2025-01-01,0.0,0.0,0.808457681065496,0
HTI,2025-01-01,1.0,0.850544412589973,0.808457681065496,1
HUN,2025-01-01,0.0,0.0,0.808457681065496,0
IDN,2025-01-01,0.0,0.07746211060845996,0.808457681065496,0
IND,2025-01-01,0.0,0.0,0.808457681065496,0
IRL,2025-01-01,0.0,0.0,0.808457681065496,0
IRN,2025-01-01,0.0,0.0244047517358991,0.808457681065496,0
IRQ,2025-01-01,0.0,0.1827943817859296,0.808457681065496,0
ISL,2025-01-01,0.0,0.0,0.808457681065496,0
ISR,2025-01-01,0.0,0.06423061024661444,0.808457681065496,0
ITA,2025-01-01,0.0,0.0,0.808457681065496,0
JAM,2025-01-01,0.0,0.0,0.808457681065496,0
JOR,2025-01-01,0.0,0.0,0.808457681065496,0
JPN,2025-01-01,0.0,0.0,0.808457681065496,0
KAZ,2025-01-01,0.0,0.0,0.808457681065496,0
KEN,2025-01-01,0.0,0.0,0.808457681065496,0
KGZ,2025-01-01,0.0,0.0,0.808457681065496,0
KHM,2025-01-01,0.0,0.0,0.808457681065496,0
KOR,2025-01-01,0.0,0.0,0.808457681065496,0
KWT,2025-01-01,0.0,0.0,0.808457681065496,0
LAO,2025-01-01,0.0,0.0,0.808457681065496,0
LBN,2025-01-01,0.0,0.6146140868111302,0.808457681065496,0
LBR,2025-01-01,0.0,0.0,0.808457681065496,0
LBY,2025-01-01,0.0,0.008975506264854714,0.808457681065496,0
LKA,2025-01-01,0.0,0.0,0.808457681065496,0
LSO,2025-01-01,0.0,0.0,0.808457681065496,0
LTU,2025-01-01,0.0,0.0,0.808457681065496,0
LUX,2025-01-01,0.0,0.0,0.808457681065496,0
LVA,2025-01-01,0.0,0.0,0.808457681065496,0
MAR,2025-01-01,0.0,0.0,0.808457681065496,0
MDA,2025-01-01,0.0,0.0,0.808457681065496,0
MDG,2025-01-01,0.0,0.0,0.808457681065496,0
MDV,2025-01-01,0.0,0.0,0.808457681065496,0
MEX,2025-01-01,0.0,0.06882991668969973,0.808457681065496,0
MKD,2025-01-01,0.0,0.0,0.808457681065496,0
MLI,2025-01-01,0.0,0.5544841733491565,0.808457681065496,0
MLT,2025-01-01,0.0,0.0,0.808457681065496,0
MMR,2025-01-01,0.0,0.690722872887384,0.808457681065496,0
MNE,2025-01-01,0.0,0.0,0.808457681065496,0
MNG,2025-01-01,0.0,0.0,0.808457681065496,0
MOZ,2025-01-01,0.0,0.7415435413670031,0.808457681065496,0
MRT,2025-01-01,0.0,0.0,0.808457681065496,0
MUS,2025-01-01,0.0,0.0,0.808457681065496,0
MWI,2025-01-01,0.0,0.0,0.808457681065496,0
MYS,2025-01-01,0.0,0.0,0.808457681065496,0
NAM,2025-01-01,0.0,0.0,0.808457681065496,0
NER,2025-01-01,0.0,0.8512566632758235,0.808457681065496,1
NGA,2025-01-01,0.0,0.15568916737830177,0.808457681065496,0
NIC,2025-01-01,0.0,0.0,0.808457681065496,0
NLD,2025-01-01,0.0,0.0,0.808457681065496,0
NOR,2025-01-01,0.0,0.0,0.808457681065496,0
NPL,2025-01-01,0.0,0.0,0.808457681065496,0
NZL,2025-01-01,0.0,0.0,0.808457681065496,0
OMN,2025-01-01,0.0,0.0,0.808457681065496,0
PAK,2025-01-01,0.0,0.06388322461036386,0.808457681065496,0
PAN,2025-01-01,0.0,0.0,0.808457681065496,0
PER,2025-01-01,0.0,0.0,0.808457681065496,0
PHL,2025-01-01,0.0,0.013140591552149503,0.808457681065496,0
PNG,2025-01-01,0.0,0.018655338158239644,0.808457681065496,0
POL,2025-01-01,0.0,0.0,0.808457681065496,0
PRK,2025-01-01,0.0,0.0,0.808457681065496,0
PRT,2025-01-01,0.0,0.0,0.808457681065496,0
PRY,2025-01-01,0.0,0.0,0.808457681065496,0
PSE,2025-01-01,1.0,0.3028916955951676,0.808457681065496,0
QAT,2025-01-01,0.0,0.0,0.808457681065496,0
ROU,2025-01-01,0.0,0.0,0.808457681065496,0
RUS,2025-01-01,0.0,0.2629698285963351,0.808457681065496,0
RWA,2025-01-01,0.0,0.0,0.808457681065496,0
SAU,2025-01-01,0.0,0.0,0.808457681065496,0
SEN,2025-01-01,0.0,0.0,0.808457681065496,0
SGP,2025-01-01,0.0,0.0,0.808457681065496,0
SLB,2025-01-01,0.0,0.0,0.808457681065496,0
SLE,2025-01-01,0.0,0.0,0.808457681065496,0
SLV,2025-01-01,0.0,0.0,0.808457681065496,0
SRB,2025-01-01,0.0,0.0,0.808457681065496,0
STP,2025-01-01,0.0,0.0,0.808457681065496,0
SVK,2025-01-01,0.0,0.0,0.808457681065496,0
SVN,2025-01-01,0.0,0.0,0.808457681065496,0
SWE,2025-01-01,0.0,0.0,0.808457681065496,0
SWZ,2025-01-01,0.0,0.0,0.808457681065496,0
SYC,2025-01-01,0.0,0.0,0.808457681065496,0
SYR,2025-01-01,0.0,0.39396303600467086,0.808457681065496,0
TCD,2025-01-01,0.0,0.270732655270785,0.808457681065496,0
TGO,2025-01-01,0.0,0.0,0.808457681065496,0
THA,2025-01-01,0.0,0.0,0.808457681065496,0
TJK,2025-01-01,0.0,0.0,0.808457681065496,0
TKM,2025-01-01,0.0,0.0,0.808457681065496,0
TLS,2025-01-01,0.0,0.0,0.808457681065496,0
TON,2025-01-01,0.0,0.0,0.808457681065496,0
TTO,2025-01-01,0.0,0.0,0.808457681065496,0
TUN,2025-01-01,0.0,0.0,0.808457681065496,0
TUR,2025-01-01,0.0,0.005,0.808457681065496,0
TZA,2025-01-01,0.0,0.0,0.808457681065496,0
UGA,2025-01-01,0.0,0.0,0.808457681065496,0
UKR,2025-01-01,0.0,0.566650835924684,0.808457681065496,0
URY,2025-01-01,0.0,0.0,0.808457681065496,0
USA,2025-01-01,0.0,0.005,0.808457681065496,0
UZB,2025-01-01,0.0,0.0,0.808457681065496,0
VEN,2025-01-01,0.0,0.005,0.808457681065496,0
VNM,2025-01-01,0.0,0.0,0.808457681065496,0
VUT,2025-01-01,0.0,0.0,0.808457681065496,0
WSM,2025-01-01,0.0,0.0,0.808457681065496,0
YEM,2025-01-01,0.0,0.054154799887398034,0.808457681065496,0
ZAF,2025-01-01,0.0,0.004232722597235614,0.808457681065496,0
ZMB,2025-01-01,0.0,0.0,0.808457681065496,0
ZWE,2025-01-01,0.0,0.0,0.808457681065496,0
AFG,2025-02-01,0.0,0.268870960098484,0.808457681065496,0
AGO,2025-02-01,0.0,0.0,0.808457681065496,0
ALB,2025-02-01,0.0,0.0,0.808457681065496,0
ARE,2025-02-01,0.0,0.0,0.808457681065496,0
ARG,2025-02-01,0.0,0.0,0.808457681065496,0
ARM,2025-02-01,0.0,0.0,0.808457681065496,0
AUS,2025-02-01,0.0,0.0,0.808457681065496,0
AUT,2025-02-01,0.0,0.0,0.808457681065496,0
AZE,2025-02-01,0.0,0.0,0.808457681065496,0
BDI,2025-02-01,0.0,0.008995891768383142,0.808457681065496,0
BEL,2025-02-01,0.0,0.0,0.808457681065496,0
BEN,2025-02-01,0.0,0.004773768613974799,0.808457681065496,0
BGD,2025-02-01,0.0,0.013305621666421637,0.808457681065496,0
BGR,2025-02-01,0.0,0.0,0.808457681065496,0
BHR,2025-02-01,0.0,0.0,0.808457681065496,0
BHS,2025-02-01,0.0,0.0,0.808457681065496,0
BIH,2025-02-01,0.0,0.0,0.808457681065496,0
BLR,2025-02-01,0.0,0.0,0.808457681065496,0
BLZ,2025-02-01,0.0,0.0,0.808457681065496,0
BOL,2025-02-01,0.0,0.0,0.808457681065496,0
BRA,2025-02-01,0.0,0.008559066284365358,0.808457681065496,0
BRB,2025-02-01,0.0,0.0,0.808457681065496,0
BRN,2025-02-01,0.0,0.0,0.808457681065496,0
BTN,2025-02-01,0.0,0.0,0.808457681065496,0
BWA,2025-02-01,0.0,0.0,0.808457681065496,0
CAF,2025-02-01,0.0,0.740829135113096,0.808457681065496,0
CAN,2025-02-01,0.0,0.0,0.808457681065496,0
CHE,2025-02-01,0.0,0.0,0.808457681065496,0
CHL,2025-02-01,0.0,0.0,0.808457681065496,0
CHN,2025-02-01,0.0,0.0,0.808457681065496,0
CIV,2025-02-01,0.0,0.0,0.808457681065496,0
CMR,2025-02-01,0.0,0.7035422993578336,0.808457681065496,0
COL,2025-02-01,0.0,0.6596942309884153,0.808457681065496,0
COM,2025-02-01,0.0,0.0,0.808457681065496,0
CRI,2025-02-01,0.0,0.0,0.808457681065496,0
CUB,2025-02-01,0.0,0.0,0.808457681065496,0
CYP,2025-02-01,0.0,0.0,0.808457681065496,0
CZE,2025-02-01,0.0,0.0,0.808457681065496,0
DEU,2025-02-01,0.0,0.0,0.808457681065496,0
DJI,2025-02-01,0.0,0.0,0.808457681065496,0
DNK,2025-02-01,0.0,0.0,0.808457681065496,0
DOM,2025-02-01,0.0,0.0,0.808457681065496,0
DZA,2025-02-01,0.0,0.0,0.808457681065496,0
ECU,2025-02-01,0.0,0.0016989400733795348,0.808457681065496,0
EGY,2025-02-01,0.0,0.0,0.808457681065496,0
ERI,2025-02-01,0.0,0.0,0.808457681065496,0
ESP,2025-02-01,0.0,0.0,0.808457681065496,0
EST,2025-02-01,0.0,0.0,0.808457681065496,0
ETH,2025-02-01,0.0,0.49402665033071824,0.808457681065496,0
FIN,2025-02-01,0.0,0.0,0.808457681065496,0
FJI,2025-02-01,0.0,0.0,0.808457681065496,0
FRA,2025-02-01,0.0,0.0,0.808457681065496,0
GAB,2025-02-01,0.0,0.0,0.808457681065496,0
GBR,2025-02-01,0.0,0.0,0.808457681065496,0
GEO,2025-02-01,0.0,0.0,0.808457681065496,0
GHA,2025-02-01,0.0,0.0,0.808457681065496,0
GIN,2025-02-01,0.0,0.0,0.808457681065496,0
GMB,2025-02-01,0.0,0.0,0.808457681065496,0
GNB,2025-02-01,0.0,0.0,0.808457681065496,0
GNQ,2025-02-01,0.0,0.0,0.808457681065496,0
GRC,2025-02-01,0.0,0.0,0.808457681065496,0
GRD,2025-02-01,0.0,0.0,0.808457681065496,0
GTM,2025-02-01,0.0,0.0,0.808457681065496,0
GUY,2025-02-01,0.0,0.0,0.808457681065496,0
HND,2025-02-01,0.0,0.005,0.808457681065496,0
HRV,2025-02-01,0.0,0.0,0.808457681065496,0
HTI,2025-02-01,1.0,0.9519258915485012,0.808457681065496,1
HUN,2025-02-01,0.0,0.0,0.808457681065496,0
IDN,2025-02-01,0.0,0.04278881197245699,0.808457681065496,0
IND,2025-02-01,0.0,0.0,0.808457681065496,0
IRL,2025-02-01,0.0,0.0,0.808457681065496,0
IRN,2025-02-01,0.0,0.009598619341183716,0.808457681065496,0
IRQ,2025-02-01,0.0,0.10650213729172087,0.808457681065496,0
ISL,2025-02-01,0.0,0.0,0.808457681065496,0
ISR,2025-02-01,0.0,0.04401257280950524,0.808457681065496,0
ITA,2025-02-01,0.0,0.0,0.808457681065496,0
JAM,2025-02-01,0.0,0.0,0.808457681065496,0
JOR,2025-02-01,0.0,0.0,0.808457681065496,0
JPN,2025-02-01,0.0,0.0,0.808457681065496,0
KAZ,2025-02-01,0.0,0.0,0.808457681065496,0
KEN,2025-02-01,0.0,0.004895597779800887,0.808457681065496,0
KGZ,2025-02-01,0.0,0.0,0.808457681065496,0
KHM,2025-02-01,0.0,0.0,0.808457681065496,0
KOR,2025-02-01,0.0,0.005,0.808457681065496,0
KWT,2025-02-01,0.0,0.0,0.808457681065496,0
LAO,2025-02-01,0.0,0.0,0.808457681065496,0
LBN,2025-02-01,0.0,0.5771172839303859,0.808457681065496,0
LBR,2025-02-01,0.0,0.0,0.808457681065496,0
LBY,2025-02-01,0.0,0.0,0.808457681065496,0
LKA,2025-02-01,0.0,0.0,0.808457681065496,0
LSO,2025-02-01,0.0,0.0,0.808457681065496,0
LTU,2025-02-01,0.0,0.0,0.808457681065496,0
LUX,2025-02-01,0.0,0.0,0.808457681065496,0
LVA,2025-02-01,0.0,0.0,0.808457681065496,0
MAR,2025-02-01,0.0,0.0,0.808457681065496,0
MDA,2025-02-01,0.0,0.0,0.808457681065496,0
MDG,2025-02-01,0.0,0.0,0.808457681065496,0
MDV,2025-02-01,0.0,0.0,0.808457681065496,0
MEX,2025-02-01,0.0,0.10200672531071256,0.808457681065496,0
MKD,2025-02-01,0.0,0.0,0.808457681065496,0
MLI,2025-02-01,0.0,0.863419941039883,0.808457681065496,1
MLT,2025-02-01,0.0,0.0,0.808457681065496,0
MMR,2025-02-01,0.0,0.6407063720461142,0.808457681065496,0
MNE,2025-02-01,0.0,0.0,0.808457681065496,0
MNG,2025-02-01,0.0,0.0,0.808457681065496,0
MOZ,2025-02-01,0.0,0.6713021383686021,0.808457681065496,0
MRT,2025-02-01,0.0,0.0,0.808457681065496,0
MUS,2025-02-01,0.0,0.0,0.808457681065496,0
MWI,2025-02-01,0.0,0.0,0.808457681065496,0
MYS,2025-02-01,0.0,0.0,0.808457681065496,0
NAM,2025-02-01,0.0,0.0,0.808457681065496,0
NER,2025-02-01,0.0,0.8449620447375205,0.808457681065496,1
NGA,2025-02-01,0.0,0.2510582242384981,0.808457681065496,0
NIC,2025-02-01,0.0,0.0,0.808457681065496,0
NLD,2025-02-01,0.0,0.0,0.808457681065496,0
NOR,2025-02-01,0.0,0.0,0.808457681065496,0
NPL,2025-02-01,0.0,0.0,0.808457681065496,0
NZL,2025-02-01,0.0,0.0,0.808457681065496,0
OMN,2025-02-01,0.0,0.0,0.808457681065496,0
PAK,2025-02-01,0.0,0.11462000940629549,0.808457681065496,0
PAN,2025-02-01,0.0,0.0,0.808457681065496,0
PER,2025-02-01,0.0,0.0,0.808457681065496,0
PHL,2025-02-01,0.0,0.03249851190855821,0.808457681065496,0
PNG,2025-02-01,0.0,0.037700162680347205,0.808457681065496,0
POL,2025-02-01,0.0,0.0,0.808457681065496,0
PRK,2025-02-01,0.0,0.0,0.808457681065496,0
PRT,2025-02-01,0.0,0.0,0.808457681065496,0
PRY,2025-02-01,0.0,0.0,0.808457681065496,0
PSE,2025-02-01,1.0,0.12183860160043591,0.808457681065496,0
QAT,2025-02-01,0.0,0.0,0.808457681065496,0
ROU,2025-02-01,0.0,0.0,0.808457681065496,0
RUS,2025-02-01,0.0,0.21752131330763472,0.808457681065496,0
RWA,2025-02-01,0.0,0.0,0.808457681065496,0
SAU,2025-02-01,0.0,0.0,0.808457681065496,0
SEN,2025-02-01,0.0,0.0,0.808457681065496,0
SGP,2025-02-01,0.0,0.0,0.808457681065496,0
SLB,2025-02-01,0.0,0.0,0.808457681065496,0
SLE,2025-02-01,0.0,0.0,0.808457681065496,0
SLV,2025-02-01,0.0,0.0,0.808457681065496,0
SRB,2025-02-01,0.0,0.0,0.808457681065496,0
STP,2025-02-01,0.0,0.0,0.808457681065496,0
SVK,2025-02-01,0.0,0.0,0.808457681065496,0
SVN,2025-02-01,0.0,0.0,0.808457681065496,0
SWE,2025-02-01,0.0,0.0,0.808457681065496,0
SWZ,2025-02-01,0.0,0.0,0.808457681065496,0
SYC,2025-02-01,0.0,0.0,0.808457681065496,0
SYR,2025-02-01,0.0,0.5619761695046299,0.808457681065496,0
TCD,2025-02-01,0.0,0.17912755191929153,0.808457681065496,0
TGO,2025-02-01,0.0,0.0,0.808457681065496,0
THA,2025-02-01,0.0,0.0,0.808457681065496,0
TJK,2025-02-01,0.0,0.0,0.808457681065496,0
TKM,2025-02-01,0.0,0.0,0.808457681065496,0
TLS,2025-02-01,0.0,0.0,0.808457681065496,0
TON,2025-02-01,0.0,0.0,0.808457681065496,0
TTO,2025-02-01,0.0,0.0,0.808457681065496,0
TUN,2025-02-01,0.0,0.0,0.808457681065496,0
TUR,2025-02-01,0.0,0.02,0.808457681065496,0
TZA,2025-02-01,0.0,0.0,0.808457681065496,0
UGA,2025-02-01,0.0,0.0,0.808457681065496,0
UKR,2025-02-01,0.0,0.3428622250730991,0.808457681065496,0
URY,2025-02-01,0.0,0.0,0.808457681065496,0
USA,2025-02-01,0.0,0.025,0.808457681065496,0
UZB,2025-02-01,0.0,0.0,0.808457681065496,0
VEN,2025-02-01,0.0,0.0,0.808457681065496,0
VNM,2025-02-01,0.0,0.0,0.808457681065496,0
VUT,2025-02-01,0.0,0.0,0.808457681065496,0
WSM,2025-02-01,0.0,0.0,0.808457681065496,0
YEM,2025-02-01,0.0,0.035748702667803875,0.808457681065496,0
ZAF,2025-02-01,0.0,0.0,0.808457681065496,0
ZMB,2025-02-01,0.0,0.0,0.808457681065496,0
ZWE,2025-02-01,0.0,0.0,0.808457681065496,0
AFG,2025-03-01,0.0,0.27596603413837917,0.808457681065496,0
AGO,2025-03-01,0.0,0.0,0.808457681065496,0
ALB,2025-03-01,0.0,0.0,0.808457681065496,0
ARE,2025-03-01,0.0,0.0,0.808457681065496,0
ARG,2025-03-01,0.0,0.0,0.808457681065496,0
ARM,2025-03-01,0.0,0.0,0.808457681065496,0
AUS,2025-03-01,0.0,0.0,0.808457681065496,0
AUT,2025-03-01,0.0,0.0,0.808457681065496,0
AZE,2025-03-01,0.0,0.0,0.808457681065496,0
BDI,2025-03-01,0.0,0.003834039975772262,0.808457681065496,0
BEL,2025-03-01,0.0,0.0,0.808457681065496,0
BEN,2025-03-01,0.0,0.02567549497434973,0.808457681065496,0
BGD,2025-03-01,0.0,0.008112836164523383,0.808457681065496,0
BGR,2025-03-01,0.0,0.0,0.808457681065496,0
BHR,2025-03-01,0.0,0.0,0.808457681065496,0
BHS,2025-03-01,0.0,0.0,0.808457681065496,0
BIH,2025-03-01,0.0,0.0,0.808457681065496,0
BLR,2025-03-01,0.0,0.0,0.808457681065496,0
BLZ,2025-03-01,0.0,0.0,0.808457681065496,0
BOL,2025-03-01,0.0,0.0,0.808457681065496,0
BRA,2025-03-01,0.0,0.00447033898305084,0.808457681065496,0
BRB,2025-03-01,0.0,0.0,0.808457681065496,0
BRN,2025-03-01,0.0,0.0,0.808457681065496,0
BTN,2025-03-01,0.0,0.0,0.808457681065496,0
BWA,2025-03-01,0.0,0.0,0.808457681065496,0
CAF,2025-03-01,0.0,0.7698289767393705,0.808457681065496,0
CAN,2025-03-01,0.0,0.0,0.808457681065496,0
CHE,2025-03-01,0.0,0.0,0.808457681065496,0
CHL,2025-03-01,0.0,0.0,0.808457681065496,0
CHN,2025-03-01,0.0,0.0,0.808457681065496,0
CIV,2025-03-01,0.0,0.0,0.808457681065496,0
CMR,2025-03-01,0.0,0.6279267814032778,0.808457681065496,0
COL,2025-03-01,0.0,0.6849310405144438,0.808457681065496,0
COM,2025-03-01,0.0,0.0,0.808457681065496,0
CRI,2025-03-01,0.0,0.0,0.808457681065496,0
CUB,2025-03-01,0.0,0.0,0.808457681065496,0
CYP,2025-03-01,0.0,0.0,0.808457681065496,0
CZE,2025-03-01,0.0,0.0,0.808457681065496,0
DEU,2025-03-01,0.0,0.0,0.808457681065496,0
DJI,2025-03-01,0.0,0.0,0.808457681065496,0
DNK,2025-03-01,0.0,0.0,0.808457681065496,0
DOM,2025-03-01,0.0,0.0,0.808457681065496,0
DZA,2025-03-01,0.0,0.0,0.808457681065496,0
ECU,2025-03-01,0.0,0.008591432733050835,0.808457681065496,0
EGY,2025-03-01,0.0,0.0,0.808457681065496,0
ERI,2025-03-01,0.0,0.0,0.808457681065496,0
ESP,2025-03-01,0.0,0.0,0.808457681065496,0
EST,2025-03-01,0.0,0.0,0.808457681065496,0
ETH,2025-03-01,1.0,0.8759926919398328,0.808457681065496,1
FIN,2025-03-01,0.0,0.0,0.808457681065496,0
FJI,2025-03-01,0.0,0.0,0.808457681065496,0
FRA,2025-03-01,0.0,0.0,0.808457681065496,0
GAB,2025-03-01,0.0,0.0,0.808457681065496,0
GBR,2025-03-01,0.0,0.0,0.808457681065496,0
GEO,2025-03-01,0.0,0.0,0.808457681065496,0
GHA,2025-03-01,0.0,0.0,0.808457681065496,0
GIN,2025-03-01,0.0,0.0,0.808457681065496,0
GMB,2025-03-01,0.0,0.0,0.808457681065496,0
GNB,2025-03-01,0.0,0.0,0.808457681065496,0
GNQ,2025-03-01,0.0,0.0,0.808457681065496,0
GRC,2025-03-01,0.0,0.0,0.808457681065496,0
GRD,2025-03-01,0.0,0.0,0.808457681065496,0
GTM,2025-03-01,0.0,0.0,0.808457681065496,0
GUY,2025-03-01,0.0,0.0,0.808457681065496,0
HND,2025-03-01,0.0,0.0,0.808457681065496,0
HRV,2025-03-01,0.0,0.0,0.808457681065496,0
HUN,2025-03-01,0.0,0.0,0.808457681065496,0
IDN,2025-03-01,0.0,0.08312492489069932,0.808457681065496,0
IND,2025-03-01,1.0,0.0,0.808457681065496,0
IRL,2025-03-01,0.0,0.0,0.808457681065496,0
IRN,2025-03-01,0.0,0.003914656771799624,0.808457681065496,0
IRQ,2025-03-01,0.0,0.12395723294114458,0.808457681065496,0
ISL,2025-03-01,0.0,0.0,0.808457681065496,0
ISR,2025-03-01,0.0,0.04296795738888227,0.808457681065496,0
ITA,2025-03-01,0.0,0.0,0.808457681065496,0
JAM,2025-03-01,0.0,0.0,0.808457681065496,0
JOR,2025-03-01,0.0,0.0,0.808457681065496,0
JPN,2025-03-01,0.0,0.0,0.808457681065496,0
KAZ,2025-03-01,0.0,0.0,0.808457681065496,0
KEN,2025-03-01,0.0,0.0041210937499999946,0.808457681065496,0
KGZ,2025-03-01,0.0,0.0,0.808457681065496,0
KHM,2025-03-01,0.0,0.0,0.808457681065496,0
KOR,2025-03-01,0.0,0.0,0.808457681065496,0
KWT,2025-03-01,0.0,0.0,0.808457681065496,0
LAO,2025-03-01,0.0,0.0,0.808457681065496,0
LBN,2025-03-01,0.0,0.6474421209591182,0.808457681065496,0
LBR,2025-03-01,0.0,0.0,0.808457681065496,0
LBY,2025-03-01,0.0,0.0,0.808457681065496,0
LKA,2025-03-01,0.0,0.0,0.808457681065496,0
LSO,2025-03-01,0.0,0.0,0.808457681065496,0
LTU,2025-03-01,0.0,0.0,0.808457681065496,0
LUX,2025-03-01,0.0,0.0,0.808457681065496,0
LVA,2025-03-01,0.0,0.0,0.808457681065496,0
MAR,2025-03-01,0.0,0.0,0.808457681065496,0
MDA,2025-03-01,0.0,0.0,0.808457681065496,0
MDG,2025-03-01,0.0,0.003834039975772262,0.808457681065496,0
MDV,2025-03-01,0.0,0.0,0.808457681065496,0
MEX,2025-03-01,0.0,0.061309250577912575,0.808457681065496,0
MKD,2025-03-01,0.0,0.0,0.808457681065496,0
MLI,2025-03-01,0.0,0.8701127382810331,0.808457681065496,1
MLT,2025-03-01,0.0,0.0,0.808457681065496,0
MMR,2025-03-01,0.0,0.4089034178731079,0.808457681065496,0
MNE,2025-03-01,0.0,0.0,0.808457681065496,0
MNG,2025-03-01,0.0,0.0,0.808457681065496,0
MOZ,2025-03-01,0.0,0.31008707916852396,0.808457681065496,0
MRT,2025-03-01,0.0,0.0,0.808457681065496,0
MUS,2025-03-01,0.0,0.0,0.808457681065496,0
MWI,2025-03-01,0.0,0.0,0.808457681065496,0
MYS,2025-03-01,0.0,0.0,0.808457681065496,0
NAM,2025-03-01,0.0,0.0,0.808457681065496,0
NER,2025-03-01,0.0,0.8781177462546027,0.808457681065496,1
NGA,2025-03-01,1.0,0.38171840647527644,0.808457681065496,0
NIC,2025-03-01,0.0,0.0,0.808457681065496,0
NLD,2025-03-01,0.0,0.0,0.808457681065496,0
NOR,2025-03-01,0.0,0.0,0.808457681065496,0
NPL,2025-03-01,0.0,0.0,0.808457681065496,0
NZL,2025-03-01,0.0,0.0,0.808457681065496,0
OMN,2025-03-01,0.0,0.0,0.808457681065496,0
PAK,2025-03-01,0.0,0.42772590736677324,0.808457681065496,0
PAN,2025-03-01,0.0,0.0,0.808457681065496,0
PER,2025-03-01,0.0,0.0,0.808457681065496,0
PHL,2025-03-01,0.0,0.33201611628166733,0.808457681065496,0
PNG,2025-03-01,0.0,0.017177306611642264,0.808457681065496,0
POL,2025-03-01,0.0,0.0,0.808457681065496,0
PRK,2025-03-01,0.0,0.0,0.808457681065496,0
PRT,2025-03-01,0.0,0.0,0.808457681065496,0
PRY,2025-03-01,0.0,0.0,0.808457681065496,0
QAT,2025-03-01,0.0,0.0,0.808457681065496,0
ROU,2025-03-01,0.0,0.0,0.808457681065496,0
RUS,2025-03-01,0.0,0.05617568932193994,0.808457681065496,0
RWA,2025-03-01,0.0,0.0,0.808457681065496,0
SAU,2025-03-01,0.0,0.0,0.808457681065496,0
SEN,2025-03-01,0.0,0.0,0.808457681065496,0
SGP,2025-03-01,0.0,0.0,0.808457681065496,0
SLB,2025-03-01,0.0,0.0,0.808457681065496,0
SLE,2025-03-01,0.0,0.0,0.808457681065496,0
SLV,2025-03-01,0.0,0.0,0.808457681065496,0
SRB,2025-03-01,0.0,0.0,0.808457681065496,0
STP,2025-03-01,0.0,0.0,0.808457681065496,0
SVK,2025-03-01,0.0,0.0,0.808457681065496,0
SVN,2025-03-01,0.0,0.0,0.808457681065496,0
SWE,2025-03-01,0.0,0.0,0.808457681065496,0
SWZ,2025-03-01,0.0,0.0,0.808457681065496,0
SYC,2025-03-01,0.0,0.0,0.808457681065496,0
SYR,2025-03-01,0.0,0.5983708233157288,0.808457681065496,0
TCD,2025-03-01,0.0,0.09728541539653623,0.808457681065496,0
TGO,2025-03-01,0.0,0.0,0.808457681065496,0
THA,2025-03-01,0.0,0.0,0.808457681065496,0
TJK,2025-03-01,0.0,0.0,0.808457681065496,0
TKM,2025-03-01,0.0,0.0,0.808457681065496,0
TLS,2025-03-01,0.0,0.0,0.808457681065496,0
TON,2025-03-01,0.0,0.0,0.808457681065496,0
TTO,2025-03-01,0.0,0.0,0.808457681065496,0
TUN,2025-03-01,0.0,0.0,0.808457681065496,0
TUR,2025-03-01,0.0,0.0,0.808457681065496,0
TZA,2025-03-01,0.0,0.0,0.808457681065496,0
UGA,2025-03-01,0.0,0.0047439420434673965,0.808457681065496,0
UKR,2025-03-01,0.0,0.2971883266627147,0.808457681065496,0
URY,2025-03-01,0.0,0.0,0.808457681065496,0
USA,2025-03-01,0.0,0.005,0.808457681065496,0
UZB,2025-03-01,0.0,0.0,0.808457681065496,0
VEN,2025-03-01,0.0,0.0,0.808457681065496,0
VNM,2025-03-01,0.0,0.0,0.808457681065496,0
VUT,2025-03-01,0.0,0.0,0.808457681065496,0
WSM,2025-03-01,0.0,0.0,0.808457681065496,0
YEM,2025-03-01,0.0,0.01384683102407151,0.808457681065496,0
ZAF,2025-03-01,0.0,0.0,0.808457681065496,0
ZMB,2025-03-01,0.0,0.0,0.808457681065496,0
ZWE,2025-03-01,0.0,0.0,0.808457681065496,0
AFG,2025-04-01,0.0,0.3533593269198046,0.808457681065496,0
AGO,2025-04-01,0.0,0.0,0.808457681065496,0
ALB,2025-04-01,0.0,0.0,0.808457681065496,0
ARE,2025-04-01,0.0,0.0,0.808457681065496,0
ARG,2025-04-01,0.0,0.0,0.808457681065496,0
ARM,2025-04-01,0.0,0.0,0.808457681065496,0
AUS,2025-04-01,0.0,0.0,0.808457681065496,0
AUT,2025-04-01,0.0,0.0,0.808457681065496,0
AZE,2025-04-01,0.0,0.0,0.808457681065496,0
BDI,2025-04-01,0.0,0.009773758815725158,0.808457681065496,0
BEL,2025-04-01,0.0,0.0,0.808457681065496,0
BEN,2025-04-01,0.0,0.03330563012148512,0.808457681065496,0
BGD,2025-04-01,0.0,0.0,0.808457681065496,0
BGR,2025-04-01,0.0,0.0,0.808457681065496,0
BHR,2025-04-01,0.0,0.0,0.808457681065496,0
BHS,2025-04-01,0.0,0.0,0.808457681065496,0
BIH,2025-04-01,0.0,0.0,0.808457681065496,0
BLR,2025-04-01,0.0,0.0,0.808457681065496,0
BLZ,2025-04-01,0.0,0.0,0.808457681065496,0
BOL,2025-04-01,0.0,0.0,0.808457681065496,0
BRA,2025-04-01,0.0,0.0,0.808457681065496,0
BRB,2025-04-01,0.0,0.0,0.808457681065496,0
BRN,2025-04-01,0.0,0.0,0.808457681065496,0
BTN,2025-04-01,0.0,0.0,0.808457681065496,0
BWA,2025-04-01,0.0,0.0,0.808457681065496,0
CAF,2025-04-01,0.0,0.6792508569000284,0.808457681065496,0
CAN,2025-04-01,0.0,0.0,0.808457681065496,0
CHE,2025-04-01,0.0,0.0,0.808457681065496,0
CHL,2025-04-01,0.0,0.0,0.808457681065496,0
CHN,2025-04-01,0.0,0.0,0.808457681065496,0
CIV,2025-04-01,0.0,0.0,0.808457681065496,0
CMR,2025-04-01,0.0,0.6123412399892706,0.808457681065496,0
COL,2025-04-01,0.0,0.29567527351507,0.808457681065496,0
COM,2025-04-01,0.0,0.0,0.808457681065496,0
CRI,2025-04-01,0.0,0.0,0.808457681065496,0
CUB,2025-04-01,0.0,0.0,0.808457681065496,0
CYP,2025-04-01,0.0,0.0,0.808457681065496,0
CZE,2025-04-01,0.0,0.0,0.808457681065496,0
DEU,2025-04-01,0.0,0.0,0.808457681065496,0
DJI,2025-04-01,0.0,0.0,0.808457681065496,0
DNK,2025-04-01,0.0,0.0,0.808457681065496,0
DOM,2025-04-01,0.0,0.0,0.808457681065496,0
DZA,2025-04-01,0.0,0.0,0.808457681065496,0
ECU,2025-04-01,0.0,0.0,0.808457681065496,0
EGY,2025-04-01,0.0,0.0,0.808457681065496,0
ERI,2025-04-01,0.0,0.0,0.808457681065496,0
ESP,2025-04-01,0.0,0.0,0.808457681065496,0
EST,2025-04-01,0.0,0.0,0.808457681065496,0
ETH,2025-04-01,1.0,0.8792776911325784,0.808457681065496,1
FIN,2025-04-01,0.0,0.0,0.808457681065496,0
FJI,2025-04-01,0.0,0.0,0.808457681065496,0
FRA,2025-04-01,0.0,0.0,0.808457681065496,0
GAB,2025-04-01,0.0,0.0,0.808457681065496,0
GBR,2025-04-01,0.0,0.0,0.808457681065496,0
GEO,2025-04-01,0.0,0.0,0.808457681065496,0
GHA,2025-04-01,0.0,0.0,0.808457681065496,0
GIN,2025-04-01,0.0,0.0,0.808457681065496,0
GMB,2025-04-01,0.0,0.0,0.808457681065496,0
GNB,2025-04-01,0.0,0.0,0.808457681065496,0
GNQ,2025-04-01,0.0,0.0,0.808457681065496,0
GRC,2025-04-01,0.0,0.0,0.808457681065496,0
GRD,2025-04-01,0.0,0.0,0.808457681065496,0
GTM,2025-04-01,0.0,0.0,0.808457681065496,0
GUY,2025-04-01,0.0,0.0,0.808457681065496,0
HND,2025-04-01,0.0,0.0,0.808457681065496,0
HRV,2025-04-01,0.0,0.0,0.808457681065496,0
HUN,2025-04-01,0.0,0.0,0.808457681065496,0
IDN,2025-04-01,0.0,0.031600527086405296,0.808457681065496,0
IND,2025-04-01,1.0,0.0,0.808457681065496,0
IRL,2025-04-01,0.0,0.0,0.808457681065496,0
IRN,2025-04-01,1.0,0.022028141419768915,0.808457681065496,0
IRQ,2025-04-01,0.0,0.11197953082839888,0.808457681065496,0
ISL,2025-04-01,0.0,0.0,0.808457681065496,0
ISR,2025-04-01,0.0,0.04856798031496783,0.808457681065496,0
ITA,2025-04-01,0.0,0.0,0.808457681065496,0
JAM,2025-04-01,0.0,0.0,0.808457681065496,0
JOR,2025-04-01,0.0,0.0,0.808457681065496,0
JPN,2025-04-01,0.0,0.0,0.808457681065496,0
KAZ,2025-04-01,0.0,0.0,0.808457681065496,0
KEN,2025-04-01,0.0,0.004557241324143076,0.808457681065496,0
KGZ,2025-04-01,0.0,0.0,0.808457681065496,0
KHM,2025-04-01,0.0,0.0,0.808457681065496,0
KOR,2025-04-01,0.0,0.0,0.808457681065496,0
KWT,2025-04-01,0.0,0.0,0.808457681065496,0
LAO,2025-04-01,0.0,0.0,0.808457681065496,0
LBN,2025-04-01,0.0,0.6236300962626042,0.808457681065496,0
LBR,2025-04-01,0.0,0.0,0.808457681065496,0
LBY,2025-04-01,0.0,0.005,0.808457681065496,0
LKA,2025-04-01,0.0,0.0,0.808457681065496,0
LSO,2025-04-01,0.0,0.0,0.808457681065496,0
LTU,2025-04-01,0.0,0.0,0.808457681065496,0
LUX,2025-04-01,0.0,0.0,0.808457681065496,0
LVA,2025-04-01,0.0,0.0,0.808457681065496,0
MAR,2025-04-01,0.0,0.005,0.808457681065496,0
MDA,2025-04-01,0.0,0.0,0.808457681065496,0
MDG,2025-04-01,0.0,0.0,0.808457681065496,0
MDV,2025-04-01,0.0,0.0,0.808457681065496,0
MEX,2025-04-01,0.0,0.038540195650589824,0.808457681065496,0
MKD,2025-04-01,0.0,0.0,0.808457681065496,0
MLI,2025-04-01,0.0,0.7216273043488755,0.808457681065496,0
MLT,2025-04-01,0.0,0.0,0.808457681065496,0
MMR,2025-04-01,0.0,0.5532393812051756,0.808457681065496,0
MNE,2025-04-01,0.0,0.0,0.808457681065496,0
MNG,2025-04-01,0.0,0.0,0.808457681065496,0
MOZ,2025-04-01,0.0,0.7866201917471366,0.808457681065496,0
MRT,2025-04-01,0.0,0.0,0.808457681065496,0
MUS,2025-04-01,0.0,0.0,0.808457681065496,0
MWI,2025-04-01,0.0,0.0,0.808457681065496,0
MYS,2025-04-01,0.0,0.0,0.808457681065496,0
NAM,2025-04-01,0.0,0.0,0.808457681065496,0
NER,2025-04-01,1.0,0.9533340279543565,0.808457681065496,1
NGA,2025-04-01,1.0,0.9142074934729582,0.808457681065496,1
NIC,2025-04-01,0.0,0.0,0.808457681065496,0
NLD,2025-04-01,0.0,0.0,0.808457681065496,0
NOR,2025-04-01,0.0,0.0,0.808457681065496,0
NPL,2025-04-01,0.0,0.0,0.808457681065496,0
NZL,2025-04-01,0.0,0.0,0.808457681065496,0
OMN,2025-04-01,0.0,0.0,0.808457681065496,0
PAK,2025-04-01,0.0,0.38036467773575844,0.808457681065496,0
PAN,2025-04-01,0.0,0.0,0.808457681065496,0
PER,2025-04-01,0.0,0.0,0.808457681065496,0
PHL,2025-04-01,0.0,0.3745543694105045,0.808457681065496,0
PNG,2025-04-01,0.0,0.023303313271782252,0.808457681065496,0
POL,2025-04-01,0.0,0.0,0.808457681065496,0
PRK,2025-04-01,0.0,0.0,0.808457681065496,0
PRT,2025-04-01,0.0,0.0,0.808457681065496,0
PRY,2025-04-01,0.0,0.0,0.808457681065496,0
QAT,2025-04-01,0.0,0.0,0.808457681065496,0
ROU,2025-04-01,0.0,0.0,0.808457681065496,0
RUS,2025-04-01,0.0,0.07567714893165406,0.808457681065496,0
RWA,2025-04-01,0.0,0.0,0.808457681065496,0
SAU,2025-04-01,0.0,0.0,0.808457681065496,0
SEN,2025-04-01,0.0,0.0,0.808457681065496,0
SGP,2025-04-01,0.0,0.0,0.808457681065496,0
SLB,2025-04-01,0.0,0.0,0.808457681065496,0
SLE,2025-04-01,0.0,0.0,0.808457681065496,0
SLV,2025-04-01,0.0,0.0,0.808457681065496,0
SOM,2025-04-01,1.0,0.9248781587376673,0.808457681065496,1
SRB,2025-04-01,0.0,0.0,0.808457681065496,0
STP,2025-04-01,0.0,0.0,0.808457681065496,0
SVK,2025-04-01,0.0,0.0,0.808457681065496,0
SVN,2025-04-01,0.0,0.0,0.808457681065496,0
SWE,2025-04-01,0.0,0.0,0.808457681065496,0
SWZ,2025-04-01,0.0,0.0,0.808457681065496,0
SYC,2025-04-01,0.0,0.0,0.808457681065496,0
SYR,2025-04-01,0.0,0.3916693185422336,0.808457681065496,0
TCD,2025-04-01,0.0,0.05870510906463555,0.808457681065496,0
TGO,2025-04-01,0.0,0.0,0.808457681065496,0
THA,2025-04-01,0.0,0.0,0.808457681065496,0
TJK,2025-04-01,0.0,0.0,0.808457681065496,0
TKM,2025-04-01,0.0,0.0,0.808457681065496,0
TLS,2025-04-01,0.0,0.0,0.808457681065496,0
TON,2025-04-01,0.0,0.0,0.808457681065496,0
TTO,2025-04-01,0.0,0.0,0.808457681065496,0
TUN,2025-04-01,0.0,0.0,0.808457681065496,0
TUR,2025-04-01,0.0,0.004224233811171528,0.808457681065496,0
TZA,2025-04-01,0.0,0.0,0.808457681065496,0
UGA,2025-04-01,0.0,0.037647758792798525,0.808457681065496,0
UKR,2025-04-01,0.0,0.2231161842740239,0.808457681065496,0
URY,2025-04-01,0.0,0.0,0.808457681065496,0
USA,2025-04-01,0.0,0.005,0.808457681065496,0
UZB,2025-04-01,0.0,0.0,0.808457681065496,0
VEN,2025-04-01,0.0,0.0,0.808457681065496,0
VNM,2025-04-01,0.0,0.0,0.808457681065496,0
VUT,2025-04-01,0.0,0.0,0.808457681065496,0
WSM,2025-04-01,0.0,0.0,0.808457681065496,0
YEM,2025-04-01,0.0,0.058998957282128346,0.808457681065496,0
ZAF,2025-04-01,0.0,0.005,0.808457681065496,0
ZMB,2025-04-01,0.0,0.0,0.808457681065496,0
ZWE,2025-04-01,0.0,0.0,0.808457681065496,0
AFG,2025-05-01,0.0,0.33497189829713186,0.808457681065496,0
AGO,2025-05-01,0.0,0.0,0.808457681065496,0
ALB,2025-05-01,0.0,0.0,0.808457681065496,0
ARE,2025-05-01,0.0,0.0,0.808457681065496,0
ARG,2025-05-01,0.0,0.0,0.808457681065496,0
ARM,2025-05-01,0.0,0.0,0.808457681065496,0
AUS,2025-05-01,0.0,0.0,0.808457681065496,0
AUT,2025-05-01,0.0,0.0,0.808457681065496,0
AZE,2025-05-01,0.0,0.0,0.808457681065496,0
BDI,2025-05-01,0.0,0.008322977210174814,0.808457681065496,0
BEL,2025-05-01,0.0,0.0,0.808457681065496,0
BEN,2025-05-01,0.0,0.030906241426698698,0.808457681065496,0
BGD,2025-05-01,0.0,0.004467363935696301,0.808457681065496,0
BGR,2025-05-01,0.0,0.0,0.808457681065496,0
BHR,2025-05-01,0.0,0.0,0.808457681065496,0
BHS,2025-05-01,0.0,0.0,0.808457681065496,0
BIH,2025-05-01,0.0,0.0,0.808457681065496,0
BLR,2025-05-01,0.0,0.0,0.808457681065496,0
BLZ,2025-05-01,0.0,0.0,0.808457681065496,0
BOL,2025-05-01,0.0,0.0,0.808457681065496,0
BRA,2025-05-01,0.0,0.0,0.808457681065496,0
BRB,2025-05-01,0.0,0.0,0.808457681065496,0
BRN,2025-05-01,0.0,0.0,0.808457681065496,0
BTN,2025-05-01,0.0,0.0,0.808457681065496,0
BWA,2025-05-01,0.0,0.0,0.808457681065496,0
CAF,2025-05-01,0.0,0.4613073257689512,0.808457681065496,0
CAN,2025-05-01,0.0,0.0,0.808457681065496,0
CHE,2025-05-01,0.0,0.0,0.808457681065496,0
CHL,2025-05-01,0.0,0.0,0.808457681065496,0
CHN,2025-05-01,0.0,0.0,0.808457681065496,0
CIV,2025-05-01,0.0,0.0,0.808457681065496,0
CMR,2025-05-01,0.0,0.5266219460674987,0.808457681065496,0
COL,2025-05-01,0.0,0.31627348540827777,0.808457681065496,0
COM,2025-05-01,0.0,0.0,0.808457681065496,0
CRI,2025-05-01,0.0,0.0,0.808457681065496,0
CUB,2025-05-01,0.0,0.0,0.808457681065496,0
CYP,2025-05-01,0.0,0.0,0.808457681065496,0
CZE,2025-05-01,0.0,0.0,0.808457681065496,0
DEU,2025-05-01,0.0,0.0,0.808457681065496,0
DJI,2025-05-01,0.0,0.0,0.808457681065496,0
DNK,2025-05-01,0.0,0.0,0.808457681065496,0
DOM,2025-05-01,0.0,0.0,0.808457681065496,0
DZA,2025-05-01,0.0,0.0,0.808457681065496,0
ECU,2025-05-01,0.0,0.004891686360055747,0.808457681065496,0
EGY,2025-05-01,0.0,0.0,0.808457681065496,0
ERI,2025-05-01,0.0,0.0,0.808457681065496,0
ESP,2025-05-01,0.0,0.0,0.808457681065496,0
EST,2025-05-01,0.0,0.0,0.808457681065496,0
ETH,2025-05-01,1.0,0.9390730965580034,0.808457681065496,1
FIN,2025-05-01,0.0,0.0,0.808457681065496,0
FJI,2025-05-01,0.0,0.0,0.808457681065496,0
FRA,2025-05-01,0.0,0.0,0.808457681065496,0
GAB,2025-05-01,0.0,0.0,0.808457681065496,0
GBR,2025-05-01,0.0,0.0,0.808457681065496,0
GEO,2025-05-01,0.0,0.0,0.808457681065496,0
GHA,2025-05-01,0.0,0.005,0.808457681065496,0
GIN,2025-05-01,0.0,0.0,0.808457681065496,0
GMB,2025-05-01,0.0,0.0,0.808457681065496,0
GNB,2025-05-01,0.0,0.0,0.808457681065496,0
GNQ,2025-05-01,0.0,0.0,0.808457681065496,0
GRC,2025-05-01,0.0,0.0,0.808457681065496,0
GRD,2025-05-01,0.0,0.0,0.808457681065496,0
GTM,2025-05-01,0.0,0.0,0.808457681065496,0
GUY,2025-05-01,0.0,0.0,0.808457681065496,0
HND,2025-05-01,0.0,0.0,0.808457681065496,0
HRV,2025-05-01,0.0,0.0,0.808457681065496,0
HUN,2025-05-01,0.0,0.0,0.808457681065496,0
IDN,2025-05-01,0.0,0.030188778774684347,0.808457681065496,0
IND,2025-05-01,0.0,0.15130477435994355,0.808457681065496,0
IRL,2025-05-01,0.0,0.0,0.808457681065496,0
IRN,2025-05-01,1.0,0.004798514752971401,0.808457681065496,0
IRQ,2025-05-01,0.0,0.05939514972290616,0.808457681065496,0
ISL,2025-05-01,0.0,0.0,0.808457681065496,0
ISR,2025-05-01,0.0,0.026671619075228293,0.808457681065496,0
ITA,2025-05-01,0.0,0.0,0.808457681065496,0
JAM,2025-05-01,0.0,0.0,0.808457681065496,0
JOR,2025-05-01,0.0,0.0,0.808457681065496,0
JPN,2025-05-01,0.0,0.0,0.808457681065496,0
KAZ,2025-05-01,0.0,0.0,0.808457681065496,0
KEN,2025-05-01,0.0,0.004855278391748237,0.808457681065496,0
KGZ,2025-05-01,0.0,0.0,0.808457681065496,0
KHM,2025-05-01,1.0,0.0,0.808457681065496,0
KOR,2025-05-01,0.0,0.0,0.808457681065496,0
KWT,2025-05-01,0.0,0.0,0.808457681065496,0
LAO,2025-05-01,0.0,0.0,0.808457681065496,0
LBN,2025-05-01,0.0,0.37086171929917755,0.808457681065496,0
LBR,2025-05-01,0.0,0.0,0.808457681065496,0
LBY,2025-05-01,0.0,0.03358506879260875,0.808457681065496,0
LKA,2025-05-01,0.0,0.0,0.808457681065496,0
LSO,2025-05-01,0.0,0.0,0.808457681065496,0
LTU,2025-05-01,0.0,0.0,0.808457681065496,0
LUX,2025-05-01,0.0,0.0,0.808457681065496,0
LVA,2025-05-01,0.0,0.0,0.808457681065496,0
MAR,2025-05-01,0.0,0.0043346096924992365,0.808457681065496,0
MDA,2025-05-01,0.0,0.0,0.808457681065496,0
MDG,2025-05-01,0.0,0.0,0.808457681065496,0
MDV,2025-05-01,0.0,0.0,0.808457681065496,0
MEX,2025-05-01,0.0,0.016637177322430047,0.808457681065496,0
MKD,2025-05-01,0.0,0.0,0.808457681065496,0
MLI,2025-05-01,0.0,0.9396911528979136,0.808457681065496,1
MLT,2025-05-01,0.0,0.0,0.808457681065496,0
MMR,2025-05-01,0.0,0.5279317691438764,0.808457681065496,0
MNE,2025-05-01,0.0,0.0,0.808457681065496,0
MNG,2025-05-01,0.0,0.0,0.808457681065496,0
MOZ,2025-05-01,1.0,0.5285036154671117,0.808457681065496,0
MRT,2025-05-01,0.0,0.0,0.808457681065496,0
MUS,2025-05-01,0.0,0.0,0.808457681065496,0
MWI,2025-05-01,0.0,0.0,0.808457681065496,0
MYS,2025-05-01,0.0,0.0,0.808457681065496,0
NAM,2025-05-01,0.0,0.0,0.808457681065496,0
NER,2025-05-01,1.0,0.8382089207119506,0.808457681065496,1
NIC,2025-05-01,0.0,0.0,0.808457681065496,0
NLD,2025-05-01,0.0,0.0,0.808457681065496,0
NOR,2025-05-01,0.0,0.0,0.808457681065496,0
NPL,2025-05-01,0.0,0.0,0.808457681065496,0
NZL,2025-05-01,0.0,0.0,0.808457681065496,0
OMN,2025-05-01,0.0,0.0,0.808457681065496,0
PAK,2025-05-01,0.0,0.7123448617338799,0.808457681065496,0
PAN,2025-05-01,0.0,0.0,0.808457681065496,0
PER,2025-05-01,0.0,0.0,0.808457681065496,0
PHL,2025-05-01,0.0,0.6587433352613418,0.808457681065496,0
PNG,2025-05-01,0.0,0.02907611477204568,0.808457681065496,0
POL,2025-05-01,0.0,0.0,0.808457681065496,0
PRK,2025-05-01,0.0,0.0,0.808457681065496,0
PRT,2025-05-01,0.0,0.0,0.808457681065496,0
PRY,2025-05-01,0.0,0.0,0.808457681065496,0
QAT,2025-05-01,0.0,0.0,0.808457681065496,0
ROU,2025-05-01,0.0,0.0,0.808457681065496,0
RUS,2025-05-01,0.0,0.06200644130475728,0.808457681065496,0
RWA,2025-05-01,0.0,0.0,0.808457681065496,0
SAU,2025-05-01,0.0,0.0,0.808457681065496,0
SEN,2025-05-01,0.0,0.0,0.808457681065496,0
SGP,2025-05-01,0.0,0.0,0.808457681065496,0
SLB,2025-05-01,0.0,0.0,0.808457681065496,0
SLE,2025-05-01,0.0,0.0,0.808457681065496,0
SLV,2025-05-01,0.0,0.0,0.808457681065496,0
SOM,2025-05-01,1.0,0.6086054313085806,0.808457681065496,0
SRB,2025-05-01,0.0,0.0,0.808457681065496,0
STP,2025-05-01,0.0,0.0,0.808457681065496,0
SVK,2025-05-01,0.0,0.0,0.808457681065496,0
SVN,2025-05-01,0.0,0.0,0.808457681065496,0
SWE,2025-05-01,0.0,0.0,0.808457681065496,0
SWZ,2025-05-01,0.0,0.0,0.808457681065496,0
SYC,2025-05-01,0.0,0.0,0.808457681065496,0
SYR,2025-05-01,0.0,0.32916565221313404,0.808457681065496,0
TCD,2025-05-01,0.0,0.1578068661652914,0.808457681065496,0
TGO,2025-05-01,0.0,0.0,0.808457681065496,0
THA,2025-05-01,1.0,0.0,0.808457681065496,0
TJK,2025-05-01,0.0,0.0,0.808457681065496,0
TKM,2025-05-01,0.0,0.0,0.808457681065496,0
TLS,2025-05-01,0.0,0.0,0.808457681065496,0
TON,2025-05-01,0.0,0.0,0.808457681065496,0
TTO,2025-05-01,0.0,0.0,0.808457681065496,0
TUN,2025-05-01,0.0,0.0,0.808457681065496,0
TUR,2025-05-01,0.0,0.0,0.808457681065496,0
TZA,2025-05-01,0.0,0.0,0.808457681065496,0
UGA,2025-05-01,0.0,0.029007831915070312,0.808457681065496,0
UKR,2025-05-01,0.0,0.17538693172351677,0.808457681065496,0
URY,2025-05-01,0.0,0.0,0.808457681065496,0
USA,2025-05-01,0.0,0.0,0.808457681065496,0
UZB,2025-05-01,0.0,0.0,0.808457681065496,0
VEN,2025-05-01,0.0,0.0,0.808457681065496,0
VNM,2025-05-01,0.0,0.0,0.808457681065496,0
VUT,2025-05-01,0.0,0.0,0.808457681065496,0
WSM,2025-05-01,0.0,0.0,0.808457681065496,0
YEM,2025-05-01,0.0,0.043834056258905435,0.808457681065496,0
ZAF,2025-05-01,0.0,0.0,0.808457681065496,0
ZMB,2025-05-01,0.0,0.0,0.808457681065496,0
ZWE,2025-05-01,0.0,0.0,0.808457681065496,0
AFG,2025-06-01,0.0,0.15215514599839156,0.808457681065496,0
AGO,2025-06-01,0.0,0.0,0.808457681065496,0
ALB,2025-06-01,0.0,0.0,0.808457681065496,0
ARE,2025-06-01,0.0,0.0,0.808457681065496,0
ARG,2025-06-01,0.0,0.0,0.808457681065496,0
ARM,2025-06-01,0.0,0.0,0.808457681065496,0
AUS,2025-06-01,0.0,0.0,0.808457681065496,0
AUT,2025-06-01,0.0,0.0,0.808457681065496,0
AZE,2025-06-01,0.0,0.0,0.808457681065496,0
BDI,2025-06-01,0.0,0.014567713956663973,0.808457681065496,0
BEL,2025-06-01,0.0,0.0,0.808457681065496,0
BEN,2025-06-01,0.0,0.04528474913815131,0.808457681065496,0
BGD,2025-06-01,0.0,0.0,0.808457681065496,0
BGR,2025-06-01,0.0,0.0,0.808457681065496,0
BHR,2025-06-01,0.0,0.0,0.808457681065496,0
BHS,2025-06-01,0.0,0.0,0.808457681065496,0
BIH,2025-06-01,0.0,0.0,0.808457681065496,0
BLR,2025-06-01,0.0,0.0,0.808457681065496,0
BLZ,2025-06-01,0.0,0.0,0.808457681065496,0
BOL,2025-06-01,0.0,0.0,0.808457681065496,0
BRA,2025-06-01,0.0,0.0,0.808457681065496,0
BRB,2025-06-01,0.0,0.0,0.808457681065496,0
BRN,2025-06-01,0.0,0.0,0.808457681065496,0
BTN,2025-06-01,0.0,0.0,0.808457681065496,0
BWA,2025-06-01,0.0,0.0,0.808457681065496,0
CAF,2025-06-01,0.0,0.6191104482733983,0.808457681065496,0
CAN,2025-06-01,0.0,0.0,0.808457681065496,0
CHE,2025-06-01,0.0,0.0,0.808457681065496,0
CHL,2025-06-01,0.0,0.0,0.808457681065496,0
CHN,2025-06-01,0.0,0.0,0.808457681065496,0
CIV,2025-06-01,0.0,0.0,0.808457681065496,0
CMR,2025-06-01,0.0,0.4149923786466879,0.808457681065496,0
COL,2025-06-01,0.0,0.19917201645273208,0.808457681065496,0
COM,2025-06-01,0.0,0.0,0.808457681065496,0
CRI,2025-06-01,0.0,0.0,0.808457681065496,0
CUB,2025-06-01,0.0,0.0,0.808457681065496,0
CYP,2025-06-01,0.0,0.0,0.808457681065496,0
CZE,2025-06-01,0.0,0.0,0.808457681065496,0
DEU,2025-06-01,0.0,0.0,0.808457681065496,0
DJI,2025-06-01,0.0,0.0,0.808457681065496,0
DNK,2025-06-01,0.0,0.0,0.808457681065496,0
DOM,2025-06-01,0.0,0.0,0.808457681065496,0
DZA,2025-06-01,0.0,0.0,0.808457681065496,0
ECU,2025-06-01,0.0,0.0,0.808457681065496,0
EGY,2025-06-01,0.0,0.0,0.808457681065496,0
ERI,2025-06-01,0.0,0.0,0.808457681065496,0
ESP,2025-06-01,0.0,0.0,0.808457681065496,0
EST,2025-06-01,0.0,0.0,0.808457681065496,0
ETH,2025-06-01,1.0,0.9151359271248682,0.808457681065496,1
FIN,2025-06-01,0.0,0.0,0.808457681065496,0
FJI,2025-06-01,0.0,0.0,0.808457681065496,0
FRA,2025-06-01,0.0,0.0,0.808457681065496,0
GAB,2025-06-01,0.0,0.0,0.808457681065496,0
GBR,2025-06-01,0.0,0.0,0.808457681065496,0
GEO,2025-06-01,0.0,0.0,0.808457681065496,0
GHA,2025-06-01,0.0,0.0,0.808457681065496,0
GIN,2025-06-01,0.0,0.0,0.808457681065496,0
GMB,2025-06-01,0.0,0.0,0.808457681065496,0
GNB,2025-06-01,0.0,0.0,0.808457681065496,0
GNQ,2025-06-01,0.0,0.0,0.808457681065496,0
GRC,2025-06-01,0.0,0.0,0.808457681065496,0
GRD,2025-06-01,0.0,0.0,0.808457681065496,0
GTM,2025-06-01,0.0,0.0,0.808457681065496,0
GUY,2025-06-01,0.0,0.0,0.808457681065496,0
HND,2025-06-01,0.0,0.0,0.808457681065496,0
HRV,2025-06-01,0.0,0.0,0.808457681065496,0
HUN,2025-06-01,0.0,0.0,0.808457681065496,0
IDN,2025-06-01,0.0,0.014238191139873986,0.808457681065496,0
IND,2025-06-01,0.0,0.1906796820152896,0.808457681065496,0
IRL,2025-06-01,0.0,0.0,0.808457681065496,0
IRN,2025-06-01,0.0,0.14461143480045044,0.808457681065496,0
IRQ,2025-06-01,0.0,0.07146559820172405,0.808457681065496,0
ISL,2025-06-01,0.0,0.0,0.808457681065496,0
ISR,2025-06-01,0.0,0.09905072218353418,0.808457681065496,0
ITA,2025-06-01,0.0,0.0,0.808457681065496,0
JAM,2025-06-01,0.0,0.0,0.808457681065496,0
JOR,2025-06-01,0.0,0.0,0.808457681065496,0
JPN,2025-06-01,0.0,0.0,0.808457681065496,0
KAZ,2025-06-01,0.0,0.0,0.808457681065496,0
KEN,2025-06-01,0.0,0.017458428706134357,0.808457681065496,0
KGZ,2025-06-01,0.0,0.0,0.808457681065496,0
KHM,2025-06-01,1.0,0.0,0.808457681065496,0
KOR,2025-06-01,0.0,0.0,0.808457681065496,0
KWT,2025-06-01,0.0,0.0,0.808457681065496,0
LAO,2025-06-01,0.0,0.0,0.808457681065496,0
LBN,2025-06-01,0.0,0.2992523645854107,0.808457681065496,0
LBR,2025-06-01,0.0,0.0,0.808457681065496,0
LBY,2025-06-01,0.0,0.044148570339988265,0.808457681065496,0
LKA,2025-06-01,0.0,0.0,0.808457681065496,0
LSO,2025-06-01,0.0,0.0,0.808457681065496,0
LTU,2025-06-01,0.0,0.0,0.808457681065496,0
LUX,2025-06-01,0.0,0.0,0.808457681065496,0
LVA,2025-06-01,0.0,0.0,0.808457681065496,0
MAR,2025-06-01,0.0,0.0,0.808457681065496,0
MDA,2025-06-01,0.0,0.0,0.808457681065496,0
MDG,2025-06-01,0.0,0.0,0.808457681065496,0
MDV,2025-06-01,0.0,0.0,0.808457681065496,0
MEX,2025-06-01,0.0,0.0,0.808457681065496,0
MKD,2025-06-01,0.0,0.0,0.808457681065496,0
MLI,2025-06-01,0.0,0.9435363686067029,0.808457681065496,1
MLT,2025-06-01,0.0,0.0,0.808457681065496,0
MMR,2025-06-01,0.0,0.2412418453707673,0.808457681065496,0
MNE,2025-06-01,0.0,0.0,0.808457681065496,0
MNG,2025-06-01,0.0,0.0,0.808457681065496,0
MOZ,2025-06-01,1.0,0.6993060167311208,0.808457681065496,0
MRT,2025-06-01,0.0,0.0,0.808457681065496,0
MUS,2025-06-01,0.0,0.0,0.808457681065496,0
MWI,2025-06-01,0.0,0.0,0.808457681065496,0
MYS,2025-06-01,0.0,0.0,0.808457681065496,0
NAM,2025-06-01,0.0,0.0,0.808457681065496,0
NIC,2025-06-01,0.0,0.0,0.808457681065496,0
NLD,2025-06-01,0.0,0.0,0.808457681065496,0
NOR,2025-06-01,0.0,0.0,0.808457681065496,0
NPL,2025-06-01,0.0,0.0,0.808457681065496,0
NZL,2025-06-01,0.0,0.0,0.808457681065496,0
OMN,2025-06-01,0.0,0.0,0.808457681065496,0
PAK,2025-06-01,1.0,0.3534535219231379,0.808457681065496,0
PAN,2025-06-01,0.0,0.0,0.808457681065496,0
PER,2025-06-01,0.0,0.0,0.808457681065496,0
PHL,2025-06-01,0.0,0.237085510891189,0.808457681065496,0
PNG,2025-06-01,0.0,0.0,0.808457681065496,0
POL,2025-06-01,0.0,0.0,0.808457681065496,0
PRK,2025-06-01,0.0,0.0,0.808457681065496,0
PRT,2025-06-01,0.0,0.0,0.808457681065496,0
PRY,2025-06-01,0.0,0.0,0.808457681065496,0
QAT,2025-06-01,0.0,0.0,0.808457681065496,0
ROU,2025-06-01,0.0,0.0,0.808457681065496,0
RUS,2025-06-01,0.0,0.0503136179271312,0.808457681065496,0
RWA,2025-06-01,0.0,0.0,0.808457681065496,0
SAU,2025-06-01,0.0,0.0,0.808457681065496,0
SEN,2025-06-01,0.0,0.0,0.808457681065496,0
SGP,2025-06-01,0.0,0.0,0.808457681065496,0
SLB,2025-06-01,0.0,0.0,0.808457681065496,0
SLE,2025-06-01,0.0,0.0,0.808457681065496,0
SLV,2025-06-01,0.0,0.0,0.808457681065496,0
SRB,2025-06-01,0.0,0.0,0.808457681065496,0
STP,2025-06-01,0.0,0.0,0.808457681065496,0
SVK,2025-06-01,0.0,0.0,0.808457681065496,0
SVN,2025-06-01,0.0,0.0,0.808457681065496,0
SWE,2025-06-01,0.0,0.0,0.808457681065496,0
SWZ,2025-06-01,0.0,0.0,0.808457681065496,0
SYC,2025-06-01,0.0,0.0,0.808457681065496,0
SYR,2025-06-01,0.0,0.15687462386348203,0.808457681065496,0
TCD,2025-06-01,0.0,0.16700151336295604,0.808457681065496,0
TGO,2025-06-01,0.0,0.0,0.808457681065496,0
THA,2025-06-01,1.0,0.0,0.808457681065496,0
TJK,2025-06-01,0.0,0.0,0.808457681065496,0
TKM,2025-06-01,0.0,0.0,0.808457681065496,0
TLS,2025-06-01,0.0,0.0,0.808457681065496,0
TON,2025-06-01,0.0,0.0,0.808457681065496,0
TTO,2025-06-01,0.0,0.0,0.808457681065496,0
TUN,2025-06-01,0.0,0.0,0.808457681065496,0
TUR,2025-06-01,0.0,0.0,0.808457681065496,0
TZA,2025-06-01,0.0,0.0,0.808457681065496,0
UGA,2025-06-01,0.0,0.004218660560961644,0.808457681065496,0
UKR,2025-06-01,0.0,0.0759753868607171,0.808457681065496,0
URY,2025-06-01,0.0,0.0,0.808457681065496,0
USA,2025-06-01,0.0,0.0,0.808457681065496,0
UZB,2025-06-01,0.0,0.0,0.808457681065496,0
VEN,2025-06-01,0.0,0.0,0.808457681065496,0
VNM,2025-06-01,0.0,0.0,0.808457681065496,0
VUT,2025-06-01,0.0,0.0,0.808457681065496,0
WSM,2025-06-01,0.0,0.0,0.808457681065496,0
YEM,2025-06-01,0.0,0.048532786204445275,0.808457681065496,0
ZAF,2025-06-01,0.0,0.0,0.808457681065496,0
ZMB,2025-06-01,0.0,0.0,0.808457681065496,0
ZWE,2025-06-01,0.0,0.0,0.808457681065496,0
AFG,2025-07-01,0.0,0.13532387091524803,0.808457681065496,0
AGO,2025-07-01,0.0,0.008070669846087146,0.808457681065496,0
ALB,2025-07-01,0.0,0.001916831308019164,0.808457681065496,0
ARE,2025-07-01,0.0,0.0,0.808457681065496,0
ARG,2025-07-01,0.0,0.0,0.808457681065496,0
ARM,2025-07-01,0.0,0.0,0.808457681065496,0
AUS,2025-07-01,0.0,0.0,0.808457681065496,0
AUT,2025-07-01,0.0,0.0,0.808457681065496,0
AZE,2025-07-01,0.0,0.0,0.808457681065496,0
BDI,2025-07-01,0.0,0.029068228441266136,0.808457681065496,0
BEL,2025-07-01,0.0,0.0,0.808457681065496,0
BEN,2025-07-01,0.0,0.027971753379160934,0.808457681065496,0
BGD,2025-07-01,0.0,0.0,0.808457681065496,0
BGR,2025-07-01,0.0,0.0,0.808457681065496,0
BHR,2025-07-01,0.0,0.0,0.808457681065496,0
BHS,2025-07-01,0.0,0.0,0.808457681065496,0
BIH,2025-07-01,0.0,0.0,0.808457681065496,0
BLR,2025-07-01,0.0,0.0,0.808457681065496,0
BLZ,2025-07-01,0.0,0.0,0.808457681065496,0
BOL,2025-07-01,0.0,0.0,0.808457681065496,0
BRA,2025-07-01,0.0,0.0,0.808457681065496,0
BRB,2025-07-01,0.0,0.0,0.808457681065496,0
BRN,2025-07-01,0.0,0.0,0.808457681065496,0
BTN,2025-07-01,0.0,0.0,0.808457681065496,0
BWA,2025-07-01,0.0,0.0,0.808457681065496,0
CAF,2025-07-01,0.0,0.47576904058116903,0.808457681065496,0
CAN,2025-07-01,0.0,0.0,0.808457681065496,0
CHE,2025-07-01,0.0,0.0,0.808457681065496,0
CHL,2025-07-01,0.0,0.0,0.808457681065496,0
CHN,2025-07-01,0.0,0.0,0.808457681065496,0
CIV,2025-07-01,0.0,0.0,0.808457681065496,0
CMR,2025-07-01,0.0,0.21817566497259866,0.808457681065496,0
COL,2025-07-01,0.0,0.09713232018562704,0.808457681065496,0
COM,2025-07-01,0.0,0.0,0.808457681065496,0
CRI,2025-07-01,0.0,0.0,0.808457681065496,0
CUB,2025-07-01,0.0,0.0,0.808457681065496,0
CYP,2025-07-01,0.0,0.0,0.808457681065496,0
CZE,2025-07-01,0.0,0.0,0.808457681065496,0
DEU,2025-07-01,0.0,0.0,0.808457681065496,0
DJI,2025-07-01,0.0,0.004528688163761145,0.808457681065496,0
DNK,2025-07-01,0.0,0.0,0.808457681065496,0
DOM,2025-07-01,0.0,0.0,0.808457681065496,0
DZA,2025-07-01,0.0,0.0,0.808457681065496,0
ECU,2025-07-01,0.0,0.004555270800453187,0.808457681065496,0
EGY,2025-07-01,0.0,0.005,0.808457681065496,0
ERI,2025-07-01,0.0,0.0,0.808457681065496,0
ESP,2025-07-01,0.0,0.0,0.808457681065496,0
EST,2025-07-01,0.0,0.0,0.808457681065496,0
FIN,2025-07-01,0.0,0.0,0.808457681065496,0
FJI,2025-07-01,0.0,0.0,0.808457681065496,0
FRA,2025-07-01,0.0,0.0,0.808457681065496,0
GAB,2025-07-01,0.0,0.0,0.808457681065496,0
GBR,2025-07-01,0.0,0.0,0.808457681065496,0
GEO,2025-07-01,0.0,0.001916831308019164,0.808457681065496,0
GHA,2025-07-01,0.0,0.005,0.808457681065496,0
GIN,2025-07-01,0.0,0.0,0.808457681065496,0
GMB,2025-07-01,0.0,0.001916831308019164,0.808457681065496,0
GNB,2025-07-01,0.0,0.0,0.808457681065496,0
GNQ,2025-07-01,0.0,0.0,0.808457681065496,0
GRC,2025-07-01,0.0,0.0,0.808457681065496,0
GRD,2025-07-01,0.0,0.0,0.808457681065496,0
GTM,2025-07-01,0.0,0.005,0.808457681065496,0
GUY,2025-07-01,0.0,0.0,0.808457681065496,0
HND,2025-07-01,0.0,0.0,0.808457681065496,0
HRV,2025-07-01,0.0,0.0,0.808457681065496,0
HTI,2025-07-01,1.0,0.8096621135771177,0.808457681065496,1
HUN,2025-07-01,0.0,0.0,0.808457681065496,0
IDN,2025-07-01,0.0,0.0,0.808457681065496,0
IND,2025-07-01,0.0,0.1579396177827735,0.808457681065496,0
IRL,2025-07-01,0.0,0.0,0.808457681065496,0
IRN,2025-07-01,0.0,0.2831618175357881,0.808457681065496,0
IRQ,2025-07-01,0.0,0.02046124853056819,0.808457681065496,0
ISL,2025-07-01,0.0,0.0,0.808457681065496,0
ISR,2025-07-01,0.0,0.24766133699480425,0.808457681065496,0
ITA,2025-07-01,0.0,0.0,0.808457681065496,0
JAM,2025-07-01,0.0,0.0,0.808457681065496,0
JOR,2025-07-01,0.0,0.0,0.808457681065496,0
JPN,2025-07-01,0.0,0.0,0.808457681065496,0
KAZ,2025-07-01,0.0,0.0,0.808457681065496,0
KEN,2025-07-01,0.0,0.0492619588740908,0.808457681065496,0
KGZ,2025-07-01,0.0,0.0,0.808457681065496,0
KHM,2025-07-01,0.0,0.07906730303429085,0.808457681065496,0
KOR,2025-07-01,0.0,0.0,0.808457681065496,0
KWT,2025-07-01,0.0,0.0,0.808457681065496,0
LAO,2025-07-01,0.0,0.0,0.808457681065496,0
LBN,2025-07-01,0.0,0.28687241952799686,0.808457681065496,0
LBR,2025-07-01,0.0,0.0030706698460871455,0.808457681065496,0
LBY,2025-07-01,0.0,0.05719310099804483,0.808457681065496,0
LKA,2025-07-01,0.0,0.0,0.808457681065496,0
LSO,2025-07-01,0.0,0.0,0.808457681065496,0
LTU,2025-07-01,0.0,0.0,0.808457681065496,0
LUX,2025-07-01,0.0,0.0,0.808457681065496,0
LVA,2025-07-01,0.0,0.0,0.808457681065496,0
MAR,2025-07-01,0.0,0.0,0.808457681065496,0
MDA,2025-07-01,0.0,0.0,0.808457681065496,0
MDG,2025-07-01,0.0,0.0,0.808457681065496,0
MDV,2025-07-01,0.0,0.0,0.808457681065496,0
MEX,2025-07-01,0.0,0.018213228459075838,0.808457681065496,0
MKD,2025-07-01,0.0,0.0,0.808457681065496,0
MLI,2025-07-01,0.0,0.9073393163112224,0.808457681065496,1
MLT,2025-07-01,0.0,0.0,0.808457681065496,0
MMR,2025-07-01,0.0,0.18776982604578685,0.808457681065496,0
MNE,2025-07-01,0.0,0.001916831308019164,0.808457681065496,0
MNG,2025-07-01,0.0,0.001916831308019164,0.808457681065496,0
MRT,2025-07-01,0.0,0.0,0.808457681065496,0
MUS,2025-07-01,0.0,0.0,0.808457681065496,0
MWI,2025-07-01,0.0,0.0,0.808457681065496,0
MYS,2025-07-01,0.0,0.001916831308019164,0.808457681065496,0
NAM,2025-07-01,0.0,0.0,0.808457681065496,0
NIC,2025-07-01,0.0,0.0,0.808457681065496,0
NLD,2025-07-01,0.0,0.0,0.808457681065496,0
NOR,2025-07-01,0.0,0.0,0.808457681065496,0
NPL,2025-07-01,0.0,0.0,0.808457681065496,0
NZL,2025-07-01,0.0,0.0,0.808457681065496,0
OMN,2025-07-01,0.0,0.0,0.808457681065496,0
PAK,2025-07-01,1.0,0.4486898882377454,0.808457681065496,0
PAN,2025-07-01,0.0,0.0,0.808457681065496,0
PER,2025-07-01,0.0,0.0,0.808457681065496,0
PHL,2025-07-01,0.0,0.23937447382676857,0.808457681065496,0
PNG,2025-07-01,0.0,0.0,0.808457681065496,0
POL,2025-07-01,0.0,0.0,0.808457681065496,0
PRK,2025-07-01,0.0,0.0,0.808457681065496,0
PRT,2025-07-01,0.0,0.0,0.808457681065496,0
PRY,2025-07-01,0.0,0.0,0.808457681065496,0
QAT,2025-07-01,0.0,0.0,0.808457681065496,0
ROU,2025-07-01,0.0,0.0,0.808457681065496,0
RUS,2025-07-01,0.0,0.05547934306866539,0.808457681065496,0
RWA,2025-07-01,0.0,0.0,0.808457681065496,0
SAU,2025-07-01,0.0,0.0,0.808457681065496,0
SEN,2025-07-01,0.0,0.0,0.808457681065496,0
SGP,2025-07-01,0.0,0.0,0.808457681065496,0
SLB,2025-07-01,0.0,0.0,0.808457681065496,0
SLE,2025-07-01,0.0,0.0,0.808457681065496,0
SLV,2025-07-01,0.0,0.0,0.808457681065496,0
SRB,2025-07-01,0.0,0.0,0.808457681065496,0
STP,2025-07-01,0.0,0.0,0.808457681065496,0
SVK,2025-07-01,0.0,0.0,0.808457681065496,0
SVN,2025-07-01,0.0,0.0,0.808457681065496,0
SWE,2025-07-01,0.0,0.0,0.808457681065496,0
SWZ,2025-07-01,0.0,0.0,0.808457681065496,0
SYC,2025-07-01,0.0,0.0,0.808457681065496,0
SYR,2025-07-01,0.0,0.2313519107168771,0.808457681065496,0
TCD,2025-07-01,0.0,0.23336188326761145,0.808457681065496,0
TGO,2025-07-01,0.0,0.0,0.808457681065496,0
THA,2025-07-01,0.0,0.06398908507079051,0.808457681065496,0
TJK,2025-07-01,0.0,0.0,0.808457681065496,0
TKM,2025-07-01,0.0,0.0,0.808457681065496,0
TLS,2025-07-01,0.0,0.0,0.808457681065496,0
TON,2025-07-01,0.0,0.0,0.808457681065496,0
TTO,2025-07-01,0.0,0.0,0.808457681065496,0
TUN,2025-07-01,0.0,0.0,0.808457681065496,0
TUR,2025-07-01,0.0,0.004799510659586754,0.808457681065496,0
TZA,2025-07-01,0.0,0.0,0.808457681065496,0
UGA,2025-07-01,0.0,0.012998743281097024,0.808457681065496,0
UKR,2025-07-01,0.0,0.1562548457262805,0.808457681065496,0
URY,2025-07-01,0.0,0.0,0.808457681065496,0
USA,2025-07-01,0.0,0.003106632160715855,0.808457681065496,0
UZB,2025-07-01,0.0,0.0,0.808457681065496,0
VEN,2025-07-01,0.0,0.0,0.808457681065496,0
VNM,2025-07-01,0.0,0.0,0.808457681065496,0
VUT,2025-07-01,0.0,0.0,0.808457681065496,0
WSM,2025-07-01,0.0,0.0,0.808457681065496,0
YEM,2025-07-01,0.0,0.04079757929177353,0.808457681065496,0
ZAF,2025-07-01,0.0,0.0,0.808457681065496,0
ZMB,2025-07-01,0.0,0.0,0.808457681065496,0
ZWE,2025-07-01,0.0,0.004522611460900884,0.808457681065496,0
AFG,2025-08-01,1.0,0.07752493246711327,0.808457681065496,0
AGO,2025-08-01,0.0,0.003942487616951019,0.808457681065496,0
ALB,2025-08-01,0.0,0.0014028405391247215,0.808457681065496,0
ARE,2025-08-01,0.0,0.0,0.808457681065496,0
ARG,2025-08-01,0.0,0.0,0.808457681065496,0
ARM,2025-08-01,0.0,0.00014610144602394273,0.808457681065496,0
AUS,2025-08-01,0.0,0.0,0.808457681065496,0
AUT,2025-08-01,0.0,0.0,0.808457681065496,0
AZE,2025-08-01,0.0,0.008343561563564486,0.808457681065496,0
BDI,2025-08-01,0.0,0.00014610144602394273,0.808457681065496,0
BEL,2025-08-01,0.0,0.0,0.808457681065496,0
BEN,2025-08-01,0.0,0.038098223544791913,0.808457681065496,0
BGD,2025-08-01,0.0,0.021587466473762865,0.808457681065496,0
BGR,2025-08-01,0.0,0.0,0.808457681065496,0
BHR,2025-08-01,0.0,0.0,0.808457681065496,0
BHS,2025-08-01,0.0,0.0014028405391247215,0.808457681065496,0
BIH,2025-08-01,0.0,0.0,0.808457681065496,0
BLR,2025-08-01,0.0,0.0003017430203366392,0.808457681065496,0
BLZ,2025-08-01,0.0,0.0,0.808457681065496,0
BOL,2025-08-01,0.0,0.0048522221073619455,0.808457681065496,0
BRA,2025-08-01,0.0,0.0,0.808457681065496,0
BRB,2025-08-01,0.0,0.0027375215646128696,0.808457681065496,0
BRN,2025-08-01,0.0,0.0,0.808457681065496,0
BTN,2025-08-01,0.0,0.0,0.808457681065496,0
BWA,2025-08-01,0.0,0.0,0.808457681065496,0
CAF,2025-08-01,0.0,0.5235349878844482,0.808457681065496,0
CAN,2025-08-01,0.0,0.0,0.808457681065496,0
CHE,2025-08-01,0.0,0.0,0.808457681065496,0
CHL,2025-08-01,0.0,0.0,0.808457681065496,0
CHN,2025-08-01,0.0,0.0,0.808457681065496,0
CIV,2025-08-01,0.0,0.0447225225462792,0.808457681065496,0
CMR,2025-08-01,0.0,0.3035991076153459,0.808457681065496,0
COL,2025-08-01,0.0,0.1801816713862327,0.808457681065496,0
COM,2025-08-01,0.0,0.00014610144602394273,0.808457681065496,0
CRI,2025-08-01,0.0,0.0,0.808457681065496,0
CUB,2025-08-01,0.0,0.0,0.808457681065496,0
CYP,2025-08-01,0.0,0.0,0.808457681065496,0
CZE,2025-08-01,0.0,0.0,0.808457681065496,0
DEU,2025-08-01,0.0,0.0,0.808457681065496,0
DJI,2025-08-01,0.0,0.008323137614270879,0.808457681065496,0
DNK,2025-08-01,0.0,0.0,0.808457681065496,0
DOM,2025-08-01,0.0,0.0,0.808457681065496,0
DZA,2025-08-01,0.0,0.0,0.808457681065496,0
ECU,2025-08-01,0.0,0.009906002807930692,0.808457681065496,0
EGY,2025-08-01,0.0,0.00014610144602394273,0.808457681065496,0
ERI,2025-08-01,0.0,0.005533529075198944,0.808457681065496,0
ESP,2025-08-01,0.0,0.0,0.808457681065496,0
EST,2025-08-01,0.0,0.0,0.808457681065496,0
FIN,2025-08-01,0.0,0.0,0.808457681065496,0
FJI,2025-08-01,0.0,0.0,0.808457681065496,0
FRA,2025-08-01,0.0,0.0,0.808457681065496,0
GAB,2025-08-01,0.0,0.0,0.808457681065496,0
GBR,2025-08-01,0.0,0.0,0.808457681065496,0
GEO,2025-08-01,0.0,0.0,0.808457681065496,0
GHA,2025-08-01,0.0,0.010262292936982737,0.808457681065496,0
GIN,2025-08-01,0.0,0.0,0.808457681065496,0
GMB,2025-08-01,0.0,0.0,0.808457681065496,0
GNB,2025-08-01,0.0,0.0004478444663605819,0.808457681065496,0
GNQ,2025-08-01,0.0,0.0,0.808457681065496,0
GRC,2025-08-01,0.0,0.0,0.808457681065496,0
GRD,2025-08-01,0.0,0.0,0.808457681065496,0
GTM,2025-08-01,0.0,0.00014610144602394273,0.808457681065496,0
GUY,2025-08-01,0.0,0.0,0.808457681065496,0
HND,2025-08-01,0.0,0.00014610144602394273,0.808457681065496,0
HRV,2025-08-01,0.0,0.0,0.808457681065496,0
HTI,2025-08-01,1.0,0.8216573394621282,0.808457681065496,1
HUN,2025-08-01,0.0,0.0,0.808457681065496,0
IDN,2025-08-01,0.0,0.009794276369204028,0.808457681065496,0
IND,2025-08-01,0.0,0.13559991928570997,0.808457681065496,0
IRL,2025-08-01,0.0,0.0,0.808457681065496,0
IRN,2025-08-01,0.0,0.2816946311727535,0.808457681065496,0
IRQ,2025-08-01,0.0,0.0263624767711172,0.808457681065496,0
ISL,2025-08-01,0.0,0.0014028405391247215,0.808457681065496,0
ISR,2025-08-01,0.0,0.19888858592492556,0.808457681065496,0
ITA,2025-08-01,0.0,0.0,0.808457681065496,0
JAM,2025-08-01,0.0,0.0,0.808457681065496,0
JOR,2025-08-01,0.0,0.0,0.808457681065496,0
JPN,2025-08-01,0.0,0.0,0.808457681065496,0
KAZ,2025-08-01,0.0,0.0,0.808457681065496,0
KEN,2025-08-01,0.0,0.16114668589274037,0.808457681065496,0
KGZ,2025-08-01,0.0,0.0,0.808457681065496,0
KHM,2025-08-01,0.0,0.0836389896929541,0.808457681065496,0
KOR,2025-08-01,0.0,0.0,0.808457681065496,0
KWT,2025-08-01,0.0,0.0,0.808457681065496,0
LAO,2025-08-01,0.0,0.0,0.808457681065496,0
LBN,2025-08-01,0.0,0.24771069300783066,0.808457681065496,0
LBR,2025-08-01,0.0,0.0,0.808457681065496,0
LBY,2025-08-01,0.0,0.10012215343430202,0.808457681065496,0
LKA,2025-08-01,0.0,0.00014610144602394273,0.808457681065496,0
LSO,2025-08-01,0.0,0.0,0.808457681065496,0
LTU,2025-08-01,0.0,0.0,0.808457681065496,0
LUX,2025-08-01,0.0,0.0014028405391247215,0.808457681065496,0
LVA,2025-08-01,0.0,0.0,0.808457681065496,0
MAR,2025-08-01,0.0,0.0,0.808457681065496,0
MDA,2025-08-01,0.0,0.0004478444663605819,0.808457681065496,0
MDG,2025-08-01,0.0,0.0010864817314546582,0.808457681065496,0
MDV,2025-08-01,0.0,0.0,0.808457681065496,0
MEX,2025-08-01,0.0,0.021536443920704626,0.808457681065496,0
MKD,2025-08-01,0.0,0.0,0.808457681065496,0
MLI,2025-08-01,0.0,0.8829393481316076,0.808457681065496,1
MLT,2025-08-01,0.0,0.0014028405391247215,0.808457681065496,0
MMR,2025-08-01,0.0,0.11388101563629975,0.808457681065496,0
MNE,2025-08-01,0.0,0.0,0.808457681065496,0
MNG,2025-08-01,0.0,0.006518181537432863,0.808457681065496,0
MRT,2025-08-01,0.0,0.0033953455303820266,0.808457681065496,0
MUS,2025-08-01,0.0,0.0,0.808457681065496,0
MWI,2025-08-01,0.0,0.004530128373808521,0.808457681065496,0
MYS,2025-08-01,0.0,0.0,0.808457681065496,0
NAM,2025-08-01,0.0,0.0,0.808457681065496,0
NER,2025-08-01,0.0,0.775171793943377,0.808457681065496,0
NIC,2025-08-01,0.0,0.007274044010121481,0.808457681065496,0
NLD,2025-08-01,0.0,0.0,0.808457681065496,0
NOR,2025-08-01,0.0,0.0,0.808457681065496,0
NPL,2025-08-01,0.0,0.0,0.808457681065496,0
NZL,2025-08-01,0.0,0.0,0.808457681065496,0
OMN,2025-08-01,0.0,0.0,0.808457681065496,0
PAK,2025-08-01,1.0,0.8749800897172305,0.808457681065496,1
PAN,2025-08-01,0.0,0.0,0.808457681065496,0
PER,2025-08-01,0.0,0.0048353020587242656,0.808457681065496,0
PHL,2025-08-01,0.0,0.20449834526763613,0.808457681065496,0
PNG,2025-08-01,0.0,0.0018385599821483063,0.808457681065496,0
POL,2025-08-01,0.0,0.0,0.808457681065496,0
PRK,2025-08-01,0.0,0.0018506850054853033,0.808457681065496,0
PRT,2025-08-01,0.0,0.0,0.808457681065496,0
PRY,2025-08-01,0.0,0.0,0.808457681065496,0
QAT,2025-08-01,0.0,0.0003017430203366392,0.808457681065496,0
ROU,2025-08-01,0.0,0.0003017430203366392,0.808457681065496,0
RUS,2025-08-01,0.0,0.09707266781292503,0.808457681065496,0
RWA,2025-08-01,0.0,0.001480782471512091,0.808457681065496,0
SAU,2025-08-01,0.0,0.0,0.808457681065496,0
SEN,2025-08-01,0.0,0.00014610144602394273,0.808457681065496,0
SGP,2025-08-01,0.0,0.0,0.808457681065496,0
SLB,2025-08-01,0.0,0.00324074283516931,0.808457681065496,0
SLE,2025-08-01,0.0,0.00014610144602394273,0.808457681065496,0
SLV,2025-08-01,0.0,0.00014610144602394273,0.808457681065496,0
SRB,2025-08-01,0.0,0.0003017430203366392,0.808457681065496,0
STP,2025-08-01,0.0,0.0014028405391247215,0.808457681065496,0
SVK,2025-08-01,0.0,0.0,0.808457681065496,0
SVN,2025-08-01,0.0,0.0,0.808457681065496,0
SWE,2025-08-01,0.0,0.0,0.808457681065496,0
SWZ,2025-08-01,0.0,0.0,0.808457681065496,0
SYC,2025-08-01,0.0,0.0,0.808457681065496,0
SYR,2025-08-01,1.0,0.10773089992956039,0.808457681065496,0
TCD,2025-08-01,0.0,0.22907776862191484,0.808457681065496,0
TGO,2025-08-01,0.0,0.00014610144602394273,0.808457681065496,0
THA,2025-08-01,0.0,0.04610803349103523,0.808457681065496,0
TJK,2025-08-01,0.0,0.0,0.808457681065496,0
TKM,2025-08-01,0.0,0.0004478444663605819,0.808457681065496,0
TLS,2025-08-01,0.0,0.0,0.808457681065496,0
TON,2025-08-01,0.0,0.0,0.808457681065496,0
TTO,2025-08-01,0.0,0.0010864817314546582,0.808457681065496,0
TUN,2025-08-01,0.0,0.0004478444663605819,0.808457681065496,0
TUR,2025-08-01,0.0,0.008202075940019942,0.808457681065496,0
TZA,2025-08-01,0.0,0.00014610144602394273,0.808457681065496,0
UGA,2025-08-01,0.0,0.028667383148816564,0.808457681065496,0
UKR,2025-08-01,0.0,0.14762126058700525,0.808457681065496,0
URY,2025-08-01,0.0,0.0027375215646128696,0.808457681065496,0
USA,2025-08-01,0.0,0.0,0.808457681065496,0
UZB,2025-08-01,0.0,0.0,0.808457681065496,0
VEN,2025-08-01,0.0,0.00014610144602394273,0.808457681065496,0
VNM,2025-08-01,0.0,0.0,0.808457681065496,0
VUT,2025-08-01,0.0,0.0,0.808457681065496,0
WSM,2025-08-01,0.0,0.0,0.808457681065496,0
YEM,2025-08-01,0.0,0.032653833050975384,0.808457681065496,0
ZAF,2025-08-01,0.0,0.008517381911028183,0.808457681065496,0
ZMB,2025-08-01,0.0,0.0,0.808457681065496,0
ZWE,2025-08-01,0.0,0.008842960667786446,0.808457681065496,0
AFG,2025-09-01,1.0,0.1061591062878456,0.808457681065496,0
AGO,2025-09-01,0.0,0.02002370425891799,0.808457681065496,0
ALB,2025-09-01,0.0,0.0005584372543276877,0.808457681065496,0
ARE,2025-09-01,0.0,0.0,0.808457681065496,0
ARG,2025-09-01,0.0,0.0,0.808457681065496,0
ARM,2025-09-01,0.0,0.0,0.808457681065496,0
AUS,2025-09-01,0.0,0.0,0.808457681065496,0
AUT,2025-09-01,0.0,0.0,0.808457681065496,0
AZE,2025-09-01,0.0,0.010024159569920563,0.808457681065496,0
BDI,2025-09-01,0.0,0.00964425357348888,0.808457681065496,0
BEL,2025-09-01,0.0,0.0,0.808457681065496,0
BEN,2025-09-01,0.0,0.0,0.808457681065496,0
BFA,2025-09-01,0.0,0.7086594428892106,0.808457681065496,0
BGD,2025-09-01,0.0,0.014553997247569441,0.808457681065496,0
BGR,2025-09-01,0.0,0.0,0.808457681065496,0
BHR,2025-09-01,0.0,0.0,0.808457681065496,0
BHS,2025-09-01,0.0,0.0,0.808457681065496,0
BIH,2025-09-01,0.0,0.0,0.808457681065496,0
BLR,2025-09-01,0.0,0.0,0.808457681065496,0
BLZ,2025-09-01,0.0,0.0,0.808457681065496,0
BOL,2025-09-01,0.0,0.005,0.808457681065496,0
BRA,2025-09-01,0.0,0.0044339391714093394,0.808457681065496,0
BRB,2025-09-01,0.0,0.0,0.808457681065496,0
BRN,2025-09-01,0.0,0.0,0.808457681065496,0
BTN,2025-09-01,0.0,0.0,0.808457681065496,0
BWA,2025-09-01,0.0,0.0,0.808457681065496,0
CAF,2025-09-01,0.0,0.47968311270281233,0.808457681065496,0
CAN,2025-09-01,0.0,0.0,0.808457681065496,0
CHE,2025-09-01,0.0,0.0,0.808457681065496,0
CHL,2025-09-01,0.0,0.0,0.808457681065496,0
CHN,2025-09-01,0.0,0.0,0.808457681065496,0
CIV,2025-09-01,0.0,0.019374195656010795,0.808457681065496,0
CMR,2025-09-01,0.0,0.23194948930645162,0.808457681065496,0
COL,2025-09-01,0.0,0.2193071081734626,0.808457681065496,0
COM,2025-09-01,0.0,0.0,0.808457681065496,0
CRI,2025-09-01,0.0,0.0,0.808457681065496,0
CUB,2025-09-01,0.0,0.0,0.808457681065496,0
CYP,2025-09-01,0.0,0.0,0.808457681065496,0
CZE,2025-09-01,0.0,0.0,0.808457681065496,0
DEU,2025-09-01,0.0,0.0,0.808457681065496,0
DJI,2025-09-01,0.0,0.00344788124127162,0.808457681065496,0
DNK,2025-09-01,0.0,0.0,0.808457681065496,0
DOM,2025-09-01,0.0,0.0,0.808457681065496,0
DZA,2025-09-01,0.0,0.005,0.808457681065496,0
ECU,2025-09-01,0.0,0.0,0.808457681065496,0
EGY,2025-09-01,0.0,0.0049494500990504816,0.808457681065496,0
ERI,2025-09-01,0.0,0.014905820273357144,0.808457681065496,0
ESP,2025-09-01,0.0,0.0,0.808457681065496,0
EST,2025-09-01,0.0,0.0,0.808457681065496,0
FIN,2025-09-01,0.0,0.0,0.808457681065496,0
FJI,2025-09-01,0.0,0.0,0.808457681065496,0
FRA,2025-09-01,0.0,0.0,0.808457681065496,0
GAB,2025-09-01,0.0,0.0,0.808457681065496,0
GBR,2025-09-01,0.0,0.0,0.808457681065496,0
GEO,2025-09-01,0.0,0.0,0.808457681065496,0
GHA,2025-09-01,0.0,0.014711294622537228,0.808457681065496,0
GIN,2025-09-01,0.0,0.0,0.808457681065496,0
GMB,2025-09-01,0.0,0.0005584372543276877,0.808457681065496,0
GNB,2025-09-01,0.0,0.008551076010443553,0.808457681065496,0
GNQ,2025-09-01,0.0,0.0,0.808457681065496,0
GRC,2025-09-01,0.0,0.0,0.808457681065496,0
GRD,2025-09-01,0.0,0.0,0.808457681065496,0
GTM,2025-09-01,0.0,0.0,0.808457681065496,0
GUY,2025-09-01,0.0,0.0,0.808457681065496,0
HND,2025-09-01,0.0,0.0,0.808457681065496,0
HRV,2025-09-01,0.0,0.0,0.808457681065496,0
HUN,2025-09-01,0.0,0.0,0.808457681065496,0
IDN,2025-09-01,0.0,0.006977932970437145,0.808457681065496,0
IND,2025-09-01,0.0,0.06043848007964771,0.808457681065496,0
IRL,2025-09-01,0.0,0.0,0.808457681065496,0
IRN,2025-09-01,0.0,0.288103147983248,0.808457681065496,0
IRQ,2025-09-01,0.0,0.03998301652062076,0.808457681065496,0
ISL,2025-09-01,0.0,0.0,0.808457681065496,0
ISR,2025-09-01,0.0,0.15950861863278448,0.808457681065496,0
ITA,2025-09-01,0.0,0.0,0.808457681065496,0
JAM,2025-09-01,0.0,0.0,0.808457681065496,0
JOR,2025-09-01,0.0,0.0,0.808457681065496,0
JPN,2025-09-01,0.0,0.0,0.808457681065496,0
KAZ,2025-09-01,0.0,0.0,0.808457681065496,0
KEN,2025-09-01,0.0,0.2007189030887147,0.808457681065496,0
KGZ,2025-09-01,0.0,0.0,0.808457681065496,0
KHM,2025-09-01,0.0,0.04741722254429485,0.808457681065496,0
KOR,2025-09-01,0.0,0.0,0.808457681065496,0
KWT,2025-09-01,0.0,0.0,0.808457681065496,0
LAO,2025-09-01,0.0,0.0003262842192010311,0.808457681065496,0
LBN,2025-09-01,0.0,0.11417851535200421,0.808457681065496,0
LBR,2025-09-01,0.0,0.0,0.808457681065496,0
LBY,2025-09-01,0.0,0.08407283034087865,0.808457681065496,0
LKA,2025-09-01,0.0,0.0,0.808457681065496,0
LSO,2025-09-01,0.0,0.0,0.808457681065496,0
LTU,2025-09-01,0.0,0.0,0.808457681065496,0
LUX,2025-09-01,0.0,0.0,0.808457681065496,0
LVA,2025-09-01,0.0,0.0,0.808457681065496,0
MAR,2025-09-01,0.0,0.0,0.808457681065496,0
MDA,2025-09-01,0.0,0.0,0.808457681065496,0
MDG,2025-09-01,0.0,0.0,0.808457681065496,0
MDV,2025-09-01,0.0,0.0,0.808457681065496,0
MEX,2025-09-01,0.0,0.03866089716158547,0.808457681065496,0
MKD,2025-09-01,0.0,0.0,0.808457681065496,0
MLI,2025-09-01,0.0,0.5542352833792882,0.808457681065496,0
MLT,2025-09-01,0.0,0.0,0.808457681065496,0
MMR,2025-09-01,0.0,0.09541718215853383,0.808457681065496,0
MNE,2025-09-01,0.0,0.0,0.808457681065496,0
MNG,2025-09-01,0.0,0.0,0.808457681065496,0
MRT,2025-09-01,0.0,0.015756650149782503,0.808457681065496,0
MUS,2025-09-01,0.0,0.0,0.808457681065496,0
MWI,2025-09-01,0.0,0.015325375508585504,0.808457681065496,0
MYS,2025-09-01,0.0,0.0,0.808457681065496,0
NAM,2025-09-01,0.0,0.0,0.808457681065496,0
NER,2025-09-01,0.0,0.8014934608447042,0.808457681065496,0
NGA,2025-09-01,0.0,0.8797459518098725,0.808457681065496,1
NIC,2025-09-01,0.0,0.00776880178138309,0.808457681065496,0
NLD,2025-09-01,0.0,0.0,0.808457681065496,0
NOR,2025-09-01,0.0,0.0,0.808457681065496,0
NPL,2025-09-01,0.0,0.0,0.808457681065496,0
NZL,2025-09-01,0.0,0.0,0.808457681065496,0
OMN,2025-09-01,0.0,0.0003262842192010311,0.808457681065496,0
PAK,2025-09-01,1.0,0.9179726911174066,0.808457681065496,1
PAN,2025-09-01,0.0,0.0,0.808457681065496,0
PER,2025-09-01,0.0,0.0,0.808457681065496,0
PHL,2025-09-01,0.0,0.15084327335730585,0.808457681065496,0
PNG,2025-09-01,0.0,0.004728358403758934,0.808457681065496,0
POL,2025-09-01,0.0,0.0,0.808457681065496,0
PRK,2025-09-01,0.0,0.0027516995176787838,0.808457681065496,0
PRT,2025-09-01,0.0,0.0,0.808457681065496,0
PRY,2025-09-01,0.0,0.0,0.808457681065496,0
QAT,2025-09-01,0.0,0.0,0.808457681065496,0
ROU,2025-09-01,0.0,0.0,0.808457681065496,0
RUS,2025-09-01,0.0,0.08808329026849684,0.808457681065496,0
RWA,2025-09-01,0.0,0.009081304373053517,0.808457681065496,0
SAU,2025-09-01,0.0,0.0,0.808457681065496,0
SEN,2025-09-01,0.0,0.0,0.808457681065496,0
SGP,2025-09-01,0.0,0.0,0.808457681065496,0
SLB,2025-09-01,0.0,0.0,0.808457681065496,0
SLE,2025-09-01,0.0,0.0003262842192010311,0.808457681065496,0
SLV,2025-09-01,0.0,0.0,0.808457681065496,0
SRB,2025-09-01,0.0,0.0,0.808457681065496,0
STP,2025-09-01,0.0,0.0003262842192010311,0.808457681065496,0
SVK,2025-09-01,0.0,0.0,0.808457681065496,0
SVN,2025-09-01,0.0,0.0,0.808457681065496,0
SWE,2025-09-01,0.0,0.0,0.808457681065496,0
SWZ,2025-09-01,0.0,0.0,0.808457681065496,0
SYC,2025-09-01,0.0,0.0,0.808457681065496,0
SYR,2025-09-01,1.0,0.8274376830094805,0.808457681065496,1
TCD,2025-09-01,0.0,0.15000693618970748,0.808457681065496,0
TGO,2025-09-01,0.0,0.0,0.808457681065496,0
THA,2025-09-01,0.0,0.03322082198397552,0.808457681065496,0
TJK,2025-09-01,0.0,0.0003262842192010311,0.808457681065496,0
TKM,2025-09-01,0.0,0.0003262842192010311,0.808457681065496,0
TLS,2025-09-01,0.0,0.0,0.808457681065496,0
TON,2025-09-01,0.0,0.0,0.808457681065496,0
TTO,2025-09-01,0.0,0.0,0.808457681065496,0
TUN,2025-09-01,0.0,0.0,0.808457681065496,0
TUR,2025-09-01,0.0,0.0,0.808457681065496,0
TZA,2025-09-01,0.0,0.009304001742470746,0.808457681065496,0
UGA,2025-09-01,0.0,0.002397901773894628,0.808457681065496,0
UKR,2025-09-01,0.0,0.20216655624377505,0.808457681065496,0
URY,2025-09-01,0.0,0.0,0.808457681065496,0
USA,2025-09-01,0.0,0.0,0.808457681065496,0
UZB,2025-09-01,0.0,0.0,0.808457681065496,0
VEN,2025-09-01,0.0,0.0,0.808457681065496,0
VNM,2025-09-01,0.0,0.0003262842192010311,0.808457681065496,0
VUT,2025-09-01,0.0,0.0,0.808457681065496,0
WSM,2025-09-01,0.0,0.0,0.808457681065496,0
YEM,2025-09-01,0.0,0.054884028229191494,0.808457681065496,0
ZAF,2025-09-01,0.0,0.0,0.808457681065496,0
ZMB,2025-09-01,0.0,0.0,0.808457681065496,0
ZWE,2025-09-01,0.0,0.010404629632219518,0.808457681065496,0
AFG,2025-10-01,0.0,0.818633153157975,0.808457681065496,1
AGO,2025-10-01,0.0,0.006417289232256709,0.808457681065496,0
ALB,2025-10-01,0.0,0.0,0.808457681065496,0
ARE,2025-10-01,0.0,0.0005227970032108473,0.808457681065496,0
ARG,2025-10-01,0.0,0.0,0.808457681065496,0
ARM,2025-10-01,0.0,0.005466963561894638,0.808457681065496,0
AUS,2025-10-01,0.0,0.0,0.808457681065496,0
AUT,2025-10-01,0.0,0.00018597532343258842,0.808457681065496,0
AZE,2025-10-01,0.0,0.0055969379698137655,0.808457681065496,0
BDI,2025-10-01,0.0,0.014820338378710489,0.808457681065496,0
BEL,2025-10-01,0.0,0.0,0.808457681065496,0
BEN,2025-10-01,0.0,0.012939628476792807,0.808457681065496,0
BFA,2025-10-01,0.0,0.8989585682168518,0.808457681065496,1
BGD,2025-10-01,0.0,0.008159057933010144,0.808457681065496,0
BGR,2025-10-01,0.0,0.0,0.808457681065496,0
BHR,2025-10-01,0.0,0.0,0.808457681065496,0
BHS,2025-10-01,0.0,0.0,0.808457681065496,0
BIH,2025-10-01,0.0,0.00027748218301258345,0.808457681065496,0
BLR,2025-10-01,0.0,0.012602457128295975,0.808457681065496,0
BLZ,2025-10-01,0.0,0.0,0.808457681065496,0
BOL,2025-10-01,0.0,0.0,0.808457681065496,0
BRA,2025-10-01,0.0,0.0,0.808457681065496,0
BRB,2025-10-01,0.0,0.0007308147047532326,0.808457681065496,0
BRN,2025-10-01,0.0,0.0,0.808457681065496,0
BTN,2025-10-01,0.0,0.0,0.808457681065496,0
BWA,2025-10-01,0.0,0.0,0.808457681065496,0
CAF,2025-10-01,0.0,0.43448044784103784,0.808457681065496,0
CAN,2025-10-01,0.0,0.0,0.808457681065496,0
CHE,2025-10-01,0.0,0.0,0.808457681065496,0
CHL,2025-10-01,0.0,0.0,0.808457681065496,0
CHN,2025-10-01,0.0,0.0,0.808457681065496,0
CIV,2025-10-01,0.0,0.009111760062144201,0.808457681065496,0
CMR,2025-10-01,0.0,0.2783614796369773,0.808457681065496,0
COL,2025-10-01,0.0,0.14994999534107042,0.808457681065496,0
COM,2025-10-01,0.0,9.150685957999499e-05,0.808457681065496,0
CRI,2025-10-01,0.0,0.0,0.808457681065496,0
CUB,2025-10-01,0.0,9.150685957999499e-05,0.808457681065496,0
CYP,2025-10-01,0.0,0.00018597532343258842,0.808457681065496,0
CZE,2025-10-01,0.0,0.0,0.808457681065496,0
DEU,2025-10-01,0.0,0.0,0.808457681065496,0
DJI,2025-10-01,0.0,0.007609179297803889,0.808457681065496,0
DNK,2025-10-01,0.0,0.00018597532343258842,0.808457681065496,0
DOM,2025-10-01,0.0,0.004945432000355085,0.808457681065496,0
DZA,2025-10-01,0.0,0.0032682503398201905,0.808457681065496,0
ECU,2025-10-01,0.0,0.004545637844125632,0.808457681065496,0
EGY,2025-10-01,0.0,0.010922189226526357,0.808457681065496,0
ERI,2025-10-01,0.0,0.00553911725089258,0.808457681065496,0
ESP,2025-10-01,0.0,0.0,0.808457681065496,0
EST,2025-10-01,0.0,0.0007308147047532326,0.808457681065496,0
FIN,2025-10-01,0.0,0.0,0.808457681065496,0
FJI,2025-10-01,0.0,0.0,0.808457681065496,0
FRA,2025-10-01,0.0,0.0016600208437174318,0.808457681065496,0
GAB,2025-10-01,0.0,0.00018597532343258842,0.808457681065496,0
GBR,2025-10-01,0.0,0.0,0.808457681065496,0
GEO,2025-10-01,0.0,0.0,0.808457681065496,0
GHA,2025-10-01,0.0,0.009398849330591272,0.808457681065496,0
GIN,2025-10-01,0.0,9.150685957999499e-05,0.808457681065496,0
GMB,2025-10-01,0.0,0.0,0.808457681065496,0
GNB,2025-10-01,0.0,0.0019785509276466786,0.808457681065496,0
GNQ,2025-10-01,0.0,0.0,0.808457681065496,0
GRC,2025-10-01,0.0,0.0,0.808457681065496,0
GRD,2025-10-01,0.0,0.0,0.808457681065496,0
GTM,2025-10-01,0.0,0.000899940966738619,0.808457681065496,0
GUY,2025-10-01,0.0,0.0,0.808457681065496,0
HND,2025-10-01,0.0,0.000899940966738619,0.808457681065496,0
HRV,2025-10-01,0.0,0.0,0.808457681065496,0
HUN,2025-10-01,0.0,0.00018597532343258842,0.808457681065496,0
IDN,2025-10-01,0.0,0.0016600208437174318,0.808457681065496,0
IND,2025-10-01,0.0,0.05538121693897018,0.808457681065496,0
IRL,2025-10-01,0.0,0.00018597532343258842,0.808457681065496,0
IRN,2025-10-01,0.0,0.18834331077875216,0.808457681065496,0
IRQ,2025-10-01,0.0,0.04745629123660556,0.808457681065496,0
ISL,2025-10-01,0.0,0.00018597532343258842,0.808457681065496,0
ISR,2025-10-01,0.0,0.19196117058997952,0.808457681065496,0
ITA,2025-10-01,0.0,0.0,0.808457681065496,0
JAM,2025-10-01,0.0,0.0,0.808457681065496,0
JOR,2025-10-01,0.0,9.150685957999499e-05,0.808457681065496,0
JPN,2025-10-01,0.0,0.0,0.808457681065496,0
KAZ,2025-10-01,0.0,0.0,0.808457681065496,0
KEN,2025-10-01,0.0,0.20467383440289377,0.808457681065496,0
KGZ,2025-10-01,0.0,9.150685957999499e-05,0.808457681065496,0
KHM,2025-10-01,1.0,0.027380178997556816,0.808457681065496,0
KOR,2025-10-01,0.0,0.0,0.808457681065496,0
KWT,2025-10-01,0.0,0.0,0.808457681065496,0
LAO,2025-10-01,0.0,0.0005227970032108473,0.808457681065496,0
LBN,2025-10-01,0.0,0.09831427983644246,0.808457681065496,0
LBR,2025-10-01,0.0,9.150685957999499e-05,0.808457681065496,0
LBY,2025-10-01,0.0,0.05790322886832014,0.808457681065496,0
LKA,2025-10-01,0.0,0.0004669635618946383,0.808457681065496,0
LSO,2025-10-01,0.0,0.0007308147047532326,0.808457681065496,0
LTU,2025-10-01,0.0,0.0,0.808457681065496,0
LUX,2025-10-01,0.0,0.0007308147047532326,0.808457681065496,0
LVA,2025-10-01,0.0,0.0,0.808457681065496,0
MAR,2025-10-01,0.0,0.0004669635618946383,0.808457681065496,0
MDA,2025-10-01,0.0,0.0019785509276466786,0.808457681065496,0
MDG,2025-10-01,0.0,0.01673062333368498,0.808457681065496,0
MDV,2025-10-01,0.0,0.00018597532343258842,0.808457681065496,0
MEX,2025-10-01,0.0,0.011979804719230268,0.808457681065496,0
MKD,2025-10-01,0.0,0.00018597532343258842,0.808457681065496,0
MLI,2025-10-01,0.0,0.9329233185266607,0.808457681065496,1
MLT,2025-10-01,0.0,0.0,0.808457681065496,0
MMR,2025-10-01,1.0,0.21337822280645305,0.808457681065496,0
MNE,2025-10-01,0.0,0.00018597532343258842,0.808457681065496,0
MNG,2025-10-01,0.0,0.0,0.808457681065496,0
MRT,2025-10-01,0.0,0.0010263469956859218,0.808457681065496,0
MUS,2025-10-01,0.0,0.00018597532343258842,0.808457681065496,0
MWI,2025-10-01,0.0,0.006417289232256709,0.808457681065496,0
MYS,2025-10-01,0.0,0.0,0.808457681065496,0
NAM,2025-10-01,0.0,0.00018597532343258842,0.808457681065496,0
NER,2025-10-01,0.0,0.8826839144195391,0.808457681065496,1
NGA,2025-10-01,0.0,0.8685765431535191,0.808457681065496,1
NIC,2025-10-01,0.0,0.004305820820967884,0.808457681065496,0
NLD,2025-10-01,0.0,0.0,0.808457681065496,0
NOR,2025-10-01,0.0,0.0,0.808457681065496,0
NPL,2025-10-01,0.0,0.008181557630245587,0.808457681065496,0
NZL,2025-10-01,0.0,0.00018597532343258842,0.808457681065496,0
OMN,2025-10-01,0.0,0.0,0.808457681065496,0
PAN,2025-10-01,0.0,0.00018597532343258842,0.808457681065496,0
PER,2025-10-01,0.0,0.002282464825584613,0.808457681065496,0
PHL,2025-10-01,0.0,0.045016381482197707,0.808457681065496,0
PNG,2025-10-01,0.0,0.0,0.808457681065496,0
POL,2025-10-01,0.0,0.0010263469956859218,0.808457681065496,0
PRK,2025-10-01,0.0,0.0,0.808457681065496,0
PRT,2025-10-01,0.0,0.0,0.808457681065496,0
PRY,2025-10-01,0.0,0.0,0.808457681065496,0
QAT,2025-10-01,0.0,0.0,0.808457681065496,0
ROU,2025-10-01,0.0,0.0010263469956859218,0.808457681065496,0
RUS,2025-10-01,0.0,0.07697618879291035,0.808457681065496,0
RWA,2025-10-01,0.0,0.0,0.808457681065496,0
SAU,2025-10-01,0.0,0.0,0.808457681065496,0
SEN,2025-10-01,0.0,0.00027748218301258345,0.808457681065496,0
SGP,2025-10-01,0.0,0.0007308147047532326,0.808457681065496,0
SLB,2025-10-01,0.0,0.0,0.808457681065496,0
SLE,2025-10-01,0.0,0.0006883527891021625,0.808457681065496,0
SLV,2025-10-01,0.0,9.150685957999499e-05,0.808457681065496,0
SRB,2025-10-01,0.0,0.0004669635618946383,0.808457681065496,0
STP,2025-10-01,0.0,0.0010821804370021307,0.808457681065496,0
SVK,2025-10-01,0.0,0.0,0.808457681065496,0
SVN,2025-10-01,0.0,0.00018597532343258842,0.808457681065496,0
SWE,2025-10-01,0.0,0.0,0.808457681065496,0
SWZ,2025-10-01,0.0,0.0,0.808457681065496,0
SYC,2025-10-01,0.0,0.0,0.808457681065496,0
TCD,2025-10-01,0.0,0.1057244804029845,0.808457681065496,0
TGO,2025-10-01,0.0,0.0006883527891021625,0.808457681065496,0
THA,2025-10-01,1.0,0.04790369641347025,0.808457681065496,0
TJK,2025-10-01,0.0,0.0,0.808457681065496,0
TKM,2025-10-01,0.0,0.0010821804370021307,0.808457681065496,0
TLS,2025-10-01,0.0,0.0,0.808457681065496,0
TON,2025-10-01,0.0,0.0,0.808457681065496,0
TTO,2025-10-01,0.0,0.0034325159564998096,0.808457681065496,0
TUN,2025-10-01,0.0,0.0010263469956859218,0.808457681065496,0
TUR,2025-10-01,0.0,0.004406061213690934,0.808457681065496,0
TZA,2025-10-01,0.0,0.0078724198240657,0.808457681065496,0
UGA,2025-10-01,0.0,0.0,0.808457681065496,0
UKR,2025-10-01,0.0,0.6365385784884502,0.808457681065496,0
URY,2025-10-01,0.0,0.0,0.808457681065496,0
USA,2025-10-01,0.0,0.009385849395426794,0.808457681065496,0
UZB,2025-10-01,0.0,0.0,0.808457681065496,0
VEN,2025-10-01,0.0,0.000899940966738619,0.808457681065496,0
VNM,2025-10-01,0.0,0.0005227970032108473,0.808457681065496,0
VUT,2025-10-01,0.0,0.0,0.808457681065496,0
WSM,2025-10-01,0.0,0.0,0.808457681065496,0
YEM,2025-10-01,0.0,0.04803912627080579,0.808457681065496,0
ZAF,2025-10-01,0.0,0.0,0.808457681065496,0
ZMB,2025-10-01,0.0,9.150685957999499e-05,0.808457681065496,0
ZWE,2025-10-01,0.0,0.014575050406538847,0.808457681065496,0
AFG,2025-11-01,0.0,0.7825879567548681,0.808457681065496,0
AGO,2025-11-01,0.0,0.008990492863373063,0.808457681065496,0
ALB,2025-11-01,0.0,0.0,0.808457681065496,0
ARE,2025-11-01,0.0,0.0027334267901280114,0.808457681065496,0
ARG,2025-11-01,0.0,0.0,0.808457681065496,0
ARM,2025-11-01,0.0,0.00021295399480943298,0.808457681065496,0
AUS,2025-11-01,0.0,0.0,0.808457681065496,0
AUT,2025-11-01,0.0,0.0,0.808457681065496,0
AZE,2025-11-01,0.0,0.010557764642196375,0.808457681065496,0
BDI,2025-11-01,0.0,0.0,0.808457681065496,0
BEL,2025-11-01,0.0,0.0,0.808457681065496,0
BEN,2025-11-01,0.0,0.009449439067372781,0.808457681065496,0
BFA,2025-11-01,0.0,0.9399988123289021,0.808457681065496,1
BGD,2025-11-01,0.0,0.0033996329433356293,0.808457681065496,0
BGR,2025-11-01,0.0,0.0,0.808457681065496,0
BHR,2025-11-01,0.0,0.0,0.808457681065496,0
BHS,2025-11-01,0.0,0.0,0.808457681065496,0
BIH,2025-11-01,0.0,0.0,0.808457681065496,0
BLR,2025-11-01,0.0,0.0030889777498069103,0.808457681065496,0
BLZ,2025-11-01,0.0,0.0,0.808457681065496,0
BOL,2025-11-01,0.0,0.0,0.808457681065496,0
BRA,2025-11-01,0.0,0.0,0.808457681065496,0
BRB,2025-11-01,0.0,0.0,0.808457681065496,0
BRN,2025-11-01,0.0,0.0,0.808457681065496,0
BTN,2025-11-01,0.0,0.0,0.808457681065496,0
BWA,2025-11-01,0.0,0.0,0.808457681065496,0
CAF,2025-11-01,0.0,0.45571465911042336,0.808457681065496,0
CAN,2025-11-01,0.0,0.0,0.808457681065496,0
CHE,2025-11-01,0.0,0.0,0.808457681065496,0
CHL,2025-11-01,0.0,0.0,0.808457681065496,0
CHN,2025-11-01,0.0,0.0,0.808457681065496,0
CIV,2025-11-01,0.0,0.0,0.808457681065496,0
CMR,2025-11-01,0.0,0.12990799409555295,0.808457681065496,0
COL,2025-11-01,0.0,0.17624915477004957,0.808457681065496,0
COM,2025-11-01,0.0,0.00021295399480943298,0.808457681065496,0
CRI,2025-11-01,0.0,0.0,0.808457681065496,0
CUB,2025-11-01,0.0,0.00021295399480943298,0.808457681065496,0
CYP,2025-11-01,0.0,0.0,0.808457681065496,0
CZE,2025-11-01,0.0,0.0,0.808457681065496,0
DEU,2025-11-01,0.0,0.0,0.808457681065496,0
DJI,2025-11-01,0.0,0.0096738235582252,0.808457681065496,0
DNK,2025-11-01,0.0,0.0,0.808457681065496,0
DOM,2025-11-01,0.0,0.00021295399480943298,0.808457681065496,0
DZA,2025-11-01,0.0,0.0026043021334926715,0.808457681065496,0
ECU,2025-11-01,0.0,0.0,0.808457681065496,0
EGY,2025-11-01,0.0,0.0,0.808457681065496,0
ERI,2025-11-01,0.0,0.0020527573396860966,0.808457681065496,0
ESP,2025-11-01,0.0,0.0,0.808457681065496,0
EST,2025-11-01,0.0,0.0005285138557009901,0.808457681065496,0
FIN,2025-11-01,0.0,0.0,0.808457681065496,0
FJI,2025-11-01,0.0,0.0,0.808457681065496,0
FRA,2025-11-01,0.0,0.0,0.808457681065496,0
GAB,2025-11-01,0.0,0.0005285138557009901,0.808457681065496,0
GBR,2025-11-01,0.0,0.0,0.808457681065496,0
GEO,2025-11-01,0.0,0.0,0.808457681065496,0
GHA,2025-11-01,0.0,0.013296632537915664,0.808457681065496,0
GIN,2025-11-01,0.0,0.0,0.808457681065496,0
GMB,2025-11-01,0.0,0.0,0.808457681065496,0
GNB,2025-11-01,0.0,0.008995292639666709,0.808457681065496,0
GNQ,2025-11-01,0.0,0.0,0.808457681065496,0
GRC,2025-11-01,0.0,0.004255642984320258,0.808457681065496,0
GRD,2025-11-01,0.0,0.0,0.808457681065496,0
GTM,2025-11-01,0.0,0.0,0.808457681065496,0
GUY,2025-11-01,0.0,0.0,0.808457681065496,0
HND,2025-11-01,0.0,0.0,0.808457681065496,0
HRV,2025-11-01,0.0,0.0,0.808457681065496,0
HUN,2025-11-01,0.0,0.0,0.808457681065496,0
IDN,2025-11-01,0.0,0.0,0.808457681065496,0
IND,2025-11-01,0.0,0.01609316869686767,0.808457681065496,0
IRL,2025-11-01,0.0,0.0,0.808457681065496,0
IRN,2025-11-01,0.0,0.18532100565616522,0.808457681065496,0
IRQ,2025-11-01,0.0,0.0675397875695088,0.808457681065496,0
ISL,2025-11-01,0.0,0.0,0.808457681065496,0
ISR,2025-11-01,0.0,0.15776899654836637,0.808457681065496,0
ITA,2025-11-01,0.0,0.0,0.808457681065496,0
JAM,2025-11-01,0.0,0.0008003434904243951,0.808457681065496,0
JOR,2025-11-01,0.0,0.00021295399480943298,0.808457681065496,0
JPN,2025-11-01,0.0,0.0,0.808457681065496,0
KAZ,2025-11-01,0.0,0.0,0.808457681065496,0
KEN,2025-11-01,0.0,0.08053813186725163,0.808457681065496,0
KGZ,2025-11-01,0.0,0.00021295399480943298,0.808457681065496,0
KHM,2025-11-01,1.0,0.06257595951589759,0.808457681065496,0
KOR,2025-11-01,0.0,0.0,0.808457681065496,0
KWT,2025-11-01,0.0,0.0,0.808457681065496,0
LAO,2025-11-01,0.0,0.00021295399480943298,0.808457681065496,0
LBN,2025-11-01,0.0,0.12100299845691258,0.808457681065496,0
LBR,2025-11-01,0.0,0.0,0.808457681065496,0
LBY,2025-11-01,0.0,0.06292709125649239,0.808457681065496,0
LKA,2025-11-01,0.0,0.0,0.808457681065496,0
LSO,2025-11-01,0.0,0.0,0.808457681065496,0
LTU,2025-11-01,0.0,0.0,0.808457681065496,0
LUX,2025-11-01,0.0,0.0005285138557009901,0.808457681065496,0
LVA,2025-11-01,0.0,0.0,0.808457681065496,0
MAR,2025-11-01,0.0,0.0,0.808457681065496,0
MDA,2025-11-01,0.0,0.0015805502959593252,0.808457681065496,0
MDG,2025-11-01,0.0,0.0015739776951672864,0.808457681065496,0
MDV,2025-11-01,0.0,0.0,0.808457681065496,0
MEX,2025-11-01,0.0,0.02048022176495404,0.808457681065496,0
MKD,2025-11-01,0.0,0.0,0.808457681065496,0
MLI,2025-11-01,0.0,0.9145209231118443,0.808457681065496,1
MLT,2025-11-01,0.0,0.0005285138557009901,0.808457681065496,0
MMR,2025-11-01,1.0,0.8269090040056539,0.808457681065496,1
MNE,2025-11-01,0.0,0.0,0.808457681065496,0
MNG,2025-11-01,0.0,0.0,0.808457681065496,0
MRT,2025-11-01,0.0,0.004604076116370225,0.808457681065496,0
MUS,2025-11-01,0.0,0.0,0.808457681065496,0
MWI,2025-11-01,0.0,0.0,0.808457681065496,0
MYS,2025-11-01,0.0,0.0,0.808457681065496,0
NAM,2025-11-01,0.0,0.0,0.808457681065496,0
NER,2025-11-01,0.0,0.911523010989052,0.808457681065496,1
NGA,2025-11-01,1.0,0.7222990199011133,0.808457681065496,0
NIC,2025-11-01,0.0,0.004566155173476303,0.808457681065496,0
NLD,2025-11-01,0.0,0.0,0.808457681065496,0
NOR,2025-11-01,0.0,0.0,0.808457681065496,0
NPL,2025-11-01,0.0,0.005,0.808457681065496,0
NZL,2025-11-01,0.0,0.0005285138557009901,0.808457681065496,0
OMN,2025-11-01,0.0,0.0,0.808457681065496,0
PAK,2025-11-01,0.0,0.9174534560635739,0.808457681065496,1
PAN,2025-11-01,0.0,0.0,0.808457681065496,0
PER,2025-11-01,0.0,0.0,0.808457681065496,0
PHL,2025-11-01,0.0,0.14587654514859547,0.808457681065496,0
PNG,2025-11-01,0.0,0.0,0.808457681065496,0
POL,2025-11-01,0.0,0.0013675963011498921,0.808457681065496,0
PRK,2025-11-01,0.0,0.00021295399480943298,0.808457681065496,0
PRT,2025-11-01,0.0,0.0,0.808457681065496,0
PRY,2025-11-01,0.0,0.0,0.808457681065496,0
QAT,2025-11-01,0.0,0.002740930129086012,0.808457681065496,0
ROU,2025-11-01,0.0,0.0,0.808457681065496,0
RUS,2025-11-01,0.0,0.09387714343001781,0.808457681065496,0
RWA,2025-11-01,0.0,0.0022317561704108626,0.808457681065496,0
SAU,2025-11-01,0.0,0.0,0.808457681065496,0
SEN,2025-11-01,0.0,0.00021295399480943298,0.808457681065496,0
SGP,2025-11-01,0.0,0.0,0.808457681065496,0
SLB,2025-11-01,0.0,0.0025526234195748783,0.808457681065496,0
SLE,2025-11-01,0.0,0.0,0.808457681065496,0
SLV,2025-11-01,0.0,0.0,0.808457681065496,0
SOM,2025-11-01,0.0,0.7802103860077989,0.808457681065496,0
SRB,2025-11-01,0.0,0.0,0.808457681065496,0
STP,2025-11-01,0.0,0.005212953994809433,0.808457681065496,0
SVK,2025-11-01,0.0,0.0,0.808457681065496,0
SVN,2025-11-01,0.0,0.0,0.808457681065496,0
SWE,2025-11-01,0.0,0.0,0.808457681065496,0
SWZ,2025-11-01,0.0,0.0005285138557009901,0.808457681065496,0
SYC,2025-11-01,0.0,0.0,0.808457681065496,0
TCD,2025-11-01,0.0,0.07312058660678052,0.808457681065496,0
TGO,2025-11-01,0.0,0.0,0.808457681065496,0
THA,2025-11-01,1.0,0.013755393184463829,0.808457681065496,0
TJK,2025-11-01,0.0,0.00021295399480943298,0.808457681065496,0
TKM,2025-11-01,0.0,0.0005285138557009901,0.808457681065496,0
TLS,2025-11-01,0.0,0.0,0.808457681065496,0
TON,2025-11-01,0.0,0.0,0.808457681065496,0
TTO,2025-11-01,0.0,0.0008003434904243951,0.808457681065496,0
TUN,2025-11-01,0.0,0.0,0.808457681065496,0
TUR,2025-11-01,0.0,0.007274654780236323,0.808457681065496,0
TZA,2025-11-01,0.0,0.0,0.808457681065496,0
UGA,2025-11-01,0.0,0.004104758739128028,0.808457681065496,0
UKR,2025-11-01,0.0,0.5916087773726418,0.808457681065496,0
URY,2025-11-01,0.0,0.0,0.808457681065496,0
USA,2025-11-01,0.0,0.0008003434904243951,0.808457681065496,0
UZB,2025-11-01,0.0,0.0,0.808457681065496,0
VEN,2025-11-01,0.0,0.0015739776951672864,0.808457681065496,0
VNM,2025-11-01,0.0,0.0,0.808457681065496,0
VUT,2025-11-01,0.0,0.0,0.808457681065496,0
WSM,2025-11-01,0.0,0.0,0.808457681065496,0
YEM,2025-11-01,0.0,0.045652713527663556,0.808457681065496,0
ZAF,2025-11-01,0.0,0.0008003434904243951,0.808457681065496,0
ZMB,2025-11-01,0.0,0.0,0.808457681065496,0
ZWE,2025-11-01,0.0,0.011846177267866907,0.808457681065496,0
AFG,2025-12-01,0.0,0.7063577580236787,0.808457681065496,0
AGO,2025-12-01,0.0,0.016943093958438786,0.808457681065496,0
ALB,2025-12-01,0.0,0.0,0.808457681065496,0
ARE,2025-12-01,0.0,0.0,0.808457681065496,0
ARG,2025-12-01,0.0,0.0,0.808457681065496,0
ARM,2025-12-01,0.0,0.0,0.808457681065496,0
AUS,2025-12-01,0.0,0.0,0.808457681065496,0
AUT,2025-12-01,0.0,0.0,0.808457681065496,0
AZE,2025-12-01,0.0,0.026378386379139224,0.808457681065496,0
BDI,2025-12-01,0.0,0.003930065710950501,0.808457681065496,0
BEL,2025-12-01,0.0,0.0,0.808457681065496,0
BEN,2025-12-01,0.0,0.013828601474710956,0.808457681065496,0
BFA,2025-12-01,0.0,0.7968138940740945,0.808457681065496,0
BGD,2025-12-01,0.0,0.007788508820463529,0.808457681065496,0
BGR,2025-12-01,0.0,0.0,0.808457681065496,0
BHR,2025-12-01,0.0,0.0,0.808457681065496,0
BHS,2025-12-01,0.0,0.0,0.808457681065496,0
BIH,2025-12-01,0.0,0.0,0.808457681065496,0
BLR,2025-12-01,0.0,0.0013040192321048518,0.808457681065496,0
BLZ,2025-12-01,0.0,0.0,0.808457681065496,0
BOL,2025-12-01,0.0,0.0,0.808457681065496,0
BRA,2025-12-01,0.0,0.0,0.808457681065496,0
BRB,2025-12-01,0.0,0.0,0.808457681065496,0
BRN,2025-12-01,0.0,0.0,0.808457681065496,0
BTN,2025-12-01,0.0,0.0,0.808457681065496,0
BWA,2025-12-01,0.0,0.0,0.808457681065496,0
CAF,2025-12-01,0.0,0.21903723784411683,0.808457681065496,0
CAN,2025-12-01,0.0,0.0,0.808457681065496,0
CHE,2025-12-01,0.0,0.0,0.808457681065496,0
CHL,2025-12-01,0.0,0.0,0.808457681065496,0
CHN,2025-12-01,0.0,0.0,0.808457681065496,0
CIV,2025-12-01,0.0,0.014078496496092108,0.808457681065496,0
CMR,2025-12-01,0.0,0.11916345525054217,0.808457681065496,0
COL,2025-12-01,0.0,0.3318511754871242,0.808457681065496,0
COM,2025-12-01,0.0,0.0,0.808457681065496,0
CRI,2025-12-01,0.0,0.0,0.808457681065496,0
CUB,2025-12-01,0.0,0.0013040192321048518,0.808457681065496,0
CYP,2025-12-01,0.0,0.0,0.808457681065496,0
CZE,2025-12-01,0.0,0.0,0.808457681065496,0
DEU,2025-12-01,0.0,0.0,0.808457681065496,0
DJI,2025-12-01,0.0,0.0030240996574384567,0.808457681065496,0
DNK,2025-12-01,0.0,0.0,0.808457681065496,0
DOM,2025-12-01,0.0,0.0,0.808457681065496,0
DZA,2025-12-01,0.0,0.0,0.808457681065496,0
ECU,2025-12-01,0.0,0.0038480505470796737,0.808457681065496,0
EGY,2025-12-01,0.0,0.0,0.808457681065496,0
ERI,2025-12-01,0.0,0.004244914149713832,0.808457681065496,0
ESP,2025-12-01,0.0,0.0,0.808457681065496,0
EST,2025-12-01,0.0,0.0,0.808457681065496,0
ETH,2025-12-01,0.0,0.910009478990266,0.808457681065496,1
FIN,2025-12-01,0.0,0.0,0.808457681065496,0
FJI,2025-12-01,0.0,0.0,0.808457681065496,0
FRA,2025-12-01,0.0,0.0,0.808457681065496,0
GAB,2025-12-01,0.0,0.0,0.808457681065496,0
GBR,2025-12-01,0.0,0.0,0.808457681065496,0
GEO,2025-12-01,0.0,0.0,0.808457681065496,0
GHA,2025-12-01,0.0,0.01634910000638096,0.808457681065496,0
GIN,2025-12-01,0.0,0.0,0.808457681065496,0
GMB,2025-12-01,0.0,0.0,0.808457681065496,0
GNB,2025-12-01,0.0,0.0,0.808457681065496,0
GNQ,2025-12-01,0.0,0.0,0.808457681065496,0
GRC,2025-12-01,0.0,0.009967671341887994,0.808457681065496,0
GRD,2025-12-01,0.0,0.0,0.808457681065496,0
GTM,2025-12-01,0.0,0.0,0.808457681065496,0
GUY,2025-12-01,0.0,0.0,0.808457681065496,0
HND,2025-12-01,0.0,0.0,0.808457681065496,0
HRV,2025-12-01,0.0,0.0,0.808457681065496,0
HTI,2025-12-01,0.0,0.9068075404534792,0.808457681065496,1
HUN,2025-12-01,0.0,0.0,0.808457681065496,0
IDN,2025-12-01,0.0,0.0,0.808457681065496,0
IND,2025-12-01,0.0,0.07794674635003424,0.808457681065496,0
IRL,2025-12-01,0.0,0.0,0.808457681065496,0
IRN,2025-12-01,1.0,0.1429033412992972,0.808457681065496,0
IRQ,2025-12-01,0.0,0.06105320830225735,0.808457681065496,0
ISL,2025-12-01,0.0,0.0,0.808457681065496,0
ISR,2025-12-01,0.0,0.03392573162215337,0.808457681065496,0
ITA,2025-12-01,0.0,0.0,0.808457681065496,0
JAM,2025-12-01,0.0,0.0,0.808457681065496,0
JOR,2025-12-01,0.0,0.0,0.808457681065496,0
JPN,2025-12-01,0.0,0.0,0.808457681065496,0
KAZ,2025-12-01,0.0,0.0,0.808457681065496,0
KEN,2025-12-01,0.0,0.0926512122910082,0.808457681065496,0
KGZ,2025-12-01,0.0,0.0,0.808457681065496,0
KHM,2025-12-01,0.0,0.13999291048864446,0.808457681065496,0
KOR,2025-12-01,0.0,0.0,0.808457681065496,0
KWT,2025-12-01,0.0,0.0,0.808457681065496,0
LAO,2025-12-01,0.0,0.0,0.808457681065496,0
LBN,2025-12-01,0.0,0.09840386673954032,0.808457681065496,0
LBR,2025-12-01,0.0,0.0010415450070910173,0.808457681065496,0
LBY,2025-12-01,0.0,0.018086603322835924,0.808457681065496,0
LKA,2025-12-01,0.0,0.0,0.808457681065496,0
LSO,2025-12-01,0.0,0.0,0.808457681065496,0
LTU,2025-12-01,0.0,0.0,0.808457681065496,0
LUX,2025-12-01,0.0,0.0,0.808457681065496,0
LVA,2025-12-01,0.0,0.0,0.808457681065496,0
MAR,2025-12-01,0.0,0.005,0.808457681065496,0
MDA,2025-12-01,0.0,0.0013040192321048518,0.808457681065496,0
MDG,2025-12-01,0.0,0.0,0.808457681065496,0
MDV,2025-12-01,0.0,0.0,0.808457681065496,0
MEX,2025-12-01,0.0,0.021764674562615657,0.808457681065496,0
MKD,2025-12-01,0.0,0.0,0.808457681065496,0
MLI,2025-12-01,0.0,0.8805227025713879,0.808457681065496,1
MLT,2025-12-01,0.0,0.0,0.808457681065496,0
MNE,2025-12-01,0.0,0.0,0.808457681065496,0
MNG,2025-12-01,0.0,0.0,0.808457681065496,0
MRT,2025-12-01,0.0,0.015667992504345158,0.808457681065496,0
MUS,2025-12-01,0.0,0.0,0.808457681065496,0
MWI,2025-12-01,0.0,0.0,0.808457681065496,0
MYS,2025-12-01,0.0,0.0,0.808457681065496,0
NAM,2025-12-01,0.0,0.0,0.808457681065496,0
NER,2025-12-01,0.0,0.8061226771686434,0.808457681065496,0
NGA,2025-12-01,1.0,0.9614419563177725,0.808457681065496,1
NIC,2025-12-01,0.0,0.0,0.808457681065496,0
NLD,2025-12-01,0.0,0.0,0.808457681065496,0
NOR,2025-12-01,0.0,0.0,0.808457681065496,0
NPL,2025-12-01,0.0,0.013177681829683685,0.808457681065496,0
NZL,2025-12-01,0.0,0.0,0.808457681065496,0
OMN,2025-12-01,0.0,0.0,0.808457681065496,0
PAK,2025-12-01,0.0,0.9469164611560964,0.808457681065496,1
PAN,2025-12-01,0.0,0.0,0.808457681065496,0
PER,2025-12-01,0.0,0.009624205049142416,0.808457681065496,0
PHL,2025-12-01,0.0,0.05930466104027503,0.808457681065496,0
PNG,2025-12-01,0.0,0.011408172633499589,0.808457681065496,0
POL,2025-12-01,0.0,0.0,0.808457681065496,0
PRK,2025-12-01,0.0,0.0,0.808457681065496,0
PRT,2025-12-01,0.0,0.0,0.808457681065496,0
PRY,2025-12-01,0.0,0.0,0.808457681065496,0
QAT,2025-12-01,0.0,0.002559054827695763,0.808457681065496,0
ROU,2025-12-01,0.0,0.0,0.808457681065496,0
RUS,2025-12-01,0.0,0.04444899389172256,0.808457681065496,0
RWA,2025-12-01,0.0,0.007424185858397305,0.808457681065496,0
SAU,2025-12-01,0.0,0.0,0.808457681065496,0
SEN,2025-12-01,0.0,0.0013040192321048518,0.808457681065496,0
SGP,2025-12-01,0.0,0.0,0.808457681065496,0
SLB,2025-12-01,0.0,0.0015951194582854268,0.808457681065496,0
SLE,2025-12-01,0.0,0.0,0.808457681065496,0
SLV,2025-12-01,0.0,0.0,0.808457681065496,0
SOM,2025-12-01,0.0,0.7216878093123223,0.808457681065496,0
SRB,2025-12-01,0.0,0.0,0.808457681065496,0
STP,2025-12-01,0.0,0.0,0.808457681065496,0
SVK,2025-12-01,0.0,0.0,0.808457681065496,0
SVN,2025-12-01,0.0,0.0,0.808457681065496,0
SWE,2025-12-01,0.0,0.0,0.808457681065496,0
SWZ,2025-12-01,0.0,0.0,0.808457681065496,0
SYC,2025-12-01,0.0,0.0,0.808457681065496,0
TCD,2025-12-01,0.0,0.057098831940835294,0.808457681065496,0
TGO,2025-12-01,0.0,0.007295655466285343,0.808457681065496,0
THA,2025-12-01,0.0,0.173549751373819,0.808457681065496,0
TJK,2025-12-01,0.0,0.0,0.808457681065496,0
TKM,2025-12-01,0.0,0.0,0.808457681065496,0
TLS,2025-12-01,0.0,0.0,0.808457681065496,0
TON,2025-12-01,0.0,0.0,0.808457681065496,0
TTO,2025-12-01,0.0,0.005,0.808457681065496,0
TUN,2025-12-01,0.0,0.0,0.808457681065496,0
TUR,2025-12-01,0.0,0.0217383256453344,0.808457681065496,0
TZA,2025-12-01,0.0,0.0,0.808457681065496,0
UGA,2025-12-01,0.0,0.012860890937734909,0.808457681065496,0
UKR,2025-12-01,0.0,0.48631692443821817,0.808457681065496,0
URY,2025-12-01,0.0,0.0025811453380194345,0.808457681065496,0
USA,2025-12-01,0.0,0.0,0.808457681065496,0
UZB,2025-12-01,0.0,0.0,0.808457681065496,0
VEN,2025-12-01,0.0,0.0,0.808457681065496,0
VNM,2025-12-01,0.0,0.0,0.808457681065496,0
VUT,2025-12-01,0.0,0.0,0.808457681065496,0
WSM,2025-12-01,0.0,0.0,0.808457681065496,0
YEM,2025-12-01,0.0,0.05306374385946017,0.808457681065496,0
ZAF,2025-12-01,0.0,0.008035840528616485,0.808457681065496,0
ZMB,2025-12-01,0.0,0.0,0.808457681065496,0
ZWE,2025-12-01,0.0,0.0,0.808457681065496,0
AFG,2026-01-01,1.0,0.5077964908547955,0.808457681065496,0
AGO,2026-01-01,0.0,0.012711795566487912,0.808457681065496,0
ALB,2026-01-01,0.0,0.0,0.808457681065496,0
ARE,2026-01-01,0.0,0.0011294401262739791,0.808457681065496,0
ARG,2026-01-01,0.0,0.0,0.808457681065496,0
ARM,2026-01-01,0.0,0.0,0.808457681065496,0
AUS,2026-01-01,0.0,0.0004816449577694098,0.808457681065496,0
AUT,2026-01-01,0.0,0.0,0.808457681065496,0
AZE,2026-01-01,0.0,0.008778729793981385,0.808457681065496,0
BDI,2026-01-01,0.0,0.009634638922888617,0.808457681065496,0
BEL,2026-01-01,0.0,0.0,0.808457681065496,0
BEN,2026-01-01,0.0,0.0049836302913643625,0.808457681065496,0
BFA,2026-01-01,0.0,0.8745328480373858,0.808457681065496,1
BGD,2026-01-01,0.0,0.010973609339357062,0.808457681065496,0
BGR,2026-01-01,0.0,0.0,0.808457681065496,0
BHR,2026-01-01,0.0,0.0,0.808457681065496,0
BHS,2026-01-01,0.0,0.0,0.808457681065496,0
BIH,2026-01-01,0.0,0.00041859899509708926,0.808457681065496,0
BLR,2026-01-01,0.0,0.005633514241918138,0.808457681065496,0
BLZ,2026-01-01,0.0,0.0,0.808457681065496,0
BOL,2026-01-01,0.0,0.0,0.808457681065496,0
BRA,2026-01-01,0.0,0.0,0.808457681065496,0
BRB,2026-01-01,0.0,0.0,0.808457681065496,0
BRN,2026-01-01,0.0,0.0,0.808457681065496,0
BTN,2026-01-01,0.0,0.0,0.808457681065496,0
BWA,2026-01-01,0.0,0.0,0.808457681065496,0
CAF,2026-01-01,0.0,0.16075179076932533,0.808457681065496,0
CAN,2026-01-01,0.0,0.0,0.808457681065496,0
CHE,2026-01-01,0.0,0.0,0.808457681065496,0
CHL,2026-01-01,0.0,0.0,0.808457681065496,0
CHN,2026-01-01,0.0,0.0,0.808457681065496,0
CIV,2026-01-01,0.0,0.004750345000627274,0.808457681065496,0
CMR,2026-01-01,0.0,0.12824528131775037,0.808457681065496,0
COL,2026-01-01,0.0,0.18434203003639227,0.808457681065496,0
COM,2026-01-01,0.0,0.0,0.808457681065496,0
CRI,2026-01-01,0.0,0.0,0.808457681065496,0
CUB,2026-01-01,0.0,0.0,0.808457681065496,0
CYP,2026-01-01,0.0,0.0,0.808457681065496,0
CZE,2026-01-01,0.0,0.0,0.808457681065496,0
DEU,2026-01-01,0.0,0.0,0.808457681065496,0
DJI,2026-01-01,0.0,0.024803400644577894,0.808457681065496,0
DNK,2026-01-01,0.0,0.0,0.808457681065496,0
DOM,2026-01-01,0.0,0.0,0.808457681065496,0
DZA,2026-01-01,0.0,0.001683038492310428,0.808457681065496,0
ECU,2026-01-01,0.0,0.004518466464687982,0.808457681065496,0
EGY,2026-01-01,0.0,0.008887019575500003,0.808457681065496,0
ERI,2026-01-01,0.0,0.0013634481392794762,0.808457681065496,0
ESP,2026-01-01,0.0,0.0,0.808457681065496,0
EST,2026-01-01,0.0,0.0,0.808457681065496,0
ETH,2026-01-01,0.0,0.9520291696222194,0.808457681065496,1
FIN,2026-01-01,0.0,0.0,0.808457681065496,0
FJI,2026-01-01,0.0,0.0,0.808457681065496,0
FRA,2026-01-01,0.0,0.0,0.808457681065496,0
GAB,2026-01-01,0.0,0.0,0.808457681065496,0
GBR,2026-01-01,0.0,0.0,0.808457681065496,0
GEO,2026-01-01,0.0,0.0,0.808457681065496,0
GHA,2026-01-01,0.0,0.032372181531053416,0.808457681065496,0
GIN,2026-01-01,0.0,0.0004816449577694098,0.808457681065496,0
GMB,2026-01-01,0.0,0.00041859899509708926,0.808457681065496,0
GNB,2026-01-01,0.0,0.0027959093258509925,0.808457681065496,0
GNQ,2026-01-01,0.0,0.0,0.808457681065496,0
GRC,2026-01-01,0.0,0.025303586377709436,0.808457681065496,0
GRD,2026-01-01,0.0,0.0,0.808457681065496,0
GTM,2026-01-01,0.0,0.0,0.808457681065496,0
GUY,2026-01-01,0.0,0.0,0.808457681065496,0
HND,2026-01-01,0.0,0.0,0.808457681065496,0
HRV,2026-01-01,0.0,0.0,0.808457681065496,0
HTI,2026-01-01,0.0,0.7607734513063612,0.808457681065496,0
HUN,2026-01-01,0.0,0.0,0.808457681065496,0
IDN,2026-01-01,0.0,0.009738960211081569,0.808457681065496,0
IND,2026-01-01,0.0,0.027756700370561226,0.808457681065496,0
IRL,2026-01-01,0.0,0.0,0.808457681065496,0
IRN,2026-01-01,1.0,0.07586381996914511,0.808457681065496,0
IRQ,2026-01-01,0.0,0.056164289789423706,0.808457681065496,0
ISL,2026-01-01,0.0,0.0,0.808457681065496,0
ISR,2026-01-01,0.0,0.03682732237168158,0.808457681065496,0
ITA,2026-01-01,0.0,0.0,0.808457681065496,0
JAM,2026-01-01,0.0,0.0,0.808457681065496,0
JOR,2026-01-01,0.0,0.007815802431241237,0.808457681065496,0
JPN,2026-01-01,0.0,0.0,0.808457681065496,0
KAZ,2026-01-01,0.0,0.0,0.808457681065496,0
KEN,2026-01-01,0.0,0.04993197545022746,0.808457681065496,0
KGZ,2026-01-01,0.0,0.0,0.808457681065496,0
KHM,2026-01-01,0.0,0.09168235105177028,0.808457681065496,0
KOR,2026-01-01,0.0,0.0,0.808457681065496,0
KWT,2026-01-01,0.0,0.0,0.808457681065496,0
LAO,2026-01-01,0.0,0.00041859899509708926,0.808457681065496,0
LBN,2026-01-01,1.0,0.06979466974995269,0.808457681065496,0
LBR,2026-01-01,0.0,0.0009733837940209688,0.808457681065496,0
LBY,2026-01-01,0.0,0.02338468123855343,0.808457681065496,0
LKA,2026-01-01,0.0,0.0,0.808457681065496,0
LSO,2026-01-01,0.0,0.0,0.808457681065496,0
LTU,2026-01-01,0.0,0.0,0.808457681065496,0
LUX,2026-01-01,0.0,0.0,0.808457681065496,0
LVA,2026-01-01,0.0,0.0,0.808457681065496,0
MAR,2026-01-01,0.0,0.0,0.808457681065496,0
MDA,2026-01-01,0.0,0.0015480391213710683,0.808457681065496,0
MDG,2026-01-01,0.0,0.0010436695226883309,0.808457681065496,0
MDV,2026-01-01,0.0,0.0,0.808457681065496,0
MEX,2026-01-01,0.0,0.014953471611358763,0.808457681065496,0
MKD,2026-01-01,0.0,0.0,0.808457681065496,0
MLI,2026-01-01,0.0,0.4536443951100458,0.808457681065496,0
MLT,2026-01-01,0.0,0.0,0.808457681065496,0
MMR,2026-01-01,0.0,0.9079014725418788,0.808457681065496,1
MNE,2026-01-01,0.0,0.0,0.808457681065496,0
MNG,2026-01-01,0.0,0.0,0.808457681065496,0
MOZ,2026-01-01,0.0,0.56696175167896,0.808457681065496,0
MRT,2026-01-01,0.0,0.009359495595125014,0.808457681065496,0
MUS,2026-01-01,0.0,0.0,0.808457681065496,0
MWI,2026-01-01,0.0,0.0009733837940209688,0.808457681065496,0
MYS,2026-01-01,0.0,0.0,0.808457681065496,0
NAM,2026-01-01,0.0,0.0,0.808457681065496,0
NER,2026-01-01,0.0,0.7315055443001103,0.808457681065496,0
NIC,2026-01-01,0.0,0.013151845458051455,0.808457681065496,0
NLD,2026-01-01,0.0,0.0,0.808457681065496,0
NOR,2026-01-01,0.0,0.0,0.808457681065496,0
NPL,2026-01-01,0.0,0.0,0.808457681065496,0
NZL,2026-01-01,0.0,0.0,0.808457681065496,0
OMN,2026-01-01,0.0,0.0,0.808457681065496,0
PAK,2026-01-01,0.0,0.954721178994791,0.808457681065496,1
PAN,2026-01-01,0.0,0.0,0.808457681065496,0
PER,2026-01-01,0.0,0.003497098751314372,0.808457681065496,0
PHL,2026-01-01,0.0,0.10051927982584426,0.808457681065496,0
PNG,2026-01-01,0.0,0.0,0.808457681065496,0
POL,2026-01-01,0.0,0.0,0.808457681065496,0
PRK,2026-01-01,0.0,0.0,0.808457681065496,0
PRT,2026-01-01,0.0,0.0,0.808457681065496,0
PRY,2026-01-01,0.0,0.0,0.808457681065496,0
QAT,2026-01-01,0.0,0.003770325840779603,0.808457681065496,0
ROU,2026-01-01,0.0,0.0,0.808457681065496,0
RUS,2026-01-01,0.0,0.054952998008741386,0.808457681065496,0
RWA,2026-01-01,0.0,0.021683038492310427,0.808457681065496,0
SAU,2026-01-01,0.0,0.00041859899509708926,0.808457681065496,0
SEN,2026-01-01,0.0,0.0011218799824579046,0.808457681065496,0
SGP,2026-01-01,0.0,0.0,0.808457681065496,0
SLB,2026-01-01,0.0,0.0010656441286146477,0.808457681065496,0
SLE,2026-01-01,0.0,0.0,0.808457681065496,0
SLV,2026-01-01,0.0,0.0,0.808457681065496,0
SOM,2026-01-01,0.0,0.7406122870202004,0.808457681065496,0
SRB,2026-01-01,0.0,0.0,0.808457681065496,0
STP,2026-01-01,0.0,0.0,0.808457681065496,0
SVK,2026-01-01,0.0,0.0,0.808457681065496,0
SVN,2026-01-01,0.0,0.0,0.808457681065496,0
SWE,2026-01-01,0.0,0.0,0.808457681065496,0
SWZ,2026-01-01,0.0,0.0,0.808457681065496,0
SYC,2026-01-01,0.0,0.0,0.808457681065496,0
SYR,2026-01-01,0.0,0.5807745247056291,0.808457681065496,0
TCD,2026-01-01,0.0,0.04258776082565448,0.808457681065496,0
TGO,2026-01-01,0.0,0.0013634481392794762,0.808457681065496,0
THA,2026-01-01,0.0,0.12123139300245324,0.808457681065496,0
TJK,2026-01-01,0.0,0.0,0.808457681065496,0
TKM,2026-01-01,0.0,0.0,0.808457681065496,0
TLS,2026-01-01,0.0,0.0,0.808457681065496,0
TON,2026-01-01,0.0,0.0,0.808457681065496,0
TTO,2026-01-01,0.0,0.0,0.808457681065496,0
TUN,2026-01-01,0.0,0.0,0.808457681065496,0
TUR,2026-01-01,0.0,0.01177408059460682,0.808457681065496,0
TZA,2026-01-01,0.0,0.016318280659750738,0.808457681065496,0
UGA,2026-01-01,0.0,0.012317254747738095,0.808457681065496,0
UKR,2026-01-01,0.0,0.4115290481664449,0.808457681065496,0
URY,2026-01-01,0.0,0.0,0.808457681065496,0
USA,2026-01-01,0.0,0.0,0.808457681065496,0
UZB,2026-01-01,0.0,0.0,0.808457681065496,0
VEN,2026-01-01,0.0,0.014029493850728398,0.808457681065496,0
VNM,2026-01-01,0.0,0.00041859899509708926,0.808457681065496,0
VUT,2026-01-01,0.0,0.0,0.808457681065496,0
WSM,2026-01-01,0.0,0.0,0.808457681065496,0
YEM,2026-01-01,0.0,0.13109161917404238,0.808457681065496,0
ZAF,2026-01-01,0.0,0.0004816449577694098,0.808457681065496,0
ZMB,2026-01-01,0.0,0.0,0.808457681065496,0
ZWE,2026-01-01,0.0,0.017752525782966662,0.808457681065496,0
AFG,2026-02-01,1.0,0.919564579143642,0.808457681065496,1
AGO,2026-02-01,0.0,0.0,0.808457681065496,0
ALB,2026-02-01,0.0,0.0,0.808457681065496,0
ARE,2026-02-01,0.0,0.002503023962862467,0.808457681065496,0
ARG,2026-02-01,0.0,0.0,0.808457681065496,0
ARM,2026-02-01,0.0,0.0018421166597696167,0.808457681065496,0
AUS,2026-02-01,0.0,0.0,0.808457681065496,0
AUT,2026-02-01,0.0,0.0,0.808457681065496,0
AZE,2026-02-01,0.0,0.01726558181912492,0.808457681065496,0
BDI,2026-02-01,0.0,0.02471560253177901,0.808457681065496,0
BEL,2026-02-01,0.0,0.0,0.808457681065496,0
BEN,2026-02-01,0.0,0.0010459556563434925,0.808457681065496,0
BFA,2026-02-01,0.0,0.7540845202610029,0.808457681065496,0
BGD,2026-02-01,0.0,0.01564323137698481,0.808457681065496,0
BGR,2026-02-01,0.0,0.0,0.808457681065496,0
BHR,2026-02-01,0.0,0.0,0.808457681065496,0
BHS,2026-02-01,0.0,0.0,0.808457681065496,0
BIH,2026-02-01,0.0,0.0,0.808457681065496,0
BLR,2026-02-01,0.0,0.009579493111766839,0.808457681065496,0
BLZ,2026-02-01,0.0,0.0,0.808457681065496,0
BOL,2026-02-01,0.0,0.0,0.808457681065496,0
BRA,2026-02-01,0.0,0.0,0.808457681065496,0
BRB,2026-02-01,0.0,0.0,0.808457681065496,0
BRN,2026-02-01,0.0,0.0,0.808457681065496,0
BTN,2026-02-01,0.0,0.0,0.808457681065496,0
BWA,2026-02-01,0.0,0.0,0.808457681065496,0
CAF,2026-02-01,0.0,0.1741944979830074,0.808457681065496,0
CAN,2026-02-01,0.0,0.0,0.808457681065496,0
CHE,2026-02-01,0.0,0.0,0.808457681065496,0
CHL,2026-02-01,0.0,0.0,0.808457681065496,0
CHN,2026-02-01,0.0,0.0,0.808457681065496,0
CIV,2026-02-01,0.0,0.014832566075676023,0.808457681065496,0
CMR,2026-02-01,0.0,0.42175099749893363,0.808457681065496,0
COD,2026-02-01,0.0,0.2892313655108028,0.808457681065496,0
COL,2026-02-01,0.0,0.15619922123883906,0.808457681065496,0
COM,2026-02-01,0.0,0.0,0.808457681065496,0
CRI,2026-02-01,0.0,0.0027970993314580055,0.808457681065496,0
CUB,2026-02-01,0.0,0.0,0.808457681065496,0
CYP,2026-02-01,0.0,0.0,0.808457681065496,0
CZE,2026-02-01,0.0,0.0,0.808457681065496,0
DEU,2026-02-01,0.0,0.0,0.808457681065496,0
DJI,2026-02-01,0.0,0.0018933923537266925,0.808457681065496,0
DNK,2026-02-01,0.0,0.0,0.808457681065496,0
DOM,2026-02-01,0.0,0.0,0.808457681065496,0
DZA,2026-02-01,0.0,0.0018421166597696167,0.808457681065496,0
ECU,2026-02-01,0.0,0.0,0.808457681065496,0
EGY,2026-02-01,0.0,0.0,0.808457681065496,0
ERI,2026-02-01,0.0,0.0,0.808457681065496,0
ESP,2026-02-01,0.0,0.0,0.808457681065496,0
EST,2026-02-01,0.0,0.0,0.808457681065496,0
ETH,2026-02-01,0.0,0.8107355556266438,0.808457681065496,1
FIN,2026-02-01,0.0,0.0,0.808457681065496,0
FJI,2026-02-01,0.0,0.0,0.808457681065496,0
FRA,2026-02-01,0.0,0.0,0.808457681065496,0
GAB,2026-02-01,0.0,0.0,0.808457681065496,0
GBR,2026-02-01,0.0,0.0,0.808457681065496,0
GEO,2026-02-01,0.0,0.0,0.808457681065496,0
GHA,2026-02-01,0.0,0.024370109788200107,0.808457681065496,0
GIN,2026-02-01,0.0,0.0018421166597696167,0.808457681065496,0
GMB,2026-02-01,0.0,0.0,0.808457681065496,0
GNB,2026-02-01,0.0,0.0026304712726196986,0.808457681065496,0
GNQ,2026-02-01,0.0,0.0,0.808457681065496,0
GRC,2026-02-01,0.0,0.005,0.808457681065496,0
GRD,2026-02-01,0.0,0.0,0.808457681065496,0
GTM,2026-02-01,0.0,0.0,0.808457681065496,0
GUY,2026-02-01,0.0,0.0005024114964401751,0.808457681065496,0
HND,2026-02-01,0.0,0.0,0.808457681065496,0
HRV,2026-02-01,0.0,0.0,0.808457681065496,0
HTI,2026-02-01,0.0,0.4080908247775673,0.808457681065496,0
HUN,2026-02-01,0.0,0.0,0.808457681065496,0
IDN,2026-02-01,0.0,0.0,0.808457681065496,0
IND,2026-02-01,0.0,0.0664583699844648,0.808457681065496,0
IRL,2026-02-01,0.0,0.0,0.808457681065496,0
IRQ,2026-02-01,0.0,0.11062500898871114,0.808457681065496,0
ISL,2026-02-01,0.0,0.0005024114964401751,0.808457681065496,0
ISR,2026-02-01,0.0,0.03445622566655774,0.808457681065496,0
ITA,2026-02-01,0.0,0.0,0.808457681065496,0
JAM,2026-02-01,0.0,0.0,0.808457681065496,0
JOR,2026-02-01,0.0,0.0018421166597696167,0.808457681065496,0
JPN,2026-02-01,0.0,0.0,0.808457681065496,0
KAZ,2026-02-01,0.0,0.0,0.808457681065496,0
KEN,2026-02-01,0.0,0.03335666147346885,0.808457681065496,0
KGZ,2026-02-01,0.0,0.0,0.808457681065496,0
KHM,2026-02-01,0.0,0.1282261418582879,0.808457681065496,0
KOR,2026-02-01,0.0,0.0,0.808457681065496,0
KWT,2026-02-01,0.0,0.0,0.808457681065496,0
LAO,2026-02-01,0.0,0.0,0.808457681065496,0
LBN,2026-02-01,1.0,0.11011628445340073,0.808457681065496,0
LBR,2026-02-01,0.0,0.0,0.808457681065496,0
LBY,2026-02-01,0.0,0.004450832441984839,0.808457681065496,0
LKA,2026-02-01,0.0,0.0,0.808457681065496,0
LSO,2026-02-01,0.0,0.0,0.808457681065496,0
LTU,2026-02-01,0.0,0.0,0.808457681065496,0
LUX,2026-02-01,0.0,0.0005024114964401751,0.808457681065496,0
LVA,2026-02-01,0.0,0.0,0.808457681065496,0
MAR,2026-02-01,0.0,0.0,0.808457681065496,0
MDA,2026-02-01,0.0,0.0018421166597696167,0.808457681065496,0
MDG,2026-02-01,0.0,0.0,0.808457681065496,0
MDV,2026-02-01,0.0,0.0,0.808457681065496,0
MEX,2026-02-01,0.0,0.02547013170214613,0.808457681065496,0
MKD,2026-02-01,0.0,0.0,0.808457681065496,0
MLI,2026-02-01,0.0,0.5365025193936802,0.808457681065496,0
MLT,2026-02-01,0.0,0.0,0.808457681065496,0
MMR,2026-02-01,0.0,0.8931382536556528,0.808457681065496,1
MNE,2026-02-01,0.0,0.0,0.808457681065496,0
MNG,2026-02-01,0.0,0.0,0.808457681065496,0
MOZ,2026-02-01,0.0,0.27278710651852817,0.808457681065496,0
MRT,2026-02-01,0.0,0.004344236715935204,0.808457681065496,0
MUS,2026-02-01,0.0,0.0,0.808457681065496,0
MWI,2026-02-01,0.0,0.0018421166597696167,0.808457681065496,0
MYS,2026-02-01,0.0,0.0,0.808457681065496,0
NAM,2026-02-01,0.0,0.0,0.808457681065496,0
NER,2026-02-01,0.0,0.7020318003023334,0.808457681065496,0
NIC,2026-02-01,0.0,0.013754784378768143,0.808457681065496,0
NLD,2026-02-01,0.0,0.0,0.808457681065496,0
NOR,2026-02-01,0.0,0.0,0.808457681065496,0
NPL,2026-02-01,0.0,0.019149460809737284,0.808457681065496,0
NZL,2026-02-01,0.0,0.0005024114964401751,0.808457681065496,0
OMN,2026-02-01,0.0,0.0,0.808457681065496,0
PAK,2026-02-01,0.0,0.6233769412656782,0.808457681065496,0
PAN,2026-02-01,0.0,0.0,0.808457681065496,0
PER,2026-02-01,0.0,0.0,0.808457681065496,0
PHL,2026-02-01,0.0,0.08890313613139936,0.808457681065496,0
PNG,2026-02-01,0.0,0.01,0.808457681065496,0
POL,2026-02-01,0.0,0.0,0.808457681065496,0
PRK,2026-02-01,0.0,0.0,0.808457681065496,0
PRT,2026-02-01,0.0,0.0,0.808457681065496,0
PRY,2026-02-01,0.0,0.0,0.808457681065496,0
PSE,2026-02-01,0.0,0.4998476193463749,0.808457681065496,0
QAT,2026-02-01,0.0,0.0007883546128500822,0.808457681065496,0
ROU,2026-02-01,0.0,0.0,0.808457681065496,0
RUS,2026-02-01,0.0,0.05689803376854805,0.808457681065496,0
RWA,2026-02-01,0.0,0.040924595724834374,0.808457681065496,0
SAU,2026-02-01,0.0,0.0,0.808457681065496,0
SDN,2026-02-01,0.0,0.8510344669066618,0.808457681065496,1
SEN,2026-02-01,0.0,0.0018421166597696167,0.808457681065496,0
SGP,2026-02-01,0.0,0.0,0.808457681065496,0
SLB,2026-02-01,0.0,0.0,0.808457681065496,0
SLE,2026-02-01,0.0,0.0026304712726196986,0.808457681065496,0
SLV,2026-02-01,0.0,0.0,0.808457681065496,0
SOM,2026-02-01,0.0,0.44740574039134046,0.808457681065496,0
SRB,2026-02-01,0.0,0.0,0.808457681065496,0
SSD,2026-02-01,0.0,0.559521536667322,0.808457681065496,0
STP,2026-02-01,0.0,0.0,0.808457681065496,0
SVK,2026-02-01,0.0,0.0027970993314580055,0.808457681065496,0
SVN,2026-02-01,0.0,0.0,0.808457681065496,0
SWE,2026-02-01,0.0,0.0,0.808457681065496,0
SWZ,2026-02-01,0.0,0.0,0.808457681065496,0
SYC,2026-02-01,0.0,0.0,0.808457681065496,0
SYR,2026-02-01,0.0,0.78938402318447,0.808457681065496,0
TCD,2026-02-01,0.0,0.15155780408868347,0.808457681065496,0
TGO,2026-02-01,0.0,0.01725537136210956,0.808457681065496,0
THA,2026-02-01,0.0,0.043459296585079785,0.808457681065496,0
TJK,2026-02-01,0.0,0.004369150878794796,0.808457681065496,0
TKM,2026-02-01,0.0,0.00442198762012196,0.808457681065496,0
TLS,2026-02-01,0.0,0.0,0.808457681065496,0
TON,2026-02-01,0.0,0.0,0.808457681065496,0
TTO,2026-02-01,0.0,0.0,0.808457681065496,0
TUN,2026-02-01,0.0,0.0018421166597696167,0.808457681065496,0
TUR,2026-02-01,0.0,0.004044424488933495,0.808457681065496,0
TZA,2026-02-01,0.0,0.011701782040088496,0.808457681065496,0
UGA,2026-02-01,0.0,0.004450832441984839,0.808457681065496,0
UKR,2026-02-01,0.0,0.27687869629658546,0.808457681065496,0
URY,2026-02-01,0.0,0.0005024114964401751,0.808457681065496,0
USA,2026-02-01,0.0,0.0,0.808457681065496,0
UZB,2026-02-01,0.0,0.0,0.808457681065496,0
VEN,2026-02-01,0.0,0.0,0.808457681065496,0
VNM,2026-02-01,0.0,0.0,0.808457681065496,0
VUT,2026-02-01,0.0,0.0,0.808457681065496,0
WSM,2026-02-01,0.0,0.0,0.808457681065496,0
YEM,2026-02-01,0.0,0.16862227957223183,0.808457681065496,0
ZAF,2026-02-01,0.0,0.0,0.808457681065496,0
ZMB,2026-02-01,0.0,0.0,0.808457681065496,0
ZWE,2026-02-01,0.0,0.0018421166597696167,0.808457681065496,0
