iso3,month,y_true,y_prob
AFG,2024-03-01,0.0,0.7611936512298455
AGO,2024-03-01,0.0,0.0
ALB,2024-03-01,0.0,0.0
ARE,2024-03-01,0.0,0.0
ARG,2024-03-01,0.0,0.0
ARM,2024-03-01,0.0,0.01966237183569134
AUS,2024-03-01,0.0,0.0
AUT,2024-03-01,0.0,0.0
AZE,2024-03-01,0.0,0.059140732877114674
BDI,2024-03-01,0.0,0.07684440889377701
BEL,2024-03-01,0.0,0.0
BEN,2024-03-01,0.0,0.004850570090669713
BFA,2024-03-01,1.0,0.6511894778226508
BGD,2024-03-01,0.0,0.21873861144902118
BGR,2024-03-01,0.0,0.0
BHR,2024-03-01,0.0,0.0
BHS,2024-03-01,0.0,0.0
BIH,2024-03-01,0.0,0.0
BLR,2024-03-01,0.0,0.0
BLZ,2024-03-01,0.0,0.0
BOL,2024-03-01,0.0,0.0
BRA,2024-03-01,0.0,0.051966695732022214
BRB,2024-03-01,0.0,0.0
BRN,2024-03-01,0.0,0.0
BTN,2024-03-01,0.0,0.0
BWA,2024-03-01,0.0,0.0
CAF,2024-03-01,0.0,0.5608904315421834
CAN,2024-03-01,0.0,0.0
CHE,2024-03-01,0.0,0.0
CHL,2024-03-01,0.0,0.0
CHN,2024-03-01,0.0,0.0
CIV,2024-03-01,0.0,0.0
CMR,2024-03-01,0.0,0.26655177916142214
COL,2024-03-01,0.0,0.26446533836943986
COM,2024-03-01,0.0,0.0
CRI,2024-03-01,0.0,0.0
CUB,2024-03-01,0.0,0.005
CYP,2024-03-01,0.0,0.005
CZE,2024-03-01,0.0,0.0
DEU,2024-03-01,0.0,0.0
DJI,2024-03-01,0.0,0.0
DNK,2024-03-01,0.0,0.0
DOM,2024-03-01,0.0,0.0
DZA,2024-03-01,0.0,0.0
ECU,2024-03-01,0.0,0.0676769378596663
EGY,2024-03-01,0.0,0.014447741574593088
ERI,2024-03-01,0.0,0.013667857304930918
ESP,2024-03-01,0.0,0.0
EST,2024-03-01,0.0,0.0
FIN,2024-03-01,0.0,0.0
FJI,2024-03-01,0.0,0.0
FRA,2024-03-01,0.0,0.0
GAB,2024-03-01,0.0,0.0
GBR,2024-03-01,0.0,0.0
GEO,2024-03-01,0.0,0.0
GHA,2024-03-01,0.0,0.0
GIN,2024-03-01,0.0,0.004850570090669713
GMB,2024-03-01,0.0,0.0
GNB,2024-03-01,0.0,0.0
GNQ,2024-03-01,0.0,0.0
GRC,2024-03-01,0.0,0.0
GRD,2024-03-01,0.0,0.0
GTM,2024-03-01,0.0,0.0
GUY,2024-03-01,0.0,0.0
HND,2024-03-01,0.0,0.0
HRV,2024-03-01,0.0,0.0
HUN,2024-03-01,0.0,0.0
IDN,2024-03-01,0.0,0.01916665046903544
IND,2024-03-01,0.0,0.0
IRL,2024-03-01,0.0,0.0
IRN,2024-03-01,0.0,0.04947011090843384
IRQ,2024-03-01,0.0,0.5463556601739554
ISL,2024-03-01,0.0,0.0
ISR,2024-03-01,0.0,0.06619496848937038
ITA,2024-03-01,0.0,0.0
JAM,2024-03-01,0.0,0.0
JOR,2024-03-01,0.0,0.0
JPN,2024-03-01,0.0,0.0
KAZ,2024-03-01,0.0,0.0
KEN,2024-03-01,0.0,0.17264999540707016
KGZ,2024-03-01,0.0,0.0
KHM,2024-03-01,0.0,0.0
KOR,2024-03-01,0.0,0.0
KWT,2024-03-01,0.0,0.0
LAO,2024-03-01,0.0,0.0
LBN,2024-03-01,0.0,0.1509868217350544
LBR,2024-03-01,0.0,0.0
LBY,2024-03-01,0.0,0.01837212791589669
LKA,2024-03-01,0.0,0.0
LSO,2024-03-01,0.0,0.0
LTU,2024-03-01,0.0,0.0
LUX,2024-03-01,0.0,0.0
LVA,2024-03-01,0.0,0.0
MAR,2024-03-01,0.0,0.0
MDA,2024-03-01,0.0,0.0
MDG,2024-03-01,0.0,0.0
MDV,2024-03-01,0.0,0.0
MEX,2024-03-01,0.0,0.010162305417008693
MKD,2024-03-01,0.0,0.0
MLT,2024-03-01,0.0,0.0
MNE,2024-03-01,0.0,0.0
MNG,2024-03-01,0.0,0.0
MRT,2024-03-01,0.0,0.0
MUS,2024-03-01,0.0,0.0
MWI,2024-03-01,0.0,0.0
MYS,2024-03-01,0.0,0.0
NAM,2024-03-01,0.0,0.0
NER,2024-03-01,0.0,0.9301992588781478
NIC,2024-03-01,0.0,0.0
NLD,2024-03-01,0.0,0.0
NOR,2024-03-01,0.0,0.0
NPL,2024-03-01,0.0,0.0
NZL,2024-03-01,0.0,0.0
OMN,2024-03-01,0.0,0.0
PAK,2024-03-01,0.0,0.23042571504254228
PAN,2024-03-01,0.0,0.0
PER,2024-03-01,0.0,0.0
PHL,2024-03-01,0.0,0.5391705331354147
PNG,2024-03-01,0.0,0.05387889234987907
POL,2024-03-01,0.0,0.0
PRK,2024-03-01,0.0,0.0
PRT,2024-03-01,0.0,0.0
PRY,2024-03-01,0.0,0.0
PSE,2024-03-01,0.0,0.14656255239888888
QAT,2024-03-01,0.0,0.0
ROU,2024-03-01,0.0,0.0
RUS,2024-03-01,0.0,0.07977000879491276
RWA,2024-03-01,0.0,0.0
SAU,2024-03-01,0.0,0.0
SDN,2024-03-01,0.0,0.6612515839823193
SEN,2024-03-01,0.0,0.0
SGP,2024-03-01,0.0,0.0
SLB,2024-03-01,0.0,0.0
SLE,2024-03-01,0.0,0.01478956109251197
SLV,2024-03-01,0.0,0.0
SRB,2024-03-01,0.0,0.0
STP,2024-03-01,0.0,0.0
SVK,2024-03-01,0.0,0.0
SVN,2024-03-01,0.0,0.0
SWE,2024-03-01,0.0,0.0
SWZ,2024-03-01,0.0,0.0
SYC,2024-03-01,0.0,0.0
SYR,2024-03-01,0.0,0.9010770997654585
TCD,2024-03-01,0.0,0.6070516869932624
TGO,2024-03-01,0.0,0.0
THA,2024-03-01,0.0,0.0
TJK,2024-03-01,0.0,0.0
TKM,2024-03-01,0.0,0.0
TLS,2024-03-01,0.0,0.0
TON,2024-03-01,0.0,0.0
TTO,2024-03-01,0.0,0.0
TUN,2024-03-01,0.0,0.0
TUR,2024-03-01,0.0,0.02243437556461993
TZA,2024-03-01,0.0,0.0
UGA,2024-03-01,0.0,0.6222690027039668
UKR,2024-03-01,1.0,0.07824410132336569
URY,2024-03-01,0.0,0.0
USA,2024-03-01,0.0,0.0
UZB,2024-03-01,0.0,0.0
VEN,2024-03-01,0.0,0.005
VNM,2024-03-01,0.0,0.0
VUT,2024-03-01,0.0,0.0
WSM,2024-03-01,0.0,0.0
YEM,2024-03-01,0.0,0.8575323307021029
ZAF,2024-03-01,0.0,0.0
ZMB,2024-03-01,0.0,0.0
ZWE,2024-03-01,0.0,0.0
AFG,2024-04-01,0.0,0.5337871723192849
AGO,2024-04-01,0.0,0.0
ALB,2024-04-01,0.0,0.0
ARE,2024-04-01,0.0,0.0
ARG,2024-04-01,0.0,0.0
ARM,2024-04-01,0.0,0.0
AUS,2024-04-01,0.0,0.0
AUT,2024-04-01,0.0,0.0
AZE,2024-04-01,0.0,0.013779898300451681
BDI,2024-04-01,0.0,0.16312653329512686
BEL,2024-04-01,0.0,0.0
BEN,2024-04-01,0.0,0.0
BFA,2024-04-01,1.0,0.6567303468038598
BGD,2024-04-01,0.0,0.18940573111148995
BGR,2024-04-01,0.0,0.0
BHR,2024-04-01,0.0,0.0
BHS,2024-04-01,0.0,0.0
BIH,2024-04-01,0.0,0.0
BLR,2024-04-01,0.0,0.01
BLZ,2024-04-01,0.0,0.0
BOL,2024-04-01,0.0,0.0
BRA,2024-04-01,0.0,0.0227078587475528
BRB,2024-04-01,0.0,0.0
BRN,2024-04-01,0.0,0.0
BTN,2024-04-01,0.0,0.0
BWA,2024-04-01,0.0,0.0
CAF,2024-04-01,0.0,0.7677079989922541
CAN,2024-04-01,0.0,0.0
CHE,2024-04-01,0.0,0.0
CHL,2024-04-01,0.0,0.0
CHN,2024-04-01,0.0,0.0
CIV,2024-04-01,0.0,0.0
CMR,2024-04-01,0.0,0.3355647016693212
COL,2024-04-01,0.0,0.20237627290900118
COM,2024-04-01,0.0,0.0
CRI,2024-04-01,0.0,0.0
CUB,2024-04-01,0.0,0.005
CYP,2024-04-01,0.0,0.015
CZE,2024-04-01,0.0,0.0
DEU,2024-04-01,0.0,0.0
DJI,2024-04-01,0.0,0.0
DNK,2024-04-01,0.0,0.0
DOM,2024-04-01,0.0,0.0
DZA,2024-04-01,0.0,0.00459084113620269
ECU,2024-04-01,0.0,0.018709620356020317
EGY,2024-04-01,0.0,0.021788409928783056
ERI,2024-04-01,0.0,0.009667973437875028
ESP,2024-04-01,0.0,0.0
EST,2024-04-01,0.0,0.0
FIN,2024-04-01,0.0,0.0
FJI,2024-04-01,0.0,0.0
FRA,2024-04-01,0.0,0.0
GAB,2024-04-01,0.0,0.0
GBR,2024-04-01,0.0,0.0
GEO,2024-04-01,0.0,0.0
GHA,2024-04-01,0.0,0.0
GIN,2024-04-01,0.0,0.0
GMB,2024-04-01,0.0,0.0
GNB,2024-04-01,0.0,0.0
GNQ,2024-04-01,0.0,0.0
GRC,2024-04-01,0.0,0.0
GRD,2024-04-01,0.0,0.0
GTM,2024-04-01,0.0,0.0
GUY,2024-04-01,0.0,0.0
HND,2024-04-01,0.0,0.0
HRV,2024-04-01,0.0,0.0
HUN,2024-04-01,0.0,0.0
IDN,2024-04-01,0.0,0.024202516434425538
IND,2024-04-01,0.0,0.0
IRL,2024-04-01,0.0,0.0
IRN,2024-04-01,0.0,0.05572416344792467
IRQ,2024-04-01,0.0,0.5426947577355605
ISL,2024-04-01,0.0,0.0
ISR,2024-04-01,0.0,0.05157791922188541
ITA,2024-04-01,0.0,0.0
JAM,2024-04-01,0.0,0.0
JOR,2024-04-01,0.0,0.0
JPN,2024-04-01,0.0,0.0
KAZ,2024-04-01,0.0,0.0
KEN,2024-04-01,0.0,0.2718252711317176
KGZ,2024-04-01,0.0,0.0
KHM,2024-04-01,0.0,0.0
KOR,2024-04-01,0.0,0.0
KWT,2024-04-01,0.0,0.0
LAO,2024-04-01,0.0,0.0
LBN,2024-04-01,0.0,0.08309108458308181
LBR,2024-04-01,0.0,0.0
LBY,2024-04-01,0.0,0.045128271962717646
LKA,2024-04-01,0.0,0.0
LSO,2024-04-01,0.0,0.0
LTU,2024-04-01,0.0,0.0
LUX,2024-04-01,0.0,0.0
LVA,2024-04-01,0.0,0.0
MAR,2024-04-01,0.0,0.0
MDA,2024-04-01,0.0,0.0
MDG,2024-04-01,0.0,0.0
MDV,2024-04-01,0.0,0.0
MEX,2024-04-01,0.0,0.03893349867720246
MKD,2024-04-01,0.0,0.0
MLT,2024-04-01,0.0,0.0
MNE,2024-04-01,0.0,0.0
MNG,2024-04-01,0.0,0.0
MRT,2024-04-01,0.0,0.0
MUS,2024-04-01,0.0,0.0
MWI,2024-04-01,0.0,0.0
MYS,2024-04-01,0.0,0.0
NAM,2024-04-01,0.0,0.0
NER,2024-04-01,0.0,0.9399720611615711
NGA,2024-04-01,0.0,0.6181714205936364
NIC,2024-04-01,0.0,0.0
NLD,2024-04-01,0.0,0.0
NOR,2024-04-01,0.0,0.0
NPL,2024-04-01,0.0,0.0
NZL,2024-04-01,0.0,0.0
OMN,2024-04-01,0.0,0.0
PAK,2024-04-01,0.0,0.1793288569729489
PAN,2024-04-01,0.0,0.0
PER,2024-04-01,0.0,0.0
PHL,2024-04-01,0.0,0.5446881424604164
PNG,2024-04-01,0.0,0.026704678277938713
POL,2024-04-01,0.0,0.0
PRK,2024-04-01,0.0,0.0
PRT,2024-04-01,0.0,0.0
PRY,2024-04-01,0.0,0.0
PSE,2024-04-01,1.0,0.1295873432682945
QAT,2024-04-01,0.0,0.0
ROU,2024-04-01,0.0,0.0
RUS,2024-04-01,0.0,0.10664465438957295
RWA,2024-04-01,0.0,0.0
SAU,2024-04-01,0.0,0.0
SDN,2024-04-01,0.0,0.7495149783284006
SEN,2024-04-01,0.0,0.0
SGP,2024-04-01,0.0,0.0
SLB,2024-04-01,0.0,0.0
SLE,2024-04-01,0.0,0.0
SLV,2024-04-01,0.0,0.0
SRB,2024-04-01,0.0,0.0
STP,2024-04-01,0.0,0.005
SVK,2024-04-01,0.0,0.0
SVN,2024-04-01,0.0,0.0
SWE,2024-04-01,0.0,0.0
SWZ,2024-04-01,0.0,0.0
SYC,2024-04-01,0.0,0.0
SYR,2024-04-01,0.0,0.9267045750017787
TCD,2024-04-01,0.0,0.8493940636903154
TGO,2024-04-01,0.0,0.005
THA,2024-04-01,0.0,0.0
TJK,2024-04-01,0.0,0.005
TKM,2024-04-01,0.0,0.0
TLS,2024-04-01,0.0,0.0
TON,2024-04-01,0.0,0.0
TTO,2024-04-01,0.0,0.0
TUN,2024-04-01,0.0,0.0
TUR,2024-04-01,0.0,0.033915691269528175
TZA,2024-04-01,0.0,0.0049153704171740606
UGA,2024-04-01,0.0,0.6668379060690077
UKR,2024-04-01,1.0,0.06917769609303251
URY,2024-04-01,0.0,0.0
USA,2024-04-01,0.0,0.0
UZB,2024-04-01,0.0,0.0
VEN,2024-04-01,0.0,0.0
VNM,2024-04-01,0.0,0.0
VUT,2024-04-01,0.0,0.0
WSM,2024-04-01,0.0,0.0
YEM,2024-04-01,0.0,0.8054522158432822
ZAF,2024-04-01,0.0,0.0
ZMB,2024-04-01,0.0,0.0
ZWE,2024-04-01,0.0,0.0
AFG,2024-05-01,0.0,0.8623755731147815
AGO,2024-05-01,0.0,0.0
ALB,2024-05-01,0.0,0.0
ARE,2024-05-01,0.0,0.0
ARG,2024-05-01,0.0,0.0
ARM,2024-05-01,0.0,0.0
AUS,2024-05-01,0.0,0.0
AUT,2024-05-01,0.0,0.0
AZE,2024-05-01,0.0,0.009765105029900913
BDI,2024-05-01,0.0,0.14375869470116956
BEL,2024-05-01,0.0,0.0
BEN,2024-05-01,0.0,0.008306916373269324
BGD,2024-05-01,0.0,0.14530085336738743
BGR,2024-05-01,0.0,0.0
BHR,2024-05-01,0.0,0.0
BHS,2024-05-01,0.0,0.0
BIH,2024-05-01,0.0,0.0
BLR,2024-05-01,0.0,0.0
BLZ,2024-05-01,0.0,0.0
BOL,2024-05-01,0.0,0.0
BRA,2024-05-01,0.0,0.042152244920833935
BRB,2024-05-01,0.0,0.0
BRN,2024-05-01,0.0,0.0
BTN,2024-05-01,0.0,0.0
BWA,2024-05-01,0.0,0.0
CAF,2024-05-01,0.0,0.4614523894651416
CAN,2024-05-01,0.0,0.0
CHE,2024-05-01,0.0,0.0
CHL,2024-05-01,0.0,0.0
CHN,2024-05-01,0.0,0.0
CIV,2024-05-01,0.0,0.0
CMR,2024-05-01,0.0,0.5220293860519983
COL,2024-05-01,0.0,0.216669116445133
COM,2024-05-01,0.0,0.0
CRI,2024-05-01,0.0,0.0
CUB,2024-05-01,0.0,0.0
CYP,2024-05-01,0.0,0.005
CZE,2024-05-01,0.0,0.0
DEU,2024-05-01,0.0,0.0
DJI,2024-05-01,0.0,0.0
DNK,2024-05-01,0.0,0.0
DOM,2024-05-01,0.0,0.0
DZA,2024-05-01,0.0,0.005
ECU,2024-05-01,0.0,0.018791104317245514
EGY,2024-05-01,0.0,0.019349372046533767
ERI,2024-05-01,0.0,0.005
ESP,2024-05-01,0.0,0.0
EST,2024-05-01,0.0,0.0
FIN,2024-05-01,0.0,0.0
FJI,2024-05-01,0.0,0.0
FRA,2024-05-01,0.0,0.0
GAB,2024-05-01,0.0,0.0
GBR,2024-05-01,0.0,0.0
GEO,2024-05-01,0.0,0.0
GHA,2024-05-01,0.0,0.0
GIN,2024-05-01,0.0,0.0
GMB,2024-05-01,0.0,0.0
GNB,2024-05-01,0.0,0.0
GNQ,2024-05-01,0.0,0.0
GRC,2024-05-01,0.0,0.0
GRD,2024-05-01,0.0,0.0
GTM,2024-05-01,0.0,0.0
GUY,2024-05-01,0.0,0.0
HND,2024-05-01,0.0,0.0
HRV,2024-05-01,0.0,0.0
HTI,2024-05-01,0.0,0.49700837143222837
HUN,2024-05-01,0.0,0.0
IDN,2024-05-01,0.0,0.038213290233723024
IND,2024-05-01,0.0,0.01
IRL,2024-05-01,0.0,0.0
IRN,2024-05-01,0.0,0.10928399284702879
IRQ,2024-05-01,0.0,0.5093654868328199
ISL,2024-05-01,0.0,0.0
ISR,2024-05-01,0.0,0.05793477870642642
ITA,2024-05-01,0.0,0.0
JAM,2024-05-01,0.0,0.0
JOR,2024-05-01,0.0,0.00973360596932935
JPN,2024-05-01,0.0,0.0
KAZ,2024-05-01,0.0,0.0
KEN,2024-05-01,0.0,0.2550004814583095
KGZ,2024-05-01,0.0,0.0
KHM,2024-05-01,0.0,0.0
KOR,2024-05-01,0.0,0.0
KWT,2024-05-01,0.0,0.0
LAO,2024-05-01,0.0,0.0
LBN,2024-05-01,0.0,0.12161554413873633
LBR,2024-05-01,0.0,0.0
LBY,2024-05-01,0.0,0.03736037129632412
LKA,2024-05-01,0.0,0.0
LSO,2024-05-01,0.0,0.0
LTU,2024-05-01,0.0,0.0
LUX,2024-05-01,0.0,0.0
LVA,2024-05-01,0.0,0.0
MAR,2024-05-01,0.0,0.0
MDA,2024-05-01,0.0,0.0
MDG,2024-05-01,0.0,0.0
MDV,2024-05-01,0.0,0.0
MEX,2024-05-01,0.0,0.02334796597466187
MKD,2024-05-01,0.0,0.0
MLT,2024-05-01,0.0,0.0
MNE,2024-05-01,0.0,0.0
MNG,2024-05-01,0.0,0.0
MRT,2024-05-01,0.0,0.019791247663084825
MUS,2024-05-01,0.0,0.0
MWI,2024-05-01,0.0,0.0
MYS,2024-05-01,0.0,0.0
NAM,2024-05-01,0.0,0.0
NER,2024-05-01,0.0,0.7603099927032407
NGA,2024-05-01,0.0,0.6527689096742851
NIC,2024-05-01,0.0,0.005
NLD,2024-05-01,0.0,0.0
NOR,2024-05-01,0.0,0.0
NPL,2024-05-01,0.0,0.0
NZL,2024-05-01,0.0,0.0
OMN,2024-05-01,0.0,0.0
PAK,2024-05-01,0.0,0.24616633343486302
PAN,2024-05-01,0.0,0.0
PER,2024-05-01,0.0,0.0
PHL,2024-05-01,0.0,0.4305337046148637
PNG,2024-05-01,0.0,0.048152303681840355
POL,2024-05-01,0.0,0.0
PRK,2024-05-01,0.0,0.0
PRT,2024-05-01,0.0,0.0
PRY,2024-05-01,0.0,0.0
PSE,2024-05-01,1.0,0.1381512963608234
QAT,2024-05-01,0.0,0.0
ROU,2024-05-01,0.0,0.0
RUS,2024-05-01,0.0,0.11790879670330477
RWA,2024-05-01,0.0,0.0
SAU,2024-05-01,0.0,0.0
SDN,2024-05-01,0.0,0.6457337587773447
SEN,2024-05-01,0.0,0.0
SGP,2024-05-01,0.0,0.0
SLB,2024-05-01,0.0,0.0
SLE,2024-05-01,0.0,0.007657892372652952
SLV,2024-05-01,0.0,0.0
SOM,2024-05-01,1.0,0.8597402435360695
SRB,2024-05-01,0.0,0.0
SSD,2024-05-01,0.0,0.4751305105932188
STP,2024-05-01,0.0,0.0
SVK,2024-05-01,0.0,0.0
SVN,2024-05-01,0.0,0.0
SWE,2024-05-01,0.0,0.0
SWZ,2024-05-01,0.0,0.0
SYC,2024-05-01,0.0,0.0
SYR,2024-05-01,0.0,0.9104433762410707
TCD,2024-05-01,0.0,0.8071320292861165
TGO,2024-05-01,0.0,0.0
THA,2024-05-01,0.0,0.0
TJK,2024-05-01,0.0,0.0
TKM,2024-05-01,0.0,0.0
TLS,2024-05-01,0.0,0.0
TON,2024-05-01,0.0,0.0
TTO,2024-05-01,0.0,0.0
TUN,2024-05-01,0.0,0.0
TUR,2024-05-01,0.0,0.04458943726738042
TZA,2024-05-01,0.0,0.005
UGA,2024-05-01,0.0,0.7348650157582033
UKR,2024-05-01,0.0,0.31567000626352243
URY,2024-05-01,0.0,0.0
USA,2024-05-01,0.0,0.0
UZB,2024-05-01,0.0,0.0
VEN,2024-05-01,0.0,0.0
VNM,2024-05-01,0.0,0.0
VUT,2024-05-01,0.0,0.0
WSM,2024-05-01,0.0,0.0
YEM,2024-05-01,0.0,0.43261957201208345
ZAF,2024-05-01,0.0,0.0
ZMB,2024-05-01,0.0,0.0
ZWE,2024-05-01,0.0,0.0
AFG,2024-06-01,0.0,0.8705218068311161
AGO,2024-06-01,0.0,0.0
ALB,2024-06-01,0.0,0.0
ARE,2024-06-01,0.0,0.0
ARG,2024-06-01,0.0,0.0
ARM,2024-06-01,0.0,0.0
AUS,2024-06-01,0.0,0.0
AUT,2024-06-01,0.0,0.0
AZE,2024-06-01,0.0,0.009883995441224357
BDI,2024-06-01,0.0,0.18362342547366597
BEL,2024-06-01,0.0,0.0
BEN,2024-06-01,0.0,0.0
BGD,2024-06-01,0.0,0.20892664353506862
BGR,2024-06-01,0.0,0.0
BHR,2024-06-01,0.0,0.0
BHS,2024-06-01,0.0,0.0
BIH,2024-06-01,0.0,0.0
BLR,2024-06-01,0.0,0.0
BLZ,2024-06-01,0.0,0.0
BOL,2024-06-01,0.0,0.0
BRA,2024-06-01,0.0,0.08405370097749529
BRB,2024-06-01,0.0,0.0
BRN,2024-06-01,0.0,0.0
BTN,2024-06-01,0.0,0.0
BWA,2024-06-01,0.0,0.0
CAF,2024-06-01,0.0,0.5233241598845028
CAN,2024-06-01,0.0,0.0
CHE,2024-06-01,0.0,0.0
CHL,2024-06-01,0.0,0.0
CHN,2024-06-01,0.0,0.0
CIV,2024-06-01,0.0,0.005
CMR,2024-06-01,0.0,0.4566238860227618
COL,2024-06-01,0.0,0.2374800999269491
COM,2024-06-01,0.0,0.0
CRI,2024-06-01,0.0,0.0
CUB,2024-06-01,0.0,0.0
CYP,2024-06-01,0.0,0.0
CZE,2024-06-01,0.0,0.0
DEU,2024-06-01,0.0,0.0
DJI,2024-06-01,0.0,0.005
DNK,2024-06-01,0.0,0.0
DOM,2024-06-01,0.0,0.0
DZA,2024-06-01,0.0,0.0
ECU,2024-06-01,0.0,0.023785771159851126
EGY,2024-06-01,0.0,0.016701431099044473
ERI,2024-06-01,0.0,0.005
ESP,2024-06-01,0.0,0.0
EST,2024-06-01,0.0,0.0
FIN,2024-06-01,0.0,0.0
FJI,2024-06-01,0.0,0.0
FRA,2024-06-01,0.0,0.0
GAB,2024-06-01,0.0,0.0
GBR,2024-06-01,0.0,0.0
GEO,2024-06-01,0.0,0.0
GHA,2024-06-01,0.0,0.0
GIN,2024-06-01,0.0,0.0
GMB,2024-06-01,0.0,0.0
GNB,2024-06-01,0.0,0.0
GNQ,2024-06-01,0.0,0.0
GRC,2024-06-01,0.0,0.0
GRD,2024-06-01,0.0,0.0
GTM,2024-06-01,0.0,0.0
GUY,2024-06-01,0.0,0.0
HND,2024-06-01,0.0,0.0
HRV,2024-06-01,0.0,0.0
HTI,2024-06-01,0.0,0.46224092592426386
HUN,2024-06-01,0.0,0.0
IDN,2024-06-01,0.0,0.009704098252566979
IND,2024-06-01,0.0,0.0
IRL,2024-06-01,0.0,0.0
IRN,2024-06-01,0.0,0.10100176460604303
IRQ,2024-06-01,0.0,0.1827088095462677
ISL,2024-06-01,0.0,0.0
ISR,2024-06-01,0.0,0.10906048398391638
ITA,2024-06-01,0.0,0.0
JAM,2024-06-01,0.0,0.0
JOR,2024-06-01,0.0,0.004747498363415323
JPN,2024-06-01,0.0,0.0
KAZ,2024-06-01,0.0,0.0
KEN,2024-06-01,0.0,0.244183555934265
KGZ,2024-06-01,0.0,0.0
KHM,2024-06-01,0.0,0.0
KOR,2024-06-01,0.0,0.0
KWT,2024-06-01,0.0,0.0
LAO,2024-06-01,0.0,0.0
LBN,2024-06-01,0.0,0.17373837748838286
LBR,2024-06-01,0.0,0.0
LBY,2024-06-01,0.0,0.023166069403839487
LKA,2024-06-01,0.0,0.0
LSO,2024-06-01,0.0,0.0
LTU,2024-06-01,0.0,0.0
LUX,2024-06-01,0.0,0.0
LVA,2024-06-01,0.0,0.0
MAR,2024-06-01,0.0,0.0
MDA,2024-06-01,0.0,0.0
MDG,2024-06-01,0.0,0.0
MDV,2024-06-01,0.0,0.0
MEX,2024-06-01,0.0,0.045861630801533604
MKD,2024-06-01,0.0,0.0
MLI,2024-06-01,0.0,0.664361315384658
MLT,2024-06-01,0.0,0.0
MNE,2024-06-01,0.0,0.0
MNG,2024-06-01,0.0,0.0
MOZ,2024-06-01,0.0,0.7319097074317616
MRT,2024-06-01,0.0,0.0
MUS,2024-06-01,0.0,0.0
MWI,2024-06-01,0.0,0.0
MYS,2024-06-01,0.0,0.0
NAM,2024-06-01,0.0,0.0
NER,2024-06-01,0.0,0.5974908732914592
NGA,2024-06-01,0.0,0.5942245450744046
NIC,2024-06-01,0.0,0.0
NLD,2024-06-01,0.0,0.0
NOR,2024-06-01,0.0,0.0
NPL,2024-06-01,0.0,0.0
NZL,2024-06-01,0.0,0.0
OMN,2024-06-01,0.0,0.0
PAK,2024-06-01,0.0,0.21523016666602202
PAN,2024-06-01,0.0,0.0
PER,2024-06-01,0.0,0.0
PHL,2024-06-01,0.0,0.23904623911994957
PNG,2024-06-01,0.0,0.032748228263151755
POL,2024-06-01,0.0,0.0
PRK,2024-06-01,0.0,0.0
PRT,2024-06-01,0.0,0.0
PRY,2024-06-01,0.0,0.0
QAT,2024-06-01,0.0,0.0
ROU,2024-06-01,0.0,0.0
RUS,2024-06-01,1.0,0.1873874222484865
RWA,2024-06-01,0.0,0.0
SAU,2024-06-01,0.0,0.0
SDN,2024-06-01,0.0,0.5953948338666539
SEN,2024-06-01,0.0,0.0
SGP,2024-06-01,0.0,0.0
SLB,2024-06-01,0.0,0.0
SLE,2024-06-01,0.0,0.0
SLV,2024-06-01,0.0,0.0
SOM,2024-06-01,1.0,0.8317310190893887
SRB,2024-06-01,0.0,0.0
SSD,2024-06-01,0.0,0.35448420868756786
STP,2024-06-01,0.0,0.005
SVK,2024-06-01,0.0,0.0
SVN,2024-06-01,0.0,0.005
SWE,2024-06-01,0.0,0.0
SWZ,2024-06-01,0.0,0.0
SYC,2024-06-01,0.0,0.0
SYR,2024-06-01,0.0,0.8422977265943488
TCD,2024-06-01,0.0,0.7912699681879678
TGO,2024-06-01,0.0,0.0
THA,2024-06-01,0.0,0.0
TJK,2024-06-01,0.0,0.004889966582443558
TKM,2024-06-01,0.0,0.0
TLS,2024-06-01,0.0,0.0
TON,2024-06-01,0.0,0.0
TTO,2024-06-01,0.0,0.0
TUN,2024-06-01,0.0,0.0
TUR,2024-06-01,0.0,0.016446825728229936
TZA,2024-06-01,0.0,0.007089899036182362
UGA,2024-06-01,0.0,0.6909937299556997
UKR,2024-06-01,1.0,0.2635190861512346
URY,2024-06-01,0.0,0.0
USA,2024-06-01,0.0,0.0
UZB,2024-06-01,0.0,0.0
VEN,2024-06-01,0.0,0.005
VNM,2024-06-01,0.0,0.0
VUT,2024-06-01,0.0,0.0
WSM,2024-06-01,0.0,0.0
YEM,2024-06-01,0.0,0.9306495111845932
ZAF,2024-06-01,0.0,0.0
ZMB,2024-06-01,0.0,0.0
ZWE,2024-06-01,0.0,0.0
AFG,2024-07-01,0.0,0.7139571154145787
AGO,2024-07-01,0.0,0.0
ALB,2024-07-01,0.0,0.0
ARE,2024-07-01,0.0,0.0
ARG,2024-07-01,0.0,0.0
ARM,2024-07-01,0.0,0.0
AUS,2024-07-01,0.0,0.0
AUT,2024-07-01,0.0,0.0
AZE,2024-07-01,0.0,0.0
BDI,2024-07-01,0.0,0.15310675804258023
BEL,2024-07-01,0.0,0.0
BEN,2024-07-01,0.0,0.009731827477016257
BGD,2024-07-01,0.0,0.16196695749686504
BGR,2024-07-01,0.0,0.0
BHR,2024-07-01,0.0,0.0
BHS,2024-07-01,0.0,0.0
BIH,2024-07-01,0.0,0.0
BLR,2024-07-01,0.0,0.005
BLZ,2024-07-01,0.0,0.0
BOL,2024-07-01,0.0,0.0
BRA,2024-07-01,0.0,0.004231668825917983
BRB,2024-07-01,0.0,0.0
BRN,2024-07-01,0.0,0.0
BTN,2024-07-01,0.0,0.0
BWA,2024-07-01,0.0,0.0
CAF,2024-07-01,0.0,0.4366387306656591
CAN,2024-07-01,0.0,0.0
CHE,2024-07-01,0.0,0.0
CHL,2024-07-01,0.0,0.0
CHN,2024-07-01,0.0,0.0
CIV,2024-07-01,0.0,0.0
CMR,2024-07-01,0.0,0.3987322723750403
COL,2024-07-01,0.0,0.19692408620867113
COM,2024-07-01,0.0,0.0
CRI,2024-07-01,0.0,0.0
CUB,2024-07-01,0.0,0.0
CYP,2024-07-01,0.0,0.0
CZE,2024-07-01,0.0,0.0
DEU,2024-07-01,0.0,0.0
DJI,2024-07-01,0.0,0.0
DNK,2024-07-01,0.0,0.0
DOM,2024-07-01,0.0,0.0
DZA,2024-07-01,0.0,0.005
ECU,2024-07-01,0.0,0.0
EGY,2024-07-01,0.0,0.028760119470446165
ERI,2024-07-01,0.0,0.005
ESP,2024-07-01,0.0,0.0
EST,2024-07-01,0.0,0.0
FIN,2024-07-01,0.0,0.0
FJI,2024-07-01,0.0,0.0
FRA,2024-07-01,0.0,0.0
GAB,2024-07-01,0.0,0.0
GBR,2024-07-01,0.0,0.0
GEO,2024-07-01,0.0,0.0
GHA,2024-07-01,0.0,0.0
GIN,2024-07-01,0.0,0.0
GMB,2024-07-01,0.0,0.0
GNB,2024-07-01,0.0,0.0
GNQ,2024-07-01,0.0,0.0
GRC,2024-07-01,0.0,0.0
GRD,2024-07-01,0.0,0.0
GTM,2024-07-01,0.0,0.0
GUY,2024-07-01,0.0,0.0
HND,2024-07-01,0.0,0.0
HRV,2024-07-01,0.0,0.0
HTI,2024-07-01,0.0,0.49197864186861523
HUN,2024-07-01,0.0,0.0
IDN,2024-07-01,0.0,0.012201580556731002
IND,2024-07-01,0.0,0.004577364112442063
IRL,2024-07-01,0.0,0.0
IRN,2024-07-01,0.0,0.05276274901230436
IRQ,2024-07-01,0.0,0.1789581853554348
ISL,2024-07-01,0.0,0.0
ISR,2024-07-01,0.0,0.19818647078913532
ITA,2024-07-01,0.0,0.0
JAM,2024-07-01,0.0,0.0
JOR,2024-07-01,0.0,0.0
JPN,2024-07-01,0.0,0.0
KAZ,2024-07-01,0.0,0.0
KEN,2024-07-01,0.0,0.23527959379449462
KGZ,2024-07-01,0.0,0.0
KHM,2024-07-01,0.0,0.0
KOR,2024-07-01,0.0,0.0
KWT,2024-07-01,0.0,0.0
LAO,2024-07-01,0.0,0.0
LBN,2024-07-01,1.0,0.2813925850334753
LBR,2024-07-01,0.0,0.0
LBY,2024-07-01,0.0,0.02325096355165479
LKA,2024-07-01,0.0,0.0
LSO,2024-07-01,0.0,0.0
LTU,2024-07-01,0.0,0.0
LUX,2024-07-01,0.0,0.0
LVA,2024-07-01,0.0,0.0
MAR,2024-07-01,0.0,0.0
MDA,2024-07-01,0.0,0.0
MDG,2024-07-01,0.0,0.0
MDV,2024-07-01,0.0,0.0
MEX,2024-07-01,0.0,0.05837275403012668
MKD,2024-07-01,0.0,0.0
MLI,2024-07-01,0.0,0.7429459161147239
MLT,2024-07-01,0.0,0.0
MNE,2024-07-01,0.0,0.0
MNG,2024-07-01,0.0,0.0
MOZ,2024-07-01,0.0,0.3485937115162833
MRT,2024-07-01,0.0,0.0
MUS,2024-07-01,0.0,0.0
MWI,2024-07-01,0.0,0.0
MYS,2024-07-01,0.0,0.0
NAM,2024-07-01,0.0,0.0
NER,2024-07-01,0.0,0.20631627080927997
NGA,2024-07-01,0.0,0.6262355384806273
NIC,2024-07-01,0.0,0.0
NLD,2024-07-01,0.0,0.0
NOR,2024-07-01,0.0,0.0
NPL,2024-07-01,0.0,0.0
NZL,2024-07-01,0.0,0.0
OMN,2024-07-01,0.0,0.005
PAK,2024-07-01,0.0,0.1696112531416002
PAN,2024-07-01,0.0,0.0
PER,2024-07-01,0.0,0.0
PHL,2024-07-01,0.0,0.17984064515949008
PNG,2024-07-01,0.0,0.019086520427660358
POL,2024-07-01,0.0,0.0
PRK,2024-07-01,0.0,0.0
PRT,2024-07-01,0.0,0.0
PRY,2024-07-01,0.0,0.0
QAT,2024-07-01,0.0,0.0
ROU,2024-07-01,0.0,0.0
RUS,2024-07-01,1.0,0.1813093084735651
RWA,2024-07-01,0.0,0.0
SAU,2024-07-01,0.0,0.0
SDN,2024-07-01,0.0,0.564787678537794
SEN,2024-07-01,0.0,0.0
SGP,2024-07-01,0.0,0.0
SLB,2024-07-01,0.0,0.0
SLE,2024-07-01,0.0,0.01
SLV,2024-07-01,0.0,0.0
SRB,2024-07-01,0.0,0.0
SSD,2024-07-01,0.0,0.29979298149201095
STP,2024-07-01,0.0,0.0
SVK,2024-07-01,0.0,0.0
SVN,2024-07-01,0.0,0.005
SWE,2024-07-01,0.0,0.0
SWZ,2024-07-01,0.0,0.0
SYC,2024-07-01,0.0,0.0
SYR,2024-07-01,0.0,0.7781352705011839
TCD,2024-07-01,0.0,0.6387624661850596
TGO,2024-07-01,0.0,0.0
THA,2024-07-01,0.0,0.0
TJK,2024-07-01,0.0,0.0
TKM,2024-07-01,0.0,0.0
TLS,2024-07-01,0.0,0.0
TON,2024-07-01,0.0,0.0
TTO,2024-07-01,0.0,0.0
TUN,2024-07-01,0.0,0.0
TUR,2024-07-01,0.0,0.029397057406919825
TZA,2024-07-01,0.0,0.0
UGA,2024-07-01,0.0,0.47111341486884656
UKR,2024-07-01,1.0,0.32179077520815447
URY,2024-07-01,0.0,0.0
USA,2024-07-01,0.0,0.0
UZB,2024-07-01,0.0,0.0
VEN,2024-07-01,0.0,0.0
VNM,2024-07-01,0.0,0.0
VUT,2024-07-01,0.0,0.0
WSM,2024-07-01,0.0,0.0
YEM,2024-07-01,0.0,0.9050663766084053
ZAF,2024-07-01,0.0,0.0
ZMB,2024-07-01,0.0,0.0
ZWE,2024-07-01,0.0,0.0
AFG,2024-08-01,0.0,0.9041776679357427
AGO,2024-08-01,0.0,0.0
ALB,2024-08-01,0.0,0.0
ARE,2024-08-01,0.0,0.0
ARG,2024-08-01,0.0,0.0
ARM,2024-08-01,0.0,0.0
AUS,2024-08-01,0.0,0.0
AUT,2024-08-01,0.0,0.0
AZE,2024-08-01,0.0,0.0
BDI,2024-08-01,0.0,0.2056844734962623
BEL,2024-08-01,0.0,0.0
BEN,2024-08-01,0.0,0.019500340671583443
BGD,2024-08-01,0.0,0.07373189913748318
BGR,2024-08-01,0.0,0.0
BHR,2024-08-01,0.0,0.0
BHS,2024-08-01,0.0,0.0
BIH,2024-08-01,0.0,0.0
BLR,2024-08-01,0.0,0.005
BLZ,2024-08-01,0.0,0.0
BOL,2024-08-01,0.0,0.0
BRA,2024-08-01,0.0,0.004065843511416366
BRB,2024-08-01,0.0,0.0
BRN,2024-08-01,0.0,0.0
BTN,2024-08-01,0.0,0.0
BWA,2024-08-01,0.0,0.0
CAF,2024-08-01,0.0,0.40890230328743127
CAN,2024-08-01,0.0,0.0
CHE,2024-08-01,0.0,0.0
CHL,2024-08-01,0.0,0.0
CHN,2024-08-01,0.0,0.0
CIV,2024-08-01,0.0,0.005
CMR,2024-08-01,0.0,0.2781007976608874
COL,2024-08-01,0.0,0.1971034095178713
COM,2024-08-01,0.0,0.0
CRI,2024-08-01,0.0,0.0
CUB,2024-08-01,0.0,0.0
CYP,2024-08-01,0.0,0.0
CZE,2024-08-01,0.0,0.0
DEU,2024-08-01,0.0,0.0
DJI,2024-08-01,0.0,0.0
DNK,2024-08-01,0.0,0.0
DOM,2024-08-01,0.0,0.0
DZA,2024-08-01,0.0,0.01508501598302163
ECU,2024-08-01,0.0,0.0048928996429988105
EGY,2024-08-01,0.0,0.07218887316241626
ERI,2024-08-01,0.0,0.004841262919192359
ESP,2024-08-01,0.0,0.0
EST,2024-08-01,0.0,0.0
FIN,2024-08-01,0.0,0.0
FJI,2024-08-01,0.0,0.0
FRA,2024-08-01,0.0,0.0
GAB,2024-08-01,0.0,0.0
GBR,2024-08-01,0.0,0.0
GEO,2024-08-01,0.0,0.0
GHA,2024-08-01,0.0,0.0
GIN,2024-08-01,0.0,0.0
GMB,2024-08-01,0.0,0.0
GNB,2024-08-01,0.0,0.0
GNQ,2024-08-01,0.0,0.0
GRC,2024-08-01,0.0,0.0
GRD,2024-08-01,0.0,0.0
GTM,2024-08-01,0.0,0.0
GUY,2024-08-01,0.0,0.0
HND,2024-08-01,0.0,0.0140046045310105
HRV,2024-08-01,0.0,0.0
HTI,2024-08-01,0.0,0.4556675007546652
HUN,2024-08-01,0.0,0.0
IDN,2024-08-01,0.0,0.01743733890610844
IND,2024-08-01,0.0,0.0
IRL,2024-08-01,0.0,0.0
IRN,2024-08-01,0.0,0.05977545194272484
IRQ,2024-08-01,0.0,0.5528013923207453
ISL,2024-08-01,0.0,0.0
ISR,2024-08-01,0.0,0.167751268807474
ITA,2024-08-01,0.0,0.0
JAM,2024-08-01,0.0,0.0
JOR,2024-08-01,0.0,0.0
JPN,2024-08-01,0.0,0.0
KAZ,2024-08-01,0.0,0.0
KEN,2024-08-01,0.0,0.24860878670609768
KGZ,2024-08-01,0.0,0.0
KHM,2024-08-01,0.0,0.0
KOR,2024-08-01,0.0,0.0
KWT,2024-08-01,0.0,0.0
LAO,2024-08-01,0.0,0.0
LBN,2024-08-01,1.0,0.22618646531965822
LBR,2024-08-01,0.0,0.0
LBY,2024-08-01,0.0,0.008004885217946374
LKA,2024-08-01,0.0,0.0
LSO,2024-08-01,0.0,0.0
LTU,2024-08-01,0.0,0.0
LUX,2024-08-01,0.0,0.0
LVA,2024-08-01,0.0,0.0
MAR,2024-08-01,0.0,0.0
MDA,2024-08-01,0.0,0.0
MDG,2024-08-01,0.0,0.0
MDV,2024-08-01,0.0,0.0
MEX,2024-08-01,0.0,0.06062873654435817
MKD,2024-08-01,0.0,0.0
MLI,2024-08-01,0.0,0.6976780218446247
MLT,2024-08-01,0.0,0.0
MNE,2024-08-01,0.0,0.0
MNG,2024-08-01,0.0,0.0
MOZ,2024-08-01,0.0,0.49610306018189193
MRT,2024-08-01,0.0,0.0
MUS,2024-08-01,0.0,0.0
MWI,2024-08-01,0.0,0.0
MYS,2024-08-01,0.0,0.0
NAM,2024-08-01,0.0,0.0
NER,2024-08-01,0.0,0.1163649542220002
NGA,2024-08-01,0.0,0.580920681698052
NIC,2024-08-01,0.0,0.0
NLD,2024-08-01,0.0,0.0
NOR,2024-08-01,0.0,0.0
NPL,2024-08-01,0.0,0.0
NZL,2024-08-01,0.0,0.0
OMN,2024-08-01,0.0,0.05473997694376841
PAK,2024-08-01,0.0,0.18913535309567808
PAN,2024-08-01,0.0,0.0
PER,2024-08-01,0.0,0.0
PHL,2024-08-01,0.0,0.17382125130162765
PNG,2024-08-01,0.0,0.027569625800098405
POL,2024-08-01,0.0,0.0
PRK,2024-08-01,0.0,0.0
PRT,2024-08-01,0.0,0.0
PRY,2024-08-01,0.0,0.0
QAT,2024-08-01,0.0,0.005
ROU,2024-08-01,0.0,0.0
RWA,2024-08-01,0.0,0.0
SAU,2024-08-01,0.0,0.0
SDN,2024-08-01,1.0,0.37484239052819185
SEN,2024-08-01,0.0,0.0
SGP,2024-08-01,0.0,0.0
SLB,2024-08-01,0.0,0.0
SLE,2024-08-01,0.0,0.005
SLV,2024-08-01,0.0,0.0
SRB,2024-08-01,0.0,0.0
SSD,2024-08-01,0.0,0.3325760154164756
STP,2024-08-01,0.0,0.0
SVK,2024-08-01,0.0,0.0
SVN,2024-08-01,0.0,0.0
SWE,2024-08-01,0.0,0.0
SWZ,2024-08-01,0.0,0.0
SYC,2024-08-01,0.0,0.0
SYR,2024-08-01,0.0,0.876439536354708
TCD,2024-08-01,0.0,0.6783900592367698
TGO,2024-08-01,0.0,0.0
THA,2024-08-01,0.0,0.0
TJK,2024-08-01,0.0,0.0
TKM,2024-08-01,0.0,0.0
TLS,2024-08-01,0.0,0.0
TON,2024-08-01,0.0,0.0
TTO,2024-08-01,0.0,0.0
TUN,2024-08-01,0.0,0.0
TUR,2024-08-01,0.0,0.019685930335846938
TZA,2024-08-01,0.0,0.0
UGA,2024-08-01,0.0,0.6072900749625864
URY,2024-08-01,0.0,0.0
USA,2024-08-01,0.0,0.0
UZB,2024-08-01,0.0,0.0
VEN,2024-08-01,0.0,0.005
VNM,2024-08-01,0.0,0.0
VUT,2024-08-01,0.0,0.0
WSM,2024-08-01,0.0,0.0
YEM,2024-08-01,0.0,0.9262555633021983
ZAF,2024-08-01,0.0,0.0
ZMB,2024-08-01,0.0,0.0
ZWE,2024-08-01,0.0,0.0
AFG,2024-09-01,0.0,0.8818831150952134
AGO,2024-09-01,0.0,0.0
ALB,2024-09-01,0.0,0.0
ARE,2024-09-01,0.0,0.0
ARG,2024-09-01,0.0,0.0
ARM,2024-09-01,0.0,0.0
AUS,2024-09-01,0.0,0.0
AUT,2024-09-01,0.0,0.0
AZE,2024-09-01,0.0,0.0
BDI,2024-09-01,0.0,0.22476711630835683
BEL,2024-09-01,0.0,0.0
BEN,2024-09-01,0.0,0.028765854797238553
BGD,2024-09-01,0.0,0.046355098687283415
BGR,2024-09-01,0.0,0.0
BHR,2024-09-01,0.0,0.0
BHS,2024-09-01,0.0,0.0
BIH,2024-09-01,0.0,0.0
BLR,2024-09-01,0.0,0.005
BLZ,2024-09-01,0.0,0.0
BOL,2024-09-01,0.0,0.0
BRA,2024-09-01,0.0,0.11735644185422561
BRB,2024-09-01,0.0,0.0
BRN,2024-09-01,0.0,0.0
BTN,2024-09-01,0.0,0.0
BWA,2024-09-01,0.0,0.0
CAF,2024-09-01,0.0,0.38859268931850915
CAN,2024-09-01,0.0,0.0
CHE,2024-09-01,0.0,0.0
CHL,2024-09-01,0.0,0.0
CHN,2024-09-01,0.0,0.0
CIV,2024-09-01,0.0,0.0
CMR,2024-09-01,0.0,0.3555083833056843
COL,2024-09-01,0.0,0.4778248228550491
COM,2024-09-01,0.0,0.0
CRI,2024-09-01,0.0,0.0
CUB,2024-09-01,0.0,0.0
CYP,2024-09-01,0.0,0.0
CZE,2024-09-01,0.0,0.0
DEU,2024-09-01,0.0,0.0
DJI,2024-09-01,0.0,0.005
DNK,2024-09-01,0.0,0.0
DOM,2024-09-01,0.0,0.0
DZA,2024-09-01,0.0,0.004883212249043041
ECU,2024-09-01,0.0,0.004829668737726556
EGY,2024-09-01,0.0,0.0579710222824463
ERI,2024-09-01,0.0,0.0
ESP,2024-09-01,0.0,0.0
EST,2024-09-01,0.0,0.0
FIN,2024-09-01,0.0,0.0
FJI,2024-09-01,0.0,0.0
FRA,2024-09-01,0.0,0.0
GAB,2024-09-01,0.0,0.0
GBR,2024-09-01,0.0,0.0
GEO,2024-09-01,0.0,0.0
GHA,2024-09-01,0.0,0.0
GIN,2024-09-01,0.0,0.0
GMB,2024-09-01,0.0,0.0
GNB,2024-09-01,0.0,0.0
GNQ,2024-09-01,0.0,0.0
GRC,2024-09-01,0.0,0.0
GRD,2024-09-01,0.0,0.0
GTM,2024-09-01,0.0,0.0
GUY,2024-09-01,0.0,0.0
HND,2024-09-01,0.0,0.03287322909900023
HRV,2024-09-01,0.0,0.0
HTI,2024-09-01,0.0,0.3932149497817397
HUN,2024-09-01,0.0,0.0
IDN,2024-09-01,0.0,0.028766687306729127
IND,2024-09-01,0.0,0.0
IRL,2024-09-01,0.0,0.0
IRN,2024-09-01,0.0,0.0953780329531447
IRQ,2024-09-01,0.0,0.5647320038623804
ISL,2024-09-01,0.0,0.0
ISR,2024-09-01,0.0,0.20384940532941034
ITA,2024-09-01,0.0,0.0
JAM,2024-09-01,0.0,0.0
JOR,2024-09-01,0.0,0.009760417935908365
JPN,2024-09-01,0.0,0.0
KAZ,2024-09-01,0.0,0.0
KEN,2024-09-01,0.0,0.19948224233774664
KGZ,2024-09-01,0.0,0.0
KHM,2024-09-01,0.0,0.0
KOR,2024-09-01,0.0,0.0
KWT,2024-09-01,0.0,0.0
LAO,2024-09-01,0.0,0.0
LBR,2024-09-01,0.0,0.0
LBY,2024-09-01,0.0,0.05282062198952616
LKA,2024-09-01,0.0,0.0
LSO,2024-09-01,0.0,0.0
LTU,2024-09-01,0.0,0.0
LUX,2024-09-01,0.0,0.0
LVA,2024-09-01,0.0,0.0
MAR,2024-09-01,0.0,0.0
MDA,2024-09-01,0.0,0.0
MDG,2024-09-01,0.0,0.0
MDV,2024-09-01,0.0,0.0
MEX,2024-09-01,0.0,0.09054806882769534
MKD,2024-09-01,0.0,0.0
MLI,2024-09-01,0.0,0.5223915379076286
MLT,2024-09-01,0.0,0.0
MNE,2024-09-01,0.0,0.0
MNG,2024-09-01,0.0,0.0
MOZ,2024-09-01,0.0,0.6119749664199153
MRT,2024-09-01,0.0,0.0
MUS,2024-09-01,0.0,0.0
MWI,2024-09-01,0.0,0.0
MYS,2024-09-01,0.0,0.0
NAM,2024-09-01,0.0,0.0
NER,2024-09-01,0.0,0.4652060124665707
NGA,2024-09-01,0.0,0.3640604329791997
NIC,2024-09-01,0.0,0.0
NLD,2024-09-01,0.0,0.0
NOR,2024-09-01,0.0,0.0
NPL,2024-09-01,0.0,0.0
NZL,2024-09-01,0.0,0.0
OMN,2024-09-01,0.0,0.005
PAK,2024-09-01,0.0,0.20954567604698282
PAN,2024-09-01,0.0,0.0
PER,2024-09-01,0.0,0.0
PHL,2024-09-01,0.0,0.16615707677489533
PNG,2024-09-01,0.0,0.017545870984424113
POL,2024-09-01,0.0,0.0
PRK,2024-09-01,0.0,0.0
PRT,2024-09-01,0.0,0.0
PRY,2024-09-01,0.0,0.0
PSE,2024-09-01,0.0,0.5487732348885728
QAT,2024-09-01,0.0,0.014677204242320213
ROU,2024-09-01,0.0,0.0
RWA,2024-09-01,0.0,0.0
SAU,2024-09-01,0.0,0.0
SDN,2024-09-01,1.0,0.7053545876133755
SEN,2024-09-01,0.0,0.0
SGP,2024-09-01,0.0,0.0
SLB,2024-09-01,0.0,0.0
SLE,2024-09-01,0.0,0.0
SLV,2024-09-01,0.0,0.0
SOM,2024-09-01,0.0,0.8223352729674782
SRB,2024-09-01,0.0,0.0
SSD,2024-09-01,0.0,0.4971778444092319
STP,2024-09-01,0.0,0.0
SVK,2024-09-01,0.0,0.0
SVN,2024-09-01,0.0,0.0
SWE,2024-09-01,0.0,0.0
SWZ,2024-09-01,0.0,0.0
SYC,2024-09-01,0.0,0.0
SYR,2024-09-01,1.0,0.8598655820959721
TCD,2024-09-01,0.0,0.3925966062930823
TGO,2024-09-01,0.0,0.0
THA,2024-09-01,0.0,0.0
TJK,2024-09-01,0.0,0.005
TKM,2024-09-01,0.0,0.0
TLS,2024-09-01,0.0,0.0
TON,2024-09-01,0.0,0.0
TTO,2024-09-01,0.0,0.0
TUN,2024-09-01,0.0,0.005
TUR,2024-09-01,0.0,0.05541248827947491
TZA,2024-09-01,0.0,0.0
UGA,2024-09-01,0.0,0.7700784351499125
URY,2024-09-01,0.0,0.0
USA,2024-09-01,0.0,0.0
UZB,2024-09-01,0.0,0.0
VEN,2024-09-01,0.0,0.0
VNM,2024-09-01,0.0,0.0
VUT,2024-09-01,0.0,0.0
WSM,2024-09-01,0.0,0.0
YEM,2024-09-01,0.0,0.8387644633799417
ZAF,2024-09-01,0.0,0.0
ZMB,2024-09-01,0.0,0.0
ZWE,2024-09-01,0.0,0.0
AFG,2024-10-01,0.0,0.8407801553461383
AGO,2024-10-01,0.0,0.0
ALB,2024-10-01,0.0,0.0
ARE,2024-10-01,0.0,0.0
ARG,2024-10-01,0.0,0.0
ARM,2024-10-01,0.0,0.0
AUS,2024-10-01,0.0,0.0
AUT,2024-10-01,0.0,0.0
AZE,2024-10-01,0.0,0.009426355355764107
BDI,2024-10-01,0.0,0.18389165866666002
BEL,2024-10-01,0.0,0.0
BEN,2024-10-01,0.0,0.019082500953217122
BGD,2024-10-01,0.0,0.13321555426257764
BGR,2024-10-01,0.0,0.0
BHR,2024-10-01,0.0,0.0
BHS,2024-10-01,0.0,0.0
BIH,2024-10-01,0.0,0.0
BLR,2024-10-01,0.0,0.0
BLZ,2024-10-01,0.0,0.0
BOL,2024-10-01,0.0,0.0
BRA,2024-10-01,0.0,0.18032746212443637
BRB,2024-10-01,0.0,0.0
BRN,2024-10-01,0.0,0.0
BTN,2024-10-01,0.0,0.0
BWA,2024-10-01,0.0,0.0
CAF,2024-10-01,0.0,0.19119481814522796
CAN,2024-10-01,0.0,0.0
CHE,2024-10-01,0.0,0.0
CHL,2024-10-01,0.0,0.0
CHN,2024-10-01,0.0,0.0
CIV,2024-10-01,0.0,0.0
CMR,2024-10-01,0.0,0.2550663483357105
COL,2024-10-01,0.0,0.398261588277672
COM,2024-10-01,0.0,0.005
CRI,2024-10-01,0.0,0.0
CUB,2024-10-01,0.0,0.0
CYP,2024-10-01,0.0,0.0
CZE,2024-10-01,0.0,0.0
DEU,2024-10-01,0.0,0.0
DJI,2024-10-01,0.0,0.005
DNK,2024-10-01,0.0,0.0
DOM,2024-10-01,0.0,0.0
DZA,2024-10-01,0.0,0.0
ECU,2024-10-01,0.0,0.0
EGY,2024-10-01,0.0,0.04143848205887497
ERI,2024-10-01,0.0,0.029286531473831375
ESP,2024-10-01,0.0,0.0
EST,2024-10-01,0.0,0.0
ETH,2024-10-01,0.0,0.6856577878433514
FIN,2024-10-01,0.0,0.0
FJI,2024-10-01,0.0,0.0
FRA,2024-10-01,0.0,0.0
GAB,2024-10-01,0.0,0.0
GBR,2024-10-01,0.0,0.0
GEO,2024-10-01,0.0,0.0
GHA,2024-10-01,0.0,0.0
GIN,2024-10-01,0.0,0.0
GMB,2024-10-01,0.0,0.0
GNB,2024-10-01,0.0,0.0
GNQ,2024-10-01,0.0,0.0
GRC,2024-10-01,0.0,0.0
GRD,2024-10-01,0.0,0.0
GTM,2024-10-01,0.0,0.0
GUY,2024-10-01,0.0,0.0
HND,2024-10-01,0.0,0.053331089098784284
HRV,2024-10-01,0.0,0.0
HTI,2024-10-01,1.0,0.3987680801315556
HUN,2024-10-01,0.0,0.0
IDN,2024-10-01,0.0,0.03807447124396341
IND,2024-10-01,0.0,0.0
IRL,2024-10-01,0.0,0.0
IRN,2024-10-01,0.0,0.10432732072072388
IRQ,2024-10-01,0.0,0.5226666653195984
ISL,2024-10-01,0.0,0.0
ISR,2024-10-01,0.0,0.15262842668165408
ITA,2024-10-01,0.0,0.0
JAM,2024-10-01,0.0,0.0
JOR,2024-10-01,0.0,0.01497721200691498
JPN,2024-10-01,0.0,0.0
KAZ,2024-10-01,0.0,0.0
KEN,2024-10-01,0.0,0.046599238729532984
KGZ,2024-10-01,0.0,0.0
KHM,2024-10-01,0.0,0.0
KOR,2024-10-01,0.0,0.0
KWT,2024-10-01,0.0,0.0
LAO,2024-10-01,0.0,0.0
LBR,2024-10-01,0.0,0.0
LBY,2024-10-01,0.0,0.04472810349890343
LKA,2024-10-01,0.0,0.0
LSO,2024-10-01,0.0,0.0
LTU,2024-10-01,0.0,0.0
LUX,2024-10-01,0.0,0.0
LVA,2024-10-01,0.0,0.0
MAR,2024-10-01,0.0,0.0
MDA,2024-10-01,0.0,0.0
MDG,2024-10-01,0.0,0.005
MDV,2024-10-01,0.0,0.0
MEX,2024-10-01,0.0,0.109119958431962
MKD,2024-10-01,0.0,0.0
MLI,2024-10-01,0.0,0.8779950623243384
MLT,2024-10-01,0.0,0.0
MNE,2024-10-01,0.0,0.0
MNG,2024-10-01,0.0,0.0
MOZ,2024-10-01,0.0,0.7228677607456988
MRT,2024-10-01,0.0,0.0
MUS,2024-10-01,0.0,0.0
MWI,2024-10-01,0.0,0.0
MYS,2024-10-01,0.0,0.0
NAM,2024-10-01,0.0,0.0
NER,2024-10-01,0.0,0.48968358501103476
NGA,2024-10-01,0.0,0.624423242557668
NIC,2024-10-01,0.0,0.005
NLD,2024-10-01,0.0,0.0
NOR,2024-10-01,0.0,0.0
NPL,2024-10-01,0.0,0.0
NZL,2024-10-01,0.0,0.0
OMN,2024-10-01,0.0,0.005
PAK,2024-10-01,0.0,0.24172819928715364
PAN,2024-10-01,0.0,0.0
PER,2024-10-01,0.0,0.0
PHL,2024-10-01,0.0,0.23111712323332706
PNG,2024-10-01,0.0,0.06840509515650353
POL,2024-10-01,0.0,0.0
PRK,2024-10-01,0.0,0.0
PRT,2024-10-01,0.0,0.0
PRY,2024-10-01,0.0,0.0
PSE,2024-10-01,0.0,0.5814651823126211
QAT,2024-10-01,0.0,0.0
ROU,2024-10-01,0.0,0.0
RUS,2024-10-01,0.0,0.22416909833450813
RWA,2024-10-01,0.0,0.0
SAU,2024-10-01,0.0,0.0
SEN,2024-10-01,0.0,0.0
SGP,2024-10-01,0.0,0.0
SLB,2024-10-01,0.0,0.0
SLE,2024-10-01,0.0,0.005
SLV,2024-10-01,0.0,0.0
SOM,2024-10-01,0.0,0.8555671930644934
SRB,2024-10-01,0.0,0.0
SSD,2024-10-01,1.0,0.45805059414803545
STP,2024-10-01,0.0,0.0
SVK,2024-10-01,0.0,0.0
SVN,2024-10-01,0.0,0.0
SWE,2024-10-01,0.0,0.0
SWZ,2024-10-01,0.0,0.0
SYC,2024-10-01,0.0,0.0
SYR,2024-10-01,1.0,0.8085006507822042
TCD,2024-10-01,0.0,0.46258832145503126
TGO,2024-10-01,0.0,0.0
THA,2024-10-01,0.0,0.0
TJK,2024-10-01,0.0,0.019924412412271407
TKM,2024-10-01,0.0,0.0
TLS,2024-10-01,0.0,0.0
TON,2024-10-01,0.0,0.0
TTO,2024-10-01,0.0,0.0
TUN,2024-10-01,0.0,0.0
TUR,2024-10-01,0.0,0.03767276059738834
TZA,2024-10-01,0.0,0.005
UGA,2024-10-01,0.0,0.7107166907568461
URY,2024-10-01,0.0,0.0
USA,2024-10-01,0.0,0.0
UZB,2024-10-01,0.0,0.0
VEN,2024-10-01,0.0,0.0
VNM,2024-10-01,0.0,0.0
VUT,2024-10-01,0.0,0.0
WSM,2024-10-01,0.0,0.0
YEM,2024-10-01,0.0,0.6795842996307117
ZAF,2024-10-01,0.0,0.0
ZMB,2024-10-01,0.0,0.0
ZWE,2024-10-01,0.0,0.0
AFG,2024-11-01,0.0,0.7444072408793447
AGO,2024-11-01,0.0,0.0
ALB,2024-11-01,0.0,0.0
ARE,2024-11-01,0.0,0.0
ARG,2024-11-01,0.0,0.0
ARM,2024-11-01,0.0,0.005
AUS,2024-11-01,0.0,0.0
AUT,2024-11-01,0.0,0.0
AZE,2024-11-01,0.0,0.0
BDI,2024-11-01,0.0,0.1603561306011868
BEL,2024-11-01,0.0,0.0
BEN,2024-11-01,0.0,0.0
BGD,2024-11-01,0.0,0.14496060134658395
BGR,2024-11-01,0.0,0.0
BHR,2024-11-01,0.0,0.005
BHS,2024-11-01,0.0,0.0
BIH,2024-11-01,0.0,0.0
BLR,2024-11-01,0.0,0.0
BLZ,2024-11-01,0.0,0.0
BOL,2024-11-01,0.0,0.0
BRA,2024-11-01,0.0,0.17156118981882035
BRB,2024-11-01,0.0,0.0
BRN,2024-11-01,0.0,0.0
BTN,2024-11-01,0.0,0.0
BWA,2024-11-01,0.0,0.0
CAF,2024-11-01,0.0,0.4209456371108648
CAN,2024-11-01,0.0,0.0
CHE,2024-11-01,0.0,0.0
CHL,2024-11-01,0.0,0.0
CHN,2024-11-01,0.0,0.0
CIV,2024-11-01,0.0,0.0
CMR,2024-11-01,0.0,0.13640697994852677
COL,2024-11-01,1.0,0.2878176847671851
COM,2024-11-01,0.0,0.0
CRI,2024-11-01,0.0,0.0
CUB,2024-11-01,0.0,0.0
CYP,2024-11-01,0.0,0.0
CZE,2024-11-01,0.0,0.0
DEU,2024-11-01,0.0,0.0
DJI,2024-11-01,0.0,0.005
DNK,2024-11-01,0.0,0.0
DOM,2024-11-01,0.0,0.0
DZA,2024-11-01,0.0,0.014039264772690437
ECU,2024-11-01,0.0,0.0
EGY,2024-11-01,0.0,0.047413317778253326
ERI,2024-11-01,0.0,0.018565664310990465
ESP,2024-11-01,0.0,0.0
EST,2024-11-01,0.0,0.0
ETH,2024-11-01,0.0,0.7150179425763118
FIN,2024-11-01,0.0,0.0
FJI,2024-11-01,0.0,0.0
FRA,2024-11-01,0.0,0.0
GAB,2024-11-01,0.0,0.0
GBR,2024-11-01,0.0,0.0
GEO,2024-11-01,0.0,0.0
GHA,2024-11-01,0.0,0.0
GIN,2024-11-01,0.0,0.0
GMB,2024-11-01,0.0,0.0
GNB,2024-11-01,0.0,0.0
GNQ,2024-11-01,0.0,0.0
GRC,2024-11-01,0.0,0.0
GRD,2024-11-01,0.0,0.0
GTM,2024-11-01,0.0,0.0
GUY,2024-11-01,0.0,0.0
HND,2024-11-01,0.0,0.03809836880681303
HRV,2024-11-01,0.0,0.0
HTI,2024-11-01,1.0,0.25440898440920434
HUN,2024-11-01,0.0,0.0
IDN,2024-11-01,0.0,0.07845853801236834
IND,2024-11-01,0.0,0.0
IRL,2024-11-01,0.0,0.0
IRN,2024-11-01,0.0,0.09215394726035037
IRQ,2024-11-01,0.0,0.5770157931533368
ISL,2024-11-01,0.0,0.0
ISR,2024-11-01,0.0,0.1396495400313484
ITA,2024-11-01,0.0,0.0
JAM,2024-11-01,0.0,0.0
JOR,2024-11-01,0.0,0.01381270246334396
JPN,2024-11-01,0.0,0.0
KAZ,2024-11-01,0.0,0.0
KEN,2024-11-01,0.0,0.046105076201696224
KGZ,2024-11-01,0.0,0.0
KHM,2024-11-01,0.0,0.0
KOR,2024-11-01,0.0,0.0
KWT,2024-11-01,0.0,0.0
LAO,2024-11-01,0.0,0.0
LBN,2024-11-01,1.0,0.3572009219755315
LBR,2024-11-01,0.0,0.0
LBY,2024-11-01,0.0,0.021256539969070766
LKA,2024-11-01,0.0,0.0
LSO,2024-11-01,0.0,0.0
LTU,2024-11-01,0.0,0.0
LUX,2024-11-01,0.0,0.0
LVA,2024-11-01,0.0,0.0
MAR,2024-11-01,0.0,0.0
MDA,2024-11-01,0.0,0.0
MDG,2024-11-01,0.0,0.0
MDV,2024-11-01,0.0,0.0
MEX,2024-11-01,0.0,0.043693902792957325
MKD,2024-11-01,0.0,0.0
MLI,2024-11-01,0.0,0.3192129132571433
MLT,2024-11-01,0.0,0.0
MNE,2024-11-01,0.0,0.0
MNG,2024-11-01,0.0,0.0
MOZ,2024-11-01,0.0,0.6103103202784775
MRT,2024-11-01,0.0,0.0
MUS,2024-11-01,0.0,0.0
MWI,2024-11-01,0.0,0.0
MYS,2024-11-01,0.0,0.0
NAM,2024-11-01,0.0,0.0
NER,2024-11-01,0.0,0.5015462856389399
NGA,2024-11-01,0.0,0.6522601147114918
NIC,2024-11-01,0.0,0.013528559109025666
NLD,2024-11-01,0.0,0.0
NOR,2024-11-01,0.0,0.0
NPL,2024-11-01,0.0,0.0
NZL,2024-11-01,0.0,0.0
OMN,2024-11-01,0.0,0.005
PAK,2024-11-01,0.0,0.2207864624075002
PAN,2024-11-01,0.0,0.0
PER,2024-11-01,0.0,0.0
PHL,2024-11-01,0.0,0.3284579376814166
PNG,2024-11-01,0.0,0.03346466499527839
POL,2024-11-01,0.0,0.0
PRK,2024-11-01,0.0,0.0
PRT,2024-11-01,0.0,0.0
PRY,2024-11-01,0.0,0.0
PSE,2024-11-01,0.0,0.6578374333605628
QAT,2024-11-01,0.0,0.0
ROU,2024-11-01,0.0,0.0
RUS,2024-11-01,0.0,0.42203428846028396
RWA,2024-11-01,0.0,0.0
SAU,2024-11-01,0.0,0.0
SEN,2024-11-01,0.0,0.0
SGP,2024-11-01,0.0,0.0
SLB,2024-11-01,0.0,0.0
SLE,2024-11-01,0.0,0.01
SLV,2024-11-01,0.0,0.0
SOM,2024-11-01,1.0,0.7402754265857464
SRB,2024-11-01,0.0,0.0
SSD,2024-11-01,1.0,0.44479015120060134
STP,2024-11-01,0.0,0.0
SVK,2024-11-01,0.0,0.0
SVN,2024-11-01,0.0,0.0
SWE,2024-11-01,0.0,0.0
SWZ,2024-11-01,0.0,0.0
SYC,2024-11-01,0.0,0.0
TCD,2024-11-01,0.0,0.3697738760604232
TGO,2024-11-01,0.0,0.01
THA,2024-11-01,0.0,0.0
TJK,2024-11-01,0.0,0.005
TKM,2024-11-01,0.0,0.0
TLS,2024-11-01,0.0,0.0
TON,2024-11-01,0.0,0.0
TTO,2024-11-01,0.0,0.0
TUN,2024-11-01,0.0,0.0
TUR,2024-11-01,0.0,0.03802390871629384
TZA,2024-11-01,0.0,0.0
UGA,2024-11-01,0.0,0.6849651199348412
UKR,2024-11-01,0.0,0.5513301421314662
URY,2024-11-01,0.0,0.0
USA,2024-11-01,0.0,0.0
UZB,2024-11-01,0.0,0.0
VEN,2024-11-01,0.0,0.0
VNM,2024-11-01,0.0,0.0
VUT,2024-11-01,0.0,0.0
WSM,2024-11-01,0.0,0.0
YEM,2024-11-01,0.0,0.6620779701660234
ZAF,2024-11-01,0.0,0.0
ZMB,2024-11-01,0.0,0.0
ZWE,2024-11-01,0.0,0.0
AFG,2024-12-01,0.0,0.7424106542816499
AGO,2024-12-01,0.0,0.0
ALB,2024-12-01,0.0,0.0
ARE,2024-12-01,0.0,0.0
ARG,2024-12-01,0.0,0.0
ARM,2024-12-01,0.0,0.005
AUS,2024-12-01,0.0,0.0
AUT,2024-12-01,0.0,0.0
AZE,2024-12-01,0.0,0.0046387669913304065
BDI,2024-12-01,0.0,0.17987647265208667
BEL,2024-12-01,0.0,0.0
BEN,2024-12-01,0.0,0.0
BGD,2024-12-01,0.0,0.11117263437901512
BGR,2024-12-01,0.0,0.0
BHR,2024-12-01,0.0,0.005
BHS,2024-12-01,0.0,0.0
BIH,2024-12-01,0.0,0.0
BLR,2024-12-01,0.0,0.0
BLZ,2024-12-01,0.0,0.0
BOL,2024-12-01,0.0,0.009933297466526788
BRA,2024-12-01,0.0,0.08305719444658781
BRB,2024-12-01,0.0,0.0
BRN,2024-12-01,0.0,0.0
BTN,2024-12-01,0.0,0.0
BWA,2024-12-01,0.0,0.0
CAF,2024-12-01,0.0,0.46735123457804806
CAN,2024-12-01,0.0,0.0
CHE,2024-12-01,0.0,0.0
CHL,2024-12-01,0.0,0.0
CHN,2024-12-01,0.0,0.0
CIV,2024-12-01,0.0,0.005
CMR,2024-12-01,0.0,0.18706530757631362
COL,2024-12-01,1.0,0.2916664247419039
COM,2024-12-01,0.0,0.005
CRI,2024-12-01,0.0,0.0
CUB,2024-12-01,0.0,0.0
CYP,2024-12-01,0.0,0.0
CZE,2024-12-01,0.0,0.0
DEU,2024-12-01,0.0,0.0
DJI,2024-12-01,0.0,0.0
DNK,2024-12-01,0.0,0.0
DOM,2024-12-01,0.0,0.0
DZA,2024-12-01,0.0,0.0
ECU,2024-12-01,0.0,0.005
EGY,2024-12-01,0.0,0.043725200940970564
ERI,2024-12-01,0.0,0.0
ESP,2024-12-01,0.0,0.0
EST,2024-12-01,0.0,0.0
ETH,2024-12-01,0.0,0.6618895599328809
FIN,2024-12-01,0.0,0.0
FJI,2024-12-01,0.0,0.0
FRA,2024-12-01,0.0,0.0
GAB,2024-12-01,0.0,0.0
GBR,2024-12-01,0.0,0.0
GEO,2024-12-01,0.0,0.0
GHA,2024-12-01,0.0,0.0
GIN,2024-12-01,0.0,0.0
GMB,2024-12-01,0.0,0.0
GNB,2024-12-01,0.0,0.0
GNQ,2024-12-01,0.0,0.0
GRC,2024-12-01,0.0,0.0
GRD,2024-12-01,0.0,0.0
GTM,2024-12-01,0.0,0.0
GUY,2024-12-01,0.0,0.0
HND,2024-12-01,0.0,0.014594187159144144
HRV,2024-12-01,0.0,0.0
HUN,2024-12-01,0.0,0.0
IDN,2024-12-01,0.0,0.06282244008412839
IND,2024-12-01,0.0,0.0
IRL,2024-12-01,0.0,0.0
IRN,2024-12-01,0.0,0.09837652440001132
IRQ,2024-12-01,0.0,0.481794333314991
ISL,2024-12-01,0.0,0.0
ISR,2024-12-01,0.0,0.14864264265136648
ITA,2024-12-01,0.0,0.0
JAM,2024-12-01,0.0,0.0
JOR,2024-12-01,0.0,0.004910968660968661
JPN,2024-12-01,0.0,0.0
KAZ,2024-12-01,0.0,0.0
KEN,2024-12-01,0.0,0.03537819621598783
KGZ,2024-12-01,0.0,0.0
KHM,2024-12-01,0.0,0.0
KOR,2024-12-01,0.0,0.0
KWT,2024-12-01,0.0,0.0
LAO,2024-12-01,0.0,0.0
LBN,2024-12-01,1.0,0.6372689920201343
LBR,2024-12-01,0.0,0.0
LBY,2024-12-01,0.0,0.01784101793136671
LKA,2024-12-01,0.0,0.0
LSO,2024-12-01,0.0,0.0
LTU,2024-12-01,0.0,0.0
LUX,2024-12-01,0.0,0.0
LVA,2024-12-01,0.0,0.0
MAR,2024-12-01,0.0,0.0
MDA,2024-12-01,0.0,0.0
MDG,2024-12-01,0.0,0.0
MDV,2024-12-01,0.0,0.0
MEX,2024-12-01,0.0,0.04526240883552696
MKD,2024-12-01,0.0,0.0
MLI,2024-12-01,0.0,0.30824385689050415
MLT,2024-12-01,0.0,0.0
MMR,2024-12-01,0.0,0.511073116428858
MNE,2024-12-01,0.0,0.0
MNG,2024-12-01,0.0,0.0
MOZ,2024-12-01,0.0,0.10991025968864639
MRT,2024-12-01,0.0,0.0
MUS,2024-12-01,0.0,0.0
MWI,2024-12-01,0.0,0.0
MYS,2024-12-01,0.0,0.0
NAM,2024-12-01,0.0,0.0
NER,2024-12-01,0.0,0.4652658789808281
NGA,2024-12-01,0.0,0.5937519350742747
NIC,2024-12-01,0.0,0.0
NLD,2024-12-01,0.0,0.0
NOR,2024-12-01,0.0,0.0
NPL,2024-12-01,0.0,0.0
NZL,2024-12-01,0.0,0.0
OMN,2024-12-01,0.0,0.005
PAK,2024-12-01,0.0,0.20493450260828136
PAN,2024-12-01,0.0,0.0
PER,2024-12-01,0.0,0.0
PHL,2024-12-01,0.0,0.334870342963075
PNG,2024-12-01,0.0,0.02907211637227728
POL,2024-12-01,0.0,0.0
PRK,2024-12-01,0.0,0.0
PRT,2024-12-01,0.0,0.0
PRY,2024-12-01,0.0,0.0
PSE,2024-12-01,0.0,0.535412149544396
QAT,2024-12-01,0.0,0.0
ROU,2024-12-01,0.0,0.0
RUS,2024-12-01,0.0,0.3987569271961138
RWA,2024-12-01,0.0,0.0
SAU,2024-12-01,0.0,0.0
SEN,2024-12-01,0.0,0.0
SGP,2024-12-01,0.0,0.0
SLB,2024-12-01,0.0,0.0
SLE,2024-12-01,0.0,0.0
SLV,2024-12-01,0.0,0.0
SOM,2024-12-01,1.0,0.8223388128043453
SRB,2024-12-01,0.0,0.0
STP,2024-12-01,0.0,0.0
SVK,2024-12-01,0.0,0.0
SVN,2024-12-01,0.0,0.0
SWE,2024-12-01,0.0,0.0
SWZ,2024-12-01,0.0,0.0
SYC,2024-12-01,0.0,0.0
SYR,2024-12-01,0.0,0.23200890964024848
TCD,2024-12-01,0.0,0.7528838636912257
TGO,2024-12-01,0.0,0.0
THA,2024-12-01,0.0,0.0
TJK,2024-12-01,0.0,0.0
TKM,2024-12-01,0.0,0.0
TLS,2024-12-01,0.0,0.0
TON,2024-12-01,0.0,0.0
TTO,2024-12-01,0.0,0.0
TUN,2024-12-01,0.0,0.0
TUR,2024-12-01,0.0,0.0542959402521347
TZA,2024-12-01,0.0,0.0
UGA,2024-12-01,0.0,0.6438014775451779
UKR,2024-12-01,0.0,0.5400800782102433
URY,2024-12-01,0.0,0.0
USA,2024-12-01,0.0,0.0
UZB,2024-12-01,0.0,0.0
VEN,2024-12-01,0.0,0.0
VNM,2024-12-01,0.0,0.0
VUT,2024-12-01,0.0,0.0
WSM,2024-12-01,0.0,0.0
YEM,2024-12-01,0.0,0.7655115904892866
ZAF,2024-12-01,0.0,0.0
ZMB,2024-12-01,0.0,0.0
ZWE,2024-12-01,0.0,0.0
AFG,2025-01-01,0.0,0.8575039672511242
AGO,2025-01-01,0.0,0.0
ALB,2025-01-01,0.0,0.0
ARE,2025-01-01,0.0,0.0
ARG,2025-01-01,0.0,0.0
ARM,2025-01-01,0.0,0.0
AUS,2025-01-01,0.0,0.0
AUT,2025-01-01,0.0,0.0
AZE,2025-01-01,0.0,0.0
BDI,2025-01-01,0.0,0.2051573843173208
BEL,2025-01-01,0.0,0.0
BEN,2025-01-01,0.0,0.0048531053219046825
BGD,2025-01-01,0.0,0.1870140321443013
BGR,2025-01-01,0.0,0.0
BHR,2025-01-01,0.0,0.005
BHS,2025-01-01,0.0,0.0
BIH,2025-01-01,0.0,0.0
BLR,2025-01-01,0.0,0.01
BLZ,2025-01-01,0.0,0.0
BOL,2025-01-01,0.0,0.0
BRA,2025-01-01,0.0,0.1465783513785774
BRB,2025-01-01,0.0,0.0
BRN,2025-01-01,0.0,0.0
BTN,2025-01-01,0.0,0.0
BWA,2025-01-01,0.0,0.0
CAF,2025-01-01,0.0,0.5057840304759297
CAN,2025-01-01,0.0,0.0
CHE,2025-01-01,0.0,0.0
CHL,2025-01-01,0.0,0.0
CHN,2025-01-01,0.0,0.0
CIV,2025-01-01,0.0,0.0
CMR,2025-01-01,0.0,0.13766273643015473
COM,2025-01-01,0.0,0.0
CRI,2025-01-01,0.0,0.0
CUB,2025-01-01,0.0,0.0
CYP,2025-01-01,0.0,0.0
CZE,2025-01-01,0.0,0.0
DEU,2025-01-01,0.0,0.0
DJI,2025-01-01,0.0,0.01
DNK,2025-01-01,0.0,0.0
DOM,2025-01-01,0.0,0.0
DZA,2025-01-01,0.0,0.02263069505534215
ECU,2025-01-01,0.0,0.0
EGY,2025-01-01,0.0,0.027839876979662007
ERI,2025-01-01,0.0,0.00311216852852662
ESP,2025-01-01,0.0,0.0
EST,2025-01-01,0.0,0.0
ETH,2025-01-01,0.0,0.6206099128913177
FIN,2025-01-01,0.0,0.0
FJI,2025-01-01,0.0,0.0
FRA,2025-01-01,0.0,0.0
GAB,2025-01-01,0.0,0.0
GBR,2025-01-01,0.0,0.0
GEO,2025-01-01,0.0,0.0
GHA,2025-01-01,0.0,0.0
GIN,2025-01-01,0.0,0.0
GMB,2025-01-01,0.0,0.0
GNB,2025-01-01,0.0,0.0
GNQ,2025-01-01,0.0,0.0
GRC,2025-01-01,0.0,0.0
GRD,2025-01-01,0.0,0.0
GTM,2025-01-01,0.0,0.0
GUY,2025-01-01,0.0,0.0
HND,2025-01-01,0.0,0.0436125565370747
HRV,2025-01-01,0.0,0.0
HTI,2025-01-01,1.0,0.5597835771831081
HUN,2025-01-01,0.0,0.0
IDN,2025-01-01,0.0,0.051121733386983025
IND,2025-01-01,0.0,0.0
IRL,2025-01-01,0.0,0.0
IRN,2025-01-01,0.0,0.11103303656614623
IRQ,2025-01-01,0.0,0.39883407154978473
ISL,2025-01-01,0.0,0.0
ISR,2025-01-01,0.0,0.15400025164424158
ITA,2025-01-01,0.0,0.0
JAM,2025-01-01,0.0,0.0
JOR,2025-01-01,0.0,0.0
JPN,2025-01-01,0.0,0.0
KAZ,2025-01-01,0.0,0.0
KEN,2025-01-01,0.0,0.053815299552714274
KGZ,2025-01-01,0.0,0.0
KHM,2025-01-01,0.0,0.0
KOR,2025-01-01,0.0,0.0
KWT,2025-01-01,0.0,0.0
LAO,2025-01-01,0.0,0.0
LBN,2025-01-01,0.0,0.7649478834712502
LBR,2025-01-01,0.0,0.0
LBY,2025-01-01,0.0,0.013646982671298937
LKA,2025-01-01,0.0,0.0
LSO,2025-01-01,0.0,0.0
LTU,2025-01-01,0.0,0.0
LUX,2025-01-01,0.0,0.0
LVA,2025-01-01,0.0,0.0
MAR,2025-01-01,0.0,0.0
MDA,2025-01-01,0.0,0.0
MDG,2025-01-01,0.0,0.0
MDV,2025-01-01,0.0,0.0
MEX,2025-01-01,0.0,0.05404755891270044
MKD,2025-01-01,0.0,0.0
MLI,2025-01-01,0.0,0.3596729858818306
MLT,2025-01-01,0.0,0.0
MMR,2025-01-01,0.0,0.45996767435841585
MNE,2025-01-01,0.0,0.0
MNG,2025-01-01,0.0,0.0
MOZ,2025-01-01,0.0,0.1938196503681678
MRT,2025-01-01,0.0,0.0
MUS,2025-01-01,0.0,0.0
MWI,2025-01-01,0.0,0.0
MYS,2025-01-01,0.0,0.0
NAM,2025-01-01,0.0,0.0
NER,2025-01-01,0.0,0.3213602227852588
NGA,2025-01-01,0.0,0.4572530049681667
NIC,2025-01-01,0.0,0.0
NLD,2025-01-01,0.0,0.0
NOR,2025-01-01,0.0,0.0
NPL,2025-01-01,0.0,0.0
NZL,2025-01-01,0.0,0.0
OMN,2025-01-01,0.0,0.0
PAK,2025-01-01,0.0,0.17552511653628639
PAN,2025-01-01,0.0,0.0
PER,2025-01-01,0.0,0.0
PHL,2025-01-01,0.0,0.5225234886166844
PNG,2025-01-01,0.0,0.014319466546456175
POL,2025-01-01,0.0,0.0
PRK,2025-01-01,0.0,0.0
PRT,2025-01-01,0.0,0.0
PRY,2025-01-01,0.0,0.0
PSE,2025-01-01,1.0,0.5791002163083825
QAT,2025-01-01,0.0,0.0
ROU,2025-01-01,0.0,0.0
RUS,2025-01-01,0.0,0.336646860726784
RWA,2025-01-01,0.0,0.06344055380214969
SAU,2025-01-01,0.0,0.0
SEN,2025-01-01,0.0,0.0
SGP,2025-01-01,0.0,0.0
SLB,2025-01-01,0.0,0.0
SLE,2025-01-01,0.0,0.0
SLV,2025-01-01,0.0,0.0
SRB,2025-01-01,0.0,0.0
STP,2025-01-01,0.0,0.0
SVK,2025-01-01,0.0,0.0
SVN,2025-01-01,0.0,0.0
SWE,2025-01-01,0.0,0.0
SWZ,2025-01-01,0.0,0.0
SYC,2025-01-01,0.0,0.0
SYR,2025-01-01,0.0,0.6091125628855735
TCD,2025-01-01,0.0,0.7254304361928448
TGO,2025-01-01,0.0,0.0
THA,2025-01-01,0.0,0.0
TJK,2025-01-01,0.0,0.0
TKM,2025-01-01,0.0,0.0
TLS,2025-01-01,0.0,0.0
TON,2025-01-01,0.0,0.0
TTO,2025-01-01,0.0,0.0
TUN,2025-01-01,0.0,0.0
TUR,2025-01-01,0.0,0.04112914338064258
TZA,2025-01-01,0.0,0.005
UGA,2025-01-01,0.0,0.4195378665737433
UKR,2025-01-01,0.0,0.577607940830352
URY,2025-01-01,0.0,0.0
USA,2025-01-01,0.0,0.0
UZB,2025-01-01,0.0,0.0
VEN,2025-01-01,0.0,0.005
VNM,2025-01-01,0.0,0.0
VUT,2025-01-01,0.0,0.0
WSM,2025-01-01,0.0,0.0
YEM,2025-01-01,0.0,0.708461981935555
ZAF,2025-01-01,0.0,0.0
ZMB,2025-01-01,0.0,0.0
ZWE,2025-01-01,0.0,0.0
AFG,2025-02-01,0.0,0.7994975936127049
AGO,2025-02-01,0.0,0.0
ALB,2025-02-01,0.0,0.0
ARE,2025-02-01,0.0,0.0
ARG,2025-02-01,0.0,0.0
ARM,2025-02-01,0.0,0.0
AUS,2025-02-01,0.0,0.0
AUT,2025-02-01,0.0,0.0
AZE,2025-02-01,0.0,0.0
BDI,2025-02-01,0.0,0.045226263661375644
BEL,2025-02-01,0.0,0.0
BEN,2025-02-01,0.0,0.029610204014882062
BGD,2025-02-01,0.0,0.17193363515441226
BGR,2025-02-01,0.0,0.0
BHR,2025-02-01,0.0,0.0
BHS,2025-02-01,0.0,0.0
BIH,2025-02-01,0.0,0.0
BLR,2025-02-01,0.0,0.0
BLZ,2025-02-01,0.0,0.0
BOL,2025-02-01,0.0,0.0
BRA,2025-02-01,0.0,0.16920462679086812
BRB,2025-02-01,0.0,0.0
BRN,2025-02-01,0.0,0.0
BTN,2025-02-01,0.0,0.0
BWA,2025-02-01,0.0,0.0
CAF,2025-02-01,0.0,0.4348787126594382
CAN,2025-02-01,0.0,0.0
CHE,2025-02-01,0.0,0.0
CHL,2025-02-01,0.0,0.0
CHN,2025-02-01,0.0,0.0
CIV,2025-02-01,0.0,0.0
CMR,2025-02-01,0.0,0.3243739592339754
COL,2025-02-01,0.0,0.17837294030529946
COM,2025-02-01,0.0,0.0
CRI,2025-02-01,0.0,0.0
CUB,2025-02-01,0.0,0.0
CYP,2025-02-01,0.0,0.0
CZE,2025-02-01,0.0,0.0
DEU,2025-02-01,0.0,0.0
DJI,2025-02-01,0.0,0.0
DNK,2025-02-01,0.0,0.0
DOM,2025-02-01,0.0,0.0
DZA,2025-02-01,0.0,0.009520522035597044
ECU,2025-02-01,0.0,0.015
EGY,2025-02-01,0.0,0.027290506578177685
ERI,2025-02-01,0.0,0.0
ESP,2025-02-01,0.0,0.0
EST,2025-02-01,0.0,0.0
ETH,2025-02-01,0.0,0.4970872282254462
FIN,2025-02-01,0.0,0.0
FJI,2025-02-01,0.0,0.0
FRA,2025-02-01,0.0,0.0
GAB,2025-02-01,0.0,0.0
GBR,2025-02-01,0.0,0.0
GEO,2025-02-01,0.0,0.0
GHA,2025-02-01,0.0,0.0
GIN,2025-02-01,0.0,0.0
GMB,2025-02-01,0.0,0.0
GNB,2025-02-01,0.0,0.0
GNQ,2025-02-01,0.0,0.0
GRC,2025-02-01,0.0,0.0
GRD,2025-02-01,0.0,0.0
GTM,2025-02-01,0.0,0.0
GUY,2025-02-01,0.0,0.0
HND,2025-02-01,0.0,0.013995309016500096
HRV,2025-02-01,0.0,0.0
HTI,2025-02-01,1.0,0.6340127214192525
HUN,2025-02-01,0.0,0.0
IDN,2025-02-01,0.0,0.041575317133346334
IND,2025-02-01,0.0,0.0048729866409424425
IRL,2025-02-01,0.0,0.0
IRN,2025-02-01,0.0,0.08643211701619695
IRQ,2025-02-01,0.0,0.4008729350938709
ISL,2025-02-01,0.0,0.0
ISR,2025-02-01,0.0,0.13198277175347192
ITA,2025-02-01,0.0,0.0
JAM,2025-02-01,0.0,0.0
JOR,2025-02-01,0.0,0.0
JPN,2025-02-01,0.0,0.0
KAZ,2025-02-01,0.0,0.0
KEN,2025-02-01,0.0,0.04928739182515505
KGZ,2025-02-01,0.0,0.0
KHM,2025-02-01,0.0,0.0
KOR,2025-02-01,0.0,0.0
KWT,2025-02-01,0.0,0.0
LAO,2025-02-01,0.0,0.0
LBN,2025-02-01,0.0,0.7242219344333409
LBR,2025-02-01,0.0,0.0
LBY,2025-02-01,0.0,0.0
LKA,2025-02-01,0.0,0.0
LSO,2025-02-01,0.0,0.0
LTU,2025-02-01,0.0,0.0
LUX,2025-02-01,0.0,0.0
LVA,2025-02-01,0.0,0.0
MAR,2025-02-01,0.0,0.0
MDA,2025-02-01,0.0,0.0
MDG,2025-02-01,0.0,0.005
MDV,2025-02-01,0.0,0.0
MEX,2025-02-01,0.0,0.060968413318588155
MKD,2025-02-01,0.0,0.0
MLI,2025-02-01,0.0,0.661025704598045
MLT,2025-02-01,0.0,0.0
MMR,2025-02-01,0.0,0.3439964559761255
MNE,2025-02-01,0.0,0.0
MNG,2025-02-01,0.0,0.0
MOZ,2025-02-01,0.0,0.20115517872902924
MRT,2025-02-01,0.0,0.0
MUS,2025-02-01,0.0,0.0
MWI,2025-02-01,0.0,0.0
MYS,2025-02-01,0.0,0.0
NAM,2025-02-01,0.0,0.0
NER,2025-02-01,0.0,0.40728464623705884
NGA,2025-02-01,0.0,0.39254541938353815
NIC,2025-02-01,0.0,0.0
NLD,2025-02-01,0.0,0.0
NOR,2025-02-01,0.0,0.0
NPL,2025-02-01,0.0,0.0
NZL,2025-02-01,0.0,0.0
OMN,2025-02-01,0.0,0.005
PAK,2025-02-01,0.0,0.22764367895566248
PAN,2025-02-01,0.0,0.0
PER,2025-02-01,0.0,0.0
PHL,2025-02-01,0.0,0.5807336910231614
PNG,2025-02-01,0.0,0.018101741706998308
POL,2025-02-01,0.0,0.0
PRK,2025-02-01,0.0,0.0
PRT,2025-02-01,0.0,0.0
PRY,2025-02-01,0.0,0.0
PSE,2025-02-01,1.0,0.5803740163264324
QAT,2025-02-01,0.0,0.0
ROU,2025-02-01,0.0,0.0
RUS,2025-02-01,0.0,0.3548448983996772
RWA,2025-02-01,0.0,0.03669735474267749
SAU,2025-02-01,0.0,0.0
SEN,2025-02-01,0.0,0.0
SGP,2025-02-01,0.0,0.0
SLB,2025-02-01,0.0,0.0
SLE,2025-02-01,0.0,0.0
SLV,2025-02-01,0.0,0.0
SRB,2025-02-01,0.0,0.0
STP,2025-02-01,0.0,0.0
SVK,2025-02-01,0.0,0.0
SVN,2025-02-01,0.0,0.0
SWE,2025-02-01,0.0,0.0
SWZ,2025-02-01,0.0,0.0
SYC,2025-02-01,0.0,0.0
SYR,2025-02-01,0.0,0.6527172018139032
TCD,2025-02-01,0.0,0.6901660567434484
TGO,2025-02-01,0.0,0.0
THA,2025-02-01,0.0,0.0
TJK,2025-02-01,0.0,0.005
TKM,2025-02-01,0.0,0.0
TLS,2025-02-01,0.0,0.0
TON,2025-02-01,0.0,0.0
TTO,2025-02-01,0.0,0.0
TUN,2025-02-01,0.0,0.0
TUR,2025-02-01,0.0,0.03992335039302843
TZA,2025-02-01,0.0,0.005
UGA,2025-02-01,0.0,0.39603013493663625
UKR,2025-02-01,0.0,0.4012777315189641
URY,2025-02-01,0.0,0.0
USA,2025-02-01,0.0,0.0
UZB,2025-02-01,0.0,0.0
VEN,2025-02-01,0.0,0.0
VNM,2025-02-01,0.0,0.0
VUT,2025-02-01,0.0,0.0
WSM,2025-02-01,0.0,0.0
YEM,2025-02-01,0.0,0.7198096821516023
ZAF,2025-02-01,0.0,0.0
ZMB,2025-02-01,0.0,0.0
ZWE,2025-02-01,0.0,0.0
AFG,2025-03-01,0.0,0.8026692172255099
AGO,2025-03-01,0.0,0.0
ALB,2025-03-01,0.0,0.0
ARE,2025-03-01,0.0,0.0
ARG,2025-03-01,0.0,0.0
ARM,2025-03-01,0.0,0.0
AUS,2025-03-01,0.0,0.0
AUT,2025-03-01,0.0,0.0
AZE,2025-03-01,0.0,0.004817351598173517
BDI,2025-03-01,0.0,0.057585064022735215
BEL,2025-03-01,0.0,0.0
BEN,2025-03-01,0.0,0.19882612613927875
BGD,2025-03-01,0.0,0.17459890379780918
BGR,2025-03-01,0.0,0.0
BHR,2025-03-01,0.0,0.0
BHS,2025-03-01,0.0,0.0
BIH,2025-03-01,0.0,0.0
BLR,2025-03-01,0.0,0.0
BLZ,2025-03-01,0.0,0.0
BOL,2025-03-01,0.0,0.0
BRA,2025-03-01,0.0,0.0158490525246643
BRB,2025-03-01,0.0,0.0
BRN,2025-03-01,0.0,0.0
BTN,2025-03-01,0.0,0.0
BWA,2025-03-01,0.0,0.0
CAF,2025-03-01,0.0,0.46030708873551146
CAN,2025-03-01,0.0,0.0
CHE,2025-03-01,0.0,0.0
CHL,2025-03-01,0.0,0.0
CHN,2025-03-01,0.0,0.0
CIV,2025-03-01,0.0,0.02
CMR,2025-03-01,0.0,0.3831400494113418
COL,2025-03-01,0.0,0.28726249022312045
COM,2025-03-01,0.0,0.0
CRI,2025-03-01,0.0,0.0
CUB,2025-03-01,0.0,0.0
CYP,2025-03-01,0.0,0.0
CZE,2025-03-01,0.0,0.0
DEU,2025-03-01,0.0,0.0
DJI,2025-03-01,0.0,0.0
DNK,2025-03-01,0.0,0.0
DOM,2025-03-01,0.0,0.0
DZA,2025-03-01,0.0,0.009603831197025257
ECU,2025-03-01,0.0,0.019815633426096872
EGY,2025-03-01,0.0,0.029129270858402608
ERI,2025-03-01,0.0,0.0
ESP,2025-03-01,0.0,0.0
EST,2025-03-01,0.0,0.0
ETH,2025-03-01,1.0,0.5129780979265943
FIN,2025-03-01,0.0,0.0
FJI,2025-03-01,0.0,0.0
FRA,2025-03-01,0.0,0.0
GAB,2025-03-01,0.0,0.0
GBR,2025-03-01,0.0,0.0
GEO,2025-03-01,0.0,0.0
GHA,2025-03-01,0.0,0.0
GIN,2025-03-01,0.0,0.0
GMB,2025-03-01,0.0,0.0
GNB,2025-03-01,0.0,0.0
GNQ,2025-03-01,0.0,0.0
GRC,2025-03-01,0.0,0.0
GRD,2025-03-01,0.0,0.0
GTM,2025-03-01,0.0,0.0
GUY,2025-03-01,0.0,0.0
HND,2025-03-01,0.0,0.015
HRV,2025-03-01,0.0,0.0
HUN,2025-03-01,0.0,0.0
IDN,2025-03-01,0.0,0.10426500991367059
IND,2025-03-01,1.0,0.004787294384571748
IRL,2025-03-01,0.0,0.0
IRN,2025-03-01,0.0,0.058747623946679844
IRQ,2025-03-01,0.0,0.331182313614584
ISL,2025-03-01,0.0,0.0
ISR,2025-03-01,0.0,0.0968033592435294
ITA,2025-03-01,0.0,0.0
JAM,2025-03-01,0.0,0.0
JOR,2025-03-01,0.0,0.005
JPN,2025-03-01,0.0,0.0
KAZ,2025-03-01,0.0,0.0
KEN,2025-03-01,0.0,0.09494292237056205
KGZ,2025-03-01,0.0,0.0
KHM,2025-03-01,0.0,0.0
KOR,2025-03-01,0.0,0.0
KWT,2025-03-01,0.0,0.0
LAO,2025-03-01,0.0,0.0
LBN,2025-03-01,0.0,0.7975881266426933
LBR,2025-03-01,0.0,0.0
LBY,2025-03-01,0.0,0.0
LKA,2025-03-01,0.0,0.0
LSO,2025-03-01,0.0,0.0
LTU,2025-03-01,0.0,0.0
LUX,2025-03-01,0.0,0.0
LVA,2025-03-01,0.0,0.0
MAR,2025-03-01,0.0,0.0
MDA,2025-03-01,0.0,0.0
MDG,2025-03-01,0.0,0.0
MDV,2025-03-01,0.0,0.0
MEX,2025-03-01,0.0,0.07763243271113676
MKD,2025-03-01,0.0,0.0
MLI,2025-03-01,0.0,0.6404409459941316
MLT,2025-03-01,0.0,0.0
MMR,2025-03-01,0.0,0.3122015343190044
MNE,2025-03-01,0.0,0.0
MNG,2025-03-01,0.0,0.0
MOZ,2025-03-01,0.0,0.32919532286274744
MRT,2025-03-01,0.0,0.0
MUS,2025-03-01,0.0,0.0
MWI,2025-03-01,0.0,0.0
MYS,2025-03-01,0.0,0.0
NAM,2025-03-01,0.0,0.0
NER,2025-03-01,0.0,0.4093268544006343
NGA,2025-03-01,1.0,0.327732508523995
NIC,2025-03-01,0.0,0.0
NLD,2025-03-01,0.0,0.0
NOR,2025-03-01,0.0,0.0
NPL,2025-03-01,0.0,0.0
NZL,2025-03-01,0.0,0.0
OMN,2025-03-01,0.0,0.0
PAK,2025-03-01,0.0,0.23116021915934584
PAN,2025-03-01,0.0,0.0
PER,2025-03-01,0.0,0.0
PHL,2025-03-01,0.0,0.2192329450398664
PNG,2025-03-01,0.0,0.014656223445916949
POL,2025-03-01,0.0,0.0
PRK,2025-03-01,0.0,0.0
PRT,2025-03-01,0.0,0.0
PRY,2025-03-01,0.0,0.0
QAT,2025-03-01,0.0,0.0
ROU,2025-03-01,0.0,0.0
RUS,2025-03-01,0.0,0.3634586937448994
RWA,2025-03-01,0.0,0.05886770122483576
SAU,2025-03-01,0.0,0.0
SEN,2025-03-01,0.0,0.0
SGP,2025-03-01,0.0,0.0
SLB,2025-03-01,0.0,0.0
SLE,2025-03-01,0.0,0.0
SLV,2025-03-01,0.0,0.0
SRB,2025-03-01,0.0,0.0
STP,2025-03-01,0.0,0.0
SVK,2025-03-01,0.0,0.0
SVN,2025-03-01,0.0,0.0
SWE,2025-03-01,0.0,0.0
SWZ,2025-03-01,0.0,0.0
SYC,2025-03-01,0.0,0.0
SYR,2025-03-01,0.0,0.9082463230922555
TCD,2025-03-01,0.0,0.5718361565931247
TGO,2025-03-01,0.0,0.0
THA,2025-03-01,0.0,0.0
TJK,2025-03-01,0.0,0.0
TKM,2025-03-01,0.0,0.0
TLS,2025-03-01,0.0,0.0
TON,2025-03-01,0.0,0.0
TTO,2025-03-01,0.0,0.0
TUN,2025-03-01,0.0,0.0
TUR,2025-03-01,0.0,0.025935562463479202
TZA,2025-03-01,0.0,0.0
UGA,2025-03-01,0.0,0.40013570934124787
UKR,2025-03-01,0.0,0.376001860525922
URY,2025-03-01,0.0,0.0
USA,2025-03-01,0.0,0.0
UZB,2025-03-01,0.0,0.0
VEN,2025-03-01,0.0,0.0
VNM,2025-03-01,0.0,0.0
VUT,2025-03-01,0.0,0.0
WSM,2025-03-01,0.0,0.0
YEM,2025-03-01,0.0,0.7508262493583752
ZAF,2025-03-01,0.0,0.0
ZMB,2025-03-01,0.0,0.0
ZWE,2025-03-01,0.0,0.0
AFG,2025-04-01,0.0,0.6974576258857306
AGO,2025-04-01,0.0,0.0
ALB,2025-04-01,0.0,0.0
ARE,2025-04-01,0.0,0.0
ARG,2025-04-01,0.0,0.0
ARM,2025-04-01,0.0,0.0
AUS,2025-04-01,0.0,0.0
AUT,2025-04-01,0.0,0.0
AZE,2025-04-01,0.0,0.0
BDI,2025-04-01,0.0,0.12257090468692171
BEL,2025-04-01,0.0,0.0
BEN,2025-04-01,0.0,0.25156294870799306
BGD,2025-04-01,0.0,0.2478502893100151
BGR,2025-04-01,0.0,0.0
BHR,2025-04-01,0.0,0.0
BHS,2025-04-01,0.0,0.0
BIH,2025-04-01,0.0,0.0
BLR,2025-04-01,0.0,0.0
BLZ,2025-04-01,0.0,0.0
BOL,2025-04-01,0.0,0.0
BRA,2025-04-01,0.0,0.0
BRB,2025-04-01,0.0,0.0
BRN,2025-04-01,0.0,0.0
BTN,2025-04-01,0.0,0.0
BWA,2025-04-01,0.0,0.0
CAF,2025-04-01,0.0,0.5319184840195811
CAN,2025-04-01,0.0,0.0
CHE,2025-04-01,0.0,0.0
CHL,2025-04-01,0.0,0.0
CHN,2025-04-01,0.0,0.0
CIV,2025-04-01,0.0,0.005
CMR,2025-04-01,0.0,0.35760507527307067
COL,2025-04-01,0.0,0.358555309595811
COM,2025-04-01,0.0,0.0
CRI,2025-04-01,0.0,0.0
CUB,2025-04-01,0.0,0.0
CYP,2025-04-01,0.0,0.0
CZE,2025-04-01,0.0,0.0
DEU,2025-04-01,0.0,0.0
DJI,2025-04-01,0.0,0.0
DNK,2025-04-01,0.0,0.0
DOM,2025-04-01,0.0,0.0
DZA,2025-04-01,0.0,0.027325864080869847
ECU,2025-04-01,0.0,0.0
EGY,2025-04-01,0.0,0.019473467415323777
ERI,2025-04-01,0.0,0.0
ESP,2025-04-01,0.0,0.0
EST,2025-04-01,0.0,0.0
ETH,2025-04-01,1.0,0.46154648988640573
FIN,2025-04-01,0.0,0.0
FJI,2025-04-01,0.0,0.0
FRA,2025-04-01,0.0,0.0
GAB,2025-04-01,0.0,0.0
GBR,2025-04-01,0.0,0.0
GEO,2025-04-01,0.0,0.0
GHA,2025-04-01,0.0,0.0
GIN,2025-04-01,0.0,0.0
GMB,2025-04-01,0.0,0.0
GNB,2025-04-01,0.0,0.0
GNQ,2025-04-01,0.0,0.0
GRC,2025-04-01,0.0,0.0
GRD,2025-04-01,0.0,0.0
GTM,2025-04-01,0.0,0.0
GUY,2025-04-01,0.0,0.0
HND,2025-04-01,0.0,0.0
HRV,2025-04-01,0.0,0.0
HUN,2025-04-01,0.0,0.0
IDN,2025-04-01,0.0,0.07541042618119997
IND,2025-04-01,1.0,0.003656860123027548
IRL,2025-04-01,0.0,0.0
IRN,2025-04-01,1.0,0.042739556430553834
IRQ,2025-04-01,0.0,0.34233337105058437
ISL,2025-04-01,0.0,0.0
ISR,2025-04-01,0.0,0.12489786566023468
ITA,2025-04-01,0.0,0.0
JAM,2025-04-01,0.0,0.0
JOR,2025-04-01,0.0,0.0
JPN,2025-04-01,0.0,0.0
KAZ,2025-04-01,0.0,0.0
KEN,2025-04-01,0.0,0.28072653778727796
KGZ,2025-04-01,0.0,0.0
KHM,2025-04-01,0.0,0.0
KOR,2025-04-01,0.0,0.0
KWT,2025-04-01,0.0,0.0
LAO,2025-04-01,0.0,0.0
LBN,2025-04-01,0.0,0.8313079276633123
LBR,2025-04-01,0.0,0.0
LBY,2025-04-01,0.0,0.0
LKA,2025-04-01,0.0,0.0
LSO,2025-04-01,0.0,0.0
LTU,2025-04-01,0.0,0.0
LUX,2025-04-01,0.0,0.0
LVA,2025-04-01,0.0,0.0
MAR,2025-04-01,0.0,0.0
MDA,2025-04-01,0.0,0.0
MDG,2025-04-01,0.0,0.0
MDV,2025-04-01,0.0,0.0
MEX,2025-04-01,0.0,0.10185251646088435
MKD,2025-04-01,0.0,0.0
MLI,2025-04-01,0.0,0.7566382593184445
MLT,2025-04-01,0.0,0.0
MMR,2025-04-01,0.0,0.2895779163494294
MNE,2025-04-01,0.0,0.0
MNG,2025-04-01,0.0,0.0
MOZ,2025-04-01,0.0,0.24096672077260947
MRT,2025-04-01,0.0,0.0
MUS,2025-04-01,0.0,0.0
MWI,2025-04-01,0.0,0.0
MYS,2025-04-01,0.0,0.0
NAM,2025-04-01,0.0,0.0
NER,2025-04-01,1.0,0.3466243521812838
NGA,2025-04-01,1.0,0.3475186554739578
NIC,2025-04-01,0.0,0.0
NLD,2025-04-01,0.0,0.0
NOR,2025-04-01,0.0,0.0
NPL,2025-04-01,0.0,0.0
NZL,2025-04-01,0.0,0.0
OMN,2025-04-01,0.0,0.0
PAK,2025-04-01,0.0,0.24895677842050923
PAN,2025-04-01,0.0,0.0
PER,2025-04-01,0.0,0.0
PHL,2025-04-01,0.0,0.6090730171496418
PNG,2025-04-01,0.0,0.004637783589435456
POL,2025-04-01,0.0,0.0
PRK,2025-04-01,0.0,0.0
PRT,2025-04-01,0.0,0.0
PRY,2025-04-01,0.0,0.0
QAT,2025-04-01,0.0,0.0
ROU,2025-04-01,0.0,0.0
RUS,2025-04-01,0.0,0.4002379030958725
RWA,2025-04-01,0.0,0.11349011475612053
SAU,2025-04-01,0.0,0.0
SEN,2025-04-01,0.0,0.0
SGP,2025-04-01,0.0,0.0
SLB,2025-04-01,0.0,0.0
SLE,2025-04-01,0.0,0.0
SLV,2025-04-01,0.0,0.0
SOM,2025-04-01,1.0,0.922414358053485
SRB,2025-04-01,0.0,0.0
STP,2025-04-01,0.0,0.0
SVK,2025-04-01,0.0,0.0
SVN,2025-04-01,0.0,0.0
SWE,2025-04-01,0.0,0.0
SWZ,2025-04-01,0.0,0.0
SYC,2025-04-01,0.0,0.0
SYR,2025-04-01,0.0,0.9188550349647565
TCD,2025-04-01,0.0,0.6019540835707463
TGO,2025-04-01,0.0,0.01478729736353769
THA,2025-04-01,0.0,0.0
TJK,2025-04-01,0.0,0.01
TKM,2025-04-01,0.0,0.0
TLS,2025-04-01,0.0,0.0
TON,2025-04-01,0.0,0.0
TTO,2025-04-01,0.0,0.0
TUN,2025-04-01,0.0,0.0
TUR,2025-04-01,0.0,0.04103288358074082
TZA,2025-04-01,0.0,0.0
UGA,2025-04-01,0.0,0.48669514500198646
UKR,2025-04-01,0.0,0.4134875417268309
URY,2025-04-01,0.0,0.0
USA,2025-04-01,0.0,0.0
UZB,2025-04-01,0.0,0.0
VEN,2025-04-01,0.0,0.0
VNM,2025-04-01,0.0,0.0
VUT,2025-04-01,0.0,0.0
WSM,2025-04-01,0.0,0.0
YEM,2025-04-01,0.0,0.7458477025822026
ZAF,2025-04-01,0.0,0.0
ZMB,2025-04-01,0.0,0.0
ZWE,2025-04-01,0.0,0.0
AFG,2025-05-01,0.0,0.8350051405841551
AGO,2025-05-01,0.0,0.0
ALB,2025-05-01,0.0,0.0
ARE,2025-05-01,0.0,0.0
ARG,2025-05-01,0.0,0.0
ARM,2025-05-01,0.0,0.0
AUS,2025-05-01,0.0,0.0
AUT,2025-05-01,0.0,0.0
AZE,2025-05-01,0.0,0.0
BDI,2025-05-01,0.0,0.4854085634981134
BEL,2025-05-01,0.0,0.0
BEN,2025-05-01,0.0,0.1974476125601376
BGD,2025-05-01,0.0,0.2711573430865906
BGR,2025-05-01,0.0,0.0
BHR,2025-05-01,0.0,0.0
BHS,2025-05-01,0.0,0.0
BIH,2025-05-01,0.0,0.0
BLR,2025-05-01,0.0,0.0
BLZ,2025-05-01,0.0,0.0
BOL,2025-05-01,0.0,0.0
BRA,2025-05-01,0.0,0.0294287975691347
BRB,2025-05-01,0.0,0.0
BRN,2025-05-01,0.0,0.0
BTN,2025-05-01,0.0,0.0
BWA,2025-05-01,0.0,0.0
CAF,2025-05-01,0.0,0.6346376393014274
CAN,2025-05-01,0.0,0.0
CHE,2025-05-01,0.0,0.0
CHL,2025-05-01,0.0,0.0
CHN,2025-05-01,0.0,0.0
CIV,2025-05-01,0.0,0.01
CMR,2025-05-01,0.0,0.3789098264064817
COL,2025-05-01,0.0,0.19976327809497355
COM,2025-05-01,0.0,0.0
CRI,2025-05-01,0.0,0.0
CUB,2025-05-01,0.0,0.0
CYP,2025-05-01,0.0,0.0
CZE,2025-05-01,0.0,0.0
DEU,2025-05-01,0.0,0.0
DJI,2025-05-01,0.0,0.0
DNK,2025-05-01,0.0,0.0
DOM,2025-05-01,0.0,0.0
DZA,2025-05-01,0.0,0.012277574923945277
ECU,2025-05-01,0.0,0.0
EGY,2025-05-01,0.0,0.02338409657099597
ERI,2025-05-01,0.0,0.0
ESP,2025-05-01,0.0,0.0
EST,2025-05-01,0.0,0.0
ETH,2025-05-01,1.0,0.5921200441352517
FIN,2025-05-01,0.0,0.0
FJI,2025-05-01,0.0,0.0
FRA,2025-05-01,0.0,0.0
GAB,2025-05-01,0.0,0.0
GBR,2025-05-01,0.0,0.0
GEO,2025-05-01,0.0,0.0
GHA,2025-05-01,0.0,0.0
GIN,2025-05-01,0.0,0.0
GMB,2025-05-01,0.0,0.0
GNB,2025-05-01,0.0,0.0
GNQ,2025-05-01,0.0,0.0
GRC,2025-05-01,0.0,0.0
GRD,2025-05-01,0.0,0.0
GTM,2025-05-01,0.0,0.0
GUY,2025-05-01,0.0,0.0
HND,2025-05-01,0.0,0.0
HRV,2025-05-01,0.0,0.0
HUN,2025-05-01,0.0,0.0
IDN,2025-05-01,0.0,0.05537308098757403
IND,2025-05-01,0.0,0.06570586579096267
IRL,2025-05-01,0.0,0.0
IRN,2025-05-01,1.0,0.03654573643248745
IRQ,2025-05-01,0.0,0.31972422129914646
ISL,2025-05-01,0.0,0.0
ISR,2025-05-01,0.0,0.2003796161419985
ITA,2025-05-01,0.0,0.0
JAM,2025-05-01,0.0,0.0
JOR,2025-05-01,0.0,0.0
JPN,2025-05-01,0.0,0.0
KAZ,2025-05-01,0.0,0.0
KEN,2025-05-01,0.0,0.3146507819910223
KGZ,2025-05-01,0.0,0.0
KHM,2025-05-01,1.0,0.0
KOR,2025-05-01,0.0,0.0
KWT,2025-05-01,0.0,0.0
LAO,2025-05-01,0.0,0.0
LBN,2025-05-01,0.0,0.7229722323301313
LBR,2025-05-01,0.0,0.0
LBY,2025-05-01,0.0,0.02
LKA,2025-05-01,0.0,0.0
LSO,2025-05-01,0.0,0.0
LTU,2025-05-01,0.0,0.0
LUX,2025-05-01,0.0,0.0
LVA,2025-05-01,0.0,0.0
MAR,2025-05-01,0.0,0.0
MDA,2025-05-01,0.0,0.0
MDG,2025-05-01,0.0,0.0
MDV,2025-05-01,0.0,0.0
MEX,2025-05-01,0.0,0.15707603603338596
MKD,2025-05-01,0.0,0.0
MLI,2025-05-01,0.0,0.6567813491067881
MLT,2025-05-01,0.0,0.0
MMR,2025-05-01,0.0,0.2269518593515567
MNE,2025-05-01,0.0,0.0
MNG,2025-05-01,0.0,0.0
MOZ,2025-05-01,1.0,0.198471444224943
MRT,2025-05-01,0.0,0.0
MUS,2025-05-01,0.0,0.0
MWI,2025-05-01,0.0,0.0
MYS,2025-05-01,0.0,0.0
NAM,2025-05-01,0.0,0.0
NER,2025-05-01,1.0,0.4087488557000173
NIC,2025-05-01,0.0,0.0
NLD,2025-05-01,0.0,0.0
NOR,2025-05-01,0.0,0.0
NPL,2025-05-01,0.0,0.0
NZL,2025-05-01,0.0,0.0
OMN,2025-05-01,0.0,0.0
PAK,2025-05-01,0.0,0.2567248177567584
PAN,2025-05-01,0.0,0.0
PER,2025-05-01,0.0,0.0
PHL,2025-05-01,0.0,0.6167077810822361
PNG,2025-05-01,0.0,0.026837450783945945
POL,2025-05-01,0.0,0.0
PRK,2025-05-01,0.0,0.0
PRT,2025-05-01,0.0,0.0
PRY,2025-05-01,0.0,0.0
QAT,2025-05-01,0.0,0.0
ROU,2025-05-01,0.0,0.0
RUS,2025-05-01,0.0,0.2751883424470818
RWA,2025-05-01,0.0,0.07125339283757562
SAU,2025-05-01,0.0,0.0
SEN,2025-05-01,0.0,0.0
SGP,2025-05-01,0.0,0.0
SLB,2025-05-01,0.0,0.0
SLE,2025-05-01,0.0,0.0
SLV,2025-05-01,0.0,0.0
SOM,2025-05-01,1.0,0.3402363915244574
SRB,2025-05-01,0.0,0.0
STP,2025-05-01,0.0,0.0
SVK,2025-05-01,0.0,0.0
SVN,2025-05-01,0.0,0.0
SWE,2025-05-01,0.0,0.0
SWZ,2025-05-01,0.0,0.0
SYC,2025-05-01,0.0,0.0
SYR,2025-05-01,0.0,0.7141785964820033
TCD,2025-05-01,0.0,0.6823752747946176
TGO,2025-05-01,0.0,0.0
THA,2025-05-01,1.0,0.0
TJK,2025-05-01,0.0,0.005
TKM,2025-05-01,0.0,0.0
TLS,2025-05-01,0.0,0.0
TON,2025-05-01,0.0,0.0
TTO,2025-05-01,0.0,0.0
TUN,2025-05-01,0.0,0.005
TUR,2025-05-01,0.0,0.07828984459019353
TZA,2025-05-01,0.0,0.0
UGA,2025-05-01,0.0,0.5994733424097874
UKR,2025-05-01,0.0,0.3671496328037572
URY,2025-05-01,0.0,0.0
USA,2025-05-01,0.0,0.0
UZB,2025-05-01,0.0,0.0
VEN,2025-05-01,0.0,0.02
VNM,2025-05-01,0.0,0.0
VUT,2025-05-01,0.0,0.0
WSM,2025-05-01,0.0,0.0
YEM,2025-05-01,0.0,0.54813745751161
ZAF,2025-05-01,0.0,0.0
ZMB,2025-05-01,0.0,0.0
ZWE,2025-05-01,0.0,0.0
AFG,2025-06-01,0.0,0.8301055791803048
AGO,2025-06-01,0.0,0.0
ALB,2025-06-01,0.0,0.0
ARE,2025-06-01,0.0,0.0
ARG,2025-06-01,0.0,0.0
ARM,2025-06-01,0.0,0.0
AUS,2025-06-01,0.0,0.0
AUT,2025-06-01,0.0,0.0
AZE,2025-06-01,0.0,0.0012799583188607166
BDI,2025-06-01,0.0,0.3068784074858942
BEL,2025-06-01,0.0,0.0
BEN,2025-06-01,0.0,0.19419254398116412
BGD,2025-06-01,0.0,0.26627554296617917
BGR,2025-06-01,0.0,0.0
BHR,2025-06-01,0.0,0.0
BHS,2025-06-01,0.0,0.0
BIH,2025-06-01,0.0,0.0
BLR,2025-06-01,0.0,0.0
BLZ,2025-06-01,0.0,0.0
BOL,2025-06-01,0.0,0.0
BRA,2025-06-01,0.0,0.05698575155542138
BRB,2025-06-01,0.0,0.0
BRN,2025-06-01,0.0,0.0
BTN,2025-06-01,0.0,0.0
BWA,2025-06-01,0.0,0.0
CAF,2025-06-01,0.0,0.5060435608535356
CAN,2025-06-01,0.0,0.0
CHE,2025-06-01,0.0,0.0
CHL,2025-06-01,0.0,0.0
CHN,2025-06-01,0.0,0.0
CIV,2025-06-01,0.0,0.0
CMR,2025-06-01,0.0,0.5437463533721152
COL,2025-06-01,0.0,0.37705819852764927
COM,2025-06-01,0.0,0.0
CRI,2025-06-01,0.0,0.0
CUB,2025-06-01,0.0,0.0
CYP,2025-06-01,0.0,0.0
CZE,2025-06-01,0.0,0.0
DEU,2025-06-01,0.0,0.0
DJI,2025-06-01,0.0,0.0
DNK,2025-06-01,0.0,0.0
DOM,2025-06-01,0.0,0.0
DZA,2025-06-01,0.0,0.02397563351997376
ECU,2025-06-01,0.0,0.0
EGY,2025-06-01,0.0,0.021403597874394005
ERI,2025-06-01,0.0,0.004455864570737607
ESP,2025-06-01,0.0,0.0
EST,2025-06-01,0.0,0.0
ETH,2025-06-01,1.0,0.622750608405696
FIN,2025-06-01,0.0,0.0
FJI,2025-06-01,0.0,0.0
FRA,2025-06-01,0.0,0.0
GAB,2025-06-01,0.0,0.0
GBR,2025-06-01,0.0,0.0
GEO,2025-06-01,0.0,0.0
GHA,2025-06-01,0.0,0.0
GIN,2025-06-01,0.0,0.0
GMB,2025-06-01,0.0,0.0
GNB,2025-06-01,0.0,0.0
GNQ,2025-06-01,0.0,0.0
GRC,2025-06-01,0.0,0.0
GRD,2025-06-01,0.0,0.0
GTM,2025-06-01,0.0,0.0
GUY,2025-06-01,0.0,0.0
HND,2025-06-01,0.0,0.0
HRV,2025-06-01,0.0,0.0
HUN,2025-06-01,0.0,0.0
IDN,2025-06-01,0.0,0.038737801080388205
IND,2025-06-01,0.0,0.2676373043977926
IRL,2025-06-01,0.0,0.0
IRN,2025-06-01,0.0,0.06712782679390919
IRQ,2025-06-01,0.0,0.25071679774568795
ISL,2025-06-01,0.0,0.0
ISR,2025-06-01,0.0,0.04474910910876913
ITA,2025-06-01,0.0,0.0
JAM,2025-06-01,0.0,0.0
JOR,2025-06-01,0.0,0.0
JPN,2025-06-01,0.0,0.0
KAZ,2025-06-01,0.0,0.0
KEN,2025-06-01,0.0,0.08409158257726848
KGZ,2025-06-01,0.0,0.0
KHM,2025-06-01,1.0,0.0
KOR,2025-06-01,0.0,0.0
KWT,2025-06-01,0.0,0.0
LAO,2025-06-01,0.0,0.0
LBN,2025-06-01,0.0,0.7051158928969963
LBR,2025-06-01,0.0,0.0
LBY,2025-06-01,0.0,0.060869099524928603
LKA,2025-06-01,0.0,0.0
LSO,2025-06-01,0.0,0.0
LTU,2025-06-01,0.0,0.0
LUX,2025-06-01,0.0,0.0
LVA,2025-06-01,0.0,0.0
MAR,2025-06-01,0.0,0.0
MDA,2025-06-01,0.0,0.0
MDG,2025-06-01,0.0,0.0
MDV,2025-06-01,0.0,0.0
MEX,2025-06-01,0.0,0.16997791721111086
MKD,2025-06-01,0.0,0.0
MLI,2025-06-01,0.0,0.4881397313650595
MLT,2025-06-01,0.0,0.0
MMR,2025-06-01,0.0,0.3748648686623586
MNE,2025-06-01,0.0,0.0
MNG,2025-06-01,0.0,0.0
MOZ,2025-06-01,1.0,0.37009681899099456
MRT,2025-06-01,0.0,0.0
MUS,2025-06-01,0.0,0.0
MWI,2025-06-01,0.0,0.0
MYS,2025-06-01,0.0,0.0
NAM,2025-06-01,0.0,0.0
NIC,2025-06-01,0.0,0.0
NLD,2025-06-01,0.0,0.0
NOR,2025-06-01,0.0,0.0
NPL,2025-06-01,0.0,0.0
NZL,2025-06-01,0.0,0.0
OMN,2025-06-01,0.0,0.0
PAK,2025-06-01,1.0,0.1865415792062583
PAN,2025-06-01,0.0,0.0
PER,2025-06-01,0.0,0.0
PHL,2025-06-01,0.0,0.5604647204519386
PNG,2025-06-01,0.0,0.023830561330561332
POL,2025-06-01,0.0,0.0
PRK,2025-06-01,0.0,0.0
PRT,2025-06-01,0.0,0.0
PRY,2025-06-01,0.0,0.0
QAT,2025-06-01,0.0,0.0
ROU,2025-06-01,0.0,0.0
RUS,2025-06-01,0.0,0.28629856687765903
RWA,2025-06-01,0.0,0.09302171342998154
SAU,2025-06-01,0.0,0.0
SEN,2025-06-01,0.0,0.0
SGP,2025-06-01,0.0,0.0
SLB,2025-06-01,0.0,0.0
SLE,2025-06-01,0.0,0.0
SLV,2025-06-01,0.0,0.0
SRB,2025-06-01,0.0,0.0
STP,2025-06-01,0.0,0.0
SVK,2025-06-01,0.0,0.0
SVN,2025-06-01,0.0,0.0
SWE,2025-06-01,0.0,0.0
SWZ,2025-06-01,0.0,0.0
SYC,2025-06-01,0.0,0.0
SYR,2025-06-01,0.0,0.6664837506938148
TCD,2025-06-01,0.0,0.5900458412520736
TGO,2025-06-01,0.0,0.0
THA,2025-06-01,1.0,0.0
TJK,2025-06-01,0.0,0.0
TKM,2025-06-01,0.0,0.0
TLS,2025-06-01,0.0,0.0
TON,2025-06-01,0.0,0.0
TTO,2025-06-01,0.0,0.0
TUN,2025-06-01,0.0,0.0
TUR,2025-06-01,0.0,0.0424433537019565
TZA,2025-06-01,0.0,0.0
UGA,2025-06-01,0.0,0.5461785678247888
UKR,2025-06-01,0.0,0.37406775652231955
URY,2025-06-01,0.0,0.0
USA,2025-06-01,0.0,0.0
UZB,2025-06-01,0.0,0.0
VEN,2025-06-01,0.0,0.029905158069883527
VNM,2025-06-01,0.0,0.0
VUT,2025-06-01,0.0,0.0
WSM,2025-06-01,0.0,0.0
YEM,2025-06-01,0.0,0.6700050943523482
ZAF,2025-06-01,0.0,0.0
ZMB,2025-06-01,0.0,0.0
ZWE,2025-06-01,0.0,0.0
AFG,2025-07-01,0.0,0.8182007040263127
AGO,2025-07-01,0.0,0.0
ALB,2025-07-01,0.0,0.0
ARE,2025-07-01,0.0,0.0
ARG,2025-07-01,0.0,0.0
ARM,2025-07-01,0.0,0.0
AUS,2025-07-01,0.0,0.0
AUT,2025-07-01,0.0,0.0
AZE,2025-07-01,0.0,0.0
BDI,2025-07-01,0.0,0.19450053569876707
BEL,2025-07-01,0.0,0.0
BEN,2025-07-01,0.0,0.1625775315274077
BGD,2025-07-01,0.0,0.2056560290642485
BGR,2025-07-01,0.0,0.0
BHR,2025-07-01,0.0,0.0
BHS,2025-07-01,0.0,0.0
BIH,2025-07-01,0.0,0.0
BLR,2025-07-01,0.0,0.0
BLZ,2025-07-01,0.0,0.0
BOL,2025-07-01,0.0,0.0
BRA,2025-07-01,0.0,0.08295130288921167
BRB,2025-07-01,0.0,0.0
BRN,2025-07-01,0.0,0.0
BTN,2025-07-01,0.0,0.0
BWA,2025-07-01,0.0,0.0
CAF,2025-07-01,0.0,0.6163852018826063
CAN,2025-07-01,0.0,0.0
CHE,2025-07-01,0.0,0.0
CHL,2025-07-01,0.0,0.0
CHN,2025-07-01,0.0,0.0
CIV,2025-07-01,0.0,0.0
CMR,2025-07-01,0.0,0.531820096396753
COL,2025-07-01,0.0,0.37940252940170505
COM,2025-07-01,0.0,0.0
CRI,2025-07-01,0.0,0.0
CUB,2025-07-01,0.0,0.0
CYP,2025-07-01,0.0,0.0
CZE,2025-07-01,0.0,0.0
DEU,2025-07-01,0.0,0.0
DJI,2025-07-01,0.0,0.0
DNK,2025-07-01,0.0,0.0
DOM,2025-07-01,0.0,0.0
DZA,2025-07-01,0.0,0.02390669431727964
ECU,2025-07-01,0.0,0.0
EGY,2025-07-01,0.0,0.044220995103991495
ERI,2025-07-01,0.0,0.04691458190190327
ESP,2025-07-01,0.0,0.0
EST,2025-07-01,0.0,0.0
FIN,2025-07-01,0.0,0.0
FJI,2025-07-01,0.0,0.0
FRA,2025-07-01,0.0,0.0
GAB,2025-07-01,0.0,0.0
GBR,2025-07-01,0.0,0.0
GEO,2025-07-01,0.0,0.0
GHA,2025-07-01,0.0,0.0
GIN,2025-07-01,0.0,0.0
GMB,2025-07-01,0.0,0.0
GNB,2025-07-01,0.0,0.0
GNQ,2025-07-01,0.0,0.0
GRC,2025-07-01,0.0,0.0
GRD,2025-07-01,0.0,0.0
GTM,2025-07-01,0.0,0.0
GUY,2025-07-01,0.0,0.0
HND,2025-07-01,0.0,0.0
HRV,2025-07-01,0.0,0.0
HTI,2025-07-01,1.0,0.5302500963368143
HUN,2025-07-01,0.0,0.0
IDN,2025-07-01,0.0,0.055763708224786136
IND,2025-07-01,0.0,0.20991471944575119
IRL,2025-07-01,0.0,0.0
IRN,2025-07-01,0.0,0.21430498666669007
IRQ,2025-07-01,0.0,0.38776235952175986
ISL,2025-07-01,0.0,0.0
ISR,2025-07-01,0.0,0.0566276578294205
ITA,2025-07-01,0.0,0.0
JAM,2025-07-01,0.0,0.0
JOR,2025-07-01,0.0,0.0
JPN,2025-07-01,0.0,0.0
KAZ,2025-07-01,0.0,0.0
KEN,2025-07-01,0.0,0.13032929553511263
KGZ,2025-07-01,0.0,0.0
KHM,2025-07-01,0.0,0.03916299300534885
KOR,2025-07-01,0.0,0.0
KWT,2025-07-01,0.0,0.0
LAO,2025-07-01,0.0,0.0
LBN,2025-07-01,0.0,0.6756102074006531
LBR,2025-07-01,0.0,0.0
LBY,2025-07-01,0.0,0.11543119036191392
LKA,2025-07-01,0.0,0.0
LSO,2025-07-01,0.0,0.0
LTU,2025-07-01,0.0,0.0
LUX,2025-07-01,0.0,0.0
LVA,2025-07-01,0.0,0.0
MAR,2025-07-01,0.0,0.0
MDA,2025-07-01,0.0,0.0
MDG,2025-07-01,0.0,0.0
MDV,2025-07-01,0.0,0.0
MEX,2025-07-01,0.0,0.12213343209673391
MKD,2025-07-01,0.0,0.0
MLI,2025-07-01,0.0,0.6101797134136796
MLT,2025-07-01,0.0,0.0
MMR,2025-07-01,0.0,0.5646058103444055
MNE,2025-07-01,0.0,0.0
MNG,2025-07-01,0.0,0.0
MRT,2025-07-01,0.0,0.0
MUS,2025-07-01,0.0,0.0
MWI,2025-07-01,0.0,0.0
MYS,2025-07-01,0.0,0.0
NAM,2025-07-01,0.0,0.0
NIC,2025-07-01,0.0,0.0
NLD,2025-07-01,0.0,0.0
NOR,2025-07-01,0.0,0.0
NPL,2025-07-01,0.0,0.0
NZL,2025-07-01,0.0,0.0
OMN,2025-07-01,0.0,0.0
PAK,2025-07-01,1.0,0.39363899915524003
PAN,2025-07-01,0.0,0.0
PER,2025-07-01,0.0,0.0
PHL,2025-07-01,0.0,0.3727344705322924
PNG,2025-07-01,0.0,0.0
POL,2025-07-01,0.0,0.0
PRK,2025-07-01,0.0,0.0
PRT,2025-07-01,0.0,0.0
PRY,2025-07-01,0.0,0.0
QAT,2025-07-01,0.0,0.0
ROU,2025-07-01,0.0,0.0
RUS,2025-07-01,0.0,0.30893773928430074
RWA,2025-07-01,0.0,0.060398145409824286
SAU,2025-07-01,0.0,0.0
SEN,2025-07-01,0.0,0.0
SGP,2025-07-01,0.0,0.0
SLB,2025-07-01,0.0,0.0
SLE,2025-07-01,0.0,0.0
SLV,2025-07-01,0.0,0.0
SRB,2025-07-01,0.0,0.0
STP,2025-07-01,0.0,0.0
SVK,2025-07-01,0.0,0.0
SVN,2025-07-01,0.0,0.0
SWE,2025-07-01,0.0,0.0
SWZ,2025-07-01,0.0,0.0
SYC,2025-07-01,0.0,0.0
SYR,2025-07-01,0.0,0.6448023886237388
TCD,2025-07-01,0.0,0.7296006286824531
TGO,2025-07-01,0.0,0.005
THA,2025-07-01,0.0,0.15019903945927726
TJK,2025-07-01,0.0,0.005
TKM,2025-07-01,0.0,0.0
TLS,2025-07-01,0.0,0.0
TON,2025-07-01,0.0,0.0
TTO,2025-07-01,0.0,0.0
TUN,2025-07-01,0.0,0.005
TUR,2025-07-01,0.0,0.037657554554282276
TZA,2025-07-01,0.0,0.005
UGA,2025-07-01,0.0,0.5571377295228797
UKR,2025-07-01,0.0,0.37215472610565115
URY,2025-07-01,0.0,0.0
USA,2025-07-01,0.0,0.0
UZB,2025-07-01,0.0,0.0
VEN,2025-07-01,0.0,0.0042176267918161295
VNM,2025-07-01,0.0,0.0
VUT,2025-07-01,0.0,0.0
WSM,2025-07-01,0.0,0.0
YEM,2025-07-01,0.0,0.5485338915729292
ZAF,2025-07-01,0.0,0.0
ZMB,2025-07-01,0.0,0.0
ZWE,2025-07-01,0.0,0.0
AFG,2025-08-01,1.0,0.7767117554233421
AGO,2025-08-01,0.0,0.0
ALB,2025-08-01,0.0,0.0
ARE,2025-08-01,0.0,0.0
ARG,2025-08-01,0.0,0.0
ARM,2025-08-01,0.0,0.0
AUS,2025-08-01,0.0,0.0
AUT,2025-08-01,0.0,0.0
AZE,2025-08-01,0.0,0.0
BDI,2025-08-01,0.0,0.17666559206978158
BEL,2025-08-01,0.0,0.0
BEN,2025-08-01,0.0,0.11921098096224712
BGD,2025-08-01,0.0,0.14747889429596595
BGR,2025-08-01,0.0,0.0
BHR,2025-08-01,0.0,0.0
BHS,2025-08-01,0.0,0.0
BIH,2025-08-01,0.0,0.0
BLR,2025-08-01,0.0,0.0
BLZ,2025-08-01,0.0,0.0
BOL,2025-08-01,0.0,0.005
BRA,2025-08-01,0.0,0.03518877300501748
BRB,2025-08-01,0.0,0.0
BRN,2025-08-01,0.0,0.0
BTN,2025-08-01,0.0,0.0
BWA,2025-08-01,0.0,0.0
CAF,2025-08-01,0.0,0.6679709430484698
CAN,2025-08-01,0.0,0.0
CHE,2025-08-01,0.0,0.0
CHL,2025-08-01,0.0,0.0
CHN,2025-08-01,0.0,0.0
CIV,2025-08-01,0.0,0.023351737045268446
CMR,2025-08-01,0.0,0.5644283625105182
COL,2025-08-01,0.0,0.2174339142873793
COM,2025-08-01,0.0,0.0
CRI,2025-08-01,0.0,0.0
CUB,2025-08-01,0.0,0.0
CYP,2025-08-01,0.0,0.0
CZE,2025-08-01,0.0,0.0
DEU,2025-08-01,0.0,0.0
DJI,2025-08-01,0.0,0.015
DNK,2025-08-01,0.0,0.0
DOM,2025-08-01,0.0,0.0
DZA,2025-08-01,0.0,0.02950551923540883
ECU,2025-08-01,0.0,0.018784306889128476
EGY,2025-08-01,0.0,0.02606667495945056
ERI,2025-08-01,0.0,0.06260008198102197
ESP,2025-08-01,0.0,0.0
EST,2025-08-01,0.0,0.0
FIN,2025-08-01,0.0,0.0
FJI,2025-08-01,0.0,0.0
FRA,2025-08-01,0.0,0.0
GAB,2025-08-01,0.0,0.0
GBR,2025-08-01,0.0,0.0
GEO,2025-08-01,0.0,0.0
GHA,2025-08-01,0.0,0.0
GIN,2025-08-01,0.0,0.0
GMB,2025-08-01,0.0,0.0
GNB,2025-08-01,0.0,0.0
GNQ,2025-08-01,0.0,0.0
GRC,2025-08-01,0.0,0.0
GRD,2025-08-01,0.0,0.0
GTM,2025-08-01,0.0,0.0
GUY,2025-08-01,0.0,0.0
HND,2025-08-01,0.0,0.0
HRV,2025-08-01,0.0,0.0
HTI,2025-08-01,1.0,0.4999668935223413
HUN,2025-08-01,0.0,0.0
IDN,2025-08-01,0.0,0.10406722033544362
IND,2025-08-01,0.0,0.11836807176795557
IRL,2025-08-01,0.0,0.0
IRN,2025-08-01,0.0,0.2646439279680772
IRQ,2025-08-01,0.0,0.433596670910223
ISL,2025-08-01,0.0,0.0
ISR,2025-08-01,0.0,0.13537866798020454
ITA,2025-08-01,0.0,0.0
JAM,2025-08-01,0.0,0.0
JOR,2025-08-01,0.0,0.0
JPN,2025-08-01,0.0,0.0
KAZ,2025-08-01,0.0,0.0
KEN,2025-08-01,0.0,0.0935811296327741
KGZ,2025-08-01,0.0,0.0
KHM,2025-08-01,0.0,0.06376914448600764
KOR,2025-08-01,0.0,0.0
KWT,2025-08-01,0.0,0.0
LAO,2025-08-01,0.0,0.0
LBN,2025-08-01,0.0,0.574379621971866
LBR,2025-08-01,0.0,0.0
LBY,2025-08-01,0.0,0.066449252936037
LKA,2025-08-01,0.0,0.0
LSO,2025-08-01,0.0,0.0
LTU,2025-08-01,0.0,0.0
LUX,2025-08-01,0.0,0.0
LVA,2025-08-01,0.0,0.0
MAR,2025-08-01,0.0,0.0
MDA,2025-08-01,0.0,0.0
MDG,2025-08-01,0.0,0.0
MDV,2025-08-01,0.0,0.0
MEX,2025-08-01,0.0,0.06863587387040061
MKD,2025-08-01,0.0,0.0
MLI,2025-08-01,0.0,0.8097936980503329
MLT,2025-08-01,0.0,0.0
MMR,2025-08-01,0.0,0.3393697996490623
MNE,2025-08-01,0.0,0.0
MNG,2025-08-01,0.0,0.0
MRT,2025-08-01,0.0,0.0
MUS,2025-08-01,0.0,0.0
MWI,2025-08-01,0.0,0.0
MYS,2025-08-01,0.0,0.0
NAM,2025-08-01,0.0,0.0
NER,2025-08-01,0.0,0.7275773767666395
NIC,2025-08-01,0.0,0.0
NLD,2025-08-01,0.0,0.0
NOR,2025-08-01,0.0,0.0
NPL,2025-08-01,0.0,0.0
NZL,2025-08-01,0.0,0.0
OMN,2025-08-01,0.0,0.0
PAK,2025-08-01,1.0,0.3445129338864611
PAN,2025-08-01,0.0,0.0
PER,2025-08-01,0.0,0.0
PHL,2025-08-01,0.0,0.27955967615960053
PNG,2025-08-01,0.0,0.0
POL,2025-08-01,0.0,0.0
PRK,2025-08-01,0.0,0.0
PRT,2025-08-01,0.0,0.0
PRY,2025-08-01,0.0,0.0
QAT,2025-08-01,0.0,0.0
ROU,2025-08-01,0.0,0.0
RUS,2025-08-01,0.0,0.34079275404958875
RWA,2025-08-01,0.0,0.04371844779284228
SAU,2025-08-01,0.0,0.0
SEN,2025-08-01,0.0,0.0
SGP,2025-08-01,0.0,0.0
SLB,2025-08-01,0.0,0.0
SLE,2025-08-01,0.0,0.005
SLV,2025-08-01,0.0,0.0
SRB,2025-08-01,0.0,0.0
STP,2025-08-01,0.0,0.0
SVK,2025-08-01,0.0,0.0
SVN,2025-08-01,0.0,0.0
SWE,2025-08-01,0.0,0.0
SWZ,2025-08-01,0.0,0.0
SYC,2025-08-01,0.0,0.0
SYR,2025-08-01,1.0,0.737977681984849
TCD,2025-08-01,0.0,0.8322077120250368
TGO,2025-08-01,0.0,0.01
THA,2025-08-01,0.0,0.18580231168037792
TJK,2025-08-01,0.0,0.015
TKM,2025-08-01,0.0,0.0
TLS,2025-08-01,0.0,0.0
TON,2025-08-01,0.0,0.0
TTO,2025-08-01,0.0,0.0
TUN,2025-08-01,0.0,0.01
TUR,2025-08-01,0.0,0.019725151453801618
TZA,2025-08-01,0.0,0.0
UGA,2025-08-01,0.0,0.4880580782238789
UKR,2025-08-01,0.0,0.3739479216995433
URY,2025-08-01,0.0,0.0
USA,2025-08-01,0.0,0.0
UZB,2025-08-01,0.0,0.0
VEN,2025-08-01,0.0,0.0
VNM,2025-08-01,0.0,0.0
VUT,2025-08-01,0.0,0.0
WSM,2025-08-01,0.0,0.0
YEM,2025-08-01,0.0,0.5451405147296822
ZAF,2025-08-01,0.0,0.0
ZMB,2025-08-01,0.0,0.0
ZWE,2025-08-01,0.0,0.005
AFG,2025-09-01,1.0,0.5711564620948975
AGO,2025-09-01,0.0,0.0
ALB,2025-09-01,0.0,0.0
ARE,2025-09-01,0.0,0.0
ARG,2025-09-01,0.0,0.0
ARM,2025-09-01,0.0,0.0
AUS,2025-09-01,0.0,0.0
AUT,2025-09-01,0.0,0.0
AZE,2025-09-01,0.0,0.0
BDI,2025-09-01,0.0,0.23255135481528647
BEL,2025-09-01,0.0,0.0
BEN,2025-09-01,0.0,0.19063688007182844
BFA,2025-09-01,0.0,0.7128644894843639
BGD,2025-09-01,0.0,0.1953515565109973
BGR,2025-09-01,0.0,0.0
BHR,2025-09-01,0.0,0.0
BHS,2025-09-01,0.0,0.0
BIH,2025-09-01,0.0,0.0
BLR,2025-09-01,0.0,0.0
BLZ,2025-09-01,0.0,0.0
BOL,2025-09-01,0.0,0.004757074387761802
BRA,2025-09-01,0.0,0.03057132807526389
BRB,2025-09-01,0.0,0.0
BRN,2025-09-01,0.0,0.0
BTN,2025-09-01,0.0,0.0
BWA,2025-09-01,0.0,0.0
CAF,2025-09-01,0.0,0.6814489639526211
CAN,2025-09-01,0.0,0.0
CHE,2025-09-01,0.0,0.0
CHL,2025-09-01,0.0,0.0
CHN,2025-09-01,0.0,0.0
CIV,2025-09-01,0.0,0.050098858669573
CMR,2025-09-01,0.0,0.6155288706129082
COL,2025-09-01,0.0,0.1275310214841844
COM,2025-09-01,0.0,0.0
CRI,2025-09-01,0.0,0.0
CUB,2025-09-01,0.0,0.0
CYP,2025-09-01,0.0,0.0
CZE,2025-09-01,0.0,0.0
DEU,2025-09-01,0.0,0.0
DJI,2025-09-01,0.0,0.005
DNK,2025-09-01,0.0,0.0
DOM,2025-09-01,0.0,0.0
DZA,2025-09-01,0.0,0.0048155655988302536
ECU,2025-09-01,0.0,0.12054205912416598
EGY,2025-09-01,0.0,0.02623734793164294
ERI,2025-09-01,0.0,0.04910476190981021
ESP,2025-09-01,0.0,0.0
EST,2025-09-01,0.0,0.0
FIN,2025-09-01,0.0,0.0
FJI,2025-09-01,0.0,0.0
FRA,2025-09-01,0.0,0.0
GAB,2025-09-01,0.0,0.0
GBR,2025-09-01,0.0,0.0
GEO,2025-09-01,0.0,0.0
GHA,2025-09-01,0.0,0.0
GIN,2025-09-01,0.0,0.0
GMB,2025-09-01,0.0,0.0
GNB,2025-09-01,0.0,0.0
GNQ,2025-09-01,0.0,0.0
GRC,2025-09-01,0.0,0.0
GRD,2025-09-01,0.0,0.0
GTM,2025-09-01,0.0,0.0
GUY,2025-09-01,0.0,0.0
HND,2025-09-01,0.0,0.0
HRV,2025-09-01,0.0,0.0
HUN,2025-09-01,0.0,0.0
IDN,2025-09-01,0.0,0.09141295328625527
IND,2025-09-01,0.0,0.10039649865316808
IRL,2025-09-01,0.0,0.0
IRN,2025-09-01,0.0,0.3194798124282898
IRQ,2025-09-01,0.0,0.40530434401237936
ISL,2025-09-01,0.0,0.0
ISR,2025-09-01,0.0,0.16247064948958692
ITA,2025-09-01,0.0,0.0
JAM,2025-09-01,0.0,0.0
JOR,2025-09-01,0.0,0.0
JPN,2025-09-01,0.0,0.0
KAZ,2025-09-01,0.0,0.0
KEN,2025-09-01,0.0,0.30534938519854865
KGZ,2025-09-01,0.0,0.0
KHM,2025-09-01,0.0,0.04661623226282595
KOR,2025-09-01,0.0,0.0
KWT,2025-09-01,0.0,0.0
LAO,2025-09-01,0.0,0.0
LBN,2025-09-01,0.0,0.5773028555639622
LBR,2025-09-01,0.0,0.0
LBY,2025-09-01,0.0,0.08154658418342742
LKA,2025-09-01,0.0,0.0
LSO,2025-09-01,0.0,0.0
LTU,2025-09-01,0.0,0.0
LUX,2025-09-01,0.0,0.0
LVA,2025-09-01,0.0,0.0
MAR,2025-09-01,0.0,0.0
MDA,2025-09-01,0.0,0.0
MDG,2025-09-01,0.0,0.009916314206228937
MDV,2025-09-01,0.0,0.0
MEX,2025-09-01,0.0,0.11179049354281453
MKD,2025-09-01,0.0,0.0
MLI,2025-09-01,0.0,0.8029341779014786
MLT,2025-09-01,0.0,0.0
MMR,2025-09-01,0.0,0.4464463556347635
MNE,2025-09-01,0.0,0.0
MNG,2025-09-01,0.0,0.0
MRT,2025-09-01,0.0,0.0
MUS,2025-09-01,0.0,0.0
MWI,2025-09-01,0.0,0.0
MYS,2025-09-01,0.0,0.0
NAM,2025-09-01,0.0,0.0
NER,2025-09-01,0.0,0.6256292935792205
NGA,2025-09-01,0.0,0.5790384486945382
NIC,2025-09-01,0.0,0.0
NLD,2025-09-01,0.0,0.0
NOR,2025-09-01,0.0,0.0
NPL,2025-09-01,0.0,0.024892916059696884
NZL,2025-09-01,0.0,0.0
OMN,2025-09-01,0.0,0.0
PAK,2025-09-01,1.0,0.32540352593724536
PAN,2025-09-01,0.0,0.0
PER,2025-09-01,0.0,0.0
PHL,2025-09-01,0.0,0.19190500499791915
PNG,2025-09-01,0.0,0.0
POL,2025-09-01,0.0,0.0
PRK,2025-09-01,0.0,0.0
PRT,2025-09-01,0.0,0.0
PRY,2025-09-01,0.0,0.0
QAT,2025-09-01,0.0,0.005
ROU,2025-09-01,0.0,0.0
RUS,2025-09-01,0.0,0.28899823703357036
RWA,2025-09-01,0.0,0.013633810189948598
SAU,2025-09-01,0.0,0.0
SEN,2025-09-01,0.0,0.0
SGP,2025-09-01,0.0,0.0
SLB,2025-09-01,0.0,0.0
SLE,2025-09-01,0.0,0.0
SLV,2025-09-01,0.0,0.0
SRB,2025-09-01,0.0,0.0
STP,2025-09-01,0.0,0.0
SVK,2025-09-01,0.0,0.0
SVN,2025-09-01,0.0,0.0
SWE,2025-09-01,0.0,0.0
SWZ,2025-09-01,0.0,0.0
SYC,2025-09-01,0.0,0.0
SYR,2025-09-01,1.0,0.7177979909526901
TCD,2025-09-01,0.0,0.6441277814756609
TGO,2025-09-01,0.0,0.01
THA,2025-09-01,0.0,0.1226379628085813
TJK,2025-09-01,0.0,0.0
TKM,2025-09-01,0.0,0.0
TLS,2025-09-01,0.0,0.0
TON,2025-09-01,0.0,0.0
TTO,2025-09-01,0.0,0.0
TUN,2025-09-01,0.0,0.034885649745451275
TUR,2025-09-01,0.0,0.029354688620360076
TZA,2025-09-01,0.0,0.0
UGA,2025-09-01,0.0,0.5015022606250871
UKR,2025-09-01,0.0,0.37609934369092124
URY,2025-09-01,0.0,0.0
USA,2025-09-01,0.0,0.0
UZB,2025-09-01,0.0,0.0
VEN,2025-09-01,0.0,0.05783275146193903
VNM,2025-09-01,0.0,0.0
VUT,2025-09-01,0.0,0.0
WSM,2025-09-01,0.0,0.0
YEM,2025-09-01,0.0,0.6287500170123043
ZAF,2025-09-01,0.0,0.005
ZMB,2025-09-01,0.0,0.005
ZWE,2025-09-01,0.0,0.0
AFG,2025-10-01,0.0,0.7449245500251733
AGO,2025-10-01,0.0,0.0
ALB,2025-10-01,0.0,0.0
ARE,2025-10-01,0.0,0.0
ARG,2025-10-01,0.0,0.0
ARM,2025-10-01,0.0,0.0
AUS,2025-10-01,0.0,0.0
AUT,2025-10-01,0.0,0.0
AZE,2025-10-01,0.0,0.0
BDI,2025-10-01,0.0,0.23317451985227858
BEL,2025-10-01,0.0,0.0
BEN,2025-10-01,0.0,0.08673597543677053
BFA,2025-10-01,0.0,0.7030251152701582
BGD,2025-10-01,0.0,0.1858719717767155
BGR,2025-10-01,0.0,0.0
BHR,2025-10-01,0.0,0.0
BHS,2025-10-01,0.0,0.0
BIH,2025-10-01,0.0,0.0
BLR,2025-10-01,0.0,0.0
BLZ,2025-10-01,0.0,0.0
BOL,2025-10-01,0.0,0.0
BRA,2025-10-01,0.0,0.029834302821730073
BRB,2025-10-01,0.0,0.0
BRN,2025-10-01,0.0,0.0
BTN,2025-10-01,0.0,0.0
BWA,2025-10-01,0.0,0.0
CAF,2025-10-01,0.0,0.7096238376833435
CAN,2025-10-01,0.0,0.0
CHE,2025-10-01,0.0,0.0
CHL,2025-10-01,0.0,0.0
CHN,2025-10-01,0.0,0.0
CIV,2025-10-01,0.0,0.07959531254452018
CMR,2025-10-01,0.0,0.6095812800115611
COL,2025-10-01,0.0,0.05679094239155729
COM,2025-10-01,0.0,0.0
CRI,2025-10-01,0.0,0.0
CUB,2025-10-01,0.0,0.0
CYP,2025-10-01,0.0,0.0
CZE,2025-10-01,0.0,0.0
DEU,2025-10-01,0.0,0.0
DJI,2025-10-01,0.0,0.03
DNK,2025-10-01,0.0,0.0
DOM,2025-10-01,0.0,0.0
DZA,2025-10-01,0.0,0.008862322169561978
ECU,2025-10-01,0.0,0.17049412485469526
EGY,2025-10-01,0.0,0.014758930762904519
ERI,2025-10-01,0.0,0.04945481969377551
ESP,2025-10-01,0.0,0.0
EST,2025-10-01,0.0,0.0
FIN,2025-10-01,0.0,0.0
FJI,2025-10-01,0.0,0.0
FRA,2025-10-01,0.0,0.0
GAB,2025-10-01,0.0,0.0
GBR,2025-10-01,0.0,0.0
GEO,2025-10-01,0.0,0.0
GHA,2025-10-01,0.0,0.0
GIN,2025-10-01,0.0,0.0
GMB,2025-10-01,0.0,0.0
GNB,2025-10-01,0.0,0.0
GNQ,2025-10-01,0.0,0.0
GRC,2025-10-01,0.0,0.0
GRD,2025-10-01,0.0,0.0
GTM,2025-10-01,0.0,0.0
GUY,2025-10-01,0.0,0.0
HND,2025-10-01,0.0,0.0
HRV,2025-10-01,0.0,0.0
HUN,2025-10-01,0.0,0.0
IDN,2025-10-01,0.0,0.06226817606230513
IND,2025-10-01,0.0,0.1311225332106153
IRL,2025-10-01,0.0,0.0
IRN,2025-10-01,0.0,0.2710558727076916
IRQ,2025-10-01,0.0,0.41659093077286513
ISL,2025-10-01,0.0,0.0
ISR,2025-10-01,0.0,0.11849298257983829
ITA,2025-10-01,0.0,0.0
JAM,2025-10-01,0.0,0.0
JOR,2025-10-01,0.0,0.0
JPN,2025-10-01,0.0,0.0
KAZ,2025-10-01,0.0,0.0
KEN,2025-10-01,0.0,0.2899833876730286
KGZ,2025-10-01,0.0,0.0
KHM,2025-10-01,1.0,0.034368983506079115
KOR,2025-10-01,0.0,0.0
KWT,2025-10-01,0.0,0.0
LAO,2025-10-01,0.0,0.0
LBN,2025-10-01,0.0,0.4974758043830475
LBR,2025-10-01,0.0,0.0
LBY,2025-10-01,0.0,0.07043092043363203
LKA,2025-10-01,0.0,0.0
LSO,2025-10-01,0.0,0.0
LTU,2025-10-01,0.0,0.0
LUX,2025-10-01,0.0,0.0
LVA,2025-10-01,0.0,0.0
MAR,2025-10-01,0.0,0.0
MDA,2025-10-01,0.0,0.0
MDG,2025-10-01,0.0,0.004670820915740995
MDV,2025-10-01,0.0,0.0
MEX,2025-10-01,0.0,0.08668621463165035
MKD,2025-10-01,0.0,0.0
MLI,2025-10-01,0.0,0.8544767572944391
MLT,2025-10-01,0.0,0.0
MMR,2025-10-01,1.0,0.38486348006794985
MNE,2025-10-01,0.0,0.0
MNG,2025-10-01,0.0,0.0
MRT,2025-10-01,0.0,0.0
MUS,2025-10-01,0.0,0.0
MWI,2025-10-01,0.0,0.005
MYS,2025-10-01,0.0,0.0
NAM,2025-10-01,0.0,0.0
NER,2025-10-01,0.0,0.675130711605461
NGA,2025-10-01,0.0,0.6650066168603278
NIC,2025-10-01,0.0,0.0
NLD,2025-10-01,0.0,0.0
NOR,2025-10-01,0.0,0.0
NPL,2025-10-01,0.0,0.0
NZL,2025-10-01,0.0,0.0
OMN,2025-10-01,0.0,0.0
PAN,2025-10-01,0.0,0.0
PER,2025-10-01,0.0,0.004874268227780735
PHL,2025-10-01,0.0,0.3522054976111755
PNG,2025-10-01,0.0,0.005
POL,2025-10-01,0.0,0.0
PRK,2025-10-01,0.0,0.0
PRT,2025-10-01,0.0,0.0
PRY,2025-10-01,0.0,0.0
QAT,2025-10-01,0.0,0.0
ROU,2025-10-01,0.0,0.0
RUS,2025-10-01,0.0,0.21757748048306516
RWA,2025-10-01,0.0,0.020734082806681594
SAU,2025-10-01,0.0,0.0
SEN,2025-10-01,0.0,0.0
SGP,2025-10-01,0.0,0.0
SLB,2025-10-01,0.0,0.0
SLE,2025-10-01,0.0,0.0
SLV,2025-10-01,0.0,0.0
SRB,2025-10-01,0.0,0.005
STP,2025-10-01,0.0,0.0
SVK,2025-10-01,0.0,0.0
SVN,2025-10-01,0.0,0.0
SWE,2025-10-01,0.0,0.0
SWZ,2025-10-01,0.0,0.0
SYC,2025-10-01,0.0,0.0
TCD,2025-10-01,0.0,0.4430186942844043
TGO,2025-10-01,0.0,0.0
THA,2025-10-01,1.0,0.11849831417749758
TJK,2025-10-01,0.0,0.004971502239109784
TKM,2025-10-01,0.0,0.0
TLS,2025-10-01,0.0,0.0
TON,2025-10-01,0.0,0.0
TTO,2025-10-01,0.0,0.0
TUN,2025-10-01,0.0,0.009874268227780736
TUR,2025-10-01,0.0,0.06092461259484482
TZA,2025-10-01,0.0,0.0
UGA,2025-10-01,0.0,0.5223084717686174
UKR,2025-10-01,0.0,0.35366355436436736
URY,2025-10-01,0.0,0.0
USA,2025-10-01,0.0,0.0
UZB,2025-10-01,0.0,0.0
VEN,2025-10-01,0.0,0.08498128443042667
VNM,2025-10-01,0.0,0.0
VUT,2025-10-01,0.0,0.0
WSM,2025-10-01,0.0,0.0
YEM,2025-10-01,0.0,0.607121001089648
ZAF,2025-10-01,0.0,0.0
ZMB,2025-10-01,0.0,0.0
ZWE,2025-10-01,0.0,0.0
AFG,2025-11-01,0.0,0.5533387080326976
AGO,2025-11-01,0.0,0.0
ALB,2025-11-01,0.0,0.0
ARE,2025-11-01,0.0,0.0
ARG,2025-11-01,0.0,0.0
ARM,2025-11-01,0.0,0.0
AUS,2025-11-01,0.0,0.0
AUT,2025-11-01,0.0,0.0
AZE,2025-11-01,0.0,0.0
BDI,2025-11-01,0.0,0.1254468408005372
BEL,2025-11-01,0.0,0.0
BEN,2025-11-01,0.0,0.11162728021576687
BFA,2025-11-01,0.0,0.7567894752383891
BGD,2025-11-01,0.0,0.17710017977268094
BGR,2025-11-01,0.0,0.0
BHR,2025-11-01,0.0,0.0
BHS,2025-11-01,0.0,0.0
BIH,2025-11-01,0.0,0.0
BLR,2025-11-01,0.0,0.0
BLZ,2025-11-01,0.0,0.0
BOL,2025-11-01,0.0,0.0
BRA,2025-11-01,0.0,0.044502263053401145
BRB,2025-11-01,0.0,0.0
BRN,2025-11-01,0.0,0.0
BTN,2025-11-01,0.0,0.0
BWA,2025-11-01,0.0,0.0
CAF,2025-11-01,0.0,0.6338015749959633
CAN,2025-11-01,0.0,0.0
CHE,2025-11-01,0.0,0.0
CHL,2025-11-01,0.0,0.0
CHN,2025-11-01,0.0,0.0
CIV,2025-11-01,0.0,0.09403485921770695
CMR,2025-11-01,0.0,0.5137455715677988
COL,2025-11-01,0.0,0.16449838568165517
COM,2025-11-01,0.0,0.005
CRI,2025-11-01,0.0,0.0
CUB,2025-11-01,0.0,0.0
CYP,2025-11-01,0.0,0.0
CZE,2025-11-01,0.0,0.0
DEU,2025-11-01,0.0,0.0
DJI,2025-11-01,0.0,0.005
DNK,2025-11-01,0.0,0.0
DOM,2025-11-01,0.0,0.0
DZA,2025-11-01,0.0,0.0
ECU,2025-11-01,0.0,0.12788475607718594
EGY,2025-11-01,0.0,0.02273955515823285
ERI,2025-11-01,0.0,0.03345565106796867
ESP,2025-11-01,0.0,0.0
EST,2025-11-01,0.0,0.0
FIN,2025-11-01,0.0,0.0
FJI,2025-11-01,0.0,0.0
FRA,2025-11-01,0.0,0.0
GAB,2025-11-01,0.0,0.0
GBR,2025-11-01,0.0,0.0
GEO,2025-11-01,0.0,0.0
GHA,2025-11-01,0.0,0.0
GIN,2025-11-01,0.0,0.0
GMB,2025-11-01,0.0,0.0
GNB,2025-11-01,0.0,0.004793000840934083
GNQ,2025-11-01,0.0,0.0
GRC,2025-11-01,0.0,0.0
GRD,2025-11-01,0.0,0.0
GTM,2025-11-01,0.0,0.0
GUY,2025-11-01,0.0,0.0
HND,2025-11-01,0.0,0.0
HRV,2025-11-01,0.0,0.0
HUN,2025-11-01,0.0,0.0
IDN,2025-11-01,0.0,0.02723540674973176
IND,2025-11-01,0.0,0.12474760553678704
IRL,2025-11-01,0.0,0.0
IRN,2025-11-01,0.0,0.37853022475426584
IRQ,2025-11-01,0.0,0.408364922578683
ISL,2025-11-01,0.0,0.0
ISR,2025-11-01,0.0,0.1340984970722944
ITA,2025-11-01,0.0,0.0
JAM,2025-11-01,0.0,0.0
JOR,2025-11-01,0.0,0.0
JPN,2025-11-01,0.0,0.0
KAZ,2025-11-01,0.0,0.0
KEN,2025-11-01,0.0,0.36313931370891167
KGZ,2025-11-01,0.0,0.0
KHM,2025-11-01,1.0,0.029204457800139073
KOR,2025-11-01,0.0,0.0
KWT,2025-11-01,0.0,0.0
LAO,2025-11-01,0.0,0.0
LBN,2025-11-01,0.0,0.5558913431797416
LBR,2025-11-01,0.0,0.0
LBY,2025-11-01,0.0,0.05990892523056874
LKA,2025-11-01,0.0,0.0
LSO,2025-11-01,0.0,0.0
LTU,2025-11-01,0.0,0.0
LUX,2025-11-01,0.0,0.0
LVA,2025-11-01,0.0,0.0
MAR,2025-11-01,0.0,0.0
MDA,2025-11-01,0.0,0.0
MDG,2025-11-01,0.0,0.04206086264804954
MDV,2025-11-01,0.0,0.0
MEX,2025-11-01,0.0,0.06700961741115587
MKD,2025-11-01,0.0,0.0
MLI,2025-11-01,0.0,0.8538473443054133
MLT,2025-11-01,0.0,0.0
MMR,2025-11-01,1.0,0.4141174885163181
MNE,2025-11-01,0.0,0.0
MNG,2025-11-01,0.0,0.0
MRT,2025-11-01,0.0,0.0
MUS,2025-11-01,0.0,0.0
MWI,2025-11-01,0.0,0.0
MYS,2025-11-01,0.0,0.0
NAM,2025-11-01,0.0,0.0
NER,2025-11-01,0.0,0.6274295905263686
NGA,2025-11-01,1.0,0.5496561690363114
NIC,2025-11-01,0.0,0.0
NLD,2025-11-01,0.0,0.0
NOR,2025-11-01,0.0,0.0
NPL,2025-11-01,0.0,0.0
NZL,2025-11-01,0.0,0.0
OMN,2025-11-01,0.0,0.0
PAK,2025-11-01,0.0,0.5327003880058162
PAN,2025-11-01,0.0,0.0
PER,2025-11-01,0.0,0.0
PHL,2025-11-01,0.0,0.2997702590829241
PNG,2025-11-01,0.0,0.0
POL,2025-11-01,0.0,0.0
PRK,2025-11-01,0.0,0.0
PRT,2025-11-01,0.0,0.0
PRY,2025-11-01,0.0,0.0
QAT,2025-11-01,0.0,0.0
ROU,2025-11-01,0.0,0.0
RUS,2025-11-01,0.0,0.24038920265787078
RWA,2025-11-01,0.0,0.022835099620775953
SAU,2025-11-01,0.0,0.0
SEN,2025-11-01,0.0,0.0
SGP,2025-11-01,0.0,0.0
SLB,2025-11-01,0.0,0.0
SLE,2025-11-01,0.0,0.0
SLV,2025-11-01,0.0,0.0
SOM,2025-11-01,0.0,0.5909046636620388
SRB,2025-11-01,0.0,0.0
STP,2025-11-01,0.0,0.005
SVK,2025-11-01,0.0,0.0
SVN,2025-11-01,0.0,0.0
SWE,2025-11-01,0.0,0.0
SWZ,2025-11-01,0.0,0.0
SYC,2025-11-01,0.0,0.0
TCD,2025-11-01,0.0,0.5158613396895148
TGO,2025-11-01,0.0,0.0
THA,2025-11-01,1.0,0.15291527350887094
TJK,2025-11-01,0.0,0.00970809205154768
TKM,2025-11-01,0.0,0.0
TLS,2025-11-01,0.0,0.0
TON,2025-11-01,0.0,0.0
TTO,2025-11-01,0.0,0.0
TUN,2025-11-01,0.0,0.0
TUR,2025-11-01,0.0,0.05737019410105085
TZA,2025-11-01,0.0,0.0337908222193505
UGA,2025-11-01,0.0,0.3170338444252659
UKR,2025-11-01,0.0,0.37661768897000447
URY,2025-11-01,0.0,0.0
USA,2025-11-01,0.0,0.005
UZB,2025-11-01,0.0,0.0
VEN,2025-11-01,0.0,0.09695632700969516
VNM,2025-11-01,0.0,0.0
VUT,2025-11-01,0.0,0.0
WSM,2025-11-01,0.0,0.0
YEM,2025-11-01,0.0,0.47015191090164943
ZAF,2025-11-01,0.0,0.0
ZMB,2025-11-01,0.0,0.0
ZWE,2025-11-01,0.0,0.0
AFG,2025-12-01,0.0,0.8023186876378958
AGO,2025-12-01,0.0,0.0
ALB,2025-12-01,0.0,0.0
ARE,2025-12-01,0.0,0.0
ARG,2025-12-01,0.0,0.0
ARM,2025-12-01,0.0,0.0
AUS,2025-12-01,0.0,0.0
AUT,2025-12-01,0.0,0.0
AZE,2025-12-01,0.0,0.0
BDI,2025-12-01,0.0,0.11605074158228318
BEL,2025-12-01,0.0,0.0
BEN,2025-12-01,0.0,0.10580224226561986
BFA,2025-12-01,0.0,0.7313370636490621
BGD,2025-12-01,0.0,0.14953237353229615
BGR,2025-12-01,0.0,0.0
BHR,2025-12-01,0.0,0.0
BHS,2025-12-01,0.0,0.0
BIH,2025-12-01,0.0,0.0
BLR,2025-12-01,0.0,0.0
BLZ,2025-12-01,0.0,0.0
BOL,2025-12-01,0.0,0.0
BRA,2025-12-01,0.0,0.03552553174416738
BRB,2025-12-01,0.0,0.0
BRN,2025-12-01,0.0,0.0
BTN,2025-12-01,0.0,0.0
BWA,2025-12-01,0.0,0.0
CAF,2025-12-01,0.0,0.34562891763619236
CAN,2025-12-01,0.0,0.0
CHE,2025-12-01,0.0,0.0
CHL,2025-12-01,0.0,0.0
CHN,2025-12-01,0.0,0.0
CIV,2025-12-01,0.0,0.005
CMR,2025-12-01,0.0,0.4639053104926004
COL,2025-12-01,0.0,0.243463152516265
COM,2025-12-01,0.0,0.005
CRI,2025-12-01,0.0,0.0
CUB,2025-12-01,0.0,0.0
CYP,2025-12-01,0.0,0.0
CZE,2025-12-01,0.0,0.0
DEU,2025-12-01,0.0,0.0
DJI,2025-12-01,0.0,0.0
DNK,2025-12-01,0.0,0.0
DOM,2025-12-01,0.0,0.0
DZA,2025-12-01,0.0,0.005
ECU,2025-12-01,0.0,0.12786737320801017
EGY,2025-12-01,0.0,0.04289496378345021
ERI,2025-12-01,0.0,0.017396191958968618
ESP,2025-12-01,0.0,0.0
EST,2025-12-01,0.0,0.0
ETH,2025-12-01,0.0,0.7645208796681281
FIN,2025-12-01,0.0,0.0
FJI,2025-12-01,0.0,0.0
FRA,2025-12-01,0.0,0.0
GAB,2025-12-01,0.0,0.0
GBR,2025-12-01,0.0,0.0
GEO,2025-12-01,0.0,0.0
GHA,2025-12-01,0.0,0.0
GIN,2025-12-01,0.0,0.0
GMB,2025-12-01,0.0,0.0
GNB,2025-12-01,0.0,0.005
GNQ,2025-12-01,0.0,0.0
GRC,2025-12-01,0.0,0.0
GRD,2025-12-01,0.0,0.0
GTM,2025-12-01,0.0,0.0
GUY,2025-12-01,0.0,0.0
HND,2025-12-01,0.0,0.0
HRV,2025-12-01,0.0,0.0
HTI,2025-12-01,0.0,0.700818022801234
HUN,2025-12-01,0.0,0.0
IDN,2025-12-01,0.0,0.09344017196491869
IND,2025-12-01,0.0,0.08018872892564495
IRL,2025-12-01,0.0,0.0
IRN,2025-12-01,1.0,0.32288250338970037
IRQ,2025-12-01,0.0,0.340485052389894
ISL,2025-12-01,0.0,0.0
ISR,2025-12-01,0.0,0.10471257437935093
ITA,2025-12-01,0.0,0.0
JAM,2025-12-01,0.0,0.0
JOR,2025-12-01,0.0,0.0
JPN,2025-12-01,0.0,0.0
KAZ,2025-12-01,0.0,0.0
KEN,2025-12-01,0.0,0.2503271363286097
KGZ,2025-12-01,0.0,0.0
KHM,2025-12-01,0.0,0.061953806346712985
KOR,2025-12-01,0.0,0.0
KWT,2025-12-01,0.0,0.0
LAO,2025-12-01,0.0,0.0
LBN,2025-12-01,0.0,0.5042135087332541
LBR,2025-12-01,0.0,0.0
LBY,2025-12-01,0.0,0.048693566373513145
LKA,2025-12-01,0.0,0.015
LSO,2025-12-01,0.0,0.0
LTU,2025-12-01,0.0,0.0
LUX,2025-12-01,0.0,0.0
LVA,2025-12-01,0.0,0.0
MAR,2025-12-01,0.0,0.0
MDA,2025-12-01,0.0,0.0
MDG,2025-12-01,0.0,0.04910216128677236
MDV,2025-12-01,0.0,0.0
MEX,2025-12-01,0.0,0.09834175582659883
MKD,2025-12-01,0.0,0.0
MLI,2025-12-01,0.0,0.6329609364175998
MLT,2025-12-01,0.0,0.0
MNE,2025-12-01,0.0,0.0
MNG,2025-12-01,0.0,0.0
MRT,2025-12-01,0.0,0.014705941944444469
MUS,2025-12-01,0.0,0.0
MWI,2025-12-01,0.0,0.0
MYS,2025-12-01,0.0,0.0
NAM,2025-12-01,0.0,0.0
NER,2025-12-01,0.0,0.6785648183387508
NGA,2025-12-01,1.0,0.6145076446432399
NIC,2025-12-01,0.0,0.0
NLD,2025-12-01,0.0,0.0
NOR,2025-12-01,0.0,0.0
NPL,2025-12-01,0.0,0.0
NZL,2025-12-01,0.0,0.0
OMN,2025-12-01,0.0,0.0
PAK,2025-12-01,0.0,0.6052524204932543
PAN,2025-12-01,0.0,0.0
PER,2025-12-01,0.0,0.0
PHL,2025-12-01,0.0,0.4015845448913685
PNG,2025-12-01,0.0,0.0
POL,2025-12-01,0.0,0.0
PRK,2025-12-01,0.0,0.0
PRT,2025-12-01,0.0,0.0
PRY,2025-12-01,0.0,0.0
QAT,2025-12-01,0.0,0.0
ROU,2025-12-01,0.0,0.0
RUS,2025-12-01,0.0,0.22249469297690933
RWA,2025-12-01,0.0,0.043543001384197394
SAU,2025-12-01,0.0,0.0
SEN,2025-12-01,0.0,0.0
SGP,2025-12-01,0.0,0.0
SLB,2025-12-01,0.0,0.0
SLE,2025-12-01,0.0,0.0
SLV,2025-12-01,0.0,0.0
SOM,2025-12-01,0.0,0.3483708048485723
SRB,2025-12-01,0.0,0.0
STP,2025-12-01,0.0,0.005
SVK,2025-12-01,0.0,0.0
SVN,2025-12-01,0.0,0.0
SWE,2025-12-01,0.0,0.0
SWZ,2025-12-01,0.0,0.0
SYC,2025-12-01,0.0,0.0
TCD,2025-12-01,0.0,0.46394558255037516
TGO,2025-12-01,0.0,0.0
THA,2025-12-01,0.0,0.20787480241910927
TJK,2025-12-01,0.0,0.019987018174555626
TKM,2025-12-01,0.0,0.0
TLS,2025-12-01,0.0,0.0
TON,2025-12-01,0.0,0.0
TTO,2025-12-01,0.0,0.0
TUN,2025-12-01,0.0,0.0
TUR,2025-12-01,0.0,0.04095785107697633
TZA,2025-12-01,0.0,0.07009161749318334
UGA,2025-12-01,0.0,0.43847679419303603
UKR,2025-12-01,0.0,0.34456379480569815
URY,2025-12-01,0.0,0.0
USA,2025-12-01,0.0,0.0
UZB,2025-12-01,0.0,0.0
VEN,2025-12-01,0.0,0.06866489783845516
VNM,2025-12-01,0.0,0.0
VUT,2025-12-01,0.0,0.0
WSM,2025-12-01,0.0,0.0
YEM,2025-12-01,0.0,0.4466414935432074
ZAF,2025-12-01,0.0,0.0
ZMB,2025-12-01,0.0,0.0
ZWE,2025-12-01,0.0,0.00497840101016814
AFG,2026-01-01,1.0,0.6769522095071716
AGO,2026-01-01,0.0,0.0
ALB,2026-01-01,0.0,0.0
ARE,2026-01-01,0.0,0.0
ARG,2026-01-01,0.0,0.0
ARM,2026-01-01,0.0,0.0
AUS,2026-01-01,0.0,0.0
AUT,2026-01-01,0.0,0.0
AZE,2026-01-01,0.0,0.0
BDI,2026-01-01,0.0,0.18330775303334795
BEL,2026-01-01,0.0,0.0
BEN,2026-01-01,0.0,0.0985055910383867
BFA,2026-01-01,0.0,0.6950329888661474
BGD,2026-01-01,0.0,0.18921696006172378
BGR,2026-01-01,0.0,0.0
BHR,2026-01-01,0.0,0.0
BHS,2026-01-01,0.0,0.0
BIH,2026-01-01,0.0,0.0
BLR,2026-01-01,0.0,0.0
BLZ,2026-01-01,0.0,0.0
BOL,2026-01-01,0.0,0.0
BRA,2026-01-01,0.0,0.11691498794171709
BRB,2026-01-01,0.0,0.0
BRN,2026-01-01,0.0,0.0
BTN,2026-01-01,0.0,0.0
BWA,2026-01-01,0.0,0.0
CAF,2026-01-01,0.0,0.2577910561189748
CAN,2026-01-01,0.0,0.0
CHE,2026-01-01,0.0,0.0
CHL,2026-01-01,0.0,0.0
CHN,2026-01-01,0.0,0.0
CIV,2026-01-01,0.0,0.006006691470536068
CMR,2026-01-01,0.0,0.4346810949168919
COL,2026-01-01,0.0,0.24199209585213438
COM,2026-01-01,0.0,0.0
CRI,2026-01-01,0.0,0.0
CUB,2026-01-01,0.0,0.009854220464077065
CYP,2026-01-01,0.0,0.0
CZE,2026-01-01,0.0,0.0
DEU,2026-01-01,0.0,0.0
DJI,2026-01-01,0.0,0.0
DNK,2026-01-01,0.0,0.0
DOM,2026-01-01,0.0,0.0
DZA,2026-01-01,0.0,0.007124357731934549
ECU,2026-01-01,0.0,0.08614014917311023
EGY,2026-01-01,0.0,0.0626255932236989
ERI,2026-01-01,0.0,0.0
ESP,2026-01-01,0.0,0.0
EST,2026-01-01,0.0,0.0
ETH,2026-01-01,0.0,0.6860419781409562
FIN,2026-01-01,0.0,0.0
FJI,2026-01-01,0.0,0.0
FRA,2026-01-01,0.0,0.0
GAB,2026-01-01,0.0,0.0
GBR,2026-01-01,0.0,0.0
GEO,2026-01-01,0.0,0.0
GHA,2026-01-01,0.0,0.0
GIN,2026-01-01,0.0,0.0
GMB,2026-01-01,0.0,0.0
GNB,2026-01-01,0.0,0.0
GNQ,2026-01-01,0.0,0.0
GRC,2026-01-01,0.0,0.0
GRD,2026-01-01,0.0,0.0
GTM,2026-01-01,0.0,0.029741916216560128
GUY,2026-01-01,0.0,0.0
HND,2026-01-01,0.0,0.0
HRV,2026-01-01,0.0,0.0
HTI,2026-01-01,0.0,0.6785011605354009
HUN,2026-01-01,0.0,0.0
IDN,2026-01-01,0.0,0.09653160660430891
IND,2026-01-01,0.0,0.08105583190822667
IRL,2026-01-01,0.0,0.0
IRN,2026-01-01,1.0,0.2935228438659516
IRQ,2026-01-01,0.0,0.27200222264653207
ISL,2026-01-01,0.0,0.0
ISR,2026-01-01,0.0,0.0838121285613274
ITA,2026-01-01,0.0,0.0
JAM,2026-01-01,0.0,0.0
JOR,2026-01-01,0.0,0.004657327003025757
JPN,2026-01-01,0.0,0.0
KAZ,2026-01-01,0.0,0.0
KEN,2026-01-01,0.0,0.21707419475123682
KGZ,2026-01-01,0.0,0.0
KHM,2026-01-01,0.0,0.12116542142374627
KOR,2026-01-01,0.0,0.0
KWT,2026-01-01,0.0,0.0
LAO,2026-01-01,0.0,0.0
LBN,2026-01-01,1.0,0.4794900898328586
LBR,2026-01-01,0.0,0.0
LBY,2026-01-01,0.0,0.11811077007899813
LKA,2026-01-01,0.0,0.0
LSO,2026-01-01,0.0,0.0
LTU,2026-01-01,0.0,0.0
LUX,2026-01-01,0.0,0.0
LVA,2026-01-01,0.0,0.0
MAR,2026-01-01,0.0,0.0
MDA,2026-01-01,0.0,0.0
MDG,2026-01-01,0.0,0.03227150459272388
MDV,2026-01-01,0.0,0.0
MEX,2026-01-01,0.0,0.06563428148748081
MKD,2026-01-01,0.0,0.0
MLI,2026-01-01,0.0,0.2032892891768858
MLT,2026-01-01,0.0,0.0
MMR,2026-01-01,0.0,0.7145482260022815
MNE,2026-01-01,0.0,0.0
MNG,2026-01-01,0.0,0.0
MOZ,2026-01-01,0.0,0.17096546362640697
MRT,2026-01-01,0.0,0.00982318666835057
MUS,2026-01-01,0.0,0.0
MWI,2026-01-01,0.0,0.0
MYS,2026-01-01,0.0,0.0
NAM,2026-01-01,0.0,0.0
NER,2026-01-01,0.0,0.7140007698417535
NIC,2026-01-01,0.0,0.0
NLD,2026-01-01,0.0,0.0
NOR,2026-01-01,0.0,0.0
NPL,2026-01-01,0.0,0.0
NZL,2026-01-01,0.0,0.0
OMN,2026-01-01,0.0,0.0
PAK,2026-01-01,0.0,0.5571663685665122
PAN,2026-01-01,0.0,0.0
PER,2026-01-01,0.0,0.0
PHL,2026-01-01,0.0,0.5113539757173245
PNG,2026-01-01,0.0,0.0
POL,2026-01-01,0.0,0.0
PRK,2026-01-01,0.0,0.0
PRT,2026-01-01,0.0,0.0
PRY,2026-01-01,0.0,0.0
QAT,2026-01-01,0.0,0.0
ROU,2026-01-01,0.0,0.0
RUS,2026-01-01,0.0,0.2286612846239327
RWA,2026-01-01,0.0,0.09232404845142504
SAU,2026-01-01,0.0,0.0
SEN,2026-01-01,0.0,0.0
SGP,2026-01-01,0.0,0.0
SLB,2026-01-01,0.0,0.0
SLE,2026-01-01,0.0,0.0
SLV,2026-01-01,0.0,0.0
SOM,2026-01-01,0.0,0.47378305425619666
SRB,2026-01-01,0.0,0.0
STP,2026-01-01,0.0,0.0
SVK,2026-01-01,0.0,0.0
SVN,2026-01-01,0.0,0.0
SWE,2026-01-01,0.0,0.0
SWZ,2026-01-01,0.0,0.0
SYC,2026-01-01,0.0,0.0
SYR,2026-01-01,0.0,0.48898522142429374
TCD,2026-01-01,0.0,0.5600875432440251
TGO,2026-01-01,0.0,0.0
THA,2026-01-01,0.0,0.31337736663685073
TJK,2026-01-01,0.0,0.039513759868757214
TKM,2026-01-01,0.0,0.0
TLS,2026-01-01,0.0,0.0
TON,2026-01-01,0.0,0.0
TTO,2026-01-01,0.0,0.0
TUN,2026-01-01,0.0,0.0
TUR,2026-01-01,0.0,0.03513506960794925
TZA,2026-01-01,0.0,0.06897152777965979
UGA,2026-01-01,0.0,0.39451336752170363
UKR,2026-01-01,0.0,0.3807630776795996
URY,2026-01-01,0.0,0.0
USA,2026-01-01,0.0,0.0
UZB,2026-01-01,0.0,0.0
VEN,2026-01-01,0.0,0.17917463614561208
VNM,2026-01-01,0.0,0.0
VUT,2026-01-01,0.0,0.0
WSM,2026-01-01,0.0,0.0
YEM,2026-01-01,0.0,0.413818669513695
ZAF,2026-01-01,0.0,0.0
ZMB,2026-01-01,0.0,0.0
ZWE,2026-01-01,0.0,0.004854220464077066
AFG,2026-02-01,1.0,0.7904702862063142
AGO,2026-02-01,0.0,0.0
ALB,2026-02-01,0.0,0.0
ARE,2026-02-01,0.0,0.0
ARG,2026-02-01,0.0,0.0
ARM,2026-02-01,0.0,0.0
AUS,2026-02-01,0.0,0.0
AUT,2026-02-01,0.0,0.0
AZE,2026-02-01,0.0,0.0
BDI,2026-02-01,0.0,0.3520147523837197
BEL,2026-02-01,0.0,0.0
BEN,2026-02-01,0.0,0.06832771672465071
BFA,2026-02-01,0.0,0.7251323657361811
BGD,2026-02-01,0.0,0.13702631090380954
BGR,2026-02-01,0.0,0.0
BHR,2026-02-01,0.0,0.0
BHS,2026-02-01,0.0,0.0
BIH,2026-02-01,0.0,0.0
BLR,2026-02-01,0.0,0.0
BLZ,2026-02-01,0.0,0.0
BOL,2026-02-01,0.0,0.0
BRA,2026-02-01,0.0,0.058835153583457735
BRB,2026-02-01,0.0,0.0
BRN,2026-02-01,0.0,0.0
BTN,2026-02-01,0.0,0.0
BWA,2026-02-01,0.0,0.0
CAF,2026-02-01,0.0,0.46767508657662993
CAN,2026-02-01,0.0,0.0
CHE,2026-02-01,0.0,0.0
CHL,2026-02-01,0.0,0.0
CHN,2026-02-01,0.0,0.0
CIV,2026-02-01,0.0,0.0
CMR,2026-02-01,0.0,0.536260348638635
COD,2026-02-01,0.0,0.7510461426860574
COL,2026-02-01,0.0,0.29172329791989277
COM,2026-02-01,0.0,0.0
CRI,2026-02-01,0.0,0.0
CUB,2026-02-01,0.0,0.005
CYP,2026-02-01,0.0,0.0
CZE,2026-02-01,0.0,0.0
DEU,2026-02-01,0.0,0.0
DJI,2026-02-01,0.0,0.0
DNK,2026-02-01,0.0,0.0
DOM,2026-02-01,0.0,0.0
DZA,2026-02-01,0.0,0.005
ECU,2026-02-01,0.0,0.07512055011872655
EGY,2026-02-01,0.0,0.057704782262832814
ERI,2026-02-01,0.0,0.0
ESP,2026-02-01,0.0,0.0
EST,2026-02-01,0.0,0.0
ETH,2026-02-01,0.0,0.7650584159170996
FIN,2026-02-01,0.0,0.0
FJI,2026-02-01,0.0,0.0
FRA,2026-02-01,0.0,0.0
GAB,2026-02-01,0.0,0.0
GBR,2026-02-01,0.0,0.0
GEO,2026-02-01,0.0,0.0
GHA,2026-02-01,0.0,0.0
GIN,2026-02-01,0.0,0.0
GMB,2026-02-01,0.0,0.0
GNB,2026-02-01,0.0,0.0
GNQ,2026-02-01,0.0,0.0
GRC,2026-02-01,0.0,0.0
GRD,2026-02-01,0.0,0.0
GTM,2026-02-01,0.0,0.0049034551218418805
GUY,2026-02-01,0.0,0.0
HND,2026-02-01,0.0,0.01981129223342052
HRV,2026-02-01,0.0,0.0
HTI,2026-02-01,0.0,0.6225452048847607
HUN,2026-02-01,0.0,0.0
IDN,2026-02-01,0.0,0.08062621179057966
IND,2026-02-01,0.0,0.14411407743356947
IRL,2026-02-01,0.0,0.0
IRQ,2026-02-01,0.0,0.4532891128052347
ISL,2026-02-01,0.0,0.0
ISR,2026-02-01,0.0,0.06048069433732067
ITA,2026-02-01,0.0,0.0
JAM,2026-02-01,0.0,0.0
JOR,2026-02-01,0.0,0.0
JPN,2026-02-01,0.0,0.0
KAZ,2026-02-01,0.0,0.0
KEN,2026-02-01,0.0,0.16359792646254148
KGZ,2026-02-01,0.0,0.0
KHM,2026-02-01,0.0,0.19288572052134678
KOR,2026-02-01,0.0,0.0
KWT,2026-02-01,0.0,0.0
LAO,2026-02-01,0.0,0.0
LBN,2026-02-01,1.0,0.5207740650820825
LBR,2026-02-01,0.0,0.0
LBY,2026-02-01,0.0,0.13750391720853875
LKA,2026-02-01,0.0,0.0
LSO,2026-02-01,0.0,0.0
LTU,2026-02-01,0.0,0.0
LUX,2026-02-01,0.0,0.0
LVA,2026-02-01,0.0,0.0
MAR,2026-02-01,0.0,0.0
MDA,2026-02-01,0.0,0.0
MDG,2026-02-01,0.0,0.004491350967900369
MDV,2026-02-01,0.0,0.0
MEX,2026-02-01,0.0,0.0932175482200591
MKD,2026-02-01,0.0,0.0
MLI,2026-02-01,0.0,0.6549932766734742
MLT,2026-02-01,0.0,0.0
MMR,2026-02-01,0.0,0.650291382769397
MNE,2026-02-01,0.0,0.0
MNG,2026-02-01,0.0,0.0
MOZ,2026-02-01,0.0,0.6589665598223167
MRT,2026-02-01,0.0,0.005
MUS,2026-02-01,0.0,0.0
MWI,2026-02-01,0.0,0.0
MYS,2026-02-01,0.0,0.0
NAM,2026-02-01,0.0,0.0
NER,2026-02-01,0.0,0.6120959261549721
NIC,2026-02-01,0.0,0.0
NLD,2026-02-01,0.0,0.0
NOR,2026-02-01,0.0,0.0
NPL,2026-02-01,0.0,0.0
NZL,2026-02-01,0.0,0.0
OMN,2026-02-01,0.0,0.0
PAK,2026-02-01,0.0,0.6743763339781604
PAN,2026-02-01,0.0,0.0
PER,2026-02-01,0.0,0.0
PHL,2026-02-01,0.0,0.3253760733251092
PNG,2026-02-01,0.0,0.0
POL,2026-02-01,0.0,0.0
PRK,2026-02-01,0.0,0.0
PRT,2026-02-01,0.0,0.0
PRY,2026-02-01,0.0,0.0
PSE,2026-02-01,0.0,0.5668642152197293
QAT,2026-02-01,0.0,0.0
ROU,2026-02-01,0.0,0.0
RUS,2026-02-01,0.0,0.25281375027247804
RWA,2026-02-01,0.0,0.18110021234657822
SAU,2026-02-01,0.0,0.0
SDN,2026-02-01,0.0,0.5261613140403044
SEN,2026-02-01,0.0,0.0
SGP,2026-02-01,0.0,0.0
SLB,2026-02-01,0.0,0.0
SLE,2026-02-01,0.0,0.03
SLV,2026-02-01,0.0,0.0
SOM,2026-02-01,0.0,0.6395313472292291
SRB,2026-02-01,0.0,0.0
SSD,2026-02-01,0.0,0.6038227144556795
STP,2026-02-01,0.0,0.0
SVK,2026-02-01,0.0,0.0
SVN,2026-02-01,0.0,0.0
SWE,2026-02-01,0.0,0.0
SWZ,2026-02-01,0.0,0.0
SYC,2026-02-01,0.0,0.0
SYR,2026-02-01,0.0,0.8821945267447638
TCD,2026-02-01,0.0,0.359144108035157
TGO,2026-02-01,0.0,0.0
THA,2026-02-01,0.0,0.32942741389237307
TJK,2026-02-01,0.0,0.005
TKM,2026-02-01,0.0,0.0
TLS,2026-02-01,0.0,0.0
TON,2026-02-01,0.0,0.0
TTO,2026-02-01,0.0,0.0
TUN,2026-02-01,0.0,0.0
TUR,2026-02-01,0.0,0.075969035580852
TZA,2026-02-01,0.0,0.0515225131089976
UGA,2026-02-01,0.0,0.5271314399386342
UKR,2026-02-01,0.0,0.40181605305454904
URY,2026-02-01,0.0,0.0
USA,2026-02-01,0.0,0.0
UZB,2026-02-01,0.0,0.0
VEN,2026-02-01,0.0,0.14246494436850635
VNM,2026-02-01,0.0,0.0
VUT,2026-02-01,0.0,0.0
WSM,2026-02-01,0.0,0.0
YEM,2026-02-01,0.0,0.6668545169456322
ZAF,2026-02-01,0.0,0.0
ZMB,2026-02-01,0.0,0.0
ZWE,2026-02-01,0.0,0.0
