iso3,month,y_true,y_prob
AFG,2024-03-01,0.0,0.8706493045941903
AGO,2024-03-01,0.0,0.0805333884560397
ALB,2024-03-01,0.0,0.0805333884560397
ARE,2024-03-01,0.0,0.0805333884560397
ARG,2024-03-01,0.0,0.0805333884560397
ARM,2024-03-01,0.0,0.0805333884560397
AUS,2024-03-01,0.0,0.0805333884560397
AUT,2024-03-01,0.0,0.0805333884560397
AZE,2024-03-01,0.0,0.778908259910868
BDI,2024-03-01,0.0,0.0805333884560397
BEL,2024-03-01,0.0,0.0805333884560397
BEN,2024-03-01,0.0,0.0805333884560397
BFA,2024-03-01,1.0,0.778908259910868
BGD,2024-03-01,0.0,0.778908259910868
BGR,2024-03-01,0.0,0.0805333884560397
BHR,2024-03-01,0.0,0.0805333884560397
BHS,2024-03-01,0.0,0.0805333884560397
BIH,2024-03-01,0.0,0.0805333884560397
BLR,2024-03-01,0.0,0.0805333884560397
BLZ,2024-03-01,0.0,0.0805333884560397
BOL,2024-03-01,0.0,0.778908259910868
BRA,2024-03-01,0.0,0.778908259910868
BRB,2024-03-01,0.0,0.0805333884560397
BRN,2024-03-01,0.0,0.0805333884560397
BTN,2024-03-01,0.0,0.0805333884560397
BWA,2024-03-01,0.0,0.0805333884560397
CAF,2024-03-01,0.0,0.0805333884560397
CAN,2024-03-01,0.0,0.0805333884560397
CHE,2024-03-01,0.0,0.0805333884560397
CHL,2024-03-01,0.0,0.0805333884560397
CHN,2024-03-01,0.0,0.0805333884560397
CIV,2024-03-01,0.0,0.0805333884560397
CMR,2024-03-01,0.0,0.0805333884560397
COL,2024-03-01,0.0,0.778908259910868
COM,2024-03-01,0.0,0.0805333884560397
CRI,2024-03-01,0.0,0.0805333884560397
CUB,2024-03-01,0.0,0.0805333884560397
CYP,2024-03-01,0.0,0.0805333884560397
CZE,2024-03-01,0.0,0.0805333884560397
DEU,2024-03-01,0.0,0.0805333884560397
DJI,2024-03-01,0.0,0.0805333884560397
DNK,2024-03-01,0.0,0.0805333884560397
DOM,2024-03-01,0.0,0.0805333884560397
DZA,2024-03-01,0.0,0.0805333884560397
ECU,2024-03-01,0.0,0.0805333884560397
EGY,2024-03-01,0.0,0.0805333884560397
ERI,2024-03-01,0.0,0.0805333884560397
ESP,2024-03-01,0.0,0.0805333884560397
EST,2024-03-01,0.0,0.0805333884560397
FIN,2024-03-01,0.0,0.0805333884560397
FJI,2024-03-01,0.0,0.0805333884560397
FRA,2024-03-01,0.0,0.0805333884560397
GAB,2024-03-01,0.0,0.0805333884560397
GBR,2024-03-01,0.0,0.0805333884560397
GEO,2024-03-01,0.0,0.0805333884560397
GHA,2024-03-01,0.0,0.0805333884560397
GIN,2024-03-01,0.0,0.0805333884560397
GMB,2024-03-01,0.0,0.0805333884560397
GNB,2024-03-01,0.0,0.0805333884560397
GNQ,2024-03-01,0.0,0.0805333884560397
GRC,2024-03-01,0.0,0.0805333884560397
GRD,2024-03-01,0.0,0.0805333884560397
GTM,2024-03-01,0.0,0.0805333884560397
GUY,2024-03-01,0.0,0.0805333884560397
HND,2024-03-01,0.0,0.0805333884560397
HRV,2024-03-01,0.0,0.0805333884560397
HUN,2024-03-01,0.0,0.0805333884560397
IDN,2024-03-01,0.0,0.778908259910868
IND,2024-03-01,0.0,0.0805333884560397
IRL,2024-03-01,0.0,0.0805333884560397
IRN,2024-03-01,0.0,0.0805333884560397
IRQ,2024-03-01,0.0,0.778908259910868
ISL,2024-03-01,0.0,0.0805333884560397
ISR,2024-03-01,0.0,0.8286035599602597
ITA,2024-03-01,0.0,0.0805333884560397
JAM,2024-03-01,0.0,0.0805333884560397
JOR,2024-03-01,0.0,0.0805333884560397
JPN,2024-03-01,0.0,0.0805333884560397
KAZ,2024-03-01,0.0,0.0805333884560397
KEN,2024-03-01,0.0,0.0805333884560397
KGZ,2024-03-01,0.0,0.0805333884560397
KHM,2024-03-01,0.0,0.0805333884560397
KOR,2024-03-01,0.0,0.0805333884560397
KWT,2024-03-01,0.0,0.0805333884560397
LAO,2024-03-01,0.0,0.0805333884560397
LBN,2024-03-01,0.0,0.778908259910868
LBR,2024-03-01,0.0,0.0805333884560397
LBY,2024-03-01,0.0,0.0805333884560397
LKA,2024-03-01,0.0,0.0805333884560397
LSO,2024-03-01,0.0,0.0805333884560397
LTU,2024-03-01,0.0,0.0805333884560397
LUX,2024-03-01,0.0,0.0805333884560397
LVA,2024-03-01,0.0,0.0805333884560397
MAR,2024-03-01,0.0,0.0805333884560397
MDA,2024-03-01,0.0,0.0805333884560397
MDG,2024-03-01,0.0,0.0805333884560397
MDV,2024-03-01,0.0,0.0805333884560397
MEX,2024-03-01,0.0,0.778908259910868
MKD,2024-03-01,0.0,0.0805333884560397
MLT,2024-03-01,0.0,0.0805333884560397
MNE,2024-03-01,0.0,0.0805333884560397
MNG,2024-03-01,0.0,0.0805333884560397
MRT,2024-03-01,0.0,0.0805333884560397
MUS,2024-03-01,0.0,0.0805333884560397
MWI,2024-03-01,0.0,0.0805333884560397
MYS,2024-03-01,0.0,0.0805333884560397
NAM,2024-03-01,0.0,0.0805333884560397
NER,2024-03-01,0.0,0.778908259910868
NIC,2024-03-01,0.0,0.0805333884560397
NLD,2024-03-01,0.0,0.0805333884560397
NOR,2024-03-01,0.0,0.0805333884560397
NPL,2024-03-01,0.0,0.0805333884560397
NZL,2024-03-01,0.0,0.0805333884560397
OMN,2024-03-01,0.0,0.0805333884560397
PAK,2024-03-01,0.0,0.778908259910868
PAN,2024-03-01,0.0,0.0805333884560397
PER,2024-03-01,0.0,0.0805333884560397
PHL,2024-03-01,0.0,0.778908259910868
PNG,2024-03-01,0.0,0.8706493045941903
POL,2024-03-01,0.0,0.0805333884560397
PRK,2024-03-01,0.0,0.0805333884560397
PRT,2024-03-01,0.0,0.0805333884560397
PRY,2024-03-01,0.0,0.0805333884560397
PSE,2024-03-01,0.0,0.8286035599602597
QAT,2024-03-01,0.0,0.0805333884560397
ROU,2024-03-01,0.0,0.0805333884560397
RUS,2024-03-01,0.0,0.8156671322589175
RWA,2024-03-01,0.0,0.0805333884560397
SAU,2024-03-01,0.0,0.0805333884560397
SDN,2024-03-01,0.0,0.778908259910868
SEN,2024-03-01,0.0,0.0805333884560397
SGP,2024-03-01,0.0,0.0805333884560397
SLB,2024-03-01,0.0,0.0805333884560397
SLE,2024-03-01,0.0,0.0805333884560397
SLV,2024-03-01,0.0,0.0805333884560397
SRB,2024-03-01,0.0,0.0805333884560397
STP,2024-03-01,0.0,0.0805333884560397
SVK,2024-03-01,0.0,0.0805333884560397
SVN,2024-03-01,0.0,0.0805333884560397
SWE,2024-03-01,0.0,0.0805333884560397
SWZ,2024-03-01,0.0,0.0805333884560397
SYC,2024-03-01,0.0,0.0805333884560397
SYR,2024-03-01,0.0,0.778908259910868
TCD,2024-03-01,0.0,0.0805333884560397
TGO,2024-03-01,0.0,0.0805333884560397
THA,2024-03-01,0.0,0.0805333884560397
TJK,2024-03-01,0.0,0.0805333884560397
TKM,2024-03-01,0.0,0.0805333884560397
TLS,2024-03-01,0.0,0.0805333884560397
TON,2024-03-01,0.0,0.0805333884560397
TTO,2024-03-01,0.0,0.0805333884560397
TUN,2024-03-01,0.0,0.0805333884560397
TUR,2024-03-01,0.0,0.0805333884560397
TZA,2024-03-01,0.0,0.0805333884560397
UGA,2024-03-01,0.0,0.778908259910868
UKR,2024-03-01,1.0,0.8156671322589175
URY,2024-03-01,0.0,0.0805333884560397
USA,2024-03-01,0.0,0.0805333884560397
UZB,2024-03-01,0.0,0.0805333884560397
VEN,2024-03-01,0.0,0.0805333884560397
VNM,2024-03-01,0.0,0.0805333884560397
VUT,2024-03-01,0.0,0.0805333884560397
WSM,2024-03-01,0.0,0.0805333884560397
YEM,2024-03-01,0.0,0.778908259910868
ZAF,2024-03-01,0.0,0.778908259910868
ZMB,2024-03-01,0.0,0.5206021610730468
ZWE,2024-03-01,0.0,0.5206021610730468
AFG,2024-04-01,0.0,0.7798483723865077
AGO,2024-04-01,0.0,0.07643091986982062
ALB,2024-04-01,0.0,0.07643091986982062
ARE,2024-04-01,0.0,0.07643091986982062
ARG,2024-04-01,0.0,0.07643091986982062
ARM,2024-04-01,0.0,0.07643091986982062
AUS,2024-04-01,0.0,0.07643091986982062
AUT,2024-04-01,0.0,0.07643091986982062
AZE,2024-04-01,0.0,0.07643091986982062
BDI,2024-04-01,0.0,0.7798483723865077
BEL,2024-04-01,0.0,0.07643091986982062
BEN,2024-04-01,0.0,0.07643091986982062
BFA,2024-04-01,1.0,0.7798483723865077
BGD,2024-04-01,0.0,0.7798483723865077
BGR,2024-04-01,0.0,0.07643091986982062
BHR,2024-04-01,0.0,0.07643091986982062
BHS,2024-04-01,0.0,0.07643091986982062
BIH,2024-04-01,0.0,0.07643091986982062
BLR,2024-04-01,0.0,0.07643091986982062
BLZ,2024-04-01,0.0,0.07643091986982062
BOL,2024-04-01,0.0,0.07643091986982062
BRA,2024-04-01,0.0,0.7798483723865077
BRB,2024-04-01,0.0,0.07643091986982062
BRN,2024-04-01,0.0,0.07643091986982062
BTN,2024-04-01,0.0,0.07643091986982062
BWA,2024-04-01,0.0,0.07643091986982062
CAF,2024-04-01,0.0,0.7798483723865077
CAN,2024-04-01,0.0,0.07643091986982062
CHE,2024-04-01,0.0,0.07643091986982062
CHL,2024-04-01,0.0,0.07643091986982062
CHN,2024-04-01,0.0,0.07643091986982062
CIV,2024-04-01,0.0,0.07643091986982062
CMR,2024-04-01,0.0,0.07643091986982062
COL,2024-04-01,0.0,0.7798483723865077
COM,2024-04-01,0.0,0.07643091986982062
CRI,2024-04-01,0.0,0.07643091986982062
CUB,2024-04-01,0.0,0.07643091986982062
CYP,2024-04-01,0.0,0.07643091986982062
CZE,2024-04-01,0.0,0.07643091986982062
DEU,2024-04-01,0.0,0.07643091986982062
DJI,2024-04-01,0.0,0.07643091986982062
DNK,2024-04-01,0.0,0.07643091986982062
DOM,2024-04-01,0.0,0.07643091986982062
DZA,2024-04-01,0.0,0.07643091986982062
ECU,2024-04-01,0.0,0.07643091986982062
EGY,2024-04-01,0.0,0.07643091986982062
ERI,2024-04-01,0.0,0.07643091986982062
ESP,2024-04-01,0.0,0.07643091986982062
EST,2024-04-01,0.0,0.07643091986982062
FIN,2024-04-01,0.0,0.07643091986982062
FJI,2024-04-01,0.0,0.07643091986982062
FRA,2024-04-01,0.0,0.07643091986982062
GAB,2024-04-01,0.0,0.07643091986982062
GBR,2024-04-01,0.0,0.07643091986982062
GEO,2024-04-01,0.0,0.07643091986982062
GHA,2024-04-01,0.0,0.07643091986982062
GIN,2024-04-01,0.0,0.07643091986982062
GMB,2024-04-01,0.0,0.07643091986982062
GNB,2024-04-01,0.0,0.07643091986982062
GNQ,2024-04-01,0.0,0.07643091986982062
GRC,2024-04-01,0.0,0.07643091986982062
GRD,2024-04-01,0.0,0.07643091986982062
GTM,2024-04-01,0.0,0.07643091986982062
GUY,2024-04-01,0.0,0.07643091986982062
HND,2024-04-01,0.0,0.7798483723865077
HRV,2024-04-01,0.0,0.07643091986982062
HUN,2024-04-01,0.0,0.07643091986982062
IDN,2024-04-01,0.0,0.8173859311551362
IND,2024-04-01,0.0,0.07643091986982062
IRL,2024-04-01,0.0,0.07643091986982062
IRN,2024-04-01,0.0,0.07643091986982062
IRQ,2024-04-01,0.0,0.7798483723865077
ISL,2024-04-01,0.0,0.07643091986982062
ISR,2024-04-01,0.0,0.7798483723865077
ITA,2024-04-01,0.0,0.07643091986982062
JAM,2024-04-01,0.0,0.07643091986982062
JOR,2024-04-01,0.0,0.07643091986982062
JPN,2024-04-01,0.0,0.07643091986982062
KAZ,2024-04-01,0.0,0.07643091986982062
KEN,2024-04-01,0.0,0.7798483723865077
KGZ,2024-04-01,0.0,0.07643091986982062
KHM,2024-04-01,0.0,0.07643091986982062
KOR,2024-04-01,0.0,0.07643091986982062
KWT,2024-04-01,0.0,0.07643091986982062
LAO,2024-04-01,0.0,0.07643091986982062
LBN,2024-04-01,0.0,0.7798483723865077
LBR,2024-04-01,0.0,0.07643091986982062
LBY,2024-04-01,0.0,0.07643091986982062
LKA,2024-04-01,0.0,0.07643091986982062
LSO,2024-04-01,0.0,0.07643091986982062
LTU,2024-04-01,0.0,0.07643091986982062
LUX,2024-04-01,0.0,0.07643091986982062
LVA,2024-04-01,0.0,0.07643091986982062
MAR,2024-04-01,0.0,0.07643091986982062
MDA,2024-04-01,0.0,0.07643091986982062
MDG,2024-04-01,0.0,0.07643091986982062
MDV,2024-04-01,0.0,0.07643091986982062
MEX,2024-04-01,0.0,0.7798483723865077
MKD,2024-04-01,0.0,0.07643091986982062
MLT,2024-04-01,0.0,0.07643091986982062
MNE,2024-04-01,0.0,0.07643091986982062
MNG,2024-04-01,0.0,0.07643091986982062
MRT,2024-04-01,0.0,0.07643091986982062
MUS,2024-04-01,0.0,0.07643091986982062
MWI,2024-04-01,0.0,0.07643091986982062
MYS,2024-04-01,0.0,0.07643091986982062
NAM,2024-04-01,0.0,0.07643091986982062
NER,2024-04-01,0.0,0.7798483723865077
NGA,2024-04-01,0.0,0.7798483723865077
NIC,2024-04-01,0.0,0.07643091986982062
NLD,2024-04-01,0.0,0.07643091986982062
NOR,2024-04-01,0.0,0.07643091986982062
NPL,2024-04-01,0.0,0.07643091986982062
NZL,2024-04-01,0.0,0.07643091986982062
OMN,2024-04-01,0.0,0.07643091986982062
PAK,2024-04-01,0.0,0.7798483723865077
PAN,2024-04-01,0.0,0.07643091986982062
PER,2024-04-01,0.0,0.07643091986982062
PHL,2024-04-01,0.0,0.7798483723865077
PNG,2024-04-01,0.0,0.7798483723865077
POL,2024-04-01,0.0,0.07643091986982062
PRK,2024-04-01,0.0,0.07643091986982062
PRT,2024-04-01,0.0,0.07643091986982062
PRY,2024-04-01,0.0,0.07643091986982062
PSE,2024-04-01,1.0,0.7798483723865077
QAT,2024-04-01,0.0,0.07643091986982062
ROU,2024-04-01,0.0,0.07643091986982062
RUS,2024-04-01,0.0,0.7798483723865077
RWA,2024-04-01,0.0,0.07643091986982062
SAU,2024-04-01,0.0,0.07643091986982062
SDN,2024-04-01,0.0,0.7798483723865077
SEN,2024-04-01,0.0,0.07643091986982062
SGP,2024-04-01,0.0,0.07643091986982062
SLB,2024-04-01,0.0,0.8771402387817854
SLE,2024-04-01,0.0,0.07643091986982062
SLV,2024-04-01,0.0,0.07643091986982062
SRB,2024-04-01,0.0,0.07643091986982062
STP,2024-04-01,0.0,0.07643091986982062
SVK,2024-04-01,0.0,0.07643091986982062
SVN,2024-04-01,0.0,0.07643091986982062
SWE,2024-04-01,0.0,0.07643091986982062
SWZ,2024-04-01,0.0,0.07643091986982062
SYC,2024-04-01,0.0,0.07643091986982062
SYR,2024-04-01,0.0,0.7798483723865077
TCD,2024-04-01,0.0,0.7798483723865077
TGO,2024-04-01,0.0,0.07643091986982062
THA,2024-04-01,0.0,0.07643091986982062
TJK,2024-04-01,0.0,0.07643091986982062
TKM,2024-04-01,0.0,0.07643091986982062
TLS,2024-04-01,0.0,0.07643091986982062
TON,2024-04-01,0.0,0.07643091986982062
TTO,2024-04-01,0.0,0.07643091986982062
TUN,2024-04-01,0.0,0.07643091986982062
TUR,2024-04-01,0.0,0.07643091986982062
TZA,2024-04-01,0.0,0.07643091986982062
UGA,2024-04-01,0.0,0.7798483723865077
UKR,2024-04-01,1.0,0.7798483723865077
URY,2024-04-01,0.0,0.07643091986982062
USA,2024-04-01,0.0,0.07643091986982062
UZB,2024-04-01,0.0,0.07643091986982062
VEN,2024-04-01,0.0,0.07643091986982062
VNM,2024-04-01,0.0,0.07643091986982062
VUT,2024-04-01,0.0,0.07643091986982062
WSM,2024-04-01,0.0,0.07643091986982062
YEM,2024-04-01,0.0,0.7798483723865077
ZAF,2024-04-01,0.0,0.8173859311551362
ZMB,2024-04-01,0.0,0.07643091986982062
ZWE,2024-04-01,0.0,0.5520055395953499
AFG,2024-05-01,0.0,0.78245069603821
AGO,2024-05-01,0.0,0.08009429198328427
ALB,2024-05-01,0.0,0.08009429198328427
ARE,2024-05-01,0.0,0.08009429198328427
ARG,2024-05-01,0.0,0.08009429198328427
ARM,2024-05-01,0.0,0.08009429198328427
AUS,2024-05-01,0.0,0.08009429198328427
AUT,2024-05-01,0.0,0.08009429198328427
AZE,2024-05-01,0.0,0.08009429198328427
BDI,2024-05-01,0.0,0.78245069603821
BEL,2024-05-01,0.0,0.08009429198328427
BEN,2024-05-01,0.0,0.08009429198328427
BGD,2024-05-01,0.0,0.78245069603821
BGR,2024-05-01,0.0,0.08009429198328427
BHR,2024-05-01,0.0,0.08009429198328427
BHS,2024-05-01,0.0,0.08009429198328427
BIH,2024-05-01,0.0,0.08009429198328427
BLR,2024-05-01,0.0,0.08009429198328427
BLZ,2024-05-01,0.0,0.08009429198328427
BOL,2024-05-01,0.0,0.08009429198328427
BRA,2024-05-01,0.0,0.78245069603821
BRB,2024-05-01,0.0,0.08009429198328427
BRN,2024-05-01,0.0,0.08009429198328427
BTN,2024-05-01,0.0,0.08009429198328427
BWA,2024-05-01,0.0,0.08009429198328427
CAF,2024-05-01,0.0,0.78245069603821
CAN,2024-05-01,0.0,0.08009429198328427
CHE,2024-05-01,0.0,0.08009429198328427
CHL,2024-05-01,0.0,0.08009429198328427
CHN,2024-05-01,0.0,0.08009429198328427
CIV,2024-05-01,0.0,0.08009429198328427
CMR,2024-05-01,0.0,0.78245069603821
COL,2024-05-01,0.0,0.78245069603821
COM,2024-05-01,0.0,0.8742395057178374
CRI,2024-05-01,0.0,0.08009429198328427
CUB,2024-05-01,0.0,0.08009429198328427
CYP,2024-05-01,0.0,0.08009429198328427
CZE,2024-05-01,0.0,0.08009429198328427
DEU,2024-05-01,0.0,0.08009429198328427
DJI,2024-05-01,0.0,0.08009429198328427
DNK,2024-05-01,0.0,0.08009429198328427
DOM,2024-05-01,0.0,0.08009429198328427
DZA,2024-05-01,0.0,0.08009429198328427
ECU,2024-05-01,0.0,0.08009429198328427
EGY,2024-05-01,0.0,0.08009429198328427
ERI,2024-05-01,0.0,0.08009429198328427
ESP,2024-05-01,0.0,0.08009429198328427
EST,2024-05-01,0.0,0.08009429198328427
FIN,2024-05-01,0.0,0.08009429198328427
FJI,2024-05-01,0.0,0.08009429198328427
FRA,2024-05-01,0.0,0.08009429198328427
GAB,2024-05-01,0.0,0.08009429198328427
GBR,2024-05-01,0.0,0.08009429198328427
GEO,2024-05-01,0.0,0.08009429198328427
GHA,2024-05-01,0.0,0.08009429198328427
GIN,2024-05-01,0.0,0.08009429198328427
GMB,2024-05-01,0.0,0.08009429198328427
GNB,2024-05-01,0.0,0.08009429198328427
GNQ,2024-05-01,0.0,0.08009429198328427
GRC,2024-05-01,0.0,0.08009429198328427
GRD,2024-05-01,0.0,0.08009429198328427
GTM,2024-05-01,0.0,0.08009429198328427
GUY,2024-05-01,0.0,0.08009429198328427
HND,2024-05-01,0.0,0.78245069603821
HRV,2024-05-01,0.0,0.08009429198328427
HTI,2024-05-01,0.0,0.78245069603821
HUN,2024-05-01,0.0,0.08009429198328427
IDN,2024-05-01,0.0,0.78245069603821
IND,2024-05-01,0.0,0.08009429198328427
IRL,2024-05-01,0.0,0.08009429198328427
IRN,2024-05-01,0.0,0.08009429198328427
IRQ,2024-05-01,0.0,0.78245069603821
ISL,2024-05-01,0.0,0.08009429198328427
ISR,2024-05-01,0.0,0.845276073160648
ITA,2024-05-01,0.0,0.08009429198328427
JAM,2024-05-01,0.0,0.08009429198328427
JOR,2024-05-01,0.0,0.08009429198328427
JPN,2024-05-01,0.0,0.08009429198328427
KAZ,2024-05-01,0.0,0.08009429198328427
KEN,2024-05-01,0.0,0.78245069603821
KGZ,2024-05-01,0.0,0.08009429198328427
KHM,2024-05-01,0.0,0.08009429198328427
KOR,2024-05-01,0.0,0.08009429198328427
KWT,2024-05-01,0.0,0.08009429198328427
LAO,2024-05-01,0.0,0.08009429198328427
LBN,2024-05-01,0.0,0.78245069603821
LBR,2024-05-01,0.0,0.08009429198328427
LBY,2024-05-01,0.0,0.8742395057178374
LKA,2024-05-01,0.0,0.08009429198328427
LSO,2024-05-01,0.0,0.08009429198328427
LTU,2024-05-01,0.0,0.08009429198328427
LUX,2024-05-01,0.0,0.08009429198328427
LVA,2024-05-01,0.0,0.08009429198328427
MAR,2024-05-01,0.0,0.08009429198328427
MDA,2024-05-01,0.0,0.08009429198328427
MDG,2024-05-01,0.0,0.08009429198328427
MDV,2024-05-01,0.0,0.08009429198328427
MEX,2024-05-01,0.0,0.78245069603821
MKD,2024-05-01,0.0,0.08009429198328427
MLT,2024-05-01,0.0,0.08009429198328427
MNE,2024-05-01,0.0,0.08009429198328427
MNG,2024-05-01,0.0,0.08009429198328427
MRT,2024-05-01,0.0,0.08009429198328427
MUS,2024-05-01,0.0,0.08009429198328427
MWI,2024-05-01,0.0,0.08009429198328427
MYS,2024-05-01,0.0,0.08009429198328427
NAM,2024-05-01,0.0,0.08009429198328427
NER,2024-05-01,0.0,0.78245069603821
NGA,2024-05-01,0.0,0.78245069603821
NIC,2024-05-01,0.0,0.08009429198328427
NLD,2024-05-01,0.0,0.08009429198328427
NOR,2024-05-01,0.0,0.08009429198328427
NPL,2024-05-01,0.0,0.08009429198328427
NZL,2024-05-01,0.0,0.08009429198328427
OMN,2024-05-01,0.0,0.08009429198328427
PAK,2024-05-01,0.0,0.78245069603821
PAN,2024-05-01,0.0,0.08009429198328427
PER,2024-05-01,0.0,0.08009429198328427
PHL,2024-05-01,0.0,0.78245069603821
PNG,2024-05-01,0.0,0.78245069603821
POL,2024-05-01,0.0,0.08009429198328427
PRK,2024-05-01,0.0,0.08009429198328427
PRT,2024-05-01,0.0,0.08009429198328427
PRY,2024-05-01,0.0,0.08009429198328427
PSE,2024-05-01,1.0,0.78245069603821
QAT,2024-05-01,0.0,0.08009429198328427
ROU,2024-05-01,0.0,0.08009429198328427
RUS,2024-05-01,0.0,0.78245069603821
RWA,2024-05-01,0.0,0.08009429198328427
SAU,2024-05-01,0.0,0.08009429198328427
SDN,2024-05-01,0.0,0.78245069603821
SEN,2024-05-01,0.0,0.08009429198328427
SGP,2024-05-01,0.0,0.08009429198328427
SLB,2024-05-01,0.0,0.08009429198328427
SLE,2024-05-01,0.0,0.08009429198328427
SLV,2024-05-01,0.0,0.08009429198328427
SOM,2024-05-01,1.0,0.78245069603821
SRB,2024-05-01,0.0,0.08009429198328427
SSD,2024-05-01,0.0,0.78245069603821
STP,2024-05-01,0.0,0.08009429198328427
SVK,2024-05-01,0.0,0.08009429198328427
SVN,2024-05-01,0.0,0.08009429198328427
SWE,2024-05-01,0.0,0.08009429198328427
SWZ,2024-05-01,0.0,0.08009429198328427
SYC,2024-05-01,0.0,0.08009429198328427
SYR,2024-05-01,0.0,0.78245069603821
TCD,2024-05-01,0.0,0.78245069603821
TGO,2024-05-01,0.0,0.08009429198328427
THA,2024-05-01,0.0,0.08009429198328427
TJK,2024-05-01,0.0,0.08009429198328427
TKM,2024-05-01,0.0,0.08009429198328427
TLS,2024-05-01,0.0,0.08009429198328427
TON,2024-05-01,0.0,0.08009429198328427
TTO,2024-05-01,0.0,0.08009429198328427
TUN,2024-05-01,0.0,0.08009429198328427
TUR,2024-05-01,0.0,0.08009429198328427
TZA,2024-05-01,0.0,0.08009429198328427
UGA,2024-05-01,0.0,0.78245069603821
UKR,2024-05-01,0.0,0.5250905520093978
URY,2024-05-01,0.0,0.08009429198328427
USA,2024-05-01,0.0,0.08009429198328427
UZB,2024-05-01,0.0,0.08009429198328427
VEN,2024-05-01,0.0,0.08009429198328427
VNM,2024-05-01,0.0,0.08009429198328427
VUT,2024-05-01,0.0,0.08009429198328427
WSM,2024-05-01,0.0,0.08009429198328427
YEM,2024-05-01,0.0,0.78245069603821
ZAF,2024-05-01,0.0,0.78245069603821
ZMB,2024-05-01,0.0,0.08009429198328427
ZWE,2024-05-01,0.0,0.5191002156844688
AFG,2024-06-01,0.0,0.7845046884422727
AGO,2024-06-01,0.0,0.07685609133586252
ALB,2024-06-01,0.0,0.07685609133586252
ARE,2024-06-01,0.0,0.07685609133586252
ARG,2024-06-01,0.0,0.07685609133586252
ARM,2024-06-01,0.0,0.07685609133586252
AUS,2024-06-01,0.0,0.07685609133586252
AUT,2024-06-01,0.0,0.07685609133586252
AZE,2024-06-01,0.0,0.07685609133586252
BDI,2024-06-01,0.0,0.7845046884422727
BEL,2024-06-01,0.0,0.07685609133586252
BEN,2024-06-01,0.0,0.07685609133586252
BGD,2024-06-01,0.0,0.7845046884422727
BGR,2024-06-01,0.0,0.07685609133586252
BHR,2024-06-01,0.0,0.07685609133586252
BHS,2024-06-01,0.0,0.07685609133586252
BIH,2024-06-01,0.0,0.07685609133586252
BLR,2024-06-01,0.0,0.07685609133586252
BLZ,2024-06-01,0.0,0.07685609133586252
BOL,2024-06-01,0.0,0.07685609133586252
BRA,2024-06-01,0.0,0.7845046884422727
BRB,2024-06-01,0.0,0.07685609133586252
BRN,2024-06-01,0.0,0.07685609133586252
BTN,2024-06-01,0.0,0.07685609133586252
BWA,2024-06-01,0.0,0.07685609133586252
CAF,2024-06-01,0.0,0.7845046884422727
CAN,2024-06-01,0.0,0.07685609133586252
CHE,2024-06-01,0.0,0.07685609133586252
CHL,2024-06-01,0.0,0.07685609133586252
CHN,2024-06-01,0.0,0.07685609133586252
CIV,2024-06-01,0.0,0.07685609133586252
CMR,2024-06-01,0.0,0.7845046884422727
COL,2024-06-01,0.0,0.7845046884422727
COM,2024-06-01,0.0,0.8717313191667962
CRI,2024-06-01,0.0,0.07685609133586252
CUB,2024-06-01,0.0,0.07685609133586252
CYP,2024-06-01,0.0,0.07685609133586252
CZE,2024-06-01,0.0,0.07685609133586252
DEU,2024-06-01,0.0,0.07685609133586252
DJI,2024-06-01,0.0,0.07685609133586252
DNK,2024-06-01,0.0,0.07685609133586252
DOM,2024-06-01,0.0,0.07685609133586252
DZA,2024-06-01,0.0,0.07685609133586252
ECU,2024-06-01,0.0,0.07685609133586252
EGY,2024-06-01,0.0,0.07685609133586252
ERI,2024-06-01,0.0,0.07685609133586252
ESP,2024-06-01,0.0,0.07685609133586252
EST,2024-06-01,0.0,0.07685609133586252
FIN,2024-06-01,0.0,0.07685609133586252
FJI,2024-06-01,0.0,0.07685609133586252
FRA,2024-06-01,0.0,0.07685609133586252
GAB,2024-06-01,0.0,0.07685609133586252
GBR,2024-06-01,0.0,0.07685609133586252
GEO,2024-06-01,0.0,0.07685609133586252
GHA,2024-06-01,0.0,0.07685609133586252
GIN,2024-06-01,0.0,0.07685609133586252
GMB,2024-06-01,0.0,0.07685609133586252
GNB,2024-06-01,0.0,0.07685609133586252
GNQ,2024-06-01,0.0,0.07685609133586252
GRC,2024-06-01,0.0,0.07685609133586252
GRD,2024-06-01,0.0,0.07685609133586252
GTM,2024-06-01,0.0,0.07685609133586252
GUY,2024-06-01,0.0,0.07685609133586252
HND,2024-06-01,0.0,0.8356361616627762
HRV,2024-06-01,0.0,0.07685609133586252
HTI,2024-06-01,0.0,0.7845046884422727
HUN,2024-06-01,0.0,0.07685609133586252
IDN,2024-06-01,0.0,0.7845046884422727
IND,2024-06-01,0.0,0.07685609133586252
IRL,2024-06-01,0.0,0.07685609133586252
IRN,2024-06-01,0.0,0.07685609133586252
IRQ,2024-06-01,0.0,0.7845046884422727
ISL,2024-06-01,0.0,0.07685609133586252
ISR,2024-06-01,0.0,0.7845046884422727
ITA,2024-06-01,0.0,0.07685609133586252
JAM,2024-06-01,0.0,0.07685609133586252
JOR,2024-06-01,0.0,0.07685609133586252
JPN,2024-06-01,0.0,0.07685609133586252
KAZ,2024-06-01,0.0,0.07685609133586252
KEN,2024-06-01,0.0,0.7845046884422727
KGZ,2024-06-01,0.0,0.07685609133586252
KHM,2024-06-01,0.0,0.07685609133586252
KOR,2024-06-01,0.0,0.07685609133586252
KWT,2024-06-01,0.0,0.07685609133586252
LAO,2024-06-01,0.0,0.07685609133586252
LBN,2024-06-01,0.0,0.7845046884422727
LBR,2024-06-01,0.0,0.07685609133586252
LBY,2024-06-01,0.0,0.07685609133586252
LKA,2024-06-01,0.0,0.07685609133586252
LSO,2024-06-01,0.0,0.07685609133586252
LTU,2024-06-01,0.0,0.07685609133586252
LUX,2024-06-01,0.0,0.07685609133586252
LVA,2024-06-01,0.0,0.07685609133586252
MAR,2024-06-01,0.0,0.07685609133586252
MDA,2024-06-01,0.0,0.07685609133586252
MDG,2024-06-01,0.0,0.07685609133586252
MDV,2024-06-01,0.0,0.07685609133586252
MEX,2024-06-01,0.0,0.8356361616627762
MKD,2024-06-01,0.0,0.07685609133586252
MLI,2024-06-01,0.0,0.7845046884422727
MLT,2024-06-01,0.0,0.07685609133586252
MNE,2024-06-01,0.0,0.07685609133586252
MNG,2024-06-01,0.0,0.07685609133586252
MOZ,2024-06-01,0.0,0.7845046884422727
MRT,2024-06-01,0.0,0.07685609133586252
MUS,2024-06-01,0.0,0.07685609133586252
MWI,2024-06-01,0.0,0.07685609133586252
MYS,2024-06-01,0.0,0.07685609133586252
NAM,2024-06-01,0.0,0.07685609133586252
NER,2024-06-01,0.0,0.7845046884422727
NGA,2024-06-01,0.0,0.7845046884422727
NIC,2024-06-01,0.0,0.07685609133586252
NLD,2024-06-01,0.0,0.07685609133586252
NOR,2024-06-01,0.0,0.07685609133586252
NPL,2024-06-01,0.0,0.07685609133586252
NZL,2024-06-01,0.0,0.07685609133586252
OMN,2024-06-01,0.0,0.07685609133586252
PAK,2024-06-01,0.0,0.7845046884422727
PAN,2024-06-01,0.0,0.07685609133586252
PER,2024-06-01,0.0,0.07685609133586252
PHL,2024-06-01,0.0,0.7845046884422727
PNG,2024-06-01,0.0,0.7845046884422727
POL,2024-06-01,0.0,0.07685609133586252
PRK,2024-06-01,0.0,0.07685609133586252
PRT,2024-06-01,0.0,0.07685609133586252
PRY,2024-06-01,0.0,0.07685609133586252
QAT,2024-06-01,0.0,0.07685609133586252
ROU,2024-06-01,0.0,0.07685609133586252
RUS,2024-06-01,1.0,0.7845046884422727
RWA,2024-06-01,0.0,0.07685609133586252
SAU,2024-06-01,0.0,0.07685609133586252
SDN,2024-06-01,0.0,0.7845046884422727
SEN,2024-06-01,0.0,0.07685609133586252
SGP,2024-06-01,0.0,0.07685609133586252
SLB,2024-06-01,0.0,0.07685609133586252
SLE,2024-06-01,0.0,0.07685609133586252
SLV,2024-06-01,0.0,0.07685609133586252
SOM,2024-06-01,1.0,0.7845046884422727
SRB,2024-06-01,0.0,0.07685609133586252
SSD,2024-06-01,0.0,0.5461530743268164
STP,2024-06-01,0.0,0.07685609133586252
SVK,2024-06-01,0.0,0.07685609133586252
SVN,2024-06-01,0.0,0.07685609133586252
SWE,2024-06-01,0.0,0.07685609133586252
SWZ,2024-06-01,0.0,0.07685609133586252
SYC,2024-06-01,0.0,0.07685609133586252
SYR,2024-06-01,0.0,0.7845046884422727
TCD,2024-06-01,0.0,0.7845046884422727
TGO,2024-06-01,0.0,0.07685609133586252
THA,2024-06-01,0.0,0.07685609133586252
TJK,2024-06-01,0.0,0.07685609133586252
TKM,2024-06-01,0.0,0.07685609133586252
TLS,2024-06-01,0.0,0.07685609133586252
TON,2024-06-01,0.0,0.07685609133586252
TTO,2024-06-01,0.0,0.07685609133586252
TUN,2024-06-01,0.0,0.07685609133586252
TUR,2024-06-01,0.0,0.07685609133586252
TZA,2024-06-01,0.0,0.07685609133586252
UGA,2024-06-01,0.0,0.8356361616627762
UKR,2024-06-01,1.0,0.5695759992386509
URY,2024-06-01,0.0,0.07685609133586252
USA,2024-06-01,0.0,0.07685609133586252
UZB,2024-06-01,0.0,0.07685609133586252
VEN,2024-06-01,0.0,0.07685609133586252
VNM,2024-06-01,0.0,0.07685609133586252
VUT,2024-06-01,0.0,0.07685609133586252
WSM,2024-06-01,0.0,0.07685609133586252
YEM,2024-06-01,0.0,0.7845046884422727
ZAF,2024-06-01,0.0,0.7845046884422727
ZMB,2024-06-01,0.0,0.07685609133586252
ZWE,2024-06-01,0.0,0.07685609133586252
AFG,2024-07-01,0.0,0.7874470973081756
AGO,2024-07-01,0.0,0.07425422087586782
ALB,2024-07-01,0.0,0.07425422087586782
ARE,2024-07-01,0.0,0.07425422087586782
ARG,2024-07-01,0.0,0.07425422087586782
ARM,2024-07-01,0.0,0.07425422087586782
AUS,2024-07-01,0.0,0.07425422087586782
AUT,2024-07-01,0.0,0.07425422087586782
AZE,2024-07-01,0.0,0.07425422087586782
BDI,2024-07-01,0.0,0.7874470973081756
BEL,2024-07-01,0.0,0.07425422087586782
BEN,2024-07-01,0.0,0.07425422087586782
BGD,2024-07-01,0.0,0.7874470973081756
BGR,2024-07-01,0.0,0.07425422087586782
BHR,2024-07-01,0.0,0.07425422087586782
BHS,2024-07-01,0.0,0.07425422087586782
BIH,2024-07-01,0.0,0.07425422087586782
BLR,2024-07-01,0.0,0.07425422087586782
BLZ,2024-07-01,0.0,0.07425422087586782
BOL,2024-07-01,0.0,0.07425422087586782
BRA,2024-07-01,0.0,0.07425422087586782
BRB,2024-07-01,0.0,0.07425422087586782
BRN,2024-07-01,0.0,0.07425422087586782
BTN,2024-07-01,0.0,0.07425422087586782
BWA,2024-07-01,0.0,0.07425422087586782
CAF,2024-07-01,0.0,0.7874470973081756
CAN,2024-07-01,0.0,0.07425422087586782
CHE,2024-07-01,0.0,0.07425422087586782
CHL,2024-07-01,0.0,0.07425422087586782
CHN,2024-07-01,0.0,0.07425422087586782
CIV,2024-07-01,0.0,0.07425422087586782
CMR,2024-07-01,0.0,0.7874470973081756
COL,2024-07-01,0.0,0.7874470973081756
COM,2024-07-01,0.0,0.07425422087586782
CRI,2024-07-01,0.0,0.07425422087586782
CUB,2024-07-01,0.0,0.07425422087586782
CYP,2024-07-01,0.0,0.07425422087586782
CZE,2024-07-01,0.0,0.07425422087586782
DEU,2024-07-01,0.0,0.07425422087586782
DJI,2024-07-01,0.0,0.07425422087586782
DNK,2024-07-01,0.0,0.07425422087586782
DOM,2024-07-01,0.0,0.07425422087586782
DZA,2024-07-01,0.0,0.07425422087586782
ECU,2024-07-01,0.0,0.07425422087586782
EGY,2024-07-01,0.0,0.07425422087586782
ERI,2024-07-01,0.0,0.07425422087586782
ESP,2024-07-01,0.0,0.07425422087586782
EST,2024-07-01,0.0,0.07425422087586782
FIN,2024-07-01,0.0,0.07425422087586782
FJI,2024-07-01,0.0,0.07425422087586782
FRA,2024-07-01,0.0,0.07425422087586782
GAB,2024-07-01,0.0,0.07425422087586782
GBR,2024-07-01,0.0,0.07425422087586782
GEO,2024-07-01,0.0,0.07425422087586782
GHA,2024-07-01,0.0,0.07425422087586782
GIN,2024-07-01,0.0,0.07425422087586782
GMB,2024-07-01,0.0,0.07425422087586782
GNB,2024-07-01,0.0,0.07425422087586782
GNQ,2024-07-01,0.0,0.07425422087586782
GRC,2024-07-01,0.0,0.07425422087586782
GRD,2024-07-01,0.0,0.07425422087586782
GTM,2024-07-01,0.0,0.07425422087586782
GUY,2024-07-01,0.0,0.07425422087586782
HND,2024-07-01,0.0,0.7874470973081756
HRV,2024-07-01,0.0,0.07425422087586782
HTI,2024-07-01,0.0,0.7874470973081756
HUN,2024-07-01,0.0,0.07425422087586782
IDN,2024-07-01,0.0,0.7874470973081756
IND,2024-07-01,0.0,0.8697736221163691
IRL,2024-07-01,0.0,0.07425422087586782
IRN,2024-07-01,0.0,0.07425422087586782
IRQ,2024-07-01,0.0,0.7874470973081756
ISL,2024-07-01,0.0,0.07425422087586782
ISR,2024-07-01,0.0,0.7874470973081756
ITA,2024-07-01,0.0,0.07425422087586782
JAM,2024-07-01,0.0,0.07425422087586782
JOR,2024-07-01,0.0,0.07425422087586782
JPN,2024-07-01,0.0,0.07425422087586782
KAZ,2024-07-01,0.0,0.07425422087586782
KEN,2024-07-01,0.0,0.7874470973081756
KGZ,2024-07-01,0.0,0.07425422087586782
KHM,2024-07-01,0.0,0.07425422087586782
KOR,2024-07-01,0.0,0.07425422087586782
KWT,2024-07-01,0.0,0.07425422087586782
LAO,2024-07-01,0.0,0.07425422087586782
LBN,2024-07-01,1.0,0.7874470973081756
LBR,2024-07-01,0.0,0.07425422087586782
LBY,2024-07-01,0.0,0.8697736221163691
LKA,2024-07-01,0.0,0.07425422087586782
LSO,2024-07-01,0.0,0.07425422087586782
LTU,2024-07-01,0.0,0.07425422087586782
LUX,2024-07-01,0.0,0.07425422087586782
LVA,2024-07-01,0.0,0.07425422087586782
MAR,2024-07-01,0.0,0.07425422087586782
MDA,2024-07-01,0.0,0.07425422087586782
MDG,2024-07-01,0.0,0.07425422087586782
MDV,2024-07-01,0.0,0.07425422087586782
MEX,2024-07-01,0.0,0.7874470973081756
MKD,2024-07-01,0.0,0.07425422087586782
MLI,2024-07-01,0.0,0.7874470973081756
MLT,2024-07-01,0.0,0.07425422087586782
MNE,2024-07-01,0.0,0.07425422087586782
MNG,2024-07-01,0.0,0.07425422087586782
MOZ,2024-07-01,0.0,0.7874470973081756
MRT,2024-07-01,0.0,0.07425422087586782
MUS,2024-07-01,0.0,0.07425422087586782
MWI,2024-07-01,0.0,0.07425422087586782
MYS,2024-07-01,0.0,0.07425422087586782
NAM,2024-07-01,0.0,0.07425422087586782
NER,2024-07-01,0.0,0.7874470973081756
NGA,2024-07-01,0.0,0.7874470973081756
NIC,2024-07-01,0.0,0.07425422087586782
NLD,2024-07-01,0.0,0.07425422087586782
NOR,2024-07-01,0.0,0.07425422087586782
NPL,2024-07-01,0.0,0.07425422087586782
NZL,2024-07-01,0.0,0.07425422087586782
OMN,2024-07-01,0.0,0.07425422087586782
PAK,2024-07-01,0.0,0.8404977203524759
PAN,2024-07-01,0.0,0.07425422087586782
PER,2024-07-01,0.0,0.07425422087586782
PHL,2024-07-01,0.0,0.7874470973081756
PNG,2024-07-01,0.0,0.7874470973081756
POL,2024-07-01,0.0,0.07425422087586782
PRK,2024-07-01,0.0,0.07425422087586782
PRT,2024-07-01,0.0,0.07425422087586782
PRY,2024-07-01,0.0,0.07425422087586782
QAT,2024-07-01,0.0,0.07425422087586782
ROU,2024-07-01,0.0,0.07425422087586782
RUS,2024-07-01,1.0,0.7874470973081756
RWA,2024-07-01,0.0,0.07425422087586782
SAU,2024-07-01,0.0,0.07425422087586782
SDN,2024-07-01,0.0,0.7874470973081756
SEN,2024-07-01,0.0,0.07425422087586782
SGP,2024-07-01,0.0,0.07425422087586782
SLB,2024-07-01,0.0,0.07425422087586782
SLE,2024-07-01,0.0,0.07425422087586782
SLV,2024-07-01,0.0,0.07425422087586782
SRB,2024-07-01,0.0,0.07425422087586782
SSD,2024-07-01,0.0,0.5443618598657133
STP,2024-07-01,0.0,0.07425422087586782
SVK,2024-07-01,0.0,0.07425422087586782
SVN,2024-07-01,0.0,0.07425422087586782
SWE,2024-07-01,0.0,0.07425422087586782
SWZ,2024-07-01,0.0,0.07425422087586782
SYC,2024-07-01,0.0,0.07425422087586782
SYR,2024-07-01,0.0,0.7874470973081756
TCD,2024-07-01,0.0,0.7874470973081756
TGO,2024-07-01,0.0,0.07425422087586782
THA,2024-07-01,0.0,0.07425422087586782
TJK,2024-07-01,0.0,0.07425422087586782
TKM,2024-07-01,0.0,0.07425422087586782
TLS,2024-07-01,0.0,0.07425422087586782
TON,2024-07-01,0.0,0.07425422087586782
TTO,2024-07-01,0.0,0.07425422087586782
TUN,2024-07-01,0.0,0.07425422087586782
TUR,2024-07-01,0.0,0.07425422087586782
TZA,2024-07-01,0.0,0.07425422087586782
UGA,2024-07-01,0.0,0.07425422087586782
UKR,2024-07-01,1.0,0.7874470973081756
URY,2024-07-01,0.0,0.07425422087586782
USA,2024-07-01,0.0,0.07425422087586782
UZB,2024-07-01,0.0,0.07425422087586782
VEN,2024-07-01,0.0,0.07425422087586782
VNM,2024-07-01,0.0,0.07425422087586782
VUT,2024-07-01,0.0,0.07425422087586782
WSM,2024-07-01,0.0,0.07425422087586782
YEM,2024-07-01,0.0,0.7874470973081756
ZAF,2024-07-01,0.0,0.7874470973081756
ZMB,2024-07-01,0.0,0.07425422087586782
ZWE,2024-07-01,0.0,0.07425422087586782
AFG,2024-08-01,0.0,0.7868956652632842
AGO,2024-08-01,0.0,0.07404114929058013
ALB,2024-08-01,0.0,0.07404114929058013
ARE,2024-08-01,0.0,0.07404114929058013
ARG,2024-08-01,0.0,0.07404114929058013
ARM,2024-08-01,0.0,0.07404114929058013
AUS,2024-08-01,0.0,0.870029057653205
AUT,2024-08-01,0.0,0.07404114929058013
AZE,2024-08-01,0.0,0.07404114929058013
BDI,2024-08-01,0.0,0.7868956652632842
BEL,2024-08-01,0.0,0.07404114929058013
BEN,2024-08-01,0.0,0.07404114929058013
BGD,2024-08-01,0.0,0.870029057653205
BGR,2024-08-01,0.0,0.07404114929058013
BHR,2024-08-01,0.0,0.07404114929058013
BHS,2024-08-01,0.0,0.07404114929058013
BIH,2024-08-01,0.0,0.07404114929058013
BLR,2024-08-01,0.0,0.07404114929058013
BLZ,2024-08-01,0.0,0.07404114929058013
BOL,2024-08-01,0.0,0.07404114929058013
BRA,2024-08-01,0.0,0.870029057653205
BRB,2024-08-01,0.0,0.07404114929058013
BRN,2024-08-01,0.0,0.07404114929058013
BTN,2024-08-01,0.0,0.07404114929058013
BWA,2024-08-01,0.0,0.07404114929058013
CAF,2024-08-01,0.0,0.07404114929058013
CAN,2024-08-01,0.0,0.07404114929058013
CHE,2024-08-01,0.0,0.07404114929058013
CHL,2024-08-01,0.0,0.07404114929058013
CHN,2024-08-01,0.0,0.07404114929058013
CIV,2024-08-01,0.0,0.07404114929058013
CMR,2024-08-01,0.0,0.7868956652632842
COL,2024-08-01,0.0,0.7868956652632842
COM,2024-08-01,0.0,0.07404114929058013
CRI,2024-08-01,0.0,0.07404114929058013
CUB,2024-08-01,0.0,0.07404114929058013
CYP,2024-08-01,0.0,0.07404114929058013
CZE,2024-08-01,0.0,0.07404114929058013
DEU,2024-08-01,0.0,0.07404114929058013
DJI,2024-08-01,0.0,0.07404114929058013
DNK,2024-08-01,0.0,0.07404114929058013
DOM,2024-08-01,0.0,0.07404114929058013
DZA,2024-08-01,0.0,0.07404114929058013
ECU,2024-08-01,0.0,0.07404114929058013
EGY,2024-08-01,0.0,0.07404114929058013
ERI,2024-08-01,0.0,0.07404114929058013
ESP,2024-08-01,0.0,0.07404114929058013
EST,2024-08-01,0.0,0.07404114929058013
FIN,2024-08-01,0.0,0.07404114929058013
FJI,2024-08-01,0.0,0.07404114929058013
FRA,2024-08-01,0.0,0.07404114929058013
GAB,2024-08-01,0.0,0.07404114929058013
GBR,2024-08-01,0.0,0.07404114929058013
GEO,2024-08-01,0.0,0.07404114929058013
GHA,2024-08-01,0.0,0.07404114929058013
GIN,2024-08-01,0.0,0.07404114929058013
GMB,2024-08-01,0.0,0.07404114929058013
GNB,2024-08-01,0.0,0.07404114929058013
GNQ,2024-08-01,0.0,0.07404114929058013
GRC,2024-08-01,0.0,0.07404114929058013
GRD,2024-08-01,0.0,0.07404114929058013
GTM,2024-08-01,0.0,0.07404114929058013
GUY,2024-08-01,0.0,0.07404114929058013
HND,2024-08-01,0.0,0.7868956652632842
HRV,2024-08-01,0.0,0.07404114929058013
HTI,2024-08-01,0.0,0.7868956652632842
HUN,2024-08-01,0.0,0.07404114929058013
IDN,2024-08-01,0.0,0.7868956652632842
IND,2024-08-01,0.0,0.07404114929058013
IRL,2024-08-01,0.0,0.07404114929058013
IRN,2024-08-01,0.0,0.07404114929058013
IRQ,2024-08-01,0.0,0.7868956652632842
ISL,2024-08-01,0.0,0.07404114929058013
ISR,2024-08-01,0.0,0.7868956652632842
ITA,2024-08-01,0.0,0.07404114929058013
JAM,2024-08-01,0.0,0.07404114929058013
JOR,2024-08-01,0.0,0.07404114929058013
JPN,2024-08-01,0.0,0.07404114929058013
KAZ,2024-08-01,0.0,0.07404114929058013
KEN,2024-08-01,0.0,0.7868956652632842
KGZ,2024-08-01,0.0,0.07404114929058013
KHM,2024-08-01,0.0,0.07404114929058013
KOR,2024-08-01,0.0,0.07404114929058013
KWT,2024-08-01,0.0,0.07404114929058013
LAO,2024-08-01,0.0,0.07404114929058013
LBN,2024-08-01,1.0,0.7868956652632842
LBR,2024-08-01,0.0,0.07404114929058013
LBY,2024-08-01,0.0,0.07404114929058013
LKA,2024-08-01,0.0,0.07404114929058013
LSO,2024-08-01,0.0,0.07404114929058013
LTU,2024-08-01,0.0,0.07404114929058013
LUX,2024-08-01,0.0,0.07404114929058013
LVA,2024-08-01,0.0,0.07404114929058013
MAR,2024-08-01,0.0,0.07404114929058013
MDA,2024-08-01,0.0,0.07404114929058013
MDG,2024-08-01,0.0,0.07404114929058013
MDV,2024-08-01,0.0,0.07404114929058013
MEX,2024-08-01,0.0,0.7868956652632842
MKD,2024-08-01,0.0,0.07404114929058013
MLI,2024-08-01,0.0,0.7868956652632842
MLT,2024-08-01,0.0,0.07404114929058013
MNE,2024-08-01,0.0,0.07404114929058013
MNG,2024-08-01,0.0,0.07404114929058013
MOZ,2024-08-01,0.0,0.7868956652632842
MRT,2024-08-01,0.0,0.07404114929058013
MUS,2024-08-01,0.0,0.07404114929058013
MWI,2024-08-01,0.0,0.07404114929058013
MYS,2024-08-01,0.0,0.07404114929058013
NAM,2024-08-01,0.0,0.07404114929058013
NER,2024-08-01,0.0,0.7868956652632842
NGA,2024-08-01,0.0,0.7868956652632842
NIC,2024-08-01,0.0,0.07404114929058013
NLD,2024-08-01,0.0,0.07404114929058013
NOR,2024-08-01,0.0,0.07404114929058013
NPL,2024-08-01,0.0,0.07404114929058013
NZL,2024-08-01,0.0,0.07404114929058013
OMN,2024-08-01,0.0,0.07404114929058013
PAK,2024-08-01,0.0,0.07404114929058013
PAN,2024-08-01,0.0,0.07404114929058013
PER,2024-08-01,0.0,0.07404114929058013
PHL,2024-08-01,0.0,0.7868956652632842
PNG,2024-08-01,0.0,0.7868956652632842
POL,2024-08-01,0.0,0.07404114929058013
PRK,2024-08-01,0.0,0.07404114929058013
PRT,2024-08-01,0.0,0.07404114929058013
PRY,2024-08-01,0.0,0.07404114929058013
QAT,2024-08-01,0.0,0.07404114929058013
ROU,2024-08-01,0.0,0.07404114929058013
RWA,2024-08-01,0.0,0.07404114929058013
SAU,2024-08-01,0.0,0.07404114929058013
SDN,2024-08-01,1.0,0.7868956652632842
SEN,2024-08-01,0.0,0.07404114929058013
SGP,2024-08-01,0.0,0.07404114929058013
SLB,2024-08-01,0.0,0.07404114929058013
SLE,2024-08-01,0.0,0.07404114929058013
SLV,2024-08-01,0.0,0.07404114929058013
SRB,2024-08-01,0.0,0.07404114929058013
SSD,2024-08-01,0.0,0.7868956652632842
STP,2024-08-01,0.0,0.07404114929058013
SVK,2024-08-01,0.0,0.07404114929058013
SVN,2024-08-01,0.0,0.07404114929058013
SWE,2024-08-01,0.0,0.07404114929058013
SWZ,2024-08-01,0.0,0.07404114929058013
SYC,2024-08-01,0.0,0.07404114929058013
SYR,2024-08-01,0.0,0.8431705874667534
TCD,2024-08-01,0.0,0.7868956652632842
TGO,2024-08-01,0.0,0.07404114929058013
THA,2024-08-01,0.0,0.07404114929058013
TJK,2024-08-01,0.0,0.07404114929058013
TKM,2024-08-01,0.0,0.07404114929058013
TLS,2024-08-01,0.0,0.07404114929058013
TON,2024-08-01,0.0,0.07404114929058013
TTO,2024-08-01,0.0,0.07404114929058013
TUN,2024-08-01,0.0,0.07404114929058013
TUR,2024-08-01,0.0,0.07404114929058013
TZA,2024-08-01,0.0,0.07404114929058013
UGA,2024-08-01,0.0,0.7868956652632842
URY,2024-08-01,0.0,0.07404114929058013
USA,2024-08-01,0.0,0.07404114929058013
UZB,2024-08-01,0.0,0.07404114929058013
VEN,2024-08-01,0.0,0.07404114929058013
VNM,2024-08-01,0.0,0.07404114929058013
VUT,2024-08-01,0.0,0.07404114929058013
WSM,2024-08-01,0.0,0.07404114929058013
YEM,2024-08-01,0.0,0.7868956652632842
ZAF,2024-08-01,0.0,0.7868956652632842
ZMB,2024-08-01,0.0,0.07404114929058013
ZWE,2024-08-01,0.0,0.07404114929058013
AFG,2024-09-01,0.0,0.8341202163431817
AGO,2024-09-01,0.0,0.07358211929100661
ALB,2024-09-01,0.0,0.07358211929100661
ARE,2024-09-01,0.0,0.07358211929100661
ARG,2024-09-01,0.0,0.07358211929100661
ARM,2024-09-01,0.0,0.07358211929100661
AUS,2024-09-01,0.0,0.868292798362267
AUT,2024-09-01,0.0,0.07358211929100661
AZE,2024-09-01,0.0,0.07358211929100661
BDI,2024-09-01,0.0,0.7893675955397925
BEL,2024-09-01,0.0,0.07358211929100661
BEN,2024-09-01,0.0,0.07358211929100661
BGD,2024-09-01,0.0,0.868292798362267
BGR,2024-09-01,0.0,0.07358211929100661
BHR,2024-09-01,0.0,0.07358211929100661
BHS,2024-09-01,0.0,0.07358211929100661
BIH,2024-09-01,0.0,0.07358211929100661
BLR,2024-09-01,0.0,0.07358211929100661
BLZ,2024-09-01,0.0,0.07358211929100661
BOL,2024-09-01,0.0,0.07358211929100661
BRA,2024-09-01,0.0,0.7893675955397925
BRB,2024-09-01,0.0,0.07358211929100661
BRN,2024-09-01,0.0,0.07358211929100661
BTN,2024-09-01,0.0,0.07358211929100661
BWA,2024-09-01,0.0,0.07358211929100661
CAF,2024-09-01,0.0,0.7893675955397925
CAN,2024-09-01,0.0,0.07358211929100661
CHE,2024-09-01,0.0,0.07358211929100661
CHL,2024-09-01,0.0,0.07358211929100661
CHN,2024-09-01,0.0,0.07358211929100661
CIV,2024-09-01,0.0,0.07358211929100661
CMR,2024-09-01,0.0,0.7893675955397925
COL,2024-09-01,0.0,0.7893675955397925
COM,2024-09-01,0.0,0.07358211929100661
CRI,2024-09-01,0.0,0.07358211929100661
CUB,2024-09-01,0.0,0.07358211929100661
CYP,2024-09-01,0.0,0.07358211929100661
CZE,2024-09-01,0.0,0.07358211929100661
DEU,2024-09-01,0.0,0.07358211929100661
DJI,2024-09-01,0.0,0.07358211929100661
DNK,2024-09-01,0.0,0.07358211929100661
DOM,2024-09-01,0.0,0.07358211929100661
DZA,2024-09-01,0.0,0.07358211929100661
ECU,2024-09-01,0.0,0.07358211929100661
EGY,2024-09-01,0.0,0.07358211929100661
ERI,2024-09-01,0.0,0.07358211929100661
ESP,2024-09-01,0.0,0.07358211929100661
EST,2024-09-01,0.0,0.07358211929100661
FIN,2024-09-01,0.0,0.07358211929100661
FJI,2024-09-01,0.0,0.07358211929100661
FRA,2024-09-01,0.0,0.07358211929100661
GAB,2024-09-01,0.0,0.07358211929100661
GBR,2024-09-01,0.0,0.07358211929100661
GEO,2024-09-01,0.0,0.07358211929100661
GHA,2024-09-01,0.0,0.07358211929100661
GIN,2024-09-01,0.0,0.07358211929100661
GMB,2024-09-01,0.0,0.07358211929100661
GNB,2024-09-01,0.0,0.07358211929100661
GNQ,2024-09-01,0.0,0.07358211929100661
GRC,2024-09-01,0.0,0.07358211929100661
GRD,2024-09-01,0.0,0.07358211929100661
GTM,2024-09-01,0.0,0.07358211929100661
GUY,2024-09-01,0.0,0.07358211929100661
HND,2024-09-01,0.0,0.7893675955397925
HRV,2024-09-01,0.0,0.07358211929100661
HTI,2024-09-01,0.0,0.7893675955397925
HUN,2024-09-01,0.0,0.07358211929100661
IDN,2024-09-01,0.0,0.7893675955397925
IND,2024-09-01,0.0,0.07358211929100661
IRL,2024-09-01,0.0,0.07358211929100661
IRN,2024-09-01,0.0,0.07358211929100661
IRQ,2024-09-01,0.0,0.7893675955397925
ISL,2024-09-01,0.0,0.07358211929100661
ISR,2024-09-01,0.0,0.7893675955397925
ITA,2024-09-01,0.0,0.07358211929100661
JAM,2024-09-01,0.0,0.07358211929100661
JOR,2024-09-01,0.0,0.07358211929100661
JPN,2024-09-01,0.0,0.07358211929100661
KAZ,2024-09-01,0.0,0.07358211929100661
KEN,2024-09-01,0.0,0.7893675955397925
KGZ,2024-09-01,0.0,0.07358211929100661
KHM,2024-09-01,0.0,0.07358211929100661
KOR,2024-09-01,0.0,0.07358211929100661
KWT,2024-09-01,0.0,0.07358211929100661
LAO,2024-09-01,0.0,0.07358211929100661
LBR,2024-09-01,0.0,0.07358211929100661
LBY,2024-09-01,0.0,0.7893675955397925
LKA,2024-09-01,0.0,0.07358211929100661
LSO,2024-09-01,0.0,0.07358211929100661
LTU,2024-09-01,0.0,0.07358211929100661
LUX,2024-09-01,0.0,0.07358211929100661
LVA,2024-09-01,0.0,0.07358211929100661
MAR,2024-09-01,0.0,0.07358211929100661
MDA,2024-09-01,0.0,0.07358211929100661
MDG,2024-09-01,0.0,0.868292798362267
MDV,2024-09-01,0.0,0.07358211929100661
MEX,2024-09-01,0.0,0.7893675955397925
MKD,2024-09-01,0.0,0.07358211929100661
MLI,2024-09-01,0.0,0.7893675955397925
MLT,2024-09-01,0.0,0.07358211929100661
MNE,2024-09-01,0.0,0.07358211929100661
MNG,2024-09-01,0.0,0.07358211929100661
MOZ,2024-09-01,0.0,0.7893675955397925
MRT,2024-09-01,0.0,0.07358211929100661
MUS,2024-09-01,0.0,0.07358211929100661
MWI,2024-09-01,0.0,0.07358211929100661
MYS,2024-09-01,0.0,0.07358211929100661
NAM,2024-09-01,0.0,0.07358211929100661
NER,2024-09-01,0.0,0.7893675955397925
NGA,2024-09-01,0.0,0.7893675955397925
NIC,2024-09-01,0.0,0.07358211929100661
NLD,2024-09-01,0.0,0.07358211929100661
NOR,2024-09-01,0.0,0.07358211929100661
NPL,2024-09-01,0.0,0.07358211929100661
NZL,2024-09-01,0.0,0.07358211929100661
OMN,2024-09-01,0.0,0.07358211929100661
PAK,2024-09-01,0.0,0.7893675955397925
PAN,2024-09-01,0.0,0.07358211929100661
PER,2024-09-01,0.0,0.07358211929100661
PHL,2024-09-01,0.0,0.7893675955397925
PNG,2024-09-01,0.0,0.7893675955397925
POL,2024-09-01,0.0,0.07358211929100661
PRK,2024-09-01,0.0,0.07358211929100661
PRT,2024-09-01,0.0,0.07358211929100661
PRY,2024-09-01,0.0,0.07358211929100661
PSE,2024-09-01,0.0,0.7893675955397925
QAT,2024-09-01,0.0,0.07358211929100661
ROU,2024-09-01,0.0,0.07358211929100661
RWA,2024-09-01,0.0,0.07358211929100661
SAU,2024-09-01,0.0,0.07358211929100661
SDN,2024-09-01,1.0,0.7893675955397925
SEN,2024-09-01,0.0,0.07358211929100661
SGP,2024-09-01,0.0,0.07358211929100661
SLB,2024-09-01,0.0,0.07358211929100661
SLE,2024-09-01,0.0,0.07358211929100661
SLV,2024-09-01,0.0,0.07358211929100661
SOM,2024-09-01,0.0,0.7893675955397925
SRB,2024-09-01,0.0,0.07358211929100661
SSD,2024-09-01,0.0,0.7893675955397925
STP,2024-09-01,0.0,0.07358211929100661
SVK,2024-09-01,0.0,0.07358211929100661
SVN,2024-09-01,0.0,0.07358211929100661
SWE,2024-09-01,0.0,0.07358211929100661
SWZ,2024-09-01,0.0,0.07358211929100661
SYC,2024-09-01,0.0,0.07358211929100661
SYR,2024-09-01,1.0,0.7893675955397925
TCD,2024-09-01,0.0,0.7893675955397925
TGO,2024-09-01,0.0,0.07358211929100661
THA,2024-09-01,0.0,0.07358211929100661
TJK,2024-09-01,0.0,0.07358211929100661
TKM,2024-09-01,0.0,0.07358211929100661
TLS,2024-09-01,0.0,0.07358211929100661
TON,2024-09-01,0.0,0.07358211929100661
TTO,2024-09-01,0.0,0.07358211929100661
TUN,2024-09-01,0.0,0.07358211929100661
TUR,2024-09-01,0.0,0.07358211929100661
TZA,2024-09-01,0.0,0.07358211929100661
UGA,2024-09-01,0.0,0.7893675955397925
URY,2024-09-01,0.0,0.07358211929100661
USA,2024-09-01,0.0,0.07358211929100661
UZB,2024-09-01,0.0,0.07358211929100661
VEN,2024-09-01,0.0,0.07358211929100661
VNM,2024-09-01,0.0,0.07358211929100661
VUT,2024-09-01,0.0,0.07358211929100661
WSM,2024-09-01,0.0,0.07358211929100661
YEM,2024-09-01,0.0,0.7794774458845848
ZAF,2024-09-01,0.0,0.7893675955397925
ZMB,2024-09-01,0.0,0.07358211929100661
ZWE,2024-09-01,0.0,0.07358211929100661
AFG,2024-10-01,0.0,0.7892459579507155
AGO,2024-10-01,0.0,0.07440570190935752
ALB,2024-10-01,0.0,0.07440570190935752
ARE,2024-10-01,0.0,0.07440570190935752
ARG,2024-10-01,0.0,0.07440570190935752
ARM,2024-10-01,0.0,0.07440570190935752
AUS,2024-10-01,0.0,0.07440570190935752
AUT,2024-10-01,0.0,0.07440570190935752
AZE,2024-10-01,0.0,0.07440570190935752
BDI,2024-10-01,0.0,0.7892459579507155
BEL,2024-10-01,0.0,0.07440570190935752
BEN,2024-10-01,0.0,0.07440570190935752
BGD,2024-10-01,0.0,0.7892459579507155
BGR,2024-10-01,0.0,0.07440570190935752
BHR,2024-10-01,0.0,0.07440570190935752
BHS,2024-10-01,0.0,0.07440570190935752
BIH,2024-10-01,0.0,0.07440570190935752
BLR,2024-10-01,0.0,0.07440570190935752
BLZ,2024-10-01,0.0,0.07440570190935752
BOL,2024-10-01,0.0,0.07440570190935752
BRA,2024-10-01,0.0,0.7892459579507155
BRB,2024-10-01,0.0,0.07440570190935752
BRN,2024-10-01,0.0,0.07440570190935752
BTN,2024-10-01,0.0,0.07440570190935752
BWA,2024-10-01,0.0,0.07440570190935752
CAF,2024-10-01,0.0,0.7892459579507155
CAN,2024-10-01,0.0,0.07440570190935752
CHE,2024-10-01,0.0,0.07440570190935752
CHL,2024-10-01,0.0,0.07440570190935752
CHN,2024-10-01,0.0,0.07440570190935752
CIV,2024-10-01,0.0,0.07440570190935752
CMR,2024-10-01,0.0,0.7892459579507155
COL,2024-10-01,0.0,0.7892459579507155
COM,2024-10-01,0.0,0.7892459579507155
CRI,2024-10-01,0.0,0.07440570190935752
CUB,2024-10-01,0.0,0.07440570190935752
CYP,2024-10-01,0.0,0.07440570190935752
CZE,2024-10-01,0.0,0.07440570190935752
DEU,2024-10-01,0.0,0.07440570190935752
DJI,2024-10-01,0.0,0.07440570190935752
DNK,2024-10-01,0.0,0.07440570190935752
DOM,2024-10-01,0.0,0.07440570190935752
DZA,2024-10-01,0.0,0.07440570190935752
ECU,2024-10-01,0.0,0.07440570190935752
EGY,2024-10-01,0.0,0.07440570190935752
ERI,2024-10-01,0.0,0.07440570190935752
ESP,2024-10-01,0.0,0.07440570190935752
EST,2024-10-01,0.0,0.07440570190935752
ETH,2024-10-01,0.0,0.7892459579507155
FIN,2024-10-01,0.0,0.07440570190935752
FJI,2024-10-01,0.0,0.07440570190935752
FRA,2024-10-01,0.0,0.07440570190935752
GAB,2024-10-01,0.0,0.07440570190935752
GBR,2024-10-01,0.0,0.07440570190935752
GEO,2024-10-01,0.0,0.07440570190935752
GHA,2024-10-01,0.0,0.07440570190935752
GIN,2024-10-01,0.0,0.07440570190935752
GMB,2024-10-01,0.0,0.07440570190935752
GNB,2024-10-01,0.0,0.07440570190935752
GNQ,2024-10-01,0.0,0.07440570190935752
GRC,2024-10-01,0.0,0.07440570190935752
GRD,2024-10-01,0.0,0.07440570190935752
GTM,2024-10-01,0.0,0.07440570190935752
GUY,2024-10-01,0.0,0.07440570190935752
HND,2024-10-01,0.0,0.7892459579507155
HRV,2024-10-01,0.0,0.07440570190935752
HTI,2024-10-01,1.0,0.7892459579507155
HUN,2024-10-01,0.0,0.07440570190935752
IDN,2024-10-01,0.0,0.7892459579507155
IND,2024-10-01,0.0,0.7892459579507155
IRL,2024-10-01,0.0,0.07440570190935752
IRN,2024-10-01,0.0,0.7389152865587633
IRQ,2024-10-01,0.0,0.7892459579507155
ISL,2024-10-01,0.0,0.07440570190935752
ISR,2024-10-01,0.0,0.7892459579507155
ITA,2024-10-01,0.0,0.07440570190935752
JAM,2024-10-01,0.0,0.07440570190935752
JOR,2024-10-01,0.0,0.07440570190935752
JPN,2024-10-01,0.0,0.07440570190935752
KAZ,2024-10-01,0.0,0.07440570190935752
KEN,2024-10-01,0.0,0.07440570190935752
KGZ,2024-10-01,0.0,0.07440570190935752
KHM,2024-10-01,0.0,0.07440570190935752
KOR,2024-10-01,0.0,0.07440570190935752
KWT,2024-10-01,0.0,0.07440570190935752
LAO,2024-10-01,0.0,0.07440570190935752
LBR,2024-10-01,0.0,0.07440570190935752
LBY,2024-10-01,0.0,0.7892459579507155
LKA,2024-10-01,0.0,0.07440570190935752
LSO,2024-10-01,0.0,0.07440570190935752
LTU,2024-10-01,0.0,0.07440570190935752
LUX,2024-10-01,0.0,0.07440570190935752
LVA,2024-10-01,0.0,0.07440570190935752
MAR,2024-10-01,0.0,0.07440570190935752
MDA,2024-10-01,0.0,0.07440570190935752
MDG,2024-10-01,0.0,0.7892459579507155
MDV,2024-10-01,0.0,0.07440570190935752
MEX,2024-10-01,0.0,0.7892459579507155
MKD,2024-10-01,0.0,0.07440570190935752
MLI,2024-10-01,0.0,0.7892459579507155
MLT,2024-10-01,0.0,0.07440570190935752
MNE,2024-10-01,0.0,0.07440570190935752
MNG,2024-10-01,0.0,0.07440570190935752
MOZ,2024-10-01,0.0,0.7892459579507155
MRT,2024-10-01,0.0,0.07440570190935752
MUS,2024-10-01,0.0,0.07440570190935752
MWI,2024-10-01,0.0,0.07440570190935752
MYS,2024-10-01,0.0,0.07440570190935752
NAM,2024-10-01,0.0,0.07440570190935752
NER,2024-10-01,0.0,0.7892459579507155
NGA,2024-10-01,0.0,0.7892459579507155
NIC,2024-10-01,0.0,0.07440570190935752
NLD,2024-10-01,0.0,0.07440570190935752
NOR,2024-10-01,0.0,0.07440570190935752
NPL,2024-10-01,0.0,0.07440570190935752
NZL,2024-10-01,0.0,0.07440570190935752
OMN,2024-10-01,0.0,0.07440570190935752
PAK,2024-10-01,0.0,0.7892459579507155
PAN,2024-10-01,0.0,0.07440570190935752
PER,2024-10-01,0.0,0.07440570190935752
PHL,2024-10-01,0.0,0.7892459579507155
PNG,2024-10-01,0.0,0.7892459579507155
POL,2024-10-01,0.0,0.07440570190935752
PRK,2024-10-01,0.0,0.07440570190935752
PRT,2024-10-01,0.0,0.07440570190935752
PRY,2024-10-01,0.0,0.07440570190935752
PSE,2024-10-01,0.0,0.7892459579507155
QAT,2024-10-01,0.0,0.07440570190935752
ROU,2024-10-01,0.0,0.07440570190935752
RUS,2024-10-01,0.0,0.07440570190935752
RWA,2024-10-01,0.0,0.07440570190935752
SAU,2024-10-01,0.0,0.07440570190935752
SEN,2024-10-01,0.0,0.07440570190935752
SGP,2024-10-01,0.0,0.07440570190935752
SLB,2024-10-01,0.0,0.07440570190935752
SLE,2024-10-01,0.0,0.07440570190935752
SLV,2024-10-01,0.0,0.07440570190935752
SOM,2024-10-01,0.0,0.7892459579507155
SRB,2024-10-01,0.0,0.07440570190935752
SSD,2024-10-01,1.0,0.7892459579507155
STP,2024-10-01,0.0,0.07440570190935752
SVK,2024-10-01,0.0,0.07440570190935752
SVN,2024-10-01,0.0,0.07440570190935752
SWE,2024-10-01,0.0,0.07440570190935752
SWZ,2024-10-01,0.0,0.07440570190935752
SYC,2024-10-01,0.0,0.07440570190935752
SYR,2024-10-01,1.0,0.7892459579507155
TCD,2024-10-01,0.0,0.7892459579507155
TGO,2024-10-01,0.0,0.07440570190935752
THA,2024-10-01,0.0,0.07440570190935752
TJK,2024-10-01,0.0,0.07440570190935752
TKM,2024-10-01,0.0,0.07440570190935752
TLS,2024-10-01,0.0,0.07440570190935752
TON,2024-10-01,0.0,0.07440570190935752
TTO,2024-10-01,0.0,0.07440570190935752
TUN,2024-10-01,0.0,0.07440570190935752
TUR,2024-10-01,0.0,0.07440570190935752
TZA,2024-10-01,0.0,0.07440570190935752
UGA,2024-10-01,0.0,0.7892459579507155
URY,2024-10-01,0.0,0.07440570190935752
USA,2024-10-01,0.0,0.07440570190935752
UZB,2024-10-01,0.0,0.07440570190935752
VEN,2024-10-01,0.0,0.07440570190935752
VNM,2024-10-01,0.0,0.07440570190935752
VUT,2024-10-01,0.0,0.07440570190935752
WSM,2024-10-01,0.0,0.07440570190935752
YEM,2024-10-01,0.0,0.7451207744755842
ZAF,2024-10-01,0.0,0.8319324323763881
ZMB,2024-10-01,0.0,0.07440570190935752
ZWE,2024-10-01,0.0,0.07440570190935752
AFG,2024-11-01,0.0,0.7897814070270467
AGO,2024-11-01,0.0,0.07139375877263567
ALB,2024-11-01,0.0,0.07139375877263567
ARE,2024-11-01,0.0,0.07139375877263567
ARG,2024-11-01,0.0,0.07139375877263567
ARM,2024-11-01,0.0,0.07139375877263567
AUS,2024-11-01,0.0,0.07139375877263567
AUT,2024-11-01,0.0,0.07139375877263567
AZE,2024-11-01,0.0,0.07139375877263567
BDI,2024-11-01,0.0,0.7897814070270467
BEL,2024-11-01,0.0,0.07139375877263567
BEN,2024-11-01,0.0,0.07139375877263567
BGD,2024-11-01,0.0,0.7897814070270467
BGR,2024-11-01,0.0,0.07139375877263567
BHR,2024-11-01,0.0,0.07139375877263567
BHS,2024-11-01,0.0,0.07139375877263567
BIH,2024-11-01,0.0,0.07139375877263567
BLR,2024-11-01,0.0,0.07139375877263567
BLZ,2024-11-01,0.0,0.07139375877263567
BOL,2024-11-01,0.0,0.07139375877263567
BRA,2024-11-01,0.0,0.7897814070270467
BRB,2024-11-01,0.0,0.07139375877263567
BRN,2024-11-01,0.0,0.07139375877263567
BTN,2024-11-01,0.0,0.07139375877263567
BWA,2024-11-01,0.0,0.07139375877263567
CAF,2024-11-01,0.0,0.7897814070270467
CAN,2024-11-01,0.0,0.07139375877263567
CHE,2024-11-01,0.0,0.07139375877263567
CHL,2024-11-01,0.0,0.07139375877263567
CHN,2024-11-01,0.0,0.07139375877263567
CIV,2024-11-01,0.0,0.07139375877263567
CMR,2024-11-01,0.0,0.7897814070270467
COL,2024-11-01,1.0,0.7897814070270467
COM,2024-11-01,0.0,0.7897814070270467
CRI,2024-11-01,0.0,0.07139375877263567
CUB,2024-11-01,0.0,0.07139375877263567
CYP,2024-11-01,0.0,0.07139375877263567
CZE,2024-11-01,0.0,0.07139375877263567
DEU,2024-11-01,0.0,0.07139375877263567
DJI,2024-11-01,0.0,0.07139375877263567
DNK,2024-11-01,0.0,0.07139375877263567
DOM,2024-11-01,0.0,0.07139375877263567
DZA,2024-11-01,0.0,0.07139375877263567
ECU,2024-11-01,0.0,0.07139375877263567
EGY,2024-11-01,0.0,0.07139375877263567
ERI,2024-11-01,0.0,0.07139375877263567
ESP,2024-11-01,0.0,0.07139375877263567
EST,2024-11-01,0.0,0.07139375877263567
ETH,2024-11-01,0.0,0.7897814070270467
FIN,2024-11-01,0.0,0.07139375877263567
FJI,2024-11-01,0.0,0.07139375877263567
FRA,2024-11-01,0.0,0.07139375877263567
GAB,2024-11-01,0.0,0.07139375877263567
GBR,2024-11-01,0.0,0.07139375877263567
GEO,2024-11-01,0.0,0.07139375877263567
GHA,2024-11-01,0.0,0.07139375877263567
GIN,2024-11-01,0.0,0.07139375877263567
GMB,2024-11-01,0.0,0.07139375877263567
GNB,2024-11-01,0.0,0.07139375877263567
GNQ,2024-11-01,0.0,0.07139375877263567
GRC,2024-11-01,0.0,0.07139375877263567
GRD,2024-11-01,0.0,0.07139375877263567
GTM,2024-11-01,0.0,0.07139375877263567
GUY,2024-11-01,0.0,0.07139375877263567
HND,2024-11-01,0.0,0.7897814070270467
HRV,2024-11-01,0.0,0.07139375877263567
HTI,2024-11-01,1.0,0.8577357237952906
HUN,2024-11-01,0.0,0.07139375877263567
IDN,2024-11-01,0.0,0.7897814070270467
IND,2024-11-01,0.0,0.7897814070270467
IRL,2024-11-01,0.0,0.07139375877263567
IRN,2024-11-01,0.0,0.07139375877263567
IRQ,2024-11-01,0.0,0.7897814070270467
ISL,2024-11-01,0.0,0.07139375877263567
ISR,2024-11-01,0.0,0.8577357237952906
ITA,2024-11-01,0.0,0.07139375877263567
JAM,2024-11-01,0.0,0.07139375877263567
JOR,2024-11-01,0.0,0.07139375877263567
JPN,2024-11-01,0.0,0.07139375877263567
KAZ,2024-11-01,0.0,0.07139375877263567
KEN,2024-11-01,0.0,0.07139375877263567
KGZ,2024-11-01,0.0,0.07139375877263567
KHM,2024-11-01,0.0,0.07139375877263567
KOR,2024-11-01,0.0,0.07139375877263567
KWT,2024-11-01,0.0,0.07139375877263567
LAO,2024-11-01,0.0,0.07139375877263567
LBN,2024-11-01,1.0,0.7484323381452705
LBR,2024-11-01,0.0,0.07139375877263567
LBY,2024-11-01,0.0,0.7897814070270467
LKA,2024-11-01,0.0,0.07139375877263567
LSO,2024-11-01,0.0,0.07139375877263567
LTU,2024-11-01,0.0,0.07139375877263567
LUX,2024-11-01,0.0,0.07139375877263567
LVA,2024-11-01,0.0,0.07139375877263567
MAR,2024-11-01,0.0,0.07139375877263567
MDA,2024-11-01,0.0,0.07139375877263567
MDG,2024-11-01,0.0,0.7897814070270467
MDV,2024-11-01,0.0,0.07139375877263567
MEX,2024-11-01,0.0,0.7897814070270467
MKD,2024-11-01,0.0,0.07139375877263567
MLI,2024-11-01,0.0,0.7897814070270467
MLT,2024-11-01,0.0,0.07139375877263567
MNE,2024-11-01,0.0,0.07139375877263567
MNG,2024-11-01,0.0,0.07139375877263567
MOZ,2024-11-01,0.0,0.8280333648576252
MRT,2024-11-01,0.0,0.07139375877263567
MUS,2024-11-01,0.0,0.07139375877263567
MWI,2024-11-01,0.0,0.07139375877263567
MYS,2024-11-01,0.0,0.07139375877263567
NAM,2024-11-01,0.0,0.07139375877263567
NER,2024-11-01,0.0,0.7897814070270467
NGA,2024-11-01,0.0,0.7897814070270467
NIC,2024-11-01,0.0,0.07139375877263567
NLD,2024-11-01,0.0,0.07139375877263567
NOR,2024-11-01,0.0,0.07139375877263567
NPL,2024-11-01,0.0,0.07139375877263567
NZL,2024-11-01,0.0,0.07139375877263567
OMN,2024-11-01,0.0,0.07139375877263567
PAK,2024-11-01,0.0,0.8280333648576252
PAN,2024-11-01,0.0,0.07139375877263567
PER,2024-11-01,0.0,0.07139375877263567
PHL,2024-11-01,0.0,0.7897814070270467
PNG,2024-11-01,0.0,0.7897814070270467
POL,2024-11-01,0.0,0.07139375877263567
PRK,2024-11-01,0.0,0.07139375877263567
PRT,2024-11-01,0.0,0.07139375877263567
PRY,2024-11-01,0.0,0.07139375877263567
PSE,2024-11-01,0.0,0.7897814070270467
QAT,2024-11-01,0.0,0.07139375877263567
ROU,2024-11-01,0.0,0.07139375877263567
RUS,2024-11-01,0.0,0.7897814070270467
RWA,2024-11-01,0.0,0.07139375877263567
SAU,2024-11-01,0.0,0.07139375877263567
SEN,2024-11-01,0.0,0.07139375877263567
SGP,2024-11-01,0.0,0.07139375877263567
SLB,2024-11-01,0.0,0.07139375877263567
SLE,2024-11-01,0.0,0.07139375877263567
SLV,2024-11-01,0.0,0.07139375877263567
SOM,2024-11-01,1.0,0.7897814070270467
SRB,2024-11-01,0.0,0.07139375877263567
SSD,2024-11-01,1.0,0.7897814070270467
STP,2024-11-01,0.0,0.07139375877263567
SVK,2024-11-01,0.0,0.07139375877263567
SVN,2024-11-01,0.0,0.07139375877263567
SWE,2024-11-01,0.0,0.07139375877263567
SWZ,2024-11-01,0.0,0.07139375877263567
SYC,2024-11-01,0.0,0.07139375877263567
TCD,2024-11-01,0.0,0.07139375877263567
TGO,2024-11-01,0.0,0.07139375877263567
THA,2024-11-01,0.0,0.07139375877263567
TJK,2024-11-01,0.0,0.07139375877263567
TKM,2024-11-01,0.0,0.07139375877263567
TLS,2024-11-01,0.0,0.07139375877263567
TON,2024-11-01,0.0,0.07139375877263567
TTO,2024-11-01,0.0,0.07139375877263567
TUN,2024-11-01,0.0,0.07139375877263567
TUR,2024-11-01,0.0,0.07139375877263567
TZA,2024-11-01,0.0,0.07139375877263567
UGA,2024-11-01,0.0,0.7897814070270467
UKR,2024-11-01,0.0,0.7897814070270467
URY,2024-11-01,0.0,0.07139375877263567
USA,2024-11-01,0.0,0.07139375877263567
UZB,2024-11-01,0.0,0.07139375877263567
VEN,2024-11-01,0.0,0.07139375877263567
VNM,2024-11-01,0.0,0.07139375877263567
VUT,2024-11-01,0.0,0.07139375877263567
WSM,2024-11-01,0.0,0.07139375877263567
YEM,2024-11-01,0.0,0.7806660147060804
ZAF,2024-11-01,0.0,0.7897814070270467
ZMB,2024-11-01,0.0,0.07139375877263567
ZWE,2024-11-01,0.0,0.07139375877263567
AFG,2024-12-01,0.0,0.8280519044750666
AGO,2024-12-01,0.0,0.0729051606487698
ALB,2024-12-01,0.0,0.0729051606487698
ARE,2024-12-01,0.0,0.0729051606487698
ARG,2024-12-01,0.0,0.0729051606487698
ARM,2024-12-01,0.0,0.0729051606487698
AUS,2024-12-01,0.0,0.0729051606487698
AUT,2024-12-01,0.0,0.0729051606487698
AZE,2024-12-01,0.0,0.0729051606487698
BDI,2024-12-01,0.0,0.7916429642069169
BEL,2024-12-01,0.0,0.0729051606487698
BEN,2024-12-01,0.0,0.0729051606487698
BGD,2024-12-01,0.0,0.7916429642069169
BGR,2024-12-01,0.0,0.0729051606487698
BHR,2024-12-01,0.0,0.0729051606487698
BHS,2024-12-01,0.0,0.0729051606487698
BIH,2024-12-01,0.0,0.0729051606487698
BLR,2024-12-01,0.0,0.0729051606487698
BLZ,2024-12-01,0.0,0.0729051606487698
BOL,2024-12-01,0.0,0.0729051606487698
BRA,2024-12-01,0.0,0.7916429642069169
BRB,2024-12-01,0.0,0.0729051606487698
BRN,2024-12-01,0.0,0.0729051606487698
BTN,2024-12-01,0.0,0.0729051606487698
BWA,2024-12-01,0.0,0.0729051606487698
CAF,2024-12-01,0.0,0.7916429642069169
CAN,2024-12-01,0.0,0.0729051606487698
CHE,2024-12-01,0.0,0.0729051606487698
CHL,2024-12-01,0.0,0.0729051606487698
CHN,2024-12-01,0.0,0.0729051606487698
CIV,2024-12-01,0.0,0.0729051606487698
CMR,2024-12-01,0.0,0.7916429642069169
COL,2024-12-01,1.0,0.7916429642069169
COM,2024-12-01,0.0,0.7916429642069169
CRI,2024-12-01,0.0,0.0729051606487698
CUB,2024-12-01,0.0,0.0729051606487698
CYP,2024-12-01,0.0,0.0729051606487698
CZE,2024-12-01,0.0,0.0729051606487698
DEU,2024-12-01,0.0,0.0729051606487698
DJI,2024-12-01,0.0,0.0729051606487698
DNK,2024-12-01,0.0,0.0729051606487698
DOM,2024-12-01,0.0,0.0729051606487698
DZA,2024-12-01,0.0,0.0729051606487698
ECU,2024-12-01,0.0,0.0729051606487698
EGY,2024-12-01,0.0,0.0729051606487698
ERI,2024-12-01,0.0,0.0729051606487698
ESP,2024-12-01,0.0,0.0729051606487698
EST,2024-12-01,0.0,0.0729051606487698
ETH,2024-12-01,0.0,0.7916429642069169
FIN,2024-12-01,0.0,0.0729051606487698
FJI,2024-12-01,0.0,0.0729051606487698
FRA,2024-12-01,0.0,0.0729051606487698
GAB,2024-12-01,0.0,0.0729051606487698
GBR,2024-12-01,0.0,0.0729051606487698
GEO,2024-12-01,0.0,0.0729051606487698
GHA,2024-12-01,0.0,0.0729051606487698
GIN,2024-12-01,0.0,0.0729051606487698
GMB,2024-12-01,0.0,0.0729051606487698
GNB,2024-12-01,0.0,0.0729051606487698
GNQ,2024-12-01,0.0,0.0729051606487698
GRC,2024-12-01,0.0,0.0729051606487698
GRD,2024-12-01,0.0,0.0729051606487698
GTM,2024-12-01,0.0,0.0729051606487698
GUY,2024-12-01,0.0,0.0729051606487698
HND,2024-12-01,0.0,0.7916429642069169
HRV,2024-12-01,0.0,0.0729051606487698
HUN,2024-12-01,0.0,0.0729051606487698
IDN,2024-12-01,0.0,0.06100303296477876
IND,2024-12-01,0.0,0.0729051606487698
IRL,2024-12-01,0.0,0.0729051606487698
IRN,2024-12-01,0.0,0.0729051606487698
IRQ,2024-12-01,0.0,0.7916429642069169
ISL,2024-12-01,0.0,0.0729051606487698
ISR,2024-12-01,0.0,0.7916429642069169
ITA,2024-12-01,0.0,0.0729051606487698
JAM,2024-12-01,0.0,0.0729051606487698
JOR,2024-12-01,0.0,0.0729051606487698
JPN,2024-12-01,0.0,0.0729051606487698
KAZ,2024-12-01,0.0,0.0729051606487698
KEN,2024-12-01,0.0,0.0729051606487698
KGZ,2024-12-01,0.0,0.0729051606487698
KHM,2024-12-01,0.0,0.0729051606487698
KOR,2024-12-01,0.0,0.0729051606487698
KWT,2024-12-01,0.0,0.0729051606487698
LAO,2024-12-01,0.0,0.0729051606487698
LBN,2024-12-01,1.0,0.7916429642069169
LBR,2024-12-01,0.0,0.0729051606487698
LBY,2024-12-01,0.0,0.7916429642069169
LKA,2024-12-01,0.0,0.0729051606487698
LSO,2024-12-01,0.0,0.0729051606487698
LTU,2024-12-01,0.0,0.0729051606487698
LUX,2024-12-01,0.0,0.0729051606487698
LVA,2024-12-01,0.0,0.0729051606487698
MAR,2024-12-01,0.0,0.0729051606487698
MDA,2024-12-01,0.0,0.0729051606487698
MDG,2024-12-01,0.0,0.7916429642069169
MDV,2024-12-01,0.0,0.0729051606487698
MEX,2024-12-01,0.0,0.7916429642069169
MKD,2024-12-01,0.0,0.0729051606487698
MLI,2024-12-01,0.0,0.7916429642069169
MLT,2024-12-01,0.0,0.0729051606487698
MMR,2024-12-01,0.0,0.7916429642069169
MNE,2024-12-01,0.0,0.0729051606487698
MNG,2024-12-01,0.0,0.0729051606487698
MOZ,2024-12-01,0.0,0.7364177595028112
MRT,2024-12-01,0.0,0.0729051606487698
MUS,2024-12-01,0.0,0.0729051606487698
MWI,2024-12-01,0.0,0.0729051606487698
MYS,2024-12-01,0.0,0.0729051606487698
NAM,2024-12-01,0.0,0.0729051606487698
NER,2024-12-01,0.0,0.7916429642069169
NGA,2024-12-01,0.0,0.7916429642069169
NIC,2024-12-01,0.0,0.0729051606487698
NLD,2024-12-01,0.0,0.0729051606487698
NOR,2024-12-01,0.0,0.0729051606487698
NPL,2024-12-01,0.0,0.0729051606487698
NZL,2024-12-01,0.0,0.0729051606487698
OMN,2024-12-01,0.0,0.0729051606487698
PAK,2024-12-01,0.0,0.7916429642069169
PAN,2024-12-01,0.0,0.0729051606487698
PER,2024-12-01,0.0,0.0729051606487698
PHL,2024-12-01,0.0,0.7916429642069169
PNG,2024-12-01,0.0,0.7916429642069169
POL,2024-12-01,0.0,0.0729051606487698
PRK,2024-12-01,0.0,0.0729051606487698
PRT,2024-12-01,0.0,0.0729051606487698
PRY,2024-12-01,0.0,0.0729051606487698
PSE,2024-12-01,0.0,0.7916429642069169
QAT,2024-12-01,0.0,0.0729051606487698
ROU,2024-12-01,0.0,0.0729051606487698
RUS,2024-12-01,0.0,0.7916429642069169
RWA,2024-12-01,0.0,0.0729051606487698
SAU,2024-12-01,0.0,0.0729051606487698
SEN,2024-12-01,0.0,0.0729051606487698
SGP,2024-12-01,0.0,0.0729051606487698
SLB,2024-12-01,0.0,0.0729051606487698
SLE,2024-12-01,0.0,0.0729051606487698
SLV,2024-12-01,0.0,0.0729051606487698
SOM,2024-12-01,1.0,0.7916429642069169
SRB,2024-12-01,0.0,0.0729051606487698
STP,2024-12-01,0.0,0.0729051606487698
SVK,2024-12-01,0.0,0.0729051606487698
SVN,2024-12-01,0.0,0.0729051606487698
SWE,2024-12-01,0.0,0.0729051606487698
SWZ,2024-12-01,0.0,0.0729051606487698
SYC,2024-12-01,0.0,0.0729051606487698
SYR,2024-12-01,0.0,0.5688039324876631
TCD,2024-12-01,0.0,0.7916429642069169
TGO,2024-12-01,0.0,0.0729051606487698
THA,2024-12-01,0.0,0.0729051606487698
TJK,2024-12-01,0.0,0.0729051606487698
TKM,2024-12-01,0.0,0.0729051606487698
TLS,2024-12-01,0.0,0.0729051606487698
TON,2024-12-01,0.0,0.0729051606487698
TTO,2024-12-01,0.0,0.0729051606487698
TUN,2024-12-01,0.0,0.0729051606487698
TUR,2024-12-01,0.0,0.0729051606487698
TZA,2024-12-01,0.0,0.0729051606487698
UGA,2024-12-01,0.0,0.7916429642069169
UKR,2024-12-01,0.0,0.7916429642069169
URY,2024-12-01,0.0,0.0729051606487698
USA,2024-12-01,0.0,0.0729051606487698
UZB,2024-12-01,0.0,0.0729051606487698
VEN,2024-12-01,0.0,0.0729051606487698
VNM,2024-12-01,0.0,0.0729051606487698
VUT,2024-12-01,0.0,0.0729051606487698
WSM,2024-12-01,0.0,0.0729051606487698
YEM,2024-12-01,0.0,0.7842255121700209
ZAF,2024-12-01,0.0,0.7916429642069169
ZMB,2024-12-01,0.0,0.0729051606487698
ZWE,2024-12-01,0.0,0.0729051606487698
AFG,2025-01-01,0.0,0.7931110406807828
AGO,2025-01-01,0.0,0.06698191211926423
ALB,2025-01-01,0.0,0.06698191211926423
ARE,2025-01-01,0.0,0.06698191211926423
ARG,2025-01-01,0.0,0.06698191211926423
ARM,2025-01-01,0.0,0.06698191211926423
AUS,2025-01-01,0.0,0.06698191211926423
AUT,2025-01-01,0.0,0.06698191211926423
AZE,2025-01-01,0.0,0.06698191211926423
BDI,2025-01-01,0.0,0.7931110406807828
BEL,2025-01-01,0.0,0.06698191211926423
BEN,2025-01-01,0.0,0.06698191211926423
BGD,2025-01-01,0.0,0.7931110406807828
BGR,2025-01-01,0.0,0.06698191211926423
BHR,2025-01-01,0.0,0.06698191211926423
BHS,2025-01-01,0.0,0.06698191211926423
BIH,2025-01-01,0.0,0.06698191211926423
BLR,2025-01-01,0.0,0.06698191211926423
BLZ,2025-01-01,0.0,0.06698191211926423
BOL,2025-01-01,0.0,0.06698191211926423
BRA,2025-01-01,0.0,0.7931110406807828
BRB,2025-01-01,0.0,0.06698191211926423
BRN,2025-01-01,0.0,0.06698191211926423
BTN,2025-01-01,0.0,0.06698191211926423
BWA,2025-01-01,0.0,0.06698191211926423
CAF,2025-01-01,0.0,0.7931110406807828
CAN,2025-01-01,0.0,0.06698191211926423
CHE,2025-01-01,0.0,0.06698191211926423
CHL,2025-01-01,0.0,0.06698191211926423
CHN,2025-01-01,0.0,0.06698191211926423
CIV,2025-01-01,0.0,0.06698191211926423
CMR,2025-01-01,0.0,0.7931110406807828
COM,2025-01-01,0.0,0.06698191211926423
CRI,2025-01-01,0.0,0.06698191211926423
CUB,2025-01-01,0.0,0.06698191211926423
CYP,2025-01-01,0.0,0.06698191211926423
CZE,2025-01-01,0.0,0.06698191211926423
DEU,2025-01-01,0.0,0.06698191211926423
DJI,2025-01-01,0.0,0.06698191211926423
DNK,2025-01-01,0.0,0.06698191211926423
DOM,2025-01-01,0.0,0.06698191211926423
DZA,2025-01-01,0.0,0.06698191211926423
ECU,2025-01-01,0.0,0.06698191211926423
EGY,2025-01-01,0.0,0.06698191211926423
ERI,2025-01-01,0.0,0.06698191211926423
ESP,2025-01-01,0.0,0.06698191211926423
EST,2025-01-01,0.0,0.06698191211926423
ETH,2025-01-01,0.0,0.7931110406807828
FIN,2025-01-01,0.0,0.06698191211926423
FJI,2025-01-01,0.0,0.06698191211926423
FRA,2025-01-01,0.0,0.06698191211926423
GAB,2025-01-01,0.0,0.06698191211926423
GBR,2025-01-01,0.0,0.06698191211926423
GEO,2025-01-01,0.0,0.06698191211926423
GHA,2025-01-01,0.0,0.8683067094739246
GIN,2025-01-01,0.0,0.06698191211926423
GMB,2025-01-01,0.0,0.06698191211926423
GNB,2025-01-01,0.0,0.06698191211926423
GNQ,2025-01-01,0.0,0.06698191211926423
GRC,2025-01-01,0.0,0.06698191211926423
GRD,2025-01-01,0.0,0.06698191211926423
GTM,2025-01-01,0.0,0.06698191211926423
GUY,2025-01-01,0.0,0.06698191211926423
HND,2025-01-01,0.0,0.7931110406807828
HRV,2025-01-01,0.0,0.06698191211926423
HTI,2025-01-01,1.0,0.548246412290638
HUN,2025-01-01,0.0,0.06698191211926423
IDN,2025-01-01,0.0,0.548246412290638
IND,2025-01-01,0.0,0.7931110406807828
IRL,2025-01-01,0.0,0.06698191211926423
IRN,2025-01-01,0.0,0.06698191211926423
IRQ,2025-01-01,0.0,0.7931110406807828
ISL,2025-01-01,0.0,0.06698191211926423
ISR,2025-01-01,0.0,0.7931110406807828
ITA,2025-01-01,0.0,0.06698191211926423
JAM,2025-01-01,0.0,0.06698191211926423
JOR,2025-01-01,0.0,0.06698191211926423
JPN,2025-01-01,0.0,0.06698191211926423
KAZ,2025-01-01,0.0,0.06698191211926423
KEN,2025-01-01,0.0,0.06698191211926423
KGZ,2025-01-01,0.0,0.06698191211926423
KHM,2025-01-01,0.0,0.06698191211926423
KOR,2025-01-01,0.0,0.06698191211926423
KWT,2025-01-01,0.0,0.06698191211926423
LAO,2025-01-01,0.0,0.06698191211926423
LBN,2025-01-01,0.0,0.7931110406807828
LBR,2025-01-01,0.0,0.06698191211926423
LBY,2025-01-01,0.0,0.7931110406807828
LKA,2025-01-01,0.0,0.06698191211926423
LSO,2025-01-01,0.0,0.06698191211926423
LTU,2025-01-01,0.0,0.06698191211926423
LUX,2025-01-01,0.0,0.06698191211926423
LVA,2025-01-01,0.0,0.06698191211926423
MAR,2025-01-01,0.0,0.06698191211926423
MDA,2025-01-01,0.0,0.06698191211926423
MDG,2025-01-01,0.0,0.7931110406807828
MDV,2025-01-01,0.0,0.06698191211926423
MEX,2025-01-01,0.0,0.7931110406807828
MKD,2025-01-01,0.0,0.06698191211926423
MLI,2025-01-01,0.0,0.8254673084199426
MLT,2025-01-01,0.0,0.06698191211926423
MMR,2025-01-01,0.0,0.7931110406807828
MNE,2025-01-01,0.0,0.06698191211926423
MNG,2025-01-01,0.0,0.06698191211926423
MOZ,2025-01-01,0.0,0.548246412290638
MRT,2025-01-01,0.0,0.06698191211926423
MUS,2025-01-01,0.0,0.06698191211926423
MWI,2025-01-01,0.0,0.06698191211926423
MYS,2025-01-01,0.0,0.06698191211926423
NAM,2025-01-01,0.0,0.06698191211926423
NER,2025-01-01,0.0,0.06698191211926423
NGA,2025-01-01,0.0,0.8254673084199426
NIC,2025-01-01,0.0,0.06698191211926423
NLD,2025-01-01,0.0,0.06698191211926423
NOR,2025-01-01,0.0,0.06698191211926423
NPL,2025-01-01,0.0,0.06698191211926423
NZL,2025-01-01,0.0,0.06698191211926423
OMN,2025-01-01,0.0,0.06698191211926423
PAK,2025-01-01,0.0,0.7931110406807828
PAN,2025-01-01,0.0,0.06698191211926423
PER,2025-01-01,0.0,0.06698191211926423
PHL,2025-01-01,0.0,0.7931110406807828
PNG,2025-01-01,0.0,0.7931110406807828
POL,2025-01-01,0.0,0.06698191211926423
PRK,2025-01-01,0.0,0.06698191211926423
PRT,2025-01-01,0.0,0.06698191211926423
PRY,2025-01-01,0.0,0.06698191211926423
PSE,2025-01-01,1.0,0.7931110406807828
QAT,2025-01-01,0.0,0.06698191211926423
ROU,2025-01-01,0.0,0.06698191211926423
RUS,2025-01-01,0.0,0.7931110406807828
RWA,2025-01-01,0.0,0.06698191211926423
SAU,2025-01-01,0.0,0.06698191211926423
SEN,2025-01-01,0.0,0.06698191211926423
SGP,2025-01-01,0.0,0.06698191211926423
SLB,2025-01-01,0.0,0.06698191211926423
SLE,2025-01-01,0.0,0.06698191211926423
SLV,2025-01-01,0.0,0.06698191211926423
SRB,2025-01-01,0.0,0.06698191211926423
STP,2025-01-01,0.0,0.06698191211926423
SVK,2025-01-01,0.0,0.06698191211926423
SVN,2025-01-01,0.0,0.06698191211926423
SWE,2025-01-01,0.0,0.06698191211926423
SWZ,2025-01-01,0.0,0.06698191211926423
SYC,2025-01-01,0.0,0.06698191211926423
SYR,2025-01-01,0.0,0.548246412290638
TCD,2025-01-01,0.0,0.7931110406807828
TGO,2025-01-01,0.0,0.06698191211926423
THA,2025-01-01,0.0,0.06698191211926423
TJK,2025-01-01,0.0,0.06698191211926423
TKM,2025-01-01,0.0,0.06698191211926423
TLS,2025-01-01,0.0,0.06698191211926423
TON,2025-01-01,0.0,0.06698191211926423
TTO,2025-01-01,0.0,0.06698191211926423
TUN,2025-01-01,0.0,0.06698191211926423
TUR,2025-01-01,0.0,0.06698191211926423
TZA,2025-01-01,0.0,0.06698191211926423
UGA,2025-01-01,0.0,0.06698191211926423
UKR,2025-01-01,0.0,0.7931110406807828
URY,2025-01-01,0.0,0.06698191211926423
USA,2025-01-01,0.0,0.06698191211926423
UZB,2025-01-01,0.0,0.06698191211926423
VEN,2025-01-01,0.0,0.06698191211926423
VNM,2025-01-01,0.0,0.06698191211926423
VUT,2025-01-01,0.0,0.06698191211926423
WSM,2025-01-01,0.0,0.06698191211926423
YEM,2025-01-01,0.0,0.7931110406807828
ZAF,2025-01-01,0.0,0.7931110406807828
ZMB,2025-01-01,0.0,0.06698191211926423
ZWE,2025-01-01,0.0,0.06698191211926423
AFG,2025-02-01,0.0,0.8145436236557383
AGO,2025-02-01,0.0,0.0648551710505671
ALB,2025-02-01,0.0,0.0648551710505671
ARE,2025-02-01,0.0,0.0648551710505671
ARG,2025-02-01,0.0,0.0648551710505671
ARM,2025-02-01,0.0,0.0648551710505671
AUS,2025-02-01,0.0,0.0648551710505671
AUT,2025-02-01,0.0,0.0648551710505671
AZE,2025-02-01,0.0,0.0648551710505671
BDI,2025-02-01,0.0,0.23106645166026674
BEL,2025-02-01,0.0,0.0648551710505671
BEN,2025-02-01,0.0,0.867156615101661
BGD,2025-02-01,0.0,0.7921928083877827
BGR,2025-02-01,0.0,0.0648551710505671
BHR,2025-02-01,0.0,0.0648551710505671
BHS,2025-02-01,0.0,0.0648551710505671
BIH,2025-02-01,0.0,0.0648551710505671
BLR,2025-02-01,0.0,0.0648551710505671
BLZ,2025-02-01,0.0,0.0648551710505671
BOL,2025-02-01,0.0,0.0648551710505671
BRA,2025-02-01,0.0,0.7921928083877827
BRB,2025-02-01,0.0,0.0648551710505671
BRN,2025-02-01,0.0,0.0648551710505671
BTN,2025-02-01,0.0,0.0648551710505671
BWA,2025-02-01,0.0,0.0648551710505671
CAF,2025-02-01,0.0,0.0648551710505671
CAN,2025-02-01,0.0,0.0648551710505671
CHE,2025-02-01,0.0,0.0648551710505671
CHL,2025-02-01,0.0,0.0648551710505671
CHN,2025-02-01,0.0,0.0648551710505671
CIV,2025-02-01,0.0,0.0648551710505671
CMR,2025-02-01,0.0,0.7921928083877827
COL,2025-02-01,0.0,0.5451506393674194
COM,2025-02-01,0.0,0.0648551710505671
CRI,2025-02-01,0.0,0.0648551710505671
CUB,2025-02-01,0.0,0.0648551710505671
CYP,2025-02-01,0.0,0.0648551710505671
CZE,2025-02-01,0.0,0.0648551710505671
DEU,2025-02-01,0.0,0.0648551710505671
DJI,2025-02-01,0.0,0.0648551710505671
DNK,2025-02-01,0.0,0.0648551710505671
DOM,2025-02-01,0.0,0.0648551710505671
DZA,2025-02-01,0.0,0.0648551710505671
ECU,2025-02-01,0.0,0.0648551710505671
EGY,2025-02-01,0.0,0.0648551710505671
ERI,2025-02-01,0.0,0.0648551710505671
ESP,2025-02-01,0.0,0.0648551710505671
EST,2025-02-01,0.0,0.0648551710505671
ETH,2025-02-01,0.0,0.7921928083877827
FIN,2025-02-01,0.0,0.0648551710505671
FJI,2025-02-01,0.0,0.0648551710505671
FRA,2025-02-01,0.0,0.0648551710505671
GAB,2025-02-01,0.0,0.0648551710505671
GBR,2025-02-01,0.0,0.0648551710505671
GEO,2025-02-01,0.0,0.0648551710505671
GHA,2025-02-01,0.0,0.7921928083877827
GIN,2025-02-01,0.0,0.0648551710505671
GMB,2025-02-01,0.0,0.0648551710505671
GNB,2025-02-01,0.0,0.0648551710505671
GNQ,2025-02-01,0.0,0.0648551710505671
GRC,2025-02-01,0.0,0.0648551710505671
GRD,2025-02-01,0.0,0.0648551710505671
GTM,2025-02-01,0.0,0.0648551710505671
GUY,2025-02-01,0.0,0.0648551710505671
HND,2025-02-01,0.0,0.7921928083877827
HRV,2025-02-01,0.0,0.0648551710505671
HTI,2025-02-01,1.0,0.7921928083877827
HUN,2025-02-01,0.0,0.0648551710505671
IDN,2025-02-01,0.0,0.5451506393674194
IND,2025-02-01,0.0,0.7921928083877827
IRL,2025-02-01,0.0,0.0648551710505671
IRN,2025-02-01,0.0,0.0648551710505671
IRQ,2025-02-01,0.0,0.7921928083877827
ISL,2025-02-01,0.0,0.0648551710505671
ISR,2025-02-01,0.0,0.7921928083877827
ITA,2025-02-01,0.0,0.0648551710505671
JAM,2025-02-01,0.0,0.0648551710505671
JOR,2025-02-01,0.0,0.0648551710505671
JPN,2025-02-01,0.0,0.0648551710505671
KAZ,2025-02-01,0.0,0.0648551710505671
KEN,2025-02-01,0.0,0.0648551710505671
KGZ,2025-02-01,0.0,0.0648551710505671
KHM,2025-02-01,0.0,0.0648551710505671
KOR,2025-02-01,0.0,0.0648551710505671
KWT,2025-02-01,0.0,0.0648551710505671
LAO,2025-02-01,0.0,0.0648551710505671
LBN,2025-02-01,0.0,0.7921928083877827
LBR,2025-02-01,0.0,0.0648551710505671
LBY,2025-02-01,0.0,0.0648551710505671
LKA,2025-02-01,0.0,0.0648551710505671
LSO,2025-02-01,0.0,0.0648551710505671
LTU,2025-02-01,0.0,0.0648551710505671
LUX,2025-02-01,0.0,0.0648551710505671
LVA,2025-02-01,0.0,0.0648551710505671
MAR,2025-02-01,0.0,0.0648551710505671
MDA,2025-02-01,0.0,0.0648551710505671
MDG,2025-02-01,0.0,0.7921928083877827
MDV,2025-02-01,0.0,0.0648551710505671
MEX,2025-02-01,0.0,0.7921928083877827
MKD,2025-02-01,0.0,0.0648551710505671
MLI,2025-02-01,0.0,0.0648551710505671
MLT,2025-02-01,0.0,0.0648551710505671
MMR,2025-02-01,0.0,0.7921928083877827
MNE,2025-02-01,0.0,0.0648551710505671
MNG,2025-02-01,0.0,0.0648551710505671
MOZ,2025-02-01,0.0,0.5451506393674194
MRT,2025-02-01,0.0,0.0648551710505671
MUS,2025-02-01,0.0,0.0648551710505671
MWI,2025-02-01,0.0,0.0648551710505671
MYS,2025-02-01,0.0,0.0648551710505671
NAM,2025-02-01,0.0,0.0648551710505671
NER,2025-02-01,0.0,0.7921928083877827
NGA,2025-02-01,0.0,0.0648551710505671
NIC,2025-02-01,0.0,0.0648551710505671
NLD,2025-02-01,0.0,0.0648551710505671
NOR,2025-02-01,0.0,0.0648551710505671
NPL,2025-02-01,0.0,0.0648551710505671
NZL,2025-02-01,0.0,0.0648551710505671
OMN,2025-02-01,0.0,0.0648551710505671
PAK,2025-02-01,0.0,0.7921928083877827
PAN,2025-02-01,0.0,0.0648551710505671
PER,2025-02-01,0.0,0.0648551710505671
PHL,2025-02-01,0.0,0.7921928083877827
PNG,2025-02-01,0.0,0.7921928083877827
POL,2025-02-01,0.0,0.0648551710505671
PRK,2025-02-01,0.0,0.0648551710505671
PRT,2025-02-01,0.0,0.0648551710505671
PRY,2025-02-01,0.0,0.0648551710505671
PSE,2025-02-01,1.0,0.7921928083877827
QAT,2025-02-01,0.0,0.0648551710505671
ROU,2025-02-01,0.0,0.0648551710505671
RUS,2025-02-01,0.0,0.7921928083877827
RWA,2025-02-01,0.0,0.0648551710505671
SAU,2025-02-01,0.0,0.0648551710505671
SEN,2025-02-01,0.0,0.0648551710505671
SGP,2025-02-01,0.0,0.0648551710505671
SLB,2025-02-01,0.0,0.0648551710505671
SLE,2025-02-01,0.0,0.0648551710505671
SLV,2025-02-01,0.0,0.0648551710505671
SRB,2025-02-01,0.0,0.0648551710505671
STP,2025-02-01,0.0,0.0648551710505671
SVK,2025-02-01,0.0,0.0648551710505671
SVN,2025-02-01,0.0,0.0648551710505671
SWE,2025-02-01,0.0,0.0648551710505671
SWZ,2025-02-01,0.0,0.0648551710505671
SYC,2025-02-01,0.0,0.0648551710505671
SYR,2025-02-01,0.0,0.7921928083877827
TCD,2025-02-01,0.0,0.7921928083877827
TGO,2025-02-01,0.0,0.0648551710505671
THA,2025-02-01,0.0,0.0648551710505671
TJK,2025-02-01,0.0,0.0648551710505671
TKM,2025-02-01,0.0,0.0648551710505671
TLS,2025-02-01,0.0,0.0648551710505671
TON,2025-02-01,0.0,0.0648551710505671
TTO,2025-02-01,0.0,0.0648551710505671
TUN,2025-02-01,0.0,0.0648551710505671
TUR,2025-02-01,0.0,0.0648551710505671
TZA,2025-02-01,0.0,0.0648551710505671
UGA,2025-02-01,0.0,0.0648551710505671
UKR,2025-02-01,0.0,0.7921928083877827
URY,2025-02-01,0.0,0.0648551710505671
USA,2025-02-01,0.0,0.0648551710505671
UZB,2025-02-01,0.0,0.0648551710505671
VEN,2025-02-01,0.0,0.0648551710505671
VNM,2025-02-01,0.0,0.0648551710505671
VUT,2025-02-01,0.0,0.0648551710505671
WSM,2025-02-01,0.0,0.0648551710505671
YEM,2025-02-01,0.0,0.7921928083877827
ZAF,2025-02-01,0.0,0.7921928083877827
ZMB,2025-02-01,0.0,0.0648551710505671
ZWE,2025-02-01,0.0,0.0648551710505671
AFG,2025-03-01,0.0,0.7929065336734097
AGO,2025-03-01,0.0,0.06337352929155023
ALB,2025-03-01,0.0,0.06337352929155023
ARE,2025-03-01,0.0,0.06337352929155023
ARG,2025-03-01,0.0,0.06337352929155023
ARM,2025-03-01,0.0,0.06337352929155023
AUS,2025-03-01,0.0,0.06337352929155023
AUT,2025-03-01,0.0,0.06337352929155023
AZE,2025-03-01,0.0,0.06337352929155023
BDI,2025-03-01,0.0,0.769381080141382
BEL,2025-03-01,0.0,0.06337352929155023
BEN,2025-03-01,0.0,0.7929065336734097
BGD,2025-03-01,0.0,0.7929065336734097
BGR,2025-03-01,0.0,0.06337352929155023
BHR,2025-03-01,0.0,0.06337352929155023
BHS,2025-03-01,0.0,0.06337352929155023
BIH,2025-03-01,0.0,0.06337352929155023
BLR,2025-03-01,0.0,0.06337352929155023
BLZ,2025-03-01,0.0,0.06337352929155023
BOL,2025-03-01,0.0,0.06337352929155023
BRA,2025-03-01,0.0,0.06337352929155023
BRB,2025-03-01,0.0,0.06337352929155023
BRN,2025-03-01,0.0,0.06337352929155023
BTN,2025-03-01,0.0,0.06337352929155023
BWA,2025-03-01,0.0,0.06337352929155023
CAF,2025-03-01,0.0,0.7929065336734097
CAN,2025-03-01,0.0,0.06337352929155023
CHE,2025-03-01,0.0,0.06337352929155023
CHL,2025-03-01,0.0,0.06337352929155023
CHN,2025-03-01,0.0,0.06337352929155023
CIV,2025-03-01,0.0,0.06337352929155023
CMR,2025-03-01,0.0,0.7929065336734097
COL,2025-03-01,0.0,0.7254126856320913
COM,2025-03-01,0.0,0.06337352929155023
CRI,2025-03-01,0.0,0.06337352929155023
CUB,2025-03-01,0.0,0.06337352929155023
CYP,2025-03-01,0.0,0.06337352929155023
CZE,2025-03-01,0.0,0.06337352929155023
DEU,2025-03-01,0.0,0.06337352929155023
DJI,2025-03-01,0.0,0.06337352929155023
DNK,2025-03-01,0.0,0.06337352929155023
DOM,2025-03-01,0.0,0.06337352929155023
DZA,2025-03-01,0.0,0.06337352929155023
ECU,2025-03-01,0.0,0.06337352929155023
EGY,2025-03-01,0.0,0.06337352929155023
ERI,2025-03-01,0.0,0.06337352929155023
ESP,2025-03-01,0.0,0.06337352929155023
EST,2025-03-01,0.0,0.06337352929155023
ETH,2025-03-01,1.0,0.7929065336734097
FIN,2025-03-01,0.0,0.06337352929155023
FJI,2025-03-01,0.0,0.06337352929155023
FRA,2025-03-01,0.0,0.06337352929155023
GAB,2025-03-01,0.0,0.06337352929155023
GBR,2025-03-01,0.0,0.06337352929155023
GEO,2025-03-01,0.0,0.06337352929155023
GHA,2025-03-01,0.0,0.7929065336734097
GIN,2025-03-01,0.0,0.06337352929155023
GMB,2025-03-01,0.0,0.06337352929155023
GNB,2025-03-01,0.0,0.06337352929155023
GNQ,2025-03-01,0.0,0.06337352929155023
GRC,2025-03-01,0.0,0.06337352929155023
GRD,2025-03-01,0.0,0.06337352929155023
GTM,2025-03-01,0.0,0.06337352929155023
GUY,2025-03-01,0.0,0.06337352929155023
HND,2025-03-01,0.0,0.7929065336734097
HRV,2025-03-01,0.0,0.06337352929155023
HUN,2025-03-01,0.0,0.06337352929155023
IDN,2025-03-01,0.0,0.7929065336734097
IND,2025-03-01,1.0,0.7929065336734097
IRL,2025-03-01,0.0,0.06337352929155023
IRN,2025-03-01,0.0,0.06337352929155023
IRQ,2025-03-01,0.0,0.7929065336734097
ISL,2025-03-01,0.0,0.06337352929155023
ISR,2025-03-01,0.0,0.7929065336734097
ITA,2025-03-01,0.0,0.06337352929155023
JAM,2025-03-01,0.0,0.06337352929155023
JOR,2025-03-01,0.0,0.06337352929155023
JPN,2025-03-01,0.0,0.06337352929155023
KAZ,2025-03-01,0.0,0.06337352929155023
KEN,2025-03-01,0.0,0.8665795949692184
KGZ,2025-03-01,0.0,0.06337352929155023
KHM,2025-03-01,0.0,0.06337352929155023
KOR,2025-03-01,0.0,0.06337352929155023
KWT,2025-03-01,0.0,0.06337352929155023
LAO,2025-03-01,0.0,0.06337352929155023
LBN,2025-03-01,0.0,0.7929065336734097
LBR,2025-03-01,0.0,0.06337352929155023
LBY,2025-03-01,0.0,0.06337352929155023
LKA,2025-03-01,0.0,0.06337352929155023
LSO,2025-03-01,0.0,0.06337352929155023
LTU,2025-03-01,0.0,0.06337352929155023
LUX,2025-03-01,0.0,0.06337352929155023
LVA,2025-03-01,0.0,0.06337352929155023
MAR,2025-03-01,0.0,0.06337352929155023
MDA,2025-03-01,0.0,0.06337352929155023
MDG,2025-03-01,0.0,0.7929065336734097
MDV,2025-03-01,0.0,0.06337352929155023
MEX,2025-03-01,0.0,0.7929065336734097
MKD,2025-03-01,0.0,0.06337352929155023
MLI,2025-03-01,0.0,0.06337352929155023
MLT,2025-03-01,0.0,0.06337352929155023
MMR,2025-03-01,0.0,0.7929065336734097
MNE,2025-03-01,0.0,0.06337352929155023
MNG,2025-03-01,0.0,0.06337352929155023
MOZ,2025-03-01,0.0,0.7929065336734097
MRT,2025-03-01,0.0,0.06337352929155023
MUS,2025-03-01,0.0,0.06337352929155023
MWI,2025-03-01,0.0,0.06337352929155023
MYS,2025-03-01,0.0,0.06337352929155023
NAM,2025-03-01,0.0,0.06337352929155023
NER,2025-03-01,0.0,0.7929065336734097
NGA,2025-03-01,1.0,0.06337352929155023
NIC,2025-03-01,0.0,0.06337352929155023
NLD,2025-03-01,0.0,0.06337352929155023
NOR,2025-03-01,0.0,0.06337352929155023
NPL,2025-03-01,0.0,0.06337352929155023
NZL,2025-03-01,0.0,0.06337352929155023
OMN,2025-03-01,0.0,0.06337352929155023
PAK,2025-03-01,0.0,0.8119117498064631
PAN,2025-03-01,0.0,0.06337352929155023
PER,2025-03-01,0.0,0.06337352929155023
PHL,2025-03-01,0.0,0.8665795949692184
PNG,2025-03-01,0.0,0.7929065336734097
POL,2025-03-01,0.0,0.06337352929155023
PRK,2025-03-01,0.0,0.06337352929155023
PRT,2025-03-01,0.0,0.06337352929155023
PRY,2025-03-01,0.0,0.06337352929155023
QAT,2025-03-01,0.0,0.06337352929155023
ROU,2025-03-01,0.0,0.06337352929155023
RUS,2025-03-01,0.0,0.7929065336734097
RWA,2025-03-01,0.0,0.06337352929155023
SAU,2025-03-01,0.0,0.06337352929155023
SEN,2025-03-01,0.0,0.06337352929155023
SGP,2025-03-01,0.0,0.06337352929155023
SLB,2025-03-01,0.0,0.06337352929155023
SLE,2025-03-01,0.0,0.06337352929155023
SLV,2025-03-01,0.0,0.06337352929155023
SRB,2025-03-01,0.0,0.06337352929155023
STP,2025-03-01,0.0,0.06337352929155023
SVK,2025-03-01,0.0,0.06337352929155023
SVN,2025-03-01,0.0,0.06337352929155023
SWE,2025-03-01,0.0,0.06337352929155023
SWZ,2025-03-01,0.0,0.06337352929155023
SYC,2025-03-01,0.0,0.06337352929155023
SYR,2025-03-01,0.0,0.7929065336734097
TCD,2025-03-01,0.0,0.7929065336734097
TGO,2025-03-01,0.0,0.06337352929155023
THA,2025-03-01,0.0,0.06337352929155023
TJK,2025-03-01,0.0,0.06337352929155023
TKM,2025-03-01,0.0,0.06337352929155023
TLS,2025-03-01,0.0,0.06337352929155023
TON,2025-03-01,0.0,0.06337352929155023
TTO,2025-03-01,0.0,0.06337352929155023
TUN,2025-03-01,0.0,0.06337352929155023
TUR,2025-03-01,0.0,0.06337352929155023
TZA,2025-03-01,0.0,0.06337352929155023
UGA,2025-03-01,0.0,0.8665795949692184
UKR,2025-03-01,0.0,0.7929065336734097
URY,2025-03-01,0.0,0.06337352929155023
USA,2025-03-01,0.0,0.06337352929155023
UZB,2025-03-01,0.0,0.06337352929155023
VEN,2025-03-01,0.0,0.06337352929155023
VNM,2025-03-01,0.0,0.06337352929155023
VUT,2025-03-01,0.0,0.06337352929155023
WSM,2025-03-01,0.0,0.06337352929155023
YEM,2025-03-01,0.0,0.7929065336734097
ZAF,2025-03-01,0.0,0.7929065336734097
ZMB,2025-03-01,0.0,0.06337352929155023
ZWE,2025-03-01,0.0,0.06337352929155023
AFG,2025-04-01,0.0,0.7927984906139011
AGO,2025-04-01,0.0,0.06368497307082947
ALB,2025-04-01,0.0,0.06368497307082947
ARE,2025-04-01,0.0,0.06368497307082947
ARG,2025-04-01,0.0,0.06368497307082947
ARM,2025-04-01,0.0,0.06368497307082947
AUS,2025-04-01,0.0,0.06368497307082947
AUT,2025-04-01,0.0,0.06368497307082947
AZE,2025-04-01,0.0,0.06368497307082947
BDI,2025-04-01,0.0,0.7405871122327119
BEL,2025-04-01,0.0,0.06368497307082947
BEN,2025-04-01,0.0,0.7927984906139011
BGD,2025-04-01,0.0,0.7927984906139011
BGR,2025-04-01,0.0,0.06368497307082947
BHR,2025-04-01,0.0,0.06368497307082947
BHS,2025-04-01,0.0,0.06368497307082947
BIH,2025-04-01,0.0,0.06368497307082947
BLR,2025-04-01,0.0,0.06368497307082947
BLZ,2025-04-01,0.0,0.06368497307082947
BOL,2025-04-01,0.0,0.06368497307082947
BRA,2025-04-01,0.0,0.06368497307082947
BRB,2025-04-01,0.0,0.06368497307082947
BRN,2025-04-01,0.0,0.06368497307082947
BTN,2025-04-01,0.0,0.06368497307082947
BWA,2025-04-01,0.0,0.06368497307082947
CAF,2025-04-01,0.0,0.7927984906139011
CAN,2025-04-01,0.0,0.06368497307082947
CHE,2025-04-01,0.0,0.06368497307082947
CHL,2025-04-01,0.0,0.06368497307082947
CHN,2025-04-01,0.0,0.06368497307082947
CIV,2025-04-01,0.0,0.06368497307082947
CMR,2025-04-01,0.0,0.7927984906139011
COL,2025-04-01,0.0,0.7927984906139011
COM,2025-04-01,0.0,0.06368497307082947
CRI,2025-04-01,0.0,0.06368497307082947
CUB,2025-04-01,0.0,0.06368497307082947
CYP,2025-04-01,0.0,0.06368497307082947
CZE,2025-04-01,0.0,0.06368497307082947
DEU,2025-04-01,0.0,0.06368497307082947
DJI,2025-04-01,0.0,0.06368497307082947
DNK,2025-04-01,0.0,0.06368497307082947
DOM,2025-04-01,0.0,0.06368497307082947
DZA,2025-04-01,0.0,0.06368497307082947
ECU,2025-04-01,0.0,0.06368497307082947
EGY,2025-04-01,0.0,0.06368497307082947
ERI,2025-04-01,0.0,0.06368497307082947
ESP,2025-04-01,0.0,0.06368497307082947
EST,2025-04-01,0.0,0.06368497307082947
ETH,2025-04-01,1.0,0.06368497307082947
FIN,2025-04-01,0.0,0.06368497307082947
FJI,2025-04-01,0.0,0.06368497307082947
FRA,2025-04-01,0.0,0.06368497307082947
GAB,2025-04-01,0.0,0.06368497307082947
GBR,2025-04-01,0.0,0.06368497307082947
GEO,2025-04-01,0.0,0.06368497307082947
GHA,2025-04-01,0.0,0.7927984906139011
GIN,2025-04-01,0.0,0.06368497307082947
GMB,2025-04-01,0.0,0.06368497307082947
GNB,2025-04-01,0.0,0.06368497307082947
GNQ,2025-04-01,0.0,0.06368497307082947
GRC,2025-04-01,0.0,0.06368497307082947
GRD,2025-04-01,0.0,0.06368497307082947
GTM,2025-04-01,0.0,0.06368497307082947
GUY,2025-04-01,0.0,0.06368497307082947
HND,2025-04-01,0.0,0.7927984906139011
HRV,2025-04-01,0.0,0.06368497307082947
HUN,2025-04-01,0.0,0.06368497307082947
IDN,2025-04-01,0.0,0.7927984906139011
IND,2025-04-01,1.0,0.8058224330467122
IRL,2025-04-01,0.0,0.06368497307082947
IRN,2025-04-01,1.0,0.06368497307082947
IRQ,2025-04-01,0.0,0.7927984906139011
ISL,2025-04-01,0.0,0.06368497307082947
ISR,2025-04-01,0.0,0.7927984906139011
ITA,2025-04-01,0.0,0.06368497307082947
JAM,2025-04-01,0.0,0.06368497307082947
JOR,2025-04-01,0.0,0.06368497307082947
JPN,2025-04-01,0.0,0.06368497307082947
KAZ,2025-04-01,0.0,0.06368497307082947
KEN,2025-04-01,0.0,0.7927984906139011
KGZ,2025-04-01,0.0,0.06368497307082947
KHM,2025-04-01,0.0,0.06368497307082947
KOR,2025-04-01,0.0,0.06368497307082947
KWT,2025-04-01,0.0,0.06368497307082947
LAO,2025-04-01,0.0,0.06368497307082947
LBN,2025-04-01,0.0,0.7927984906139011
LBR,2025-04-01,0.0,0.06368497307082947
LBY,2025-04-01,0.0,0.06368497307082947
LKA,2025-04-01,0.0,0.06368497307082947
LSO,2025-04-01,0.0,0.06368497307082947
LTU,2025-04-01,0.0,0.06368497307082947
LUX,2025-04-01,0.0,0.06368497307082947
LVA,2025-04-01,0.0,0.06368497307082947
MAR,2025-04-01,0.0,0.06368497307082947
MDA,2025-04-01,0.0,0.06368497307082947
MDG,2025-04-01,0.0,0.06368497307082947
MDV,2025-04-01,0.0,0.06368497307082947
MEX,2025-04-01,0.0,0.7927984906139011
MKD,2025-04-01,0.0,0.06368497307082947
MLI,2025-04-01,0.0,0.7927984906139011
MLT,2025-04-01,0.0,0.06368497307082947
MMR,2025-04-01,0.0,0.7927984906139011
MNE,2025-04-01,0.0,0.06368497307082947
MNG,2025-04-01,0.0,0.06368497307082947
MOZ,2025-04-01,0.0,0.7927984906139011
MRT,2025-04-01,0.0,0.06368497307082947
MUS,2025-04-01,0.0,0.06368497307082947
MWI,2025-04-01,0.0,0.06368497307082947
MYS,2025-04-01,0.0,0.06368497307082947
NAM,2025-04-01,0.0,0.06368497307082947
NER,2025-04-01,1.0,0.7927984906139011
NGA,2025-04-01,1.0,0.06368497307082947
NIC,2025-04-01,0.0,0.06368497307082947
NLD,2025-04-01,0.0,0.06368497307082947
NOR,2025-04-01,0.0,0.06368497307082947
NPL,2025-04-01,0.0,0.06368497307082947
NZL,2025-04-01,0.0,0.06368497307082947
OMN,2025-04-01,0.0,0.06368497307082947
PAK,2025-04-01,0.0,0.7927984906139011
PAN,2025-04-01,0.0,0.06368497307082947
PER,2025-04-01,0.0,0.06368497307082947
PHL,2025-04-01,0.0,0.7927984906139011
PNG,2025-04-01,0.0,0.7927984906139011
POL,2025-04-01,0.0,0.06368497307082947
PRK,2025-04-01,0.0,0.06368497307082947
PRT,2025-04-01,0.0,0.06368497307082947
PRY,2025-04-01,0.0,0.06368497307082947
QAT,2025-04-01,0.0,0.06368497307082947
ROU,2025-04-01,0.0,0.06368497307082947
RUS,2025-04-01,0.0,0.7927984906139011
RWA,2025-04-01,0.0,0.06368497307082947
SAU,2025-04-01,0.0,0.06368497307082947
SEN,2025-04-01,0.0,0.06368497307082947
SGP,2025-04-01,0.0,0.06368497307082947
SLB,2025-04-01,0.0,0.06368497307082947
SLE,2025-04-01,0.0,0.06368497307082947
SLV,2025-04-01,0.0,0.06368497307082947
SOM,2025-04-01,1.0,0.7927984906139011
SRB,2025-04-01,0.0,0.06368497307082947
STP,2025-04-01,0.0,0.06368497307082947
SVK,2025-04-01,0.0,0.06368497307082947
SVN,2025-04-01,0.0,0.06368497307082947
SWE,2025-04-01,0.0,0.06368497307082947
SWZ,2025-04-01,0.0,0.06368497307082947
SYC,2025-04-01,0.0,0.06368497307082947
SYR,2025-04-01,0.0,0.7927984906139011
TCD,2025-04-01,0.0,0.7927984906139011
TGO,2025-04-01,0.0,0.06368497307082947
THA,2025-04-01,0.0,0.06368497307082947
TJK,2025-04-01,0.0,0.06368497307082947
TKM,2025-04-01,0.0,0.06368497307082947
TLS,2025-04-01,0.0,0.06368497307082947
TON,2025-04-01,0.0,0.06368497307082947
TTO,2025-04-01,0.0,0.06368497307082947
TUN,2025-04-01,0.0,0.06368497307082947
TUR,2025-04-01,0.0,0.06368497307082947
TZA,2025-04-01,0.0,0.06368497307082947
UGA,2025-04-01,0.0,0.06368497307082947
UKR,2025-04-01,0.0,0.7927984906139011
URY,2025-04-01,0.0,0.06368497307082947
USA,2025-04-01,0.0,0.06368497307082947
UZB,2025-04-01,0.0,0.06368497307082947
VEN,2025-04-01,0.0,0.06368497307082947
VNM,2025-04-01,0.0,0.06368497307082947
VUT,2025-04-01,0.0,0.06368497307082947
WSM,2025-04-01,0.0,0.06368497307082947
YEM,2025-04-01,0.0,0.06368497307082947
ZAF,2025-04-01,0.0,0.7927984906139011
ZMB,2025-04-01,0.0,0.06368497307082947
ZWE,2025-04-01,0.0,0.06368497307082947
AFG,2025-05-01,0.0,0.7922765480832922
AGO,2025-05-01,0.0,0.06856337662182845
ALB,2025-05-01,0.0,0.06856337662182845
ARE,2025-05-01,0.0,0.06856337662182845
ARG,2025-05-01,0.0,0.06856337662182845
ARM,2025-05-01,0.0,0.06856337662182845
AUS,2025-05-01,0.0,0.06856337662182845
AUT,2025-05-01,0.0,0.06856337662182845
AZE,2025-05-01,0.0,0.06856337662182845
BDI,2025-05-01,0.0,0.7922765480832922
BEL,2025-05-01,0.0,0.06856337662182845
BEN,2025-05-01,0.0,0.7922765480832922
BGD,2025-05-01,0.0,0.7922765480832922
BGR,2025-05-01,0.0,0.06856337662182845
BHR,2025-05-01,0.0,0.06856337662182845
BHS,2025-05-01,0.0,0.06856337662182845
BIH,2025-05-01,0.0,0.06856337662182845
BLR,2025-05-01,0.0,0.06856337662182845
BLZ,2025-05-01,0.0,0.06856337662182845
BOL,2025-05-01,0.0,0.06856337662182845
BRA,2025-05-01,0.0,0.06856337662182845
BRB,2025-05-01,0.0,0.06856337662182845
BRN,2025-05-01,0.0,0.06856337662182845
BTN,2025-05-01,0.0,0.06856337662182845
BWA,2025-05-01,0.0,0.06856337662182845
CAF,2025-05-01,0.0,0.7922765480832922
CAN,2025-05-01,0.0,0.06856337662182845
CHE,2025-05-01,0.0,0.06856337662182845
CHL,2025-05-01,0.0,0.06856337662182845
CHN,2025-05-01,0.0,0.06856337662182845
CIV,2025-05-01,0.0,0.06856337662182845
CMR,2025-05-01,0.0,0.7922765480832922
COL,2025-05-01,0.0,0.7922765480832922
COM,2025-05-01,0.0,0.06856337662182845
CRI,2025-05-01,0.0,0.06856337662182845
CUB,2025-05-01,0.0,0.06856337662182845
CYP,2025-05-01,0.0,0.06856337662182845
CZE,2025-05-01,0.0,0.06856337662182845
DEU,2025-05-01,0.0,0.06856337662182845
DJI,2025-05-01,0.0,0.06856337662182845
DNK,2025-05-01,0.0,0.06856337662182845
DOM,2025-05-01,0.0,0.06856337662182845
DZA,2025-05-01,0.0,0.06856337662182845
ECU,2025-05-01,0.0,0.06856337662182845
EGY,2025-05-01,0.0,0.06856337662182845
ERI,2025-05-01,0.0,0.06856337662182845
ESP,2025-05-01,0.0,0.06856337662182845
EST,2025-05-01,0.0,0.06856337662182845
ETH,2025-05-01,1.0,0.7922765480832922
FIN,2025-05-01,0.0,0.06856337662182845
FJI,2025-05-01,0.0,0.06856337662182845
FRA,2025-05-01,0.0,0.06856337662182845
GAB,2025-05-01,0.0,0.06856337662182845
GBR,2025-05-01,0.0,0.06856337662182845
GEO,2025-05-01,0.0,0.06856337662182845
GHA,2025-05-01,0.0,0.7922765480832922
GIN,2025-05-01,0.0,0.06856337662182845
GMB,2025-05-01,0.0,0.06856337662182845
GNB,2025-05-01,0.0,0.06856337662182845
GNQ,2025-05-01,0.0,0.06856337662182845
GRC,2025-05-01,0.0,0.06856337662182845
GRD,2025-05-01,0.0,0.06856337662182845
GTM,2025-05-01,0.0,0.06856337662182845
GUY,2025-05-01,0.0,0.06856337662182845
HND,2025-05-01,0.0,0.06856337662182845
HRV,2025-05-01,0.0,0.06856337662182845
HUN,2025-05-01,0.0,0.06856337662182845
IDN,2025-05-01,0.0,0.7922765480832922
IND,2025-05-01,0.0,0.8603360182550136
IRL,2025-05-01,0.0,0.06856337662182845
IRN,2025-05-01,1.0,0.06856337662182845
IRQ,2025-05-01,0.0,0.7922765480832922
ISL,2025-05-01,0.0,0.06856337662182845
ISR,2025-05-01,0.0,0.8104381727566944
ITA,2025-05-01,0.0,0.06856337662182845
JAM,2025-05-01,0.0,0.06856337662182845
JOR,2025-05-01,0.0,0.06856337662182845
JPN,2025-05-01,0.0,0.06856337662182845
KAZ,2025-05-01,0.0,0.06856337662182845
KEN,2025-05-01,0.0,0.8104381727566944
KGZ,2025-05-01,0.0,0.06856337662182845
KHM,2025-05-01,1.0,0.06856337662182845
KOR,2025-05-01,0.0,0.06856337662182845
KWT,2025-05-01,0.0,0.06856337662182845
LAO,2025-05-01,0.0,0.06856337662182845
LBN,2025-05-01,0.0,0.7922765480832922
LBR,2025-05-01,0.0,0.06856337662182845
LBY,2025-05-01,0.0,0.8603360182550136
LKA,2025-05-01,0.0,0.06856337662182845
LSO,2025-05-01,0.0,0.06856337662182845
LTU,2025-05-01,0.0,0.06856337662182845
LUX,2025-05-01,0.0,0.06856337662182845
LVA,2025-05-01,0.0,0.06856337662182845
MAR,2025-05-01,0.0,0.06856337662182845
MDA,2025-05-01,0.0,0.06856337662182845
MDG,2025-05-01,0.0,0.06856337662182845
MDV,2025-05-01,0.0,0.06856337662182845
MEX,2025-05-01,0.0,0.7922765480832922
MKD,2025-05-01,0.0,0.06856337662182845
MLI,2025-05-01,0.0,0.7922765480832922
MLT,2025-05-01,0.0,0.06856337662182845
MMR,2025-05-01,0.0,0.7922765480832922
MNE,2025-05-01,0.0,0.06856337662182845
MNG,2025-05-01,0.0,0.06856337662182845
MOZ,2025-05-01,1.0,0.7922765480832922
MRT,2025-05-01,0.0,0.06856337662182845
MUS,2025-05-01,0.0,0.06856337662182845
MWI,2025-05-01,0.0,0.06856337662182845
MYS,2025-05-01,0.0,0.06856337662182845
NAM,2025-05-01,0.0,0.06856337662182845
NER,2025-05-01,1.0,0.06856337662182845
NIC,2025-05-01,0.0,0.06856337662182845
NLD,2025-05-01,0.0,0.06856337662182845
NOR,2025-05-01,0.0,0.06856337662182845
NPL,2025-05-01,0.0,0.06856337662182845
NZL,2025-05-01,0.0,0.06856337662182845
OMN,2025-05-01,0.0,0.06856337662182845
PAK,2025-05-01,0.0,0.7922765480832922
PAN,2025-05-01,0.0,0.06856337662182845
PER,2025-05-01,0.0,0.06856337662182845
PHL,2025-05-01,0.0,0.7922765480832922
PNG,2025-05-01,0.0,0.7922765480832922
POL,2025-05-01,0.0,0.06856337662182845
PRK,2025-05-01,0.0,0.06856337662182845
PRT,2025-05-01,0.0,0.06856337662182845
PRY,2025-05-01,0.0,0.06856337662182845
QAT,2025-05-01,0.0,0.06856337662182845
ROU,2025-05-01,0.0,0.06856337662182845
RUS,2025-05-01,0.0,0.7922765480832922
RWA,2025-05-01,0.0,0.06856337662182845
SAU,2025-05-01,0.0,0.06856337662182845
SEN,2025-05-01,0.0,0.06856337662182845
SGP,2025-05-01,0.0,0.06856337662182845
SLB,2025-05-01,0.0,0.06856337662182845
SLE,2025-05-01,0.0,0.06856337662182845
SLV,2025-05-01,0.0,0.06856337662182845
SOM,2025-05-01,1.0,0.7922765480832922
SRB,2025-05-01,0.0,0.06856337662182845
STP,2025-05-01,0.0,0.06856337662182845
SVK,2025-05-01,0.0,0.06856337662182845
SVN,2025-05-01,0.0,0.06856337662182845
SWE,2025-05-01,0.0,0.06856337662182845
SWZ,2025-05-01,0.0,0.06856337662182845
SYC,2025-05-01,0.0,0.06856337662182845
SYR,2025-05-01,0.0,0.7922765480832922
TCD,2025-05-01,0.0,0.8104381727566944
TGO,2025-05-01,0.0,0.06856337662182845
THA,2025-05-01,1.0,0.06856337662182845
TJK,2025-05-01,0.0,0.06856337662182845
TKM,2025-05-01,0.0,0.06856337662182845
TLS,2025-05-01,0.0,0.06856337662182845
TON,2025-05-01,0.0,0.06856337662182845
TTO,2025-05-01,0.0,0.06856337662182845
TUN,2025-05-01,0.0,0.06856337662182845
TUR,2025-05-01,0.0,0.06856337662182845
TZA,2025-05-01,0.0,0.06856337662182845
UGA,2025-05-01,0.0,0.7922765480832922
UKR,2025-05-01,0.0,0.8104381727566944
URY,2025-05-01,0.0,0.06856337662182845
USA,2025-05-01,0.0,0.06856337662182845
UZB,2025-05-01,0.0,0.06856337662182845
VEN,2025-05-01,0.0,0.06856337662182845
VNM,2025-05-01,0.0,0.06856337662182845
VUT,2025-05-01,0.0,0.06856337662182845
WSM,2025-05-01,0.0,0.06856337662182845
YEM,2025-05-01,0.0,0.8479213317509378
ZAF,2025-05-01,0.0,0.06856337662182845
ZMB,2025-05-01,0.0,0.06856337662182845
ZWE,2025-05-01,0.0,0.06856337662182845
AFG,2025-06-01,0.0,0.789586901013992
AGO,2025-06-01,0.0,0.08788120315509333
ALB,2025-06-01,0.0,0.08788120315509333
ARE,2025-06-01,0.0,0.08788120315509333
ARG,2025-06-01,0.0,0.08788120315509333
ARM,2025-06-01,0.0,0.08788120315509333
AUS,2025-06-01,0.0,0.08788120315509333
AUT,2025-06-01,0.0,0.08788120315509333
AZE,2025-06-01,0.0,0.08788120315509333
BDI,2025-06-01,0.0,0.08788120315509333
BEL,2025-06-01,0.0,0.08788120315509333
BEN,2025-06-01,0.0,0.827169879700825
BGD,2025-06-01,0.0,0.789586901013992
BGR,2025-06-01,0.0,0.08788120315509333
BHR,2025-06-01,0.0,0.08788120315509333
BHS,2025-06-01,0.0,0.08788120315509333
BIH,2025-06-01,0.0,0.08788120315509333
BLR,2025-06-01,0.0,0.08788120315509333
BLZ,2025-06-01,0.0,0.08788120315509333
BOL,2025-06-01,0.0,0.08788120315509333
BRA,2025-06-01,0.0,0.08788120315509333
BRB,2025-06-01,0.0,0.08788120315509333
BRN,2025-06-01,0.0,0.08788120315509333
BTN,2025-06-01,0.0,0.08788120315509333
BWA,2025-06-01,0.0,0.08788120315509333
CAF,2025-06-01,0.0,0.789586901013992
CAN,2025-06-01,0.0,0.08788120315509333
CHE,2025-06-01,0.0,0.08788120315509333
CHL,2025-06-01,0.0,0.08788120315509333
CHN,2025-06-01,0.0,0.08788120315509333
CIV,2025-06-01,0.0,0.08788120315509333
CMR,2025-06-01,0.0,0.789586901013992
COL,2025-06-01,0.0,0.789586901013992
COM,2025-06-01,0.0,0.08788120315509333
CRI,2025-06-01,0.0,0.08788120315509333
CUB,2025-06-01,0.0,0.08788120315509333
CYP,2025-06-01,0.0,0.08788120315509333
CZE,2025-06-01,0.0,0.08788120315509333
DEU,2025-06-01,0.0,0.08788120315509333
DJI,2025-06-01,0.0,0.08788120315509333
DNK,2025-06-01,0.0,0.08788120315509333
DOM,2025-06-01,0.0,0.08788120315509333
DZA,2025-06-01,0.0,0.08788120315509333
ECU,2025-06-01,0.0,0.08788120315509333
EGY,2025-06-01,0.0,0.08788120315509333
ERI,2025-06-01,0.0,0.08788120315509333
ESP,2025-06-01,0.0,0.08788120315509333
EST,2025-06-01,0.0,0.08788120315509333
ETH,2025-06-01,1.0,0.789586901013992
FIN,2025-06-01,0.0,0.08788120315509333
FJI,2025-06-01,0.0,0.08788120315509333
FRA,2025-06-01,0.0,0.08788120315509333
GAB,2025-06-01,0.0,0.08788120315509333
GBR,2025-06-01,0.0,0.08788120315509333
GEO,2025-06-01,0.0,0.08788120315509333
GHA,2025-06-01,0.0,0.789586901013992
GIN,2025-06-01,0.0,0.08788120315509333
GMB,2025-06-01,0.0,0.08788120315509333
GNB,2025-06-01,0.0,0.08788120315509333
GNQ,2025-06-01,0.0,0.08788120315509333
GRC,2025-06-01,0.0,0.08788120315509333
GRD,2025-06-01,0.0,0.08788120315509333
GTM,2025-06-01,0.0,0.08788120315509333
GUY,2025-06-01,0.0,0.08788120315509333
HND,2025-06-01,0.0,0.08788120315509333
HRV,2025-06-01,0.0,0.08788120315509333
HUN,2025-06-01,0.0,0.08788120315509333
IDN,2025-06-01,0.0,0.789586901013992
IND,2025-06-01,0.0,0.789586901013992
IRL,2025-06-01,0.0,0.08788120315509333
IRN,2025-06-01,0.0,0.6234454994660181
IRQ,2025-06-01,0.0,0.789586901013992
ISL,2025-06-01,0.0,0.08788120315509333
ISR,2025-06-01,0.0,0.8579425188243899
ITA,2025-06-01,0.0,0.08788120315509333
JAM,2025-06-01,0.0,0.08788120315509333
JOR,2025-06-01,0.0,0.08788120315509333
JPN,2025-06-01,0.0,0.08788120315509333
KAZ,2025-06-01,0.0,0.08788120315509333
KEN,2025-06-01,0.0,0.08788120315509333
KGZ,2025-06-01,0.0,0.08788120315509333
KHM,2025-06-01,1.0,0.08788120315509333
KOR,2025-06-01,0.0,0.08788120315509333
KWT,2025-06-01,0.0,0.08788120315509333
LAO,2025-06-01,0.0,0.08788120315509333
LBN,2025-06-01,0.0,0.789586901013992
LBR,2025-06-01,0.0,0.08788120315509333
LBY,2025-06-01,0.0,0.789586901013992
LKA,2025-06-01,0.0,0.08788120315509333
LSO,2025-06-01,0.0,0.08788120315509333
LTU,2025-06-01,0.0,0.08788120315509333
LUX,2025-06-01,0.0,0.08788120315509333
LVA,2025-06-01,0.0,0.08788120315509333
MAR,2025-06-01,0.0,0.08788120315509333
MDA,2025-06-01,0.0,0.08788120315509333
MDG,2025-06-01,0.0,0.08788120315509333
MDV,2025-06-01,0.0,0.08788120315509333
MEX,2025-06-01,0.0,0.789586901013992
MKD,2025-06-01,0.0,0.08788120315509333
MLI,2025-06-01,0.0,0.789586901013992
MLT,2025-06-01,0.0,0.08788120315509333
MMR,2025-06-01,0.0,0.789586901013992
MNE,2025-06-01,0.0,0.08788120315509333
MNG,2025-06-01,0.0,0.08788120315509333
MOZ,2025-06-01,1.0,0.789586901013992
MRT,2025-06-01,0.0,0.08788120315509333
MUS,2025-06-01,0.0,0.08788120315509333
MWI,2025-06-01,0.0,0.08788120315509333
MYS,2025-06-01,0.0,0.08788120315509333
NAM,2025-06-01,0.0,0.08788120315509333
NIC,2025-06-01,0.0,0.08788120315509333
NLD,2025-06-01,0.0,0.08788120315509333
NOR,2025-06-01,0.0,0.08788120315509333
NPL,2025-06-01,0.0,0.08788120315509333
NZL,2025-06-01,0.0,0.08788120315509333
OMN,2025-06-01,0.0,0.08788120315509333
PAK,2025-06-01,1.0,0.789586901013992
PAN,2025-06-01,0.0,0.08788120315509333
PER,2025-06-01,0.0,0.08788120315509333
PHL,2025-06-01,0.0,0.789586901013992
PNG,2025-06-01,0.0,0.789586901013992
POL,2025-06-01,0.0,0.08788120315509333
PRK,2025-06-01,0.0,0.08788120315509333
PRT,2025-06-01,0.0,0.08788120315509333
PRY,2025-06-01,0.0,0.08788120315509333
QAT,2025-06-01,0.0,0.08788120315509333
ROU,2025-06-01,0.0,0.08788120315509333
RUS,2025-06-01,0.0,0.789586901013992
RWA,2025-06-01,0.0,0.08788120315509333
SAU,2025-06-01,0.0,0.08788120315509333
SEN,2025-06-01,0.0,0.08788120315509333
SGP,2025-06-01,0.0,0.08788120315509333
SLB,2025-06-01,0.0,0.08788120315509333
SLE,2025-06-01,0.0,0.08788120315509333
SLV,2025-06-01,0.0,0.08788120315509333
SRB,2025-06-01,0.0,0.08788120315509333
STP,2025-06-01,0.0,0.08788120315509333
SVK,2025-06-01,0.0,0.08788120315509333
SVN,2025-06-01,0.0,0.08788120315509333
SWE,2025-06-01,0.0,0.08788120315509333
SWZ,2025-06-01,0.0,0.08788120315509333
SYC,2025-06-01,0.0,0.08788120315509333
SYR,2025-06-01,0.0,0.789586901013992
TCD,2025-06-01,0.0,0.08788120315509333
TGO,2025-06-01,0.0,0.08788120315509333
THA,2025-06-01,1.0,0.08788120315509333
TJK,2025-06-01,0.0,0.08788120315509333
TKM,2025-06-01,0.0,0.08788120315509333
TLS,2025-06-01,0.0,0.08788120315509333
TON,2025-06-01,0.0,0.08788120315509333
TTO,2025-06-01,0.0,0.08788120315509333
TUN,2025-06-01,0.0,0.08788120315509333
TUR,2025-06-01,0.0,0.08788120315509333
TZA,2025-06-01,0.0,0.08788120315509333
UGA,2025-06-01,0.0,0.789586901013992
UKR,2025-06-01,0.0,0.789586901013992
URY,2025-06-01,0.0,0.08788120315509333
USA,2025-06-01,0.0,0.08788120315509333
UZB,2025-06-01,0.0,0.08788120315509333
VEN,2025-06-01,0.0,0.08788120315509333
VNM,2025-06-01,0.0,0.08788120315509333
VUT,2025-06-01,0.0,0.08788120315509333
WSM,2025-06-01,0.0,0.08788120315509333
YEM,2025-06-01,0.0,0.7004009196720409
ZAF,2025-06-01,0.0,0.08788120315509333
ZMB,2025-06-01,0.0,0.08788120315509333
ZWE,2025-06-01,0.0,0.08788120315509333
AFG,2025-07-01,0.0,0.7884122353984244
AGO,2025-07-01,0.0,0.10566206401424376
ALB,2025-07-01,0.0,0.10566206401424376
ARE,2025-07-01,0.0,0.10566206401424376
ARG,2025-07-01,0.0,0.10566206401424376
ARM,2025-07-01,0.0,0.10566206401424376
AUS,2025-07-01,0.0,0.10566206401424376
AUT,2025-07-01,0.0,0.10566206401424376
AZE,2025-07-01,0.0,0.10566206401424376
BDI,2025-07-01,0.0,0.10566206401424376
BEL,2025-07-01,0.0,0.10566206401424376
BEN,2025-07-01,0.0,0.7884122353984244
BGD,2025-07-01,0.0,0.7884122353984244
BGR,2025-07-01,0.0,0.10566206401424376
BHR,2025-07-01,0.0,0.10566206401424376
BHS,2025-07-01,0.0,0.10566206401424376
BIH,2025-07-01,0.0,0.10566206401424376
BLR,2025-07-01,0.0,0.10566206401424376
BLZ,2025-07-01,0.0,0.10566206401424376
BOL,2025-07-01,0.0,0.10566206401424376
BRA,2025-07-01,0.0,0.10566206401424376
BRB,2025-07-01,0.0,0.10566206401424376
BRN,2025-07-01,0.0,0.10566206401424376
BTN,2025-07-01,0.0,0.10566206401424376
BWA,2025-07-01,0.0,0.10566206401424376
CAF,2025-07-01,0.0,0.7884122353984244
CAN,2025-07-01,0.0,0.10566206401424376
CHE,2025-07-01,0.0,0.10566206401424376
CHL,2025-07-01,0.0,0.10566206401424376
CHN,2025-07-01,0.0,0.10566206401424376
CIV,2025-07-01,0.0,0.10566206401424376
CMR,2025-07-01,0.0,0.7884122353984244
COL,2025-07-01,0.0,0.7884122353984244
COM,2025-07-01,0.0,0.10566206401424376
CRI,2025-07-01,0.0,0.10566206401424376
CUB,2025-07-01,0.0,0.10566206401424376
CYP,2025-07-01,0.0,0.10566206401424376
CZE,2025-07-01,0.0,0.10566206401424376
DEU,2025-07-01,0.0,0.10566206401424376
DJI,2025-07-01,0.0,0.10566206401424376
DNK,2025-07-01,0.0,0.10566206401424376
DOM,2025-07-01,0.0,0.10566206401424376
DZA,2025-07-01,0.0,0.10566206401424376
ECU,2025-07-01,0.0,0.10566206401424376
EGY,2025-07-01,0.0,0.10566206401424376
ERI,2025-07-01,0.0,0.10566206401424376
ESP,2025-07-01,0.0,0.10566206401424376
EST,2025-07-01,0.0,0.10566206401424376
FIN,2025-07-01,0.0,0.10566206401424376
FJI,2025-07-01,0.0,0.10566206401424376
FRA,2025-07-01,0.0,0.10566206401424376
GAB,2025-07-01,0.0,0.10566206401424376
GBR,2025-07-01,0.0,0.10566206401424376
GEO,2025-07-01,0.0,0.10566206401424376
GHA,2025-07-01,0.0,0.7884122353984244
GIN,2025-07-01,0.0,0.10566206401424376
GMB,2025-07-01,0.0,0.10566206401424376
GNB,2025-07-01,0.0,0.10566206401424376
GNQ,2025-07-01,0.0,0.10566206401424376
GRC,2025-07-01,0.0,0.10566206401424376
GRD,2025-07-01,0.0,0.10566206401424376
GTM,2025-07-01,0.0,0.10566206401424376
GUY,2025-07-01,0.0,0.10566206401424376
HND,2025-07-01,0.0,0.10566206401424376
HRV,2025-07-01,0.0,0.10566206401424376
HTI,2025-07-01,1.0,0.7884122353984244
HUN,2025-07-01,0.0,0.10566206401424376
IDN,2025-07-01,0.0,0.10566206401424376
IND,2025-07-01,0.0,0.7884122353984244
IRL,2025-07-01,0.0,0.10566206401424376
IRN,2025-07-01,0.0,0.6970975188039431
IRQ,2025-07-01,0.0,0.10566206401424376
ISL,2025-07-01,0.0,0.10566206401424376
ISR,2025-07-01,0.0,0.7884122353984244
ITA,2025-07-01,0.0,0.10566206401424376
JAM,2025-07-01,0.0,0.10566206401424376
JOR,2025-07-01,0.0,0.10566206401424376
JPN,2025-07-01,0.0,0.10566206401424376
KAZ,2025-07-01,0.0,0.10566206401424376
KEN,2025-07-01,0.0,0.8508785005635968
KGZ,2025-07-01,0.0,0.10566206401424376
KHM,2025-07-01,0.0,0.20190576719517545
KOR,2025-07-01,0.0,0.10566206401424376
KWT,2025-07-01,0.0,0.10566206401424376
LAO,2025-07-01,0.0,0.10566206401424376
LBN,2025-07-01,0.0,0.7884122353984244
LBR,2025-07-01,0.0,0.10566206401424376
LBY,2025-07-01,0.0,0.7884122353984244
LKA,2025-07-01,0.0,0.10566206401424376
LSO,2025-07-01,0.0,0.10566206401424376
LTU,2025-07-01,0.0,0.10566206401424376
LUX,2025-07-01,0.0,0.10566206401424376
LVA,2025-07-01,0.0,0.10566206401424376
MAR,2025-07-01,0.0,0.10566206401424376
MDA,2025-07-01,0.0,0.10566206401424376
MDG,2025-07-01,0.0,0.10566206401424376
MDV,2025-07-01,0.0,0.10566206401424376
MEX,2025-07-01,0.0,0.7884122353984244
MKD,2025-07-01,0.0,0.10566206401424376
MLI,2025-07-01,0.0,0.7884122353984244
MLT,2025-07-01,0.0,0.10566206401424376
MMR,2025-07-01,0.0,0.7884122353984244
MNE,2025-07-01,0.0,0.10566206401424376
MNG,2025-07-01,0.0,0.10566206401424376
MRT,2025-07-01,0.0,0.10566206401424376
MUS,2025-07-01,0.0,0.10566206401424376
MWI,2025-07-01,0.0,0.10566206401424376
MYS,2025-07-01,0.0,0.10566206401424376
NAM,2025-07-01,0.0,0.10566206401424376
NIC,2025-07-01,0.0,0.10566206401424376
NLD,2025-07-01,0.0,0.10566206401424376
NOR,2025-07-01,0.0,0.10566206401424376
NPL,2025-07-01,0.0,0.10566206401424376
NZL,2025-07-01,0.0,0.10566206401424376
OMN,2025-07-01,0.0,0.10566206401424376
PAK,2025-07-01,1.0,0.7884122353984244
PAN,2025-07-01,0.0,0.10566206401424376
PER,2025-07-01,0.0,0.10566206401424376
PHL,2025-07-01,0.0,0.7884122353984244
PNG,2025-07-01,0.0,0.8288729900421385
POL,2025-07-01,0.0,0.10566206401424376
PRK,2025-07-01,0.0,0.10566206401424376
PRT,2025-07-01,0.0,0.10566206401424376
PRY,2025-07-01,0.0,0.10566206401424376
QAT,2025-07-01,0.0,0.10566206401424376
ROU,2025-07-01,0.0,0.10566206401424376
RUS,2025-07-01,0.0,0.8288729900421385
RWA,2025-07-01,0.0,0.10566206401424376
SAU,2025-07-01,0.0,0.10566206401424376
SEN,2025-07-01,0.0,0.10566206401424376
SGP,2025-07-01,0.0,0.10566206401424376
SLB,2025-07-01,0.0,0.10566206401424376
SLE,2025-07-01,0.0,0.10566206401424376
SLV,2025-07-01,0.0,0.10566206401424376
SRB,2025-07-01,0.0,0.10566206401424376
STP,2025-07-01,0.0,0.10566206401424376
SVK,2025-07-01,0.0,0.10566206401424376
SVN,2025-07-01,0.0,0.10566206401424376
SWE,2025-07-01,0.0,0.10566206401424376
SWZ,2025-07-01,0.0,0.10566206401424376
SYC,2025-07-01,0.0,0.10566206401424376
SYR,2025-07-01,0.0,0.10566206401424376
TCD,2025-07-01,0.0,0.7884122353984244
TGO,2025-07-01,0.0,0.10566206401424376
THA,2025-07-01,0.0,0.8508785005635968
TJK,2025-07-01,0.0,0.10566206401424376
TKM,2025-07-01,0.0,0.10566206401424376
TLS,2025-07-01,0.0,0.10566206401424376
TON,2025-07-01,0.0,0.10566206401424376
TTO,2025-07-01,0.0,0.10566206401424376
TUN,2025-07-01,0.0,0.10566206401424376
TUR,2025-07-01,0.0,0.10566206401424376
TZA,2025-07-01,0.0,0.10566206401424376
UGA,2025-07-01,0.0,0.7884122353984244
UKR,2025-07-01,0.0,0.7884122353984244
URY,2025-07-01,0.0,0.10566206401424376
USA,2025-07-01,0.0,0.10566206401424376
UZB,2025-07-01,0.0,0.10566206401424376
VEN,2025-07-01,0.0,0.10566206401424376
VNM,2025-07-01,0.0,0.10566206401424376
VUT,2025-07-01,0.0,0.10566206401424376
WSM,2025-07-01,0.0,0.10566206401424376
YEM,2025-07-01,0.0,0.7884122353984244
ZAF,2025-07-01,0.0,0.10566206401424376
ZMB,2025-07-01,0.0,0.10566206401424376
ZWE,2025-07-01,0.0,0.10566206401424376
AFG,2025-08-01,1.0,0.7887031386131734
AGO,2025-08-01,0.0,0.11601692863367573
ALB,2025-08-01,0.0,0.11601692863367573
ARE,2025-08-01,0.0,0.11601692863367573
ARG,2025-08-01,0.0,0.11601692863367573
ARM,2025-08-01,0.0,0.11601692863367573
AUS,2025-08-01,0.0,0.11601692863367573
AUT,2025-08-01,0.0,0.11601692863367573
AZE,2025-08-01,0.0,0.11601692863367573
BDI,2025-08-01,0.0,0.11601692863367573
BEL,2025-08-01,0.0,0.11601692863367573
BEN,2025-08-01,0.0,0.7887031386131734
BGD,2025-08-01,0.0,0.7887031386131734
BGR,2025-08-01,0.0,0.11601692863367573
BHR,2025-08-01,0.0,0.11601692863367573
BHS,2025-08-01,0.0,0.11601692863367573
BIH,2025-08-01,0.0,0.11601692863367573
BLR,2025-08-01,0.0,0.11601692863367573
BLZ,2025-08-01,0.0,0.11601692863367573
BOL,2025-08-01,0.0,0.11601692863367573
BRA,2025-08-01,0.0,0.11601692863367573
BRB,2025-08-01,0.0,0.11601692863367573
BRN,2025-08-01,0.0,0.11601692863367573
BTN,2025-08-01,0.0,0.11601692863367573
BWA,2025-08-01,0.0,0.11601692863367573
CAF,2025-08-01,0.0,0.7887031386131734
CAN,2025-08-01,0.0,0.11601692863367573
CHE,2025-08-01,0.0,0.11601692863367573
CHL,2025-08-01,0.0,0.11601692863367573
CHN,2025-08-01,0.0,0.11601692863367573
CIV,2025-08-01,0.0,0.8505555874573583
CMR,2025-08-01,0.0,0.7887031386131734
COL,2025-08-01,0.0,0.7887031386131734
COM,2025-08-01,0.0,0.11601692863367573
CRI,2025-08-01,0.0,0.11601692863367573
CUB,2025-08-01,0.0,0.11601692863367573
CYP,2025-08-01,0.0,0.11601692863367573
CZE,2025-08-01,0.0,0.11601692863367573
DEU,2025-08-01,0.0,0.11601692863367573
DJI,2025-08-01,0.0,0.11601692863367573
DNK,2025-08-01,0.0,0.11601692863367573
DOM,2025-08-01,0.0,0.11601692863367573
DZA,2025-08-01,0.0,0.11601692863367573
ECU,2025-08-01,0.0,0.11601692863367573
EGY,2025-08-01,0.0,0.11601692863367573
ERI,2025-08-01,0.0,0.11601692863367573
ESP,2025-08-01,0.0,0.11601692863367573
EST,2025-08-01,0.0,0.11601692863367573
FIN,2025-08-01,0.0,0.11601692863367573
FJI,2025-08-01,0.0,0.11601692863367573
FRA,2025-08-01,0.0,0.11601692863367573
GAB,2025-08-01,0.0,0.11601692863367573
GBR,2025-08-01,0.0,0.11601692863367573
GEO,2025-08-01,0.0,0.11601692863367573
GHA,2025-08-01,0.0,0.8505555874573583
GIN,2025-08-01,0.0,0.11601692863367573
GMB,2025-08-01,0.0,0.11601692863367573
GNB,2025-08-01,0.0,0.11601692863367573
GNQ,2025-08-01,0.0,0.11601692863367573
GRC,2025-08-01,0.0,0.11601692863367573
GRD,2025-08-01,0.0,0.11601692863367573
GTM,2025-08-01,0.0,0.11601692863367573
GUY,2025-08-01,0.0,0.11601692863367573
HND,2025-08-01,0.0,0.11601692863367573
HRV,2025-08-01,0.0,0.11601692863367573
HTI,2025-08-01,1.0,0.7887031386131734
HUN,2025-08-01,0.0,0.11601692863367573
IDN,2025-08-01,0.0,0.11601692863367573
IND,2025-08-01,0.0,0.7887031386131734
IRL,2025-08-01,0.0,0.11601692863367573
IRN,2025-08-01,0.0,0.7548907735989198
IRQ,2025-08-01,0.0,0.11601692863367573
ISL,2025-08-01,0.0,0.11601692863367573
ISR,2025-08-01,0.0,0.7887031386131734
ITA,2025-08-01,0.0,0.11601692863367573
JAM,2025-08-01,0.0,0.11601692863367573
JOR,2025-08-01,0.0,0.11601692863367573
JPN,2025-08-01,0.0,0.11601692863367573
KAZ,2025-08-01,0.0,0.11601692863367573
KEN,2025-08-01,0.0,0.8505555874573583
KGZ,2025-08-01,0.0,0.11601692863367573
KHM,2025-08-01,0.0,0.0004641829573260627
KOR,2025-08-01,0.0,0.11601692863367573
KWT,2025-08-01,0.0,0.11601692863367573
LAO,2025-08-01,0.0,0.11601692863367573
LBN,2025-08-01,0.0,0.7887031386131734
LBR,2025-08-01,0.0,0.11601692863367573
LBY,2025-08-01,0.0,0.7887031386131734
LKA,2025-08-01,0.0,0.11601692863367573
LSO,2025-08-01,0.0,0.11601692863367573
LTU,2025-08-01,0.0,0.11601692863367573
LUX,2025-08-01,0.0,0.11601692863367573
LVA,2025-08-01,0.0,0.11601692863367573
MAR,2025-08-01,0.0,0.11601692863367573
MDA,2025-08-01,0.0,0.11601692863367573
MDG,2025-08-01,0.0,0.11601692863367573
MDV,2025-08-01,0.0,0.11601692863367573
MEX,2025-08-01,0.0,0.7887031386131734
MKD,2025-08-01,0.0,0.11601692863367573
MLI,2025-08-01,0.0,0.7887031386131734
MLT,2025-08-01,0.0,0.11601692863367573
MMR,2025-08-01,0.0,0.7887031386131734
MNE,2025-08-01,0.0,0.11601692863367573
MNG,2025-08-01,0.0,0.11601692863367573
MRT,2025-08-01,0.0,0.11601692863367573
MUS,2025-08-01,0.0,0.11601692863367573
MWI,2025-08-01,0.0,0.11601692863367573
MYS,2025-08-01,0.0,0.11601692863367573
NAM,2025-08-01,0.0,0.11601692863367573
NER,2025-08-01,0.0,0.7887031386131734
NIC,2025-08-01,0.0,0.11601692863367573
NLD,2025-08-01,0.0,0.11601692863367573
NOR,2025-08-01,0.0,0.11601692863367573
NPL,2025-08-01,0.0,0.11601692863367573
NZL,2025-08-01,0.0,0.11601692863367573
OMN,2025-08-01,0.0,0.11601692863367573
PAK,2025-08-01,1.0,0.8505555874573583
PAN,2025-08-01,0.0,0.11601692863367573
PER,2025-08-01,0.0,0.11601692863367573
PHL,2025-08-01,0.0,0.7887031386131734
PNG,2025-08-01,0.0,0.11601692863367573
POL,2025-08-01,0.0,0.11601692863367573
PRK,2025-08-01,0.0,0.11601692863367573
PRT,2025-08-01,0.0,0.11601692863367573
PRY,2025-08-01,0.0,0.11601692863367573
QAT,2025-08-01,0.0,0.11601692863367573
ROU,2025-08-01,0.0,0.11601692863367573
RUS,2025-08-01,0.0,0.7887031386131734
RWA,2025-08-01,0.0,0.11601692863367573
SAU,2025-08-01,0.0,0.11601692863367573
SEN,2025-08-01,0.0,0.11601692863367573
SGP,2025-08-01,0.0,0.11601692863367573
SLB,2025-08-01,0.0,0.11601692863367573
SLE,2025-08-01,0.0,0.11601692863367573
SLV,2025-08-01,0.0,0.11601692863367573
SRB,2025-08-01,0.0,0.11601692863367573
STP,2025-08-01,0.0,0.11601692863367573
SVK,2025-08-01,0.0,0.11601692863367573
SVN,2025-08-01,0.0,0.11601692863367573
SWE,2025-08-01,0.0,0.11601692863367573
SWZ,2025-08-01,0.0,0.11601692863367573
SYC,2025-08-01,0.0,0.11601692863367573
SYR,2025-08-01,1.0,0.11601692863367573
TCD,2025-08-01,0.0,0.7887031386131734
TGO,2025-08-01,0.0,0.11601692863367573
THA,2025-08-01,0.0,0.7887031386131734
TJK,2025-08-01,0.0,0.11601692863367573
TKM,2025-08-01,0.0,0.11601692863367573
TLS,2025-08-01,0.0,0.11601692863367573
TON,2025-08-01,0.0,0.11601692863367573
TTO,2025-08-01,0.0,0.11601692863367573
TUN,2025-08-01,0.0,0.11601692863367573
TUR,2025-08-01,0.0,0.11601692863367573
TZA,2025-08-01,0.0,0.11601692863367573
UGA,2025-08-01,0.0,0.7887031386131734
UKR,2025-08-01,0.0,0.7887031386131734
URY,2025-08-01,0.0,0.11601692863367573
USA,2025-08-01,0.0,0.11601692863367573
UZB,2025-08-01,0.0,0.11601692863367573
VEN,2025-08-01,0.0,0.11601692863367573
VNM,2025-08-01,0.0,0.11601692863367573
VUT,2025-08-01,0.0,0.11601692863367573
WSM,2025-08-01,0.0,0.11601692863367573
YEM,2025-08-01,0.0,0.7887031386131734
ZAF,2025-08-01,0.0,0.11601692863367573
ZMB,2025-08-01,0.0,0.11601692863367573
ZWE,2025-08-01,0.0,0.11601692863367573
AFG,2025-09-01,1.0,0.7893800269009702
AGO,2025-09-01,0.0,0.11291142509420839
ALB,2025-09-01,0.0,0.11291142509420839
ARE,2025-09-01,0.0,0.11291142509420839
ARG,2025-09-01,0.0,0.11291142509420839
ARM,2025-09-01,0.0,0.11291142509420839
AUS,2025-09-01,0.0,0.11291142509420839
AUT,2025-09-01,0.0,0.11291142509420839
AZE,2025-09-01,0.0,0.11291142509420839
BDI,2025-09-01,0.0,0.11291142509420839
BEL,2025-09-01,0.0,0.11291142509420839
BEN,2025-09-01,0.0,0.7893800269009702
BFA,2025-09-01,0.0,0.7893800269009702
BGD,2025-09-01,0.0,0.8144096759992554
BGR,2025-09-01,0.0,0.11291142509420839
BHR,2025-09-01,0.0,0.11291142509420839
BHS,2025-09-01,0.0,0.11291142509420839
BIH,2025-09-01,0.0,0.11291142509420839
BLR,2025-09-01,0.0,0.11291142509420839
BLZ,2025-09-01,0.0,0.11291142509420839
BOL,2025-09-01,0.0,0.11291142509420839
BRA,2025-09-01,0.0,0.11291142509420839
BRB,2025-09-01,0.0,0.11291142509420839
BRN,2025-09-01,0.0,0.11291142509420839
BTN,2025-09-01,0.0,0.11291142509420839
BWA,2025-09-01,0.0,0.11291142509420839
CAF,2025-09-01,0.0,0.7893800269009702
CAN,2025-09-01,0.0,0.11291142509420839
CHE,2025-09-01,0.0,0.11291142509420839
CHL,2025-09-01,0.0,0.11291142509420839
CHN,2025-09-01,0.0,0.11291142509420839
CIV,2025-09-01,0.0,0.7893800269009702
CMR,2025-09-01,0.0,0.7893800269009702
COL,2025-09-01,0.0,0.11291142509420839
COM,2025-09-01,0.0,0.11291142509420839
CRI,2025-09-01,0.0,0.11291142509420839
CUB,2025-09-01,0.0,0.11291142509420839
CYP,2025-09-01,0.0,0.11291142509420839
CZE,2025-09-01,0.0,0.11291142509420839
DEU,2025-09-01,0.0,0.11291142509420839
DJI,2025-09-01,0.0,0.11291142509420839
DNK,2025-09-01,0.0,0.11291142509420839
DOM,2025-09-01,0.0,0.11291142509420839
DZA,2025-09-01,0.0,0.11291142509420839
ECU,2025-09-01,0.0,0.11291142509420839
EGY,2025-09-01,0.0,0.11291142509420839
ERI,2025-09-01,0.0,0.11291142509420839
ESP,2025-09-01,0.0,0.11291142509420839
EST,2025-09-01,0.0,0.11291142509420839
FIN,2025-09-01,0.0,0.11291142509420839
FJI,2025-09-01,0.0,0.11291142509420839
FRA,2025-09-01,0.0,0.11291142509420839
GAB,2025-09-01,0.0,0.11291142509420839
GBR,2025-09-01,0.0,0.11291142509420839
GEO,2025-09-01,0.0,0.11291142509420839
GHA,2025-09-01,0.0,0.7893800269009702
GIN,2025-09-01,0.0,0.11291142509420839
GMB,2025-09-01,0.0,0.11291142509420839
GNB,2025-09-01,0.0,0.11291142509420839
GNQ,2025-09-01,0.0,0.11291142509420839
GRC,2025-09-01,0.0,0.11291142509420839
GRD,2025-09-01,0.0,0.11291142509420839
GTM,2025-09-01,0.0,0.11291142509420839
GUY,2025-09-01,0.0,0.11291142509420839
HND,2025-09-01,0.0,0.11291142509420839
HRV,2025-09-01,0.0,0.11291142509420839
HUN,2025-09-01,0.0,0.11291142509420839
IDN,2025-09-01,0.0,0.11291142509420839
IND,2025-09-01,0.0,0.7893800269009702
IRL,2025-09-01,0.0,0.11291142509420839
IRN,2025-09-01,0.0,0.7893800269009702
IRQ,2025-09-01,0.0,0.11291142509420839
ISL,2025-09-01,0.0,0.11291142509420839
ISR,2025-09-01,0.0,0.7893800269009702
ITA,2025-09-01,0.0,0.11291142509420839
JAM,2025-09-01,0.0,0.11291142509420839
JOR,2025-09-01,0.0,0.11291142509420839
JPN,2025-09-01,0.0,0.11291142509420839
KAZ,2025-09-01,0.0,0.11291142509420839
KEN,2025-09-01,0.0,0.7893800269009702
KGZ,2025-09-01,0.0,0.11291142509420839
KHM,2025-09-01,0.0,0.11291142509420839
KOR,2025-09-01,0.0,0.11291142509420839
KWT,2025-09-01,0.0,0.11291142509420839
LAO,2025-09-01,0.0,0.11291142509420839
LBN,2025-09-01,0.0,0.7893800269009702
LBR,2025-09-01,0.0,0.11291142509420839
LBY,2025-09-01,0.0,0.7893800269009702
LKA,2025-09-01,0.0,0.11291142509420839
LSO,2025-09-01,0.0,0.11291142509420839
LTU,2025-09-01,0.0,0.11291142509420839
LUX,2025-09-01,0.0,0.11291142509420839
LVA,2025-09-01,0.0,0.11291142509420839
MAR,2025-09-01,0.0,0.11291142509420839
MDA,2025-09-01,0.0,0.11291142509420839
MDG,2025-09-01,0.0,0.11291142509420839
MDV,2025-09-01,0.0,0.11291142509420839
MEX,2025-09-01,0.0,0.7893800269009702
MKD,2025-09-01,0.0,0.11291142509420839
MLI,2025-09-01,0.0,0.7893800269009702
MLT,2025-09-01,0.0,0.11291142509420839
MMR,2025-09-01,0.0,0.11291142509420839
MNE,2025-09-01,0.0,0.11291142509420839
MNG,2025-09-01,0.0,0.11291142509420839
MRT,2025-09-01,0.0,0.11291142509420839
MUS,2025-09-01,0.0,0.11291142509420839
MWI,2025-09-01,0.0,0.11291142509420839
MYS,2025-09-01,0.0,0.11291142509420839
NAM,2025-09-01,0.0,0.11291142509420839
NER,2025-09-01,0.0,0.7893800269009702
NGA,2025-09-01,0.0,0.7893800269009702
NIC,2025-09-01,0.0,0.11291142509420839
NLD,2025-09-01,0.0,0.11291142509420839
NOR,2025-09-01,0.0,0.11291142509420839
NPL,2025-09-01,0.0,0.11291142509420839
NZL,2025-09-01,0.0,0.11291142509420839
OMN,2025-09-01,0.0,0.11291142509420839
PAK,2025-09-01,1.0,0.7893800269009702
PAN,2025-09-01,0.0,0.11291142509420839
PER,2025-09-01,0.0,0.11291142509420839
PHL,2025-09-01,0.0,0.7893800269009702
PNG,2025-09-01,0.0,0.8467423868189782
POL,2025-09-01,0.0,0.11291142509420839
PRK,2025-09-01,0.0,0.11291142509420839
PRT,2025-09-01,0.0,0.11291142509420839
PRY,2025-09-01,0.0,0.11291142509420839
QAT,2025-09-01,0.0,0.11291142509420839
ROU,2025-09-01,0.0,0.11291142509420839
RUS,2025-09-01,0.0,0.7893800269009702
RWA,2025-09-01,0.0,0.11291142509420839
SAU,2025-09-01,0.0,0.11291142509420839
SEN,2025-09-01,0.0,0.11291142509420839
SGP,2025-09-01,0.0,0.11291142509420839
SLB,2025-09-01,0.0,0.11291142509420839
SLE,2025-09-01,0.0,0.11291142509420839
SLV,2025-09-01,0.0,0.11291142509420839
SRB,2025-09-01,0.0,0.11291142509420839
STP,2025-09-01,0.0,0.11291142509420839
SVK,2025-09-01,0.0,0.11291142509420839
SVN,2025-09-01,0.0,0.11291142509420839
SWE,2025-09-01,0.0,0.11291142509420839
SWZ,2025-09-01,0.0,0.11291142509420839
SYC,2025-09-01,0.0,0.11291142509420839
SYR,2025-09-01,1.0,0.8467423868189782
TCD,2025-09-01,0.0,0.7893800269009702
TGO,2025-09-01,0.0,0.11291142509420839
THA,2025-09-01,0.0,0.7893800269009702
TJK,2025-09-01,0.0,0.11291142509420839
TKM,2025-09-01,0.0,0.11291142509420839
TLS,2025-09-01,0.0,0.11291142509420839
TON,2025-09-01,0.0,0.11291142509420839
TTO,2025-09-01,0.0,0.11291142509420839
TUN,2025-09-01,0.0,0.11291142509420839
TUR,2025-09-01,0.0,0.11291142509420839
TZA,2025-09-01,0.0,0.11291142509420839
UGA,2025-09-01,0.0,0.7893800269009702
UKR,2025-09-01,0.0,0.7893800269009702
URY,2025-09-01,0.0,0.11291142509420839
USA,2025-09-01,0.0,0.11291142509420839
UZB,2025-09-01,0.0,0.11291142509420839
VEN,2025-09-01,0.0,0.11291142509420839
VNM,2025-09-01,0.0,0.11291142509420839
VUT,2025-09-01,0.0,0.11291142509420839
WSM,2025-09-01,0.0,0.11291142509420839
YEM,2025-09-01,0.0,0.7893800269009702
ZAF,2025-09-01,0.0,0.11291142509420839
ZMB,2025-09-01,0.0,0.11291142509420839
ZWE,2025-09-01,0.0,0.11291142509420839
AFG,2025-10-01,0.0,0.8554291138027138
AGO,2025-10-01,0.0,0.11512349672852354
ALB,2025-10-01,0.0,0.11512349672852354
ARE,2025-10-01,0.0,0.11512349672852354
ARG,2025-10-01,0.0,0.11512349672852354
ARM,2025-10-01,0.0,0.11512349672852354
AUS,2025-10-01,0.0,0.11512349672852354
AUT,2025-10-01,0.0,0.11512349672852354
AZE,2025-10-01,0.0,0.11512349672852354
BDI,2025-10-01,0.0,0.11512349672852354
BEL,2025-10-01,0.0,0.11512349672852354
BEN,2025-10-01,0.0,0.7901864894839571
BFA,2025-10-01,0.0,0.7901864894839571
BGD,2025-10-01,0.0,0.7901864894839571
BGR,2025-10-01,0.0,0.11512349672852354
BHR,2025-10-01,0.0,0.11512349672852354
BHS,2025-10-01,0.0,0.11512349672852354
BIH,2025-10-01,0.0,0.11512349672852354
BLR,2025-10-01,0.0,0.11512349672852354
BLZ,2025-10-01,0.0,0.11512349672852354
BOL,2025-10-01,0.0,0.11512349672852354
BRA,2025-10-01,0.0,0.11512349672852354
BRB,2025-10-01,0.0,0.11512349672852354
BRN,2025-10-01,0.0,0.11512349672852354
BTN,2025-10-01,0.0,0.11512349672852354
BWA,2025-10-01,0.0,0.11512349672852354
CAF,2025-10-01,0.0,0.7901864894839571
CAN,2025-10-01,0.0,0.11512349672852354
CHE,2025-10-01,0.0,0.11512349672852354
CHL,2025-10-01,0.0,0.11512349672852354
CHN,2025-10-01,0.0,0.11512349672852354
CIV,2025-10-01,0.0,0.7901864894839571
CMR,2025-10-01,0.0,0.7901864894839571
COL,2025-10-01,0.0,0.11512349672852354
COM,2025-10-01,0.0,0.11512349672852354
CRI,2025-10-01,0.0,0.11512349672852354
CUB,2025-10-01,0.0,0.11512349672852354
CYP,2025-10-01,0.0,0.11512349672852354
CZE,2025-10-01,0.0,0.11512349672852354
DEU,2025-10-01,0.0,0.11512349672852354
DJI,2025-10-01,0.0,0.11512349672852354
DNK,2025-10-01,0.0,0.11512349672852354
DOM,2025-10-01,0.0,0.11512349672852354
DZA,2025-10-01,0.0,0.11512349672852354
ECU,2025-10-01,0.0,0.11512349672852354
EGY,2025-10-01,0.0,0.11512349672852354
ERI,2025-10-01,0.0,0.11512349672852354
ESP,2025-10-01,0.0,0.11512349672852354
EST,2025-10-01,0.0,0.11512349672852354
FIN,2025-10-01,0.0,0.11512349672852354
FJI,2025-10-01,0.0,0.11512349672852354
FRA,2025-10-01,0.0,0.11512349672852354
GAB,2025-10-01,0.0,0.11512349672852354
GBR,2025-10-01,0.0,0.11512349672852354
GEO,2025-10-01,0.0,0.11512349672852354
GHA,2025-10-01,0.0,0.7901864894839571
GIN,2025-10-01,0.0,0.11512349672852354
GMB,2025-10-01,0.0,0.11512349672852354
GNB,2025-10-01,0.0,0.11512349672852354
GNQ,2025-10-01,0.0,0.11512349672852354
GRC,2025-10-01,0.0,0.11512349672852354
GRD,2025-10-01,0.0,0.11512349672852354
GTM,2025-10-01,0.0,0.11512349672852354
GUY,2025-10-01,0.0,0.11512349672852354
HND,2025-10-01,0.0,0.11512349672852354
HRV,2025-10-01,0.0,0.11512349672852354
HUN,2025-10-01,0.0,0.11512349672852354
IDN,2025-10-01,0.0,0.11512349672852354
IND,2025-10-01,0.0,0.7901864894839571
IRL,2025-10-01,0.0,0.11512349672852354
IRN,2025-10-01,0.0,0.7901864894839571
IRQ,2025-10-01,0.0,0.11512349672852354
ISL,2025-10-01,0.0,0.11512349672852354
ISR,2025-10-01,0.0,0.7901864894839571
ITA,2025-10-01,0.0,0.11512349672852354
JAM,2025-10-01,0.0,0.11512349672852354
JOR,2025-10-01,0.0,0.11512349672852354
JPN,2025-10-01,0.0,0.11512349672852354
KAZ,2025-10-01,0.0,0.11512349672852354
KEN,2025-10-01,0.0,0.7901864894839571
KGZ,2025-10-01,0.0,0.11512349672852354
KHM,2025-10-01,1.0,0.11512349672852354
KOR,2025-10-01,0.0,0.11512349672852354
KWT,2025-10-01,0.0,0.11512349672852354
LAO,2025-10-01,0.0,0.11512349672852354
LBN,2025-10-01,0.0,0.7901864894839571
LBR,2025-10-01,0.0,0.11512349672852354
LBY,2025-10-01,0.0,0.7901864894839571
LKA,2025-10-01,0.0,0.11512349672852354
LSO,2025-10-01,0.0,0.11512349672852354
LTU,2025-10-01,0.0,0.11512349672852354
LUX,2025-10-01,0.0,0.11512349672852354
LVA,2025-10-01,0.0,0.11512349672852354
MAR,2025-10-01,0.0,0.11512349672852354
MDA,2025-10-01,0.0,0.11512349672852354
MDG,2025-10-01,0.0,0.11512349672852354
MDV,2025-10-01,0.0,0.11512349672852354
MEX,2025-10-01,0.0,0.7901864894839571
MKD,2025-10-01,0.0,0.11512349672852354
MLI,2025-10-01,0.0,0.7901864894839571
MLT,2025-10-01,0.0,0.11512349672852354
MMR,2025-10-01,1.0,0.8554291138027138
MNE,2025-10-01,0.0,0.11512349672852354
MNG,2025-10-01,0.0,0.11512349672852354
MRT,2025-10-01,0.0,0.11512349672852354
MUS,2025-10-01,0.0,0.11512349672852354
MWI,2025-10-01,0.0,0.11512349672852354
MYS,2025-10-01,0.0,0.11512349672852354
NAM,2025-10-01,0.0,0.11512349672852354
NER,2025-10-01,0.0,0.7901864894839571
NGA,2025-10-01,0.0,0.7901864894839571
NIC,2025-10-01,0.0,0.11512349672852354
NLD,2025-10-01,0.0,0.11512349672852354
NOR,2025-10-01,0.0,0.11512349672852354
NPL,2025-10-01,0.0,0.11512349672852354
NZL,2025-10-01,0.0,0.11512349672852354
OMN,2025-10-01,0.0,0.11512349672852354
PAN,2025-10-01,0.0,0.11512349672852354
PER,2025-10-01,0.0,0.11512349672852354
PHL,2025-10-01,0.0,0.7901864894839571
PNG,2025-10-01,0.0,0.7901864894839571
POL,2025-10-01,0.0,0.11512349672852354
PRK,2025-10-01,0.0,0.11512349672852354
PRT,2025-10-01,0.0,0.11512349672852354
PRY,2025-10-01,0.0,0.11512349672852354
QAT,2025-10-01,0.0,0.11512349672852354
ROU,2025-10-01,0.0,0.11512349672852354
RUS,2025-10-01,0.0,0.7901864894839571
RWA,2025-10-01,0.0,0.11512349672852354
SAU,2025-10-01,0.0,0.11512349672852354
SEN,2025-10-01,0.0,0.11512349672852354
SGP,2025-10-01,0.0,0.11512349672852354
SLB,2025-10-01,0.0,0.11512349672852354
SLE,2025-10-01,0.0,0.11512349672852354
SLV,2025-10-01,0.0,0.11512349672852354
SRB,2025-10-01,0.0,0.11512349672852354
STP,2025-10-01,0.0,0.11512349672852354
SVK,2025-10-01,0.0,0.11512349672852354
SVN,2025-10-01,0.0,0.11512349672852354
SWE,2025-10-01,0.0,0.11512349672852354
SWZ,2025-10-01,0.0,0.11512349672852354
SYC,2025-10-01,0.0,0.11512349672852354
TCD,2025-10-01,0.0,0.7901864894839571
TGO,2025-10-01,0.0,0.11512349672852354
THA,2025-10-01,1.0,0.7901864894839571
TJK,2025-10-01,0.0,0.11512349672852354
TKM,2025-10-01,0.0,0.11512349672852354
TLS,2025-10-01,0.0,0.11512349672852354
TON,2025-10-01,0.0,0.11512349672852354
TTO,2025-10-01,0.0,0.11512349672852354
TUN,2025-10-01,0.0,0.11512349672852354
TUR,2025-10-01,0.0,0.11512349672852354
TZA,2025-10-01,0.0,0.11512349672852354
UGA,2025-10-01,0.0,0.7901864894839571
UKR,2025-10-01,0.0,0.8554291138027138
URY,2025-10-01,0.0,0.11512349672852354
USA,2025-10-01,0.0,0.11512349672852354
UZB,2025-10-01,0.0,0.11512349672852354
VEN,2025-10-01,0.0,0.11512349672852354
VNM,2025-10-01,0.0,0.11512349672852354
VUT,2025-10-01,0.0,0.11512349672852354
WSM,2025-10-01,0.0,0.11512349672852354
YEM,2025-10-01,0.0,0.7901864894839571
ZAF,2025-10-01,0.0,0.11512349672852354
ZMB,2025-10-01,0.0,0.11512349672852354
ZWE,2025-10-01,0.0,0.11512349672852354
AFG,2025-11-01,0.0,0.6829004060204185
AGO,2025-11-01,0.0,0.11357093804967912
ALB,2025-11-01,0.0,0.11357093804967912
ARE,2025-11-01,0.0,0.11357093804967912
ARG,2025-11-01,0.0,0.11357093804967912
ARM,2025-11-01,0.0,0.11357093804967912
AUS,2025-11-01,0.0,0.11357093804967912
AUT,2025-11-01,0.0,0.11357093804967912
AZE,2025-11-01,0.0,0.11357093804967912
BDI,2025-11-01,0.0,0.11357093804967912
BEL,2025-11-01,0.0,0.11357093804967912
BEN,2025-11-01,0.0,0.791385722789815
BFA,2025-11-01,0.0,0.791385722789815
BGD,2025-11-01,0.0,0.791385722789815
BGR,2025-11-01,0.0,0.11357093804967912
BHR,2025-11-01,0.0,0.11357093804967912
BHS,2025-11-01,0.0,0.11357093804967912
BIH,2025-11-01,0.0,0.11357093804967912
BLR,2025-11-01,0.0,0.11357093804967912
BLZ,2025-11-01,0.0,0.11357093804967912
BOL,2025-11-01,0.0,0.11357093804967912
BRA,2025-11-01,0.0,0.11357093804967912
BRB,2025-11-01,0.0,0.11357093804967912
BRN,2025-11-01,0.0,0.11357093804967912
BTN,2025-11-01,0.0,0.11357093804967912
BWA,2025-11-01,0.0,0.11357093804967912
CAF,2025-11-01,0.0,0.791385722789815
CAN,2025-11-01,0.0,0.11357093804967912
CHE,2025-11-01,0.0,0.11357093804967912
CHL,2025-11-01,0.0,0.11357093804967912
CHN,2025-11-01,0.0,0.11357093804967912
CIV,2025-11-01,0.0,0.791385722789815
CMR,2025-11-01,0.0,0.791385722789815
COL,2025-11-01,0.0,0.791385722789815
COM,2025-11-01,0.0,0.11357093804967912
CRI,2025-11-01,0.0,0.11357093804967912
CUB,2025-11-01,0.0,0.11357093804967912
CYP,2025-11-01,0.0,0.11357093804967912
CZE,2025-11-01,0.0,0.11357093804967912
DEU,2025-11-01,0.0,0.11357093804967912
DJI,2025-11-01,0.0,0.11357093804967912
DNK,2025-11-01,0.0,0.11357093804967912
DOM,2025-11-01,0.0,0.11357093804967912
DZA,2025-11-01,0.0,0.11357093804967912
ECU,2025-11-01,0.0,0.11357093804967912
EGY,2025-11-01,0.0,0.11357093804967912
ERI,2025-11-01,0.0,0.11357093804967912
ESP,2025-11-01,0.0,0.11357093804967912
EST,2025-11-01,0.0,0.11357093804967912
FIN,2025-11-01,0.0,0.11357093804967912
FJI,2025-11-01,0.0,0.11357093804967912
FRA,2025-11-01,0.0,0.11357093804967912
GAB,2025-11-01,0.0,0.11357093804967912
GBR,2025-11-01,0.0,0.11357093804967912
GEO,2025-11-01,0.0,0.11357093804967912
GHA,2025-11-01,0.0,0.791385722789815
GIN,2025-11-01,0.0,0.11357093804967912
GMB,2025-11-01,0.0,0.11357093804967912
GNB,2025-11-01,0.0,0.11357093804967912
GNQ,2025-11-01,0.0,0.11357093804967912
GRC,2025-11-01,0.0,0.11357093804967912
GRD,2025-11-01,0.0,0.11357093804967912
GTM,2025-11-01,0.0,0.11357093804967912
GUY,2025-11-01,0.0,0.11357093804967912
HND,2025-11-01,0.0,0.11357093804967912
HRV,2025-11-01,0.0,0.11357093804967912
HUN,2025-11-01,0.0,0.11357093804967912
IDN,2025-11-01,0.0,0.11357093804967912
IND,2025-11-01,0.0,0.791385722789815
IRL,2025-11-01,0.0,0.11357093804967912
IRN,2025-11-01,0.0,0.791385722789815
IRQ,2025-11-01,0.0,0.11357093804967912
ISL,2025-11-01,0.0,0.11357093804967912
ISR,2025-11-01,0.0,0.791385722789815
ITA,2025-11-01,0.0,0.11357093804967912
JAM,2025-11-01,0.0,0.11357093804967912
JOR,2025-11-01,0.0,0.11357093804967912
JPN,2025-11-01,0.0,0.11357093804967912
KAZ,2025-11-01,0.0,0.11357093804967912
KEN,2025-11-01,0.0,0.791385722789815
KGZ,2025-11-01,0.0,0.11357093804967912
KHM,2025-11-01,1.0,0.11357093804967912
KOR,2025-11-01,0.0,0.11357093804967912
KWT,2025-11-01,0.0,0.11357093804967912
LAO,2025-11-01,0.0,0.11357093804967912
LBN,2025-11-01,0.0,0.791385722789815
LBR,2025-11-01,0.0,0.11357093804967912
LBY,2025-11-01,0.0,0.791385722789815
LKA,2025-11-01,0.0,0.11357093804967912
LSO,2025-11-01,0.0,0.11357093804967912
LTU,2025-11-01,0.0,0.11357093804967912
LUX,2025-11-01,0.0,0.11357093804967912
LVA,2025-11-01,0.0,0.11357093804967912
MAR,2025-11-01,0.0,0.11357093804967912
MDA,2025-11-01,0.0,0.11357093804967912
MDG,2025-11-01,0.0,0.11357093804967912
MDV,2025-11-01,0.0,0.11357093804967912
MEX,2025-11-01,0.0,0.791385722789815
MKD,2025-11-01,0.0,0.11357093804967912
MLI,2025-11-01,0.0,0.791385722789815
MLT,2025-11-01,0.0,0.11357093804967912
MMR,2025-11-01,1.0,0.8656647541949234
MNE,2025-11-01,0.0,0.11357093804967912
MNG,2025-11-01,0.0,0.11357093804967912
MRT,2025-11-01,0.0,0.11357093804967912
MUS,2025-11-01,0.0,0.11357093804967912
MWI,2025-11-01,0.0,0.11357093804967912
MYS,2025-11-01,0.0,0.11357093804967912
NAM,2025-11-01,0.0,0.11357093804967912
NER,2025-11-01,0.0,0.791385722789815
NGA,2025-11-01,1.0,0.791385722789815
NIC,2025-11-01,0.0,0.11357093804967912
NLD,2025-11-01,0.0,0.11357093804967912
NOR,2025-11-01,0.0,0.11357093804967912
NPL,2025-11-01,0.0,0.11357093804967912
NZL,2025-11-01,0.0,0.11357093804967912
OMN,2025-11-01,0.0,0.11357093804967912
PAK,2025-11-01,0.0,0.791385722789815
PAN,2025-11-01,0.0,0.11357093804967912
PER,2025-11-01,0.0,0.11357093804967912
PHL,2025-11-01,0.0,0.791385722789815
PNG,2025-11-01,0.0,0.791385722789815
POL,2025-11-01,0.0,0.11357093804967912
PRK,2025-11-01,0.0,0.11357093804967912
PRT,2025-11-01,0.0,0.11357093804967912
PRY,2025-11-01,0.0,0.11357093804967912
QAT,2025-11-01,0.0,0.11357093804967912
ROU,2025-11-01,0.0,0.8656647541949234
RUS,2025-11-01,0.0,0.791385722789815
RWA,2025-11-01,0.0,0.11357093804967912
SAU,2025-11-01,0.0,0.11357093804967912
SEN,2025-11-01,0.0,0.11357093804967912
SGP,2025-11-01,0.0,0.11357093804967912
SLB,2025-11-01,0.0,0.11357093804967912
SLE,2025-11-01,0.0,0.11357093804967912
SLV,2025-11-01,0.0,0.11357093804967912
SOM,2025-11-01,0.0,0.791385722789815
SRB,2025-11-01,0.0,0.11357093804967912
STP,2025-11-01,0.0,0.11357093804967912
SVK,2025-11-01,0.0,0.11357093804967912
SVN,2025-11-01,0.0,0.11357093804967912
SWE,2025-11-01,0.0,0.11357093804967912
SWZ,2025-11-01,0.0,0.11357093804967912
SYC,2025-11-01,0.0,0.11357093804967912
TCD,2025-11-01,0.0,0.791385722789815
TGO,2025-11-01,0.0,0.11357093804967912
THA,2025-11-01,1.0,0.791385722789815
TJK,2025-11-01,0.0,0.11357093804967912
TKM,2025-11-01,0.0,0.11357093804967912
TLS,2025-11-01,0.0,0.11357093804967912
TON,2025-11-01,0.0,0.11357093804967912
TTO,2025-11-01,0.0,0.11357093804967912
TUN,2025-11-01,0.0,0.11357093804967912
TUR,2025-11-01,0.0,0.11357093804967912
TZA,2025-11-01,0.0,0.11357093804967912
UGA,2025-11-01,0.0,0.11357093804967912
UKR,2025-11-01,0.0,0.11357093804967912
URY,2025-11-01,0.0,0.11357093804967912
USA,2025-11-01,0.0,0.11357093804967912
UZB,2025-11-01,0.0,0.11357093804967912
VEN,2025-11-01,0.0,0.11357093804967912
VNM,2025-11-01,0.0,0.11357093804967912
VUT,2025-11-01,0.0,0.11357093804967912
WSM,2025-11-01,0.0,0.11357093804967912
YEM,2025-11-01,0.0,0.11357093804967912
ZAF,2025-11-01,0.0,0.11357093804967912
ZMB,2025-11-01,0.0,0.11357093804967912
ZWE,2025-11-01,0.0,0.11357093804967912
AFG,2025-12-01,0.0,0.7892783790762782
AGO,2025-12-01,0.0,0.11532531287885185
ALB,2025-12-01,0.0,0.11532531287885185
ARE,2025-12-01,0.0,0.11532531287885185
ARG,2025-12-01,0.0,0.11532531287885185
ARM,2025-12-01,0.0,0.11532531287885185
AUS,2025-12-01,0.0,0.11532531287885185
AUT,2025-12-01,0.0,0.11532531287885185
AZE,2025-12-01,0.0,0.11532531287885185
BDI,2025-12-01,0.0,0.7631765598012972
BEL,2025-12-01,0.0,0.11532531287885185
BEN,2025-12-01,0.0,0.7892783790762782
BFA,2025-12-01,0.0,0.7892783790762782
BGD,2025-12-01,0.0,0.7892783790762782
BGR,2025-12-01,0.0,0.11532531287885185
BHR,2025-12-01,0.0,0.11532531287885185
BHS,2025-12-01,0.0,0.11532531287885185
BIH,2025-12-01,0.0,0.11532531287885185
BLR,2025-12-01,0.0,0.11532531287885185
BLZ,2025-12-01,0.0,0.11532531287885185
BOL,2025-12-01,0.0,0.11532531287885185
BRA,2025-12-01,0.0,0.11532531287885185
BRB,2025-12-01,0.0,0.11532531287885185
BRN,2025-12-01,0.0,0.11532531287885185
BTN,2025-12-01,0.0,0.11532531287885185
BWA,2025-12-01,0.0,0.11532531287885185
CAF,2025-12-01,0.0,0.7892783790762782
CAN,2025-12-01,0.0,0.11532531287885185
CHE,2025-12-01,0.0,0.11532531287885185
CHL,2025-12-01,0.0,0.11532531287885185
CHN,2025-12-01,0.0,0.11532531287885185
CIV,2025-12-01,0.0,0.7892783790762782
CMR,2025-12-01,0.0,0.7892783790762782
COL,2025-12-01,0.0,0.7892783790762782
COM,2025-12-01,0.0,0.11532531287885185
CRI,2025-12-01,0.0,0.11532531287885185
CUB,2025-12-01,0.0,0.11532531287885185
CYP,2025-12-01,0.0,0.11532531287885185
CZE,2025-12-01,0.0,0.11532531287885185
DEU,2025-12-01,0.0,0.11532531287885185
DJI,2025-12-01,0.0,0.11532531287885185
DNK,2025-12-01,0.0,0.11532531287885185
DOM,2025-12-01,0.0,0.11532531287885185
DZA,2025-12-01,0.0,0.11532531287885185
ECU,2025-12-01,0.0,0.11532531287885185
EGY,2025-12-01,0.0,0.11532531287885185
ERI,2025-12-01,0.0,0.11532531287885185
ESP,2025-12-01,0.0,0.11532531287885185
EST,2025-12-01,0.0,0.11532531287885185
ETH,2025-12-01,0.0,0.7892783790762782
FIN,2025-12-01,0.0,0.11532531287885185
FJI,2025-12-01,0.0,0.11532531287885185
FRA,2025-12-01,0.0,0.11532531287885185
GAB,2025-12-01,0.0,0.11532531287885185
GBR,2025-12-01,0.0,0.11532531287885185
GEO,2025-12-01,0.0,0.11532531287885185
GHA,2025-12-01,0.0,0.7892783790762782
GIN,2025-12-01,0.0,0.11532531287885185
GMB,2025-12-01,0.0,0.11532531287885185
GNB,2025-12-01,0.0,0.11532531287885185
GNQ,2025-12-01,0.0,0.11532531287885185
GRC,2025-12-01,0.0,0.11532531287885185
GRD,2025-12-01,0.0,0.11532531287885185
GTM,2025-12-01,0.0,0.11532531287885185
GUY,2025-12-01,0.0,0.11532531287885185
HND,2025-12-01,0.0,0.11532531287885185
HRV,2025-12-01,0.0,0.11532531287885185
HTI,2025-12-01,0.0,0.7892783790762782
HUN,2025-12-01,0.0,0.11532531287885185
IDN,2025-12-01,0.0,0.11532531287885185
IND,2025-12-01,0.0,0.8700648020210398
IRL,2025-12-01,0.0,0.11532531287885185
IRN,2025-12-01,1.0,0.7892783790762782
IRQ,2025-12-01,0.0,0.11532531287885185
ISL,2025-12-01,0.0,0.11532531287885185
ISR,2025-12-01,0.0,0.7892783790762782
ITA,2025-12-01,0.0,0.11532531287885185
JAM,2025-12-01,0.0,0.11532531287885185
JOR,2025-12-01,0.0,0.11532531287885185
JPN,2025-12-01,0.0,0.11532531287885185
KAZ,2025-12-01,0.0,0.11532531287885185
KEN,2025-12-01,0.0,0.7892783790762782
KGZ,2025-12-01,0.0,0.11532531287885185
KHM,2025-12-01,0.0,0.11532531287885185
KOR,2025-12-01,0.0,0.11532531287885185
KWT,2025-12-01,0.0,0.11532531287885185
LAO,2025-12-01,0.0,0.11532531287885185
LBN,2025-12-01,0.0,0.7892783790762782
LBR,2025-12-01,0.0,0.11532531287885185
LBY,2025-12-01,0.0,0.11532531287885185
LKA,2025-12-01,0.0,0.11532531287885185
LSO,2025-12-01,0.0,0.11532531287885185
LTU,2025-12-01,0.0,0.11532531287885185
LUX,2025-12-01,0.0,0.11532531287885185
LVA,2025-12-01,0.0,0.11532531287885185
MAR,2025-12-01,0.0,0.11532531287885185
MDA,2025-12-01,0.0,0.11532531287885185
MDG,2025-12-01,0.0,0.11532531287885185
MDV,2025-12-01,0.0,0.11532531287885185
MEX,2025-12-01,0.0,0.7892783790762782
MKD,2025-12-01,0.0,0.11532531287885185
MLI,2025-12-01,0.0,0.7892783790762782
MLT,2025-12-01,0.0,0.11532531287885185
MNE,2025-12-01,0.0,0.11532531287885185
MNG,2025-12-01,0.0,0.11532531287885185
MRT,2025-12-01,0.0,0.11532531287885185
MUS,2025-12-01,0.0,0.11532531287885185
MWI,2025-12-01,0.0,0.11532531287885185
MYS,2025-12-01,0.0,0.11532531287885185
NAM,2025-12-01,0.0,0.11532531287885185
NER,2025-12-01,0.0,0.7892783790762782
NGA,2025-12-01,1.0,0.7892783790762782
NIC,2025-12-01,0.0,0.11532531287885185
NLD,2025-12-01,0.0,0.11532531287885185
NOR,2025-12-01,0.0,0.11532531287885185
NPL,2025-12-01,0.0,0.11532531287885185
NZL,2025-12-01,0.0,0.11532531287885185
OMN,2025-12-01,0.0,0.11532531287885185
PAK,2025-12-01,0.0,0.7892783790762782
PAN,2025-12-01,0.0,0.11532531287885185
PER,2025-12-01,0.0,0.11532531287885185
PHL,2025-12-01,0.0,0.7892783790762782
PNG,2025-12-01,0.0,0.7892783790762782
POL,2025-12-01,0.0,0.11532531287885185
PRK,2025-12-01,0.0,0.11532531287885185
PRT,2025-12-01,0.0,0.11532531287885185
PRY,2025-12-01,0.0,0.11532531287885185
QAT,2025-12-01,0.0,0.11532531287885185
ROU,2025-12-01,0.0,0.11532531287885185
RUS,2025-12-01,0.0,0.8192033150944478
RWA,2025-12-01,0.0,0.11532531287885185
SAU,2025-12-01,0.0,0.11532531287885185
SEN,2025-12-01,0.0,0.11532531287885185
SGP,2025-12-01,0.0,0.11532531287885185
SLB,2025-12-01,0.0,0.11532531287885185
SLE,2025-12-01,0.0,0.11532531287885185
SLV,2025-12-01,0.0,0.11532531287885185
SOM,2025-12-01,0.0,0.7441243644526591
SRB,2025-12-01,0.0,0.11532531287885185
STP,2025-12-01,0.0,0.11532531287885185
SVK,2025-12-01,0.0,0.11532531287885185
SVN,2025-12-01,0.0,0.11532531287885185
SWE,2025-12-01,0.0,0.11532531287885185
SWZ,2025-12-01,0.0,0.11532531287885185
SYC,2025-12-01,0.0,0.11532531287885185
TCD,2025-12-01,0.0,0.7892783790762782
TGO,2025-12-01,0.0,0.11532531287885185
THA,2025-12-01,0.0,0.8192033150944478
TJK,2025-12-01,0.0,0.11532531287885185
TKM,2025-12-01,0.0,0.11532531287885185
TLS,2025-12-01,0.0,0.11532531287885185
TON,2025-12-01,0.0,0.11532531287885185
TTO,2025-12-01,0.0,0.11532531287885185
TUN,2025-12-01,0.0,0.11532531287885185
TUR,2025-12-01,0.0,0.11532531287885185
TZA,2025-12-01,0.0,0.11532531287885185
UGA,2025-12-01,0.0,0.11532531287885185
UKR,2025-12-01,0.0,0.11532531287885185
URY,2025-12-01,0.0,0.11532531287885185
USA,2025-12-01,0.0,0.11532531287885185
UZB,2025-12-01,0.0,0.11532531287885185
VEN,2025-12-01,0.0,0.11532531287885185
VNM,2025-12-01,0.0,0.11532531287885185
VUT,2025-12-01,0.0,0.11532531287885185
WSM,2025-12-01,0.0,0.11532531287885185
YEM,2025-12-01,0.0,0.11532531287885185
ZAF,2025-12-01,0.0,0.11532531287885185
ZMB,2025-12-01,0.0,0.11532531287885185
ZWE,2025-12-01,0.0,0.11532531287885185
AFG,2026-01-01,1.0,0.7872970171992286
AGO,2026-01-01,0.0,0.11959058616398069
ALB,2026-01-01,0.0,0.11959058616398069
ARE,2026-01-01,0.0,0.11959058616398069
ARG,2026-01-01,0.0,0.11959058616398069
ARM,2026-01-01,0.0,0.11959058616398069
AUS,2026-01-01,0.0,0.11959058616398069
AUT,2026-01-01,0.0,0.11959058616398069
AZE,2026-01-01,0.0,0.11959058616398069
BDI,2026-01-01,0.0,0.7409204114559549
BEL,2026-01-01,0.0,0.11959058616398069
BEN,2026-01-01,0.0,0.11959058616398069
BFA,2026-01-01,0.0,0.7872970171992286
BGD,2026-01-01,0.0,0.7872970171992286
BGR,2026-01-01,0.0,0.11959058616398069
BHR,2026-01-01,0.0,0.11959058616398069
BHS,2026-01-01,0.0,0.11959058616398069
BIH,2026-01-01,0.0,0.11959058616398069
BLR,2026-01-01,0.0,0.11959058616398069
BLZ,2026-01-01,0.0,0.11959058616398069
BOL,2026-01-01,0.0,0.11959058616398069
BRA,2026-01-01,0.0,0.11959058616398069
BRB,2026-01-01,0.0,0.11959058616398069
BRN,2026-01-01,0.0,0.11959058616398069
BTN,2026-01-01,0.0,0.11959058616398069
BWA,2026-01-01,0.0,0.11959058616398069
CAF,2026-01-01,0.0,0.11959058616398069
CAN,2026-01-01,0.0,0.11959058616398069
CHE,2026-01-01,0.0,0.11959058616398069
CHL,2026-01-01,0.0,0.11959058616398069
CHN,2026-01-01,0.0,0.11959058616398069
CIV,2026-01-01,0.0,0.7872970171992286
CMR,2026-01-01,0.0,0.7872970171992286
COL,2026-01-01,0.0,0.7872970171992286
COM,2026-01-01,0.0,0.11959058616398069
CRI,2026-01-01,0.0,0.11959058616398069
CUB,2026-01-01,0.0,0.11959058616398069
CYP,2026-01-01,0.0,0.11959058616398069
CZE,2026-01-01,0.0,0.11959058616398069
DEU,2026-01-01,0.0,0.11959058616398069
DJI,2026-01-01,0.0,0.11959058616398069
DNK,2026-01-01,0.0,0.11959058616398069
DOM,2026-01-01,0.0,0.11959058616398069
DZA,2026-01-01,0.0,0.11959058616398069
ECU,2026-01-01,0.0,0.11959058616398069
EGY,2026-01-01,0.0,0.11959058616398069
ERI,2026-01-01,0.0,0.11959058616398069
ESP,2026-01-01,0.0,0.11959058616398069
EST,2026-01-01,0.0,0.11959058616398069
ETH,2026-01-01,0.0,0.7872970171992286
FIN,2026-01-01,0.0,0.11959058616398069
FJI,2026-01-01,0.0,0.11959058616398069
FRA,2026-01-01,0.0,0.11959058616398069
GAB,2026-01-01,0.0,0.11959058616398069
GBR,2026-01-01,0.0,0.11959058616398069
GEO,2026-01-01,0.0,0.11959058616398069
GHA,2026-01-01,0.0,0.7872970171992286
GIN,2026-01-01,0.0,0.11959058616398069
GMB,2026-01-01,0.0,0.11959058616398069
GNB,2026-01-01,0.0,0.11959058616398069
GNQ,2026-01-01,0.0,0.11959058616398069
GRC,2026-01-01,0.0,0.11959058616398069
GRD,2026-01-01,0.0,0.11959058616398069
GTM,2026-01-01,0.0,0.11959058616398069
GUY,2026-01-01,0.0,0.11959058616398069
HND,2026-01-01,0.0,0.11959058616398069
HRV,2026-01-01,0.0,0.11959058616398069
HTI,2026-01-01,0.0,0.7872970171992286
HUN,2026-01-01,0.0,0.11959058616398069
IDN,2026-01-01,0.0,0.11959058616398069
IND,2026-01-01,0.0,0.8736208804129424
IRL,2026-01-01,0.0,0.11959058616398069
IRN,2026-01-01,1.0,0.11959058616398069
IRQ,2026-01-01,0.0,0.11959058616398069
ISL,2026-01-01,0.0,0.11959058616398069
ISR,2026-01-01,0.0,0.11959058616398069
ITA,2026-01-01,0.0,0.11959058616398069
JAM,2026-01-01,0.0,0.11959058616398069
JOR,2026-01-01,0.0,0.11959058616398069
JPN,2026-01-01,0.0,0.11959058616398069
KAZ,2026-01-01,0.0,0.11959058616398069
KEN,2026-01-01,0.0,0.7872970171992286
KGZ,2026-01-01,0.0,0.11959058616398069
KHM,2026-01-01,0.0,0.11959058616398069
KOR,2026-01-01,0.0,0.11959058616398069
KWT,2026-01-01,0.0,0.11959058616398069
LAO,2026-01-01,0.0,0.11959058616398069
LBN,2026-01-01,1.0,0.11959058616398069
LBR,2026-01-01,0.0,0.11959058616398069
LBY,2026-01-01,0.0,0.11959058616398069
LKA,2026-01-01,0.0,0.8462945966264022
LSO,2026-01-01,0.0,0.11959058616398069
LTU,2026-01-01,0.0,0.11959058616398069
LUX,2026-01-01,0.0,0.11959058616398069
LVA,2026-01-01,0.0,0.11959058616398069
MAR,2026-01-01,0.0,0.11959058616398069
MDA,2026-01-01,0.0,0.11959058616398069
MDG,2026-01-01,0.0,0.11959058616398069
MDV,2026-01-01,0.0,0.11959058616398069
MEX,2026-01-01,0.0,0.7872970171992286
MKD,2026-01-01,0.0,0.11959058616398069
MLI,2026-01-01,0.0,0.7872970171992286
MLT,2026-01-01,0.0,0.11959058616398069
MMR,2026-01-01,0.0,0.11959058616398069
MNE,2026-01-01,0.0,0.11959058616398069
MNG,2026-01-01,0.0,0.11959058616398069
MOZ,2026-01-01,0.0,0.712331861874264
MRT,2026-01-01,0.0,0.11959058616398069
MUS,2026-01-01,0.0,0.11959058616398069
MWI,2026-01-01,0.0,0.11959058616398069
MYS,2026-01-01,0.0,0.11959058616398069
NAM,2026-01-01,0.0,0.11959058616398069
NER,2026-01-01,0.0,0.7872970171992286
NIC,2026-01-01,0.0,0.11959058616398069
NLD,2026-01-01,0.0,0.11959058616398069
NOR,2026-01-01,0.0,0.11959058616398069
NPL,2026-01-01,0.0,0.11959058616398069
NZL,2026-01-01,0.0,0.11959058616398069
OMN,2026-01-01,0.0,0.11959058616398069
PAK,2026-01-01,0.0,0.7872970171992286
PAN,2026-01-01,0.0,0.11959058616398069
PER,2026-01-01,0.0,0.11959058616398069
PHL,2026-01-01,0.0,0.7872970171992286
PNG,2026-01-01,0.0,0.7872970171992286
POL,2026-01-01,0.0,0.11959058616398069
PRK,2026-01-01,0.0,0.11959058616398069
PRT,2026-01-01,0.0,0.11959058616398069
PRY,2026-01-01,0.0,0.11959058616398069
QAT,2026-01-01,0.0,0.11959058616398069
ROU,2026-01-01,0.0,0.11959058616398069
RUS,2026-01-01,0.0,0.7872970171992286
RWA,2026-01-01,0.0,0.11959058616398069
SAU,2026-01-01,0.0,0.11959058616398069
SEN,2026-01-01,0.0,0.11959058616398069
SGP,2026-01-01,0.0,0.11959058616398069
SLB,2026-01-01,0.0,0.11959058616398069
SLE,2026-01-01,0.0,0.11959058616398069
SLV,2026-01-01,0.0,0.11959058616398069
SOM,2026-01-01,0.0,0.712331861874264
SRB,2026-01-01,0.0,0.11959058616398069
STP,2026-01-01,0.0,0.11959058616398069
SVK,2026-01-01,0.0,0.11959058616398069
SVN,2026-01-01,0.0,0.11959058616398069
SWE,2026-01-01,0.0,0.11959058616398069
SWZ,2026-01-01,0.0,0.11959058616398069
SYC,2026-01-01,0.0,0.11959058616398069
SYR,2026-01-01,0.0,0.8183188982118275
TCD,2026-01-01,0.0,0.8183188982118275
TGO,2026-01-01,0.0,0.11959058616398069
THA,2026-01-01,0.0,0.7872970171992286
TJK,2026-01-01,0.0,0.11959058616398069
TKM,2026-01-01,0.0,0.11959058616398069
TLS,2026-01-01,0.0,0.11959058616398069
TON,2026-01-01,0.0,0.11959058616398069
TTO,2026-01-01,0.0,0.11959058616398069
TUN,2026-01-01,0.0,0.11959058616398069
TUR,2026-01-01,0.0,0.11959058616398069
TZA,2026-01-01,0.0,0.11959058616398069
UGA,2026-01-01,0.0,0.11959058616398069
UKR,2026-01-01,0.0,0.7872970171992286
URY,2026-01-01,0.0,0.11959058616398069
USA,2026-01-01,0.0,0.11959058616398069
UZB,2026-01-01,0.0,0.11959058616398069
VEN,2026-01-01,0.0,0.11959058616398069
VNM,2026-01-01,0.0,0.11959058616398069
VUT,2026-01-01,0.0,0.11959058616398069
WSM,2026-01-01,0.0,0.11959058616398069
YEM,2026-01-01,0.0,0.7872970171992286
ZAF,2026-01-01,0.0,0.11959058616398069
ZMB,2026-01-01,0.0,0.11959058616398069
ZWE,2026-01-01,0.0,0.11959058616398069
AFG,2026-02-01,1.0,0.7902279929533735
AGO,2026-02-01,0.0,0.12019266907520773
ALB,2026-02-01,0.0,0.12019266907520773
ARE,2026-02-01,0.0,0.12019266907520773
ARG,2026-02-01,0.0,0.12019266907520773
ARM,2026-02-01,0.0,0.12019266907520773
AUS,2026-02-01,0.0,0.12019266907520773
AUT,2026-02-01,0.0,0.12019266907520773
AZE,2026-02-01,0.0,0.12019266907520773
BDI,2026-02-01,0.0,0.7841144028433376
BEL,2026-02-01,0.0,0.12019266907520773
BEN,2026-02-01,0.0,0.12019266907520773
BFA,2026-02-01,0.0,0.7902279929533735
BGD,2026-02-01,0.0,0.7902279929533735
BGR,2026-02-01,0.0,0.12019266907520773
BHR,2026-02-01,0.0,0.12019266907520773
BHS,2026-02-01,0.0,0.12019266907520773
BIH,2026-02-01,0.0,0.12019266907520773
BLR,2026-02-01,0.0,0.12019266907520773
BLZ,2026-02-01,0.0,0.12019266907520773
BOL,2026-02-01,0.0,0.12019266907520773
BRA,2026-02-01,0.0,0.12019266907520773
BRB,2026-02-01,0.0,0.12019266907520773
BRN,2026-02-01,0.0,0.12019266907520773
BTN,2026-02-01,0.0,0.12019266907520773
BWA,2026-02-01,0.0,0.12019266907520773
CAF,2026-02-01,0.0,0.7902279929533735
CAN,2026-02-01,0.0,0.12019266907520773
CHE,2026-02-01,0.0,0.12019266907520773
CHL,2026-02-01,0.0,0.12019266907520773
CHN,2026-02-01,0.0,0.12019266907520773
CIV,2026-02-01,0.0,0.7902279929533735
CMR,2026-02-01,0.0,0.7902279929533735
COD,2026-02-01,0.0,0.7902279929533735
COL,2026-02-01,0.0,0.7902279929533735
COM,2026-02-01,0.0,0.12019266907520773
CRI,2026-02-01,0.0,0.12019266907520773
CUB,2026-02-01,0.0,0.12019266907520773
CYP,2026-02-01,0.0,0.12019266907520773
CZE,2026-02-01,0.0,0.12019266907520773
DEU,2026-02-01,0.0,0.12019266907520773
DJI,2026-02-01,0.0,0.12019266907520773
DNK,2026-02-01,0.0,0.12019266907520773
DOM,2026-02-01,0.0,0.12019266907520773
DZA,2026-02-01,0.0,0.12019266907520773
ECU,2026-02-01,0.0,0.12019266907520773
EGY,2026-02-01,0.0,0.12019266907520773
ERI,2026-02-01,0.0,0.12019266907520773
ESP,2026-02-01,0.0,0.12019266907520773
EST,2026-02-01,0.0,0.12019266907520773
ETH,2026-02-01,0.0,0.7902279929533735
FIN,2026-02-01,0.0,0.12019266907520773
FJI,2026-02-01,0.0,0.12019266907520773
FRA,2026-02-01,0.0,0.12019266907520773
GAB,2026-02-01,0.0,0.12019266907520773
GBR,2026-02-01,0.0,0.12019266907520773
GEO,2026-02-01,0.0,0.12019266907520773
GHA,2026-02-01,0.0,0.7902279929533735
GIN,2026-02-01,0.0,0.12019266907520773
GMB,2026-02-01,0.0,0.12019266907520773
GNB,2026-02-01,0.0,0.12019266907520773
GNQ,2026-02-01,0.0,0.12019266907520773
GRC,2026-02-01,0.0,0.12019266907520773
GRD,2026-02-01,0.0,0.12019266907520773
GTM,2026-02-01,0.0,0.12019266907520773
GUY,2026-02-01,0.0,0.12019266907520773
HND,2026-02-01,0.0,0.12019266907520773
HRV,2026-02-01,0.0,0.12019266907520773
HTI,2026-02-01,0.0,0.7902279929533735
HUN,2026-02-01,0.0,0.12019266907520773
IDN,2026-02-01,0.0,0.12019266907520773
IND,2026-02-01,0.0,0.7902279929533735
IRL,2026-02-01,0.0,0.12019266907520773
IRQ,2026-02-01,0.0,0.14778516695728228
ISL,2026-02-01,0.0,0.12019266907520773
ISR,2026-02-01,0.0,0.871836173115663
ITA,2026-02-01,0.0,0.12019266907520773
JAM,2026-02-01,0.0,0.12019266907520773
JOR,2026-02-01,0.0,0.12019266907520773
JPN,2026-02-01,0.0,0.12019266907520773
KAZ,2026-02-01,0.0,0.12019266907520773
KEN,2026-02-01,0.0,0.7902279929533735
KGZ,2026-02-01,0.0,0.12019266907520773
KHM,2026-02-01,0.0,0.12019266907520773
KOR,2026-02-01,0.0,0.12019266907520773
KWT,2026-02-01,0.0,0.12019266907520773
LAO,2026-02-01,0.0,0.12019266907520773
LBN,2026-02-01,1.0,0.12019266907520773
LBR,2026-02-01,0.0,0.12019266907520773
LBY,2026-02-01,0.0,0.12019266907520773
LKA,2026-02-01,0.0,0.8315363148031846
LSO,2026-02-01,0.0,0.12019266907520773
LTU,2026-02-01,0.0,0.12019266907520773
LUX,2026-02-01,0.0,0.12019266907520773
LVA,2026-02-01,0.0,0.12019266907520773
MAR,2026-02-01,0.0,0.12019266907520773
MDA,2026-02-01,0.0,0.12019266907520773
MDG,2026-02-01,0.0,0.12019266907520773
MDV,2026-02-01,0.0,0.12019266907520773
MEX,2026-02-01,0.0,0.7902279929533735
MKD,2026-02-01,0.0,0.12019266907520773
MLI,2026-02-01,0.0,0.7902279929533735
MLT,2026-02-01,0.0,0.12019266907520773
MMR,2026-02-01,0.0,0.7902279929533735
MNE,2026-02-01,0.0,0.12019266907520773
MNG,2026-02-01,0.0,0.12019266907520773
MOZ,2026-02-01,0.0,0.7902279929533735
MRT,2026-02-01,0.0,0.12019266907520773
MUS,2026-02-01,0.0,0.12019266907520773
MWI,2026-02-01,0.0,0.12019266907520773
MYS,2026-02-01,0.0,0.12019266907520773
NAM,2026-02-01,0.0,0.12019266907520773
NER,2026-02-01,0.0,0.7902279929533735
NIC,2026-02-01,0.0,0.12019266907520773
NLD,2026-02-01,0.0,0.12019266907520773
NOR,2026-02-01,0.0,0.12019266907520773
NPL,2026-02-01,0.0,0.12019266907520773
NZL,2026-02-01,0.0,0.12019266907520773
OMN,2026-02-01,0.0,0.12019266907520773
PAK,2026-02-01,0.0,0.7902279929533735
PAN,2026-02-01,0.0,0.12019266907520773
PER,2026-02-01,0.0,0.12019266907520773
PHL,2026-02-01,0.0,0.7902279929533735
PNG,2026-02-01,0.0,0.7902279929533735
POL,2026-02-01,0.0,0.12019266907520773
PRK,2026-02-01,0.0,0.12019266907520773
PRT,2026-02-01,0.0,0.12019266907520773
PRY,2026-02-01,0.0,0.12019266907520773
PSE,2026-02-01,0.0,0.7902279929533735
QAT,2026-02-01,0.0,0.12019266907520773
ROU,2026-02-01,0.0,0.12019266907520773
RUS,2026-02-01,0.0,0.7902279929533735
RWA,2026-02-01,0.0,0.12019266907520773
SAU,2026-02-01,0.0,0.12019266907520773
SDN,2026-02-01,0.0,0.7902279929533735
SEN,2026-02-01,0.0,0.12019266907520773
SGP,2026-02-01,0.0,0.12019266907520773
SLB,2026-02-01,0.0,0.12019266907520773
SLE,2026-02-01,0.0,0.12019266907520773
SLV,2026-02-01,0.0,0.12019266907520773
SOM,2026-02-01,0.0,0.7902279929533735
SRB,2026-02-01,0.0,0.12019266907520773
SSD,2026-02-01,0.0,0.12019266907520773
STP,2026-02-01,0.0,0.12019266907520773
SVK,2026-02-01,0.0,0.12019266907520773
SVN,2026-02-01,0.0,0.12019266907520773
SWE,2026-02-01,0.0,0.12019266907520773
SWZ,2026-02-01,0.0,0.12019266907520773
SYC,2026-02-01,0.0,0.12019266907520773
SYR,2026-02-01,0.0,0.7902279929533735
TCD,2026-02-01,0.0,0.871836173115663
TGO,2026-02-01,0.0,0.12019266907520773
THA,2026-02-01,0.0,0.7902279929533735
TJK,2026-02-01,0.0,0.12019266907520773
TKM,2026-02-01,0.0,0.12019266907520773
TLS,2026-02-01,0.0,0.12019266907520773
TON,2026-02-01,0.0,0.12019266907520773
TTO,2026-02-01,0.0,0.12019266907520773
TUN,2026-02-01,0.0,0.12019266907520773
TUR,2026-02-01,0.0,0.12019266907520773
TZA,2026-02-01,0.0,0.12019266907520773
UGA,2026-02-01,0.0,0.12019266907520773
UKR,2026-02-01,0.0,0.7902279929533735
URY,2026-02-01,0.0,0.12019266907520773
USA,2026-02-01,0.0,0.12019266907520773
UZB,2026-02-01,0.0,0.12019266907520773
VEN,2026-02-01,0.0,0.12019266907520773
VNM,2026-02-01,0.0,0.12019266907520773
VUT,2026-02-01,0.0,0.12019266907520773
WSM,2026-02-01,0.0,0.12019266907520773
YEM,2026-02-01,0.0,0.7902279929533735
ZAF,2026-02-01,0.0,0.12019266907520773
ZMB,2026-02-01,0.0,0.12019266907520773
ZWE,2026-02-01,0.0,0.12019266907520773
